"opportunity_id","deal_stage","sales_agent","manager","regional_office","product","account","sales_price","engage_date","stale_days","record_completeness","priority_score","recommended_action"
"0D8Y5JA0","Prospecting","Anna Snelling","Dustin Brinkmann","Central","GTX Plus Pro","Unknown",5482,,,40,81,"Complete CRM record"
"GNN53C6D","Prospecting","Anna Snelling","Dustin Brinkmann","Central","GTX Plus Pro","Unknown",5482,,,40,81,"Complete CRM record"
"6KHIXTAD","Prospecting","Anna Snelling","Dustin Brinkmann","Central","GTX Plus Pro","Unknown",5482,,,40,81,"Complete CRM record"
"0ZG6U7MQ","Prospecting","Cecily Lampkin","Dustin Brinkmann","Central","GTX Plus Pro","Unknown",5482,,,40,81,"Complete CRM record"
"KQPNPH8A","Prospecting","Cecily Lampkin","Dustin Brinkmann","Central","GTX Plus Pro","Unknown",5482,,,40,81,"Complete CRM record"
"SGI0VM1F","Prospecting","Cecily Lampkin","Dustin Brinkmann","Central","GTX Plus Pro","Unknown",5482,,,40,81,"Complete CRM record"
"A4TA5P1B","Prospecting","Darcel Schlecht","Melvin Marxen","Central","GTX Plus Pro","Unknown",5482,,,40,81,"Complete CRM record"
"KIKV29M0","Prospecting","Darcel Schlecht","Melvin Marxen","Central","GTX Plus Pro","Unknown",5482,,,40,81,"Complete CRM record"
"PCXGIH9X","Prospecting","Darcel Schlecht","Melvin Marxen","Central","GTX Plus Pro","Unknown",5482,,,40,81,"Complete CRM record"
"ODSFN0YA","Prospecting","Darcel Schlecht","Melvin Marxen","Central","GTX Plus Pro","Unknown",5482,,,40,81,"Complete CRM record"
"6RQUXORL","Prospecting","Darcel Schlecht","Melvin Marxen","Central","GTX Plus Pro","Unknown",5482,,,40,81,"Complete CRM record"
"74LCNGIK","Prospecting","Darcel Schlecht","Melvin Marxen","Central","GTX Plus Pro","Unknown",5482,,,40,81,"Complete CRM record"
"28EJ0L9T","Prospecting","Darcel Schlecht","Melvin Marxen","Central","GTX Plus Pro","Unknown",5482,,,40,81,"Complete CRM record"
"UH9TR8Y1","Prospecting","Darcel Schlecht","Melvin Marxen","Central","GTX Plus Pro","Unknown",5482,,,40,81,"Complete CRM record"
"JVXGG70X","Prospecting","Darcel Schlecht","Melvin Marxen","Central","GTX Plus Pro","Unknown",5482,,,40,81,"Complete CRM record"
"UZ7DU3D9","Prospecting","Gladys Colclough","Melvin Marxen","Central","GTX Plus Pro","Unknown",5482,,,40,81,"Complete CRM record"
"73CWPT9H","Prospecting","Gladys Colclough","Melvin Marxen","Central","GTX Plus Pro","Unknown",5482,,,40,81,"Complete CRM record"
"B7KZYEII","Prospecting","Gladys Colclough","Melvin Marxen","Central","GTX Plus Pro","Unknown",5482,,,40,81,"Complete CRM record"
"67CBAWHG","Prospecting","Gladys Colclough","Melvin Marxen","Central","GTX Plus Pro","Unknown",5482,,,40,81,"Complete CRM record"
"2WTPSQTN","Prospecting","Gladys Colclough","Melvin Marxen","Central","GTX Plus Pro","Unknown",5482,,,40,81,"Complete CRM record"
"V5PKXYWS","Prospecting","Gladys Colclough","Melvin Marxen","Central","GTX Plus Pro","Unknown",5482,,,40,81,"Complete CRM record"
"QN1UL4N3","Prospecting","Jonathan Berthelot","Melvin Marxen","Central","GTX Plus Pro","Unknown",5482,,,40,81,"Complete CRM record"
"FW2CVY2X","Prospecting","Jonathan Berthelot","Melvin Marxen","Central","GTX Plus Pro","Unknown",5482,,,40,81,"Complete CRM record"
"F14T88OP","Prospecting","Lajuana Vencill","Dustin Brinkmann","Central","GTX Plus Pro","Unknown",5482,,,40,81,"Complete CRM record"
"BVRUBA3A","Prospecting","Marty Freudenburg","Melvin Marxen","Central","GTX Plus Pro","Unknown",5482,,,40,81,"Complete CRM record"
"5JS1Z5BQ","Prospecting","Marty Freudenburg","Melvin Marxen","Central","GTX Plus Pro","Unknown",5482,,,40,81,"Complete CRM record"
"5EUHU5AF","Prospecting","Marty Freudenburg","Melvin Marxen","Central","GTX Plus Pro","Unknown",5482,,,40,81,"Complete CRM record"
"F11IGBLD","Prospecting","Marty Freudenburg","Melvin Marxen","Central","GTX Plus Pro","Unknown",5482,,,40,81,"Complete CRM record"
"CC70D9SD","Prospecting","Marty Freudenburg","Melvin Marxen","Central","GTX Plus Pro","Unknown",5482,,,40,81,"Complete CRM record"
"7MKYTX69","Prospecting","Moses Frase","Dustin Brinkmann","Central","GTX Plus Pro","Unknown",5482,,,40,81,"Complete CRM record"
"K8ITR8PA","Prospecting","Niesha Huffines","Melvin Marxen","Central","GTX Plus Pro","Unknown",5482,,,40,81,"Complete CRM record"
"ZXNPF7PL","Prospecting","Versie Hillebrand","Dustin Brinkmann","Central","GTX Plus Pro","Unknown",5482,,,40,81,"Complete CRM record"
"NKFG3KKP","Prospecting","Versie Hillebrand","Dustin Brinkmann","Central","GTX Plus Pro","Unknown",5482,,,40,81,"Complete CRM record"
"LFD1ZGJ8","Prospecting","Darcel Schlecht","Melvin Marxen","Central","GTX Pro","Unknown",4821,,,40,78,"Complete CRM record"
"4YJKB8EC","Prospecting","Darcel Schlecht","Melvin Marxen","Central","GTX Pro","Unknown",4821,,,40,78,"Complete CRM record"
"DIGG7U6M","Prospecting","Darcel Schlecht","Melvin Marxen","Central","GTX Pro","Unknown",4821,,,40,78,"Complete CRM record"
"VMXGBINH","Prospecting","Darcel Schlecht","Melvin Marxen","Central","GTX Pro","Unknown",4821,,,40,78,"Complete CRM record"
"N6BT2U29","Prospecting","Darcel Schlecht","Melvin Marxen","Central","GTX Pro","Unknown",4821,,,40,78,"Complete CRM record"
"T12MT0HL","Prospecting","Darcel Schlecht","Melvin Marxen","Central","GTX Pro","Unknown",4821,,,40,78,"Complete CRM record"
"HZVVOITE","Prospecting","Darcel Schlecht","Melvin Marxen","Central","GTX Pro","Unknown",4821,,,40,78,"Complete CRM record"
"P6Z4X54S","Prospecting","Darcel Schlecht","Melvin Marxen","Central","GTX Pro","Unknown",4821,,,40,78,"Complete CRM record"
"910NLQ80","Prospecting","Darcel Schlecht","Melvin Marxen","Central","GTX Pro","Unknown",4821,,,40,78,"Complete CRM record"
"8IPMP8NT","Prospecting","Darcel Schlecht","Melvin Marxen","Central","GTX Pro","Unknown",4821,,,40,78,"Complete CRM record"
"7YOJ4KU7","Prospecting","Darcel Schlecht","Melvin Marxen","Central","GTX Pro","Unknown",4821,,,40,78,"Complete CRM record"
"3K70RL7Q","Prospecting","Darcel Schlecht","Melvin Marxen","Central","GTX Pro","Unknown",4821,,,40,78,"Complete CRM record"
"DX1M0XF0","Prospecting","Darcel Schlecht","Melvin Marxen","Central","GTX Pro","Unknown",4821,,,40,78,"Complete CRM record"
"5MNF16D8","Prospecting","Darcel Schlecht","Melvin Marxen","Central","GTX Pro","Unknown",4821,,,40,78,"Complete CRM record"
"PES548QV","Prospecting","Darcel Schlecht","Melvin Marxen","Central","GTX Pro","Unknown",4821,,,40,78,"Complete CRM record"
"XGMTNND1","Prospecting","Darcel Schlecht","Melvin Marxen","Central","GTX Pro","Unknown",4821,,,40,78,"Complete CRM record"
"6R94B0SG","Prospecting","Darcel Schlecht","Melvin Marxen","Central","GTX Pro","Unknown",4821,,,40,78,"Complete CRM record"
"8JL58ECD","Prospecting","Darcel Schlecht","Melvin Marxen","Central","GTX Pro","Unknown",4821,,,40,78,"Complete CRM record"
"KO7JWXCT","Prospecting","Darcel Schlecht","Melvin Marxen","Central","GTX Pro","Unknown",4821,,,40,78,"Complete CRM record"
"FGSBCJSC","Prospecting","Darcel Schlecht","Melvin Marxen","Central","GTX Pro","Unknown",4821,,,40,78,"Complete CRM record"
"65SMA4OZ","Prospecting","Darcel Schlecht","Melvin Marxen","Central","GTX Pro","Unknown",4821,,,40,78,"Complete CRM record"
"537X47QY","Prospecting","Darcel Schlecht","Melvin Marxen","Central","GTX Pro","Unknown",4821,,,40,78,"Complete CRM record"
"D95K3R9N","Prospecting","Darcel Schlecht","Melvin Marxen","Central","GTX Pro","Unknown",4821,,,40,78,"Complete CRM record"
"51HOGHF0","Prospecting","Darcel Schlecht","Melvin Marxen","Central","GTX Pro","Unknown",4821,,,40,78,"Complete CRM record"
"PRUFERA6","Prospecting","Darcel Schlecht","Melvin Marxen","Central","GTX Pro","Unknown",4821,,,40,78,"Complete CRM record"
"NST2FEF3","Prospecting","Darcel Schlecht","Melvin Marxen","Central","GTX Pro","Unknown",4821,,,40,78,"Complete CRM record"
"BBV196A3","Prospecting","Darcel Schlecht","Melvin Marxen","Central","GTX Pro","Unknown",4821,,,40,78,"Complete CRM record"
"E4YR0OE6","Prospecting","Darcel Schlecht","Melvin Marxen","Central","GTX Pro","Unknown",4821,,,40,78,"Complete CRM record"
"XARW0KTX","Prospecting","Gladys Colclough","Melvin Marxen","Central","GTX Pro","Unknown",4821,,,40,78,"Complete CRM record"
"0C34Z5UZ","Prospecting","Gladys Colclough","Melvin Marxen","Central","GTX Pro","Unknown",4821,,,40,78,"Complete CRM record"
"OA3RDG12","Prospecting","Gladys Colclough","Melvin Marxen","Central","GTX Pro","Unknown",4821,,,40,78,"Complete CRM record"
"847RHYQE","Prospecting","Gladys Colclough","Melvin Marxen","Central","GTX Pro","Unknown",4821,,,40,78,"Complete CRM record"
"8RQCHZ5O","Prospecting","Jonathan Berthelot","Melvin Marxen","Central","GTX Pro","Unknown",4821,,,40,78,"Complete CRM record"
"90KRHC6T","Prospecting","Jonathan Berthelot","Melvin Marxen","Central","GTX Pro","Unknown",4821,,,40,78,"Complete CRM record"
"8NLGRTU5","Prospecting","Jonathan Berthelot","Melvin Marxen","Central","GTX Pro","Unknown",4821,,,40,78,"Complete CRM record"
"QMRDG7WP","Prospecting","Jonathan Berthelot","Melvin Marxen","Central","GTX Pro","Unknown",4821,,,40,78,"Complete CRM record"
"F0K8UDEG","Prospecting","Jonathan Berthelot","Melvin Marxen","Central","GTX Pro","Unknown",4821,,,40,78,"Complete CRM record"
"NUEPXB8Z","Prospecting","Jonathan Berthelot","Melvin Marxen","Central","GTX Pro","Unknown",4821,,,40,78,"Complete CRM record"
"FBDS7GIZ","Prospecting","Jonathan Berthelot","Melvin Marxen","Central","GTX Pro","Unknown",4821,,,40,78,"Complete CRM record"
"HFVWQIMF","Prospecting","Marty Freudenburg","Melvin Marxen","Central","GTX Pro","Unknown",4821,,,40,78,"Complete CRM record"
"9YLUGU6I","Prospecting","Marty Freudenburg","Melvin Marxen","Central","GTX Pro","Unknown",4821,,,40,78,"Complete CRM record"
"SAUIIUTV","Prospecting","Marty Freudenburg","Melvin Marxen","Central","GTX Pro","Unknown",4821,,,40,78,"Complete CRM record"
"B5H6M7AP","Prospecting","Marty Freudenburg","Melvin Marxen","Central","GTX Pro","Unknown",4821,,,40,78,"Complete CRM record"
"G4B3UCWQ","Prospecting","Niesha Huffines","Melvin Marxen","Central","GTX Pro","Unknown",4821,,,40,78,"Complete CRM record"
"8O212QCV","Prospecting","Niesha Huffines","Melvin Marxen","Central","GTX Pro","Unknown",4821,,,40,78,"Complete CRM record"
"X2REWR7J","Prospecting","Niesha Huffines","Melvin Marxen","Central","GTX Pro","Unknown",4821,,,40,78,"Complete CRM record"
"FEEOZHT8","Prospecting","Anna Snelling","Dustin Brinkmann","Central","MG Advanced","Unknown",3393,,,40,75,"Complete CRM record"
"D382N39B","Prospecting","Anna Snelling","Dustin Brinkmann","Central","MG Advanced","Unknown",3393,,,40,75,"Complete CRM record"
"YYUJ1DCF","Prospecting","Anna Snelling","Dustin Brinkmann","Central","MG Advanced","Unknown",3393,,,40,75,"Complete CRM record"
"OH0HJ6KK","Prospecting","Anna Snelling","Dustin Brinkmann","Central","MG Advanced","Unknown",3393,,,40,75,"Complete CRM record"
"5TGQL49J","Prospecting","Anna Snelling","Dustin Brinkmann","Central","MG Advanced","Unknown",3393,,,40,75,"Complete CRM record"
"Y7WAFW9D","Prospecting","Anna Snelling","Dustin Brinkmann","Central","MG Advanced","Unknown",3393,,,40,75,"Complete CRM record"
"I8NC3RFB","Prospecting","Anna Snelling","Dustin Brinkmann","Central","MG Advanced","Unknown",3393,,,40,75,"Complete CRM record"
"SJE81OUR","Prospecting","Cecily Lampkin","Dustin Brinkmann","Central","MG Advanced","Unknown",3393,,,40,75,"Complete CRM record"
"R0MBBXL8","Prospecting","Cecily Lampkin","Dustin Brinkmann","Central","MG Advanced","Unknown",3393,,,40,75,"Complete CRM record"
"NR2EDMKC","Prospecting","Cecily Lampkin","Dustin Brinkmann","Central","MG Advanced","Unknown",3393,,,40,75,"Complete CRM record"
"SU8FTFLS","Prospecting","Cecily Lampkin","Dustin Brinkmann","Central","MG Advanced","Unknown",3393,,,40,75,"Complete CRM record"
"61GDYW9T","Prospecting","Cecily Lampkin","Dustin Brinkmann","Central","MG Advanced","Unknown",3393,,,40,75,"Complete CRM record"
"TFCQZ28G","Prospecting","Cecily Lampkin","Dustin Brinkmann","Central","MG Advanced","Unknown",3393,,,40,75,"Complete CRM record"
"IXW68X6Z","Prospecting","Cecily Lampkin","Dustin Brinkmann","Central","MG Advanced","Unknown",3393,,,40,75,"Complete CRM record"
"F77XD7IZ","Prospecting","Cecily Lampkin","Dustin Brinkmann","Central","MG Advanced","Unknown",3393,,,40,75,"Complete CRM record"
"X4THRRSJ","Prospecting","Darcel Schlecht","Melvin Marxen","Central","MG Advanced","Unknown",3393,,,40,75,"Complete CRM record"
"3PN3YSPK","Prospecting","Darcel Schlecht","Melvin Marxen","Central","MG Advanced","Unknown",3393,,,40,75,"Complete CRM record"
"F6AOT0NK","Prospecting","Darcel Schlecht","Melvin Marxen","Central","MG Advanced","Unknown",3393,,,40,75,"Complete CRM record"
"YI92HVHO","Prospecting","Darcel Schlecht","Melvin Marxen","Central","MG Advanced","Unknown",3393,,,40,75,"Complete CRM record"
"39NJ6UC9","Prospecting","Darcel Schlecht","Melvin Marxen","Central","MG Advanced","Unknown",3393,,,40,75,"Complete CRM record"
"1XR36ESV","Prospecting","Darcel Schlecht","Melvin Marxen","Central","MG Advanced","Unknown",3393,,,40,75,"Complete CRM record"
"J5IF7CT6","Prospecting","Gladys Colclough","Melvin Marxen","Central","MG Advanced","Unknown",3393,,,40,75,"Complete CRM record"
"AAQ5H36J","Prospecting","Gladys Colclough","Melvin Marxen","Central","MG Advanced","Unknown",3393,,,40,75,"Complete CRM record"
"37PEZCGO","Prospecting","Gladys Colclough","Melvin Marxen","Central","MG Advanced","Unknown",3393,,,40,75,"Complete CRM record"
"X9NUTLTR","Prospecting","Gladys Colclough","Melvin Marxen","Central","MG Advanced","Unknown",3393,,,40,75,"Complete CRM record"
"L5PS6S68","Prospecting","Gladys Colclough","Melvin Marxen","Central","MG Advanced","Unknown",3393,,,40,75,"Complete CRM record"
"JLZCOLIE","Prospecting","Gladys Colclough","Melvin Marxen","Central","MG Advanced","Unknown",3393,,,40,75,"Complete CRM record"
"CGRMC7OE","Prospecting","Jonathan Berthelot","Melvin Marxen","Central","MG Advanced","Unknown",3393,,,40,75,"Complete CRM record"
"NDJBDONI","Prospecting","Lajuana Vencill","Dustin Brinkmann","Central","MG Advanced","Unknown",3393,,,40,75,"Complete CRM record"
"94ZZLWOH","Prospecting","Lajuana Vencill","Dustin Brinkmann","Central","MG Advanced","Unknown",3393,,,40,75,"Complete CRM record"
"KKUHAY4O","Prospecting","Lajuana Vencill","Dustin Brinkmann","Central","MG Advanced","Unknown",3393,,,40,75,"Complete CRM record"
"4V17GRKW","Prospecting","Lajuana Vencill","Dustin Brinkmann","Central","MG Advanced","Unknown",3393,,,40,75,"Complete CRM record"
"EOJHYLXG","Prospecting","Lajuana Vencill","Dustin Brinkmann","Central","MG Advanced","Unknown",3393,,,40,75,"Complete CRM record"
"4XQ43RJW","Prospecting","Lajuana Vencill","Dustin Brinkmann","Central","MG Advanced","Unknown",3393,,,40,75,"Complete CRM record"
"MJK3UJ1B","Prospecting","Lajuana Vencill","Dustin Brinkmann","Central","MG Advanced","Unknown",3393,,,40,75,"Complete CRM record"
"44JDHBI8","Prospecting","Lajuana Vencill","Dustin Brinkmann","Central","MG Advanced","Unknown",3393,,,40,75,"Complete CRM record"
"WJ7HDR4Q","Prospecting","Marty Freudenburg","Melvin Marxen","Central","MG Advanced","Unknown",3393,,,40,75,"Complete CRM record"
"F1NWH30L","Prospecting","Marty Freudenburg","Melvin Marxen","Central","MG Advanced","Unknown",3393,,,40,75,"Complete CRM record"
"7KQAH6UI","Prospecting","Marty Freudenburg","Melvin Marxen","Central","MG Advanced","Unknown",3393,,,40,75,"Complete CRM record"
"2NO97U9Z","Prospecting","Marty Freudenburg","Melvin Marxen","Central","MG Advanced","Unknown",3393,,,40,75,"Complete CRM record"
"BKI3OLP8","Prospecting","Marty Freudenburg","Melvin Marxen","Central","MG Advanced","Unknown",3393,,,40,75,"Complete CRM record"
"KTSP63I0","Prospecting","Marty Freudenburg","Melvin Marxen","Central","MG Advanced","Unknown",3393,,,40,75,"Complete CRM record"
"2872DC79","Prospecting","Moses Frase","Dustin Brinkmann","Central","MG Advanced","Unknown",3393,,,40,75,"Complete CRM record"
"OYRF34VN","Prospecting","Moses Frase","Dustin Brinkmann","Central","MG Advanced","Unknown",3393,,,40,75,"Complete CRM record"
"HP8IWA1E","Prospecting","Moses Frase","Dustin Brinkmann","Central","MG Advanced","Unknown",3393,,,40,75,"Complete CRM record"
"M5ZYQFGR","Prospecting","Moses Frase","Dustin Brinkmann","Central","MG Advanced","Unknown",3393,,,40,75,"Complete CRM record"
"0CECGPEJ","Prospecting","Moses Frase","Dustin Brinkmann","Central","MG Advanced","Unknown",3393,,,40,75,"Complete CRM record"
"D6YEYMJC","Prospecting","Moses Frase","Dustin Brinkmann","Central","MG Advanced","Unknown",3393,,,40,75,"Complete CRM record"
"RLDCYEJU","Prospecting","Moses Frase","Dustin Brinkmann","Central","MG Advanced","Unknown",3393,,,40,75,"Complete CRM record"
"BIN9U8D9","Prospecting","Moses Frase","Dustin Brinkmann","Central","MG Advanced","Unknown",3393,,,40,75,"Complete CRM record"
"8O98HGMW","Prospecting","Moses Frase","Dustin Brinkmann","Central","MG Advanced","Unknown",3393,,,40,75,"Complete CRM record"
"SRYX0U85","Prospecting","Moses Frase","Dustin Brinkmann","Central","MG Advanced","Unknown",3393,,,40,75,"Complete CRM record"
"PF7M8CG2","Prospecting","Niesha Huffines","Melvin Marxen","Central","MG Advanced","Unknown",3393,,,40,75,"Complete CRM record"
"WNWI8RJU","Prospecting","Versie Hillebrand","Dustin Brinkmann","Central","MG Advanced","Unknown",3393,,,40,75,"Complete CRM record"
"4H6DFFO4","Prospecting","Versie Hillebrand","Dustin Brinkmann","Central","MG Advanced","Unknown",3393,,,40,75,"Complete CRM record"
"IUM2FVA1","Prospecting","Versie Hillebrand","Dustin Brinkmann","Central","MG Advanced","Unknown",3393,,,40,75,"Complete CRM record"
"9MIWFW5J","Prospecting","Versie Hillebrand","Dustin Brinkmann","Central","MG Advanced","Unknown",3393,,,40,75,"Complete CRM record"
"6SLKZ8FI","Prospecting","Versie Hillebrand","Dustin Brinkmann","Central","MG Advanced","Unknown",3393,,,40,75,"Complete CRM record"
"LIB4KUZJ","Prospecting","Versie Hillebrand","Dustin Brinkmann","Central","MG Advanced","Unknown",3393,,,40,75,"Complete CRM record"
"18IUIUK0","Prospecting","Versie Hillebrand","Dustin Brinkmann","Central","MG Advanced","Unknown",3393,,,40,75,"Complete CRM record"
"8I5ONXJX","Prospecting","Versie Hillebrand","Dustin Brinkmann","Central","MG Advanced","Unknown",3393,,,40,75,"Complete CRM record"
"A7SA2L21","Engaging","Elease Gluck","Celia Rouche","West","GTK 500","Unknown",26768,2017-01-30,336,60,73,"Complete CRM record"
"YFB7Y92U","Engaging","Elease Gluck","Celia Rouche","West","GTK 500","Unknown",26768,2017-02-07,328,60,73,"Complete CRM record"
"AKMV6WN5","Engaging","Elease Gluck","Celia Rouche","West","GTK 500","Unknown",26768,2017-04-06,270,60,73,"Complete CRM record"
"GL1YE4PQ","Engaging","Markita Hansen","Celia Rouche","West","GTK 500","Unknown",26768,2017-05-09,237,60,73,"Complete CRM record"
"N3GVE0VP","Engaging","Markita Hansen","Celia Rouche","West","GTK 500","Unknown",26768,2017-05-18,228,60,73,"Complete CRM record"
"9SRD5NCR","Engaging","Rosalina Dieter","Celia Rouche","West","GTK 500","Unknown",26768,2017-07-27,158,60,73,"Complete CRM record"
"DO6VKC2G","Engaging","Marty Freudenburg","Melvin Marxen","Central","GTK 500","Unknown",26768,2017-08-01,153,60,73,"Complete CRM record"
"A04V2WB3","Engaging","Elease Gluck","Celia Rouche","West","GTK 500","Unknown",26768,2017-08-03,151,60,73,"Complete CRM record"
"UAE5ZC7O","Engaging","Daniell Hammack","Rocco Neubert","East","GTX Plus Pro","Unknown",5482,2016-12-05,392,60,72,"Complete CRM record"
"WALNFJ70","Engaging","Kary Hendrixson","Summer Sewald","West","GTX Plus Pro","Unknown",5482,2016-12-08,389,60,72,"Complete CRM record"
"DWUXMAGZ","Engaging","Corliss Cosme","Cara Losch","East","GTX Plus Pro","Unknown",5482,2016-12-17,380,60,72,"Complete CRM record"
"2HT2R2GY","Engaging","Cassey Cress","Rocco Neubert","East","GTX Plus Pro","Unknown",5482,2016-12-29,368,60,72,"Complete CRM record"
"QM6VR1H5","Engaging","Daniell Hammack","Rocco Neubert","East","GTX Plus Pro","Unknown",5482,2017-01-04,362,60,72,"Complete CRM record"
"M16D8PYH","Engaging","Daniell Hammack","Rocco Neubert","East","GTX Plus Pro","Unknown",5482,2017-01-05,361,60,72,"Complete CRM record"
"T7T1YIM7","Engaging","Boris Faz","Rocco Neubert","East","GTX Plus Pro","Unknown",5482,2017-01-06,360,60,72,"Complete CRM record"
"Y6UBZM6P","Engaging","Vicki Laflamme","Celia Rouche","West","GTX Plus Pro","Unknown",5482,2017-01-09,357,60,72,"Complete CRM record"
"RIW4VWBW","Engaging","Hayden Neloms","Celia Rouche","West","GTX Plus Pro","Unknown",5482,2017-01-10,356,60,72,"Complete CRM record"
"8LW65NDL","Engaging","Violet Mclelland","Cara Losch","East","GTX Plus Pro","Unknown",5482,2017-01-10,356,60,72,"Complete CRM record"
"DZ57QIQN","Engaging","Daniell Hammack","Rocco Neubert","East","GTX Plus Pro","Unknown",5482,2017-01-18,348,60,72,"Complete CRM record"
"HZIU2NOT","Engaging","Kary Hendrixson","Summer Sewald","West","GTX Plus Pro","Unknown",5482,2017-02-04,331,60,72,"Complete CRM record"
"L2S4T3VA","Engaging","Cassey Cress","Rocco Neubert","East","GTX Plus Pro","Unknown",5482,2017-02-08,327,60,72,"Complete CRM record"
"5BXUKFPR","Engaging","James Ascencio","Summer Sewald","West","GTX Plus Pro","Unknown",5482,2017-02-11,324,60,72,"Complete CRM record"
"W24IDMVV","Engaging","Corliss Cosme","Cara Losch","East","GTX Plus Pro","Unknown",5482,2017-02-15,320,60,72,"Complete CRM record"
"JQA8H6M5","Engaging","Kami Bicknell","Summer Sewald","West","GTX Plus Pro","Unknown",5482,2017-02-15,320,60,72,"Complete CRM record"
"1GIP77EP","Engaging","Maureen Marcano","Summer Sewald","West","GTX Plus Pro","Unknown",5482,2017-02-21,314,60,72,"Complete CRM record"
"R5RSH4JV","Engaging","Boris Faz","Rocco Neubert","East","GTX Plus Pro","Unknown",5482,2017-02-25,310,60,72,"Complete CRM record"
"X1D1HYMM","Engaging","James Ascencio","Summer Sewald","West","GTX Plus Pro","Unknown",5482,2017-02-25,310,60,72,"Complete CRM record"
"DN6SG3US","Engaging","Wilburn Farren","Cara Losch","East","GTX Plus Pro","Unknown",5482,2017-02-25,310,60,72,"Complete CRM record"
"JSZZN48S","Engaging","James Ascencio","Summer Sewald","West","GTX Plus Pro","Unknown",5482,2017-02-28,307,60,72,"Complete CRM record"
"TV300INP","Engaging","Wilburn Farren","Cara Losch","East","GTX Plus Pro","Unknown",5482,2017-03-03,304,60,72,"Complete CRM record"
"1B27CZ2M","Engaging","James Ascencio","Summer Sewald","West","GTX Plus Pro","Unknown",5482,2017-03-10,297,60,72,"Complete CRM record"
"MN6E59H6","Engaging","Markita Hansen","Celia Rouche","West","GTX Plus Pro","Unknown",5482,2017-03-14,293,60,72,"Complete CRM record"
"RQULJHTU","Engaging","Daniell Hammack","Rocco Neubert","East","GTX Plus Pro","Unknown",5482,2017-03-16,291,60,72,"Complete CRM record"
"AF7XJNED","Engaging","Rosie Papadopoulos","Cara Losch","East","GTX Plus Pro","Unknown",5482,2017-03-16,291,60,72,"Complete CRM record"
"04YGLJ3N","Engaging","Kary Hendrixson","Summer Sewald","West","GTX Plus Pro","Unknown",5482,2017-03-17,290,60,72,"Complete CRM record"
"1GT10YJD","Engaging","Vicki Laflamme","Celia Rouche","West","GTX Plus Pro","Unknown",5482,2017-03-17,290,60,72,"Complete CRM record"
"M41NS5DN","Engaging","Cassey Cress","Rocco Neubert","East","GTX Plus Pro","Unknown",5482,2017-03-24,283,60,72,"Complete CRM record"
"CR6ZLEWC","Engaging","Kary Hendrixson","Summer Sewald","West","GTX Plus Pro","Unknown",5482,2017-03-24,283,60,72,"Complete CRM record"
"43LFUTVM","Engaging","Zane Levy","Summer Sewald","West","GTX Plus Pro","Unknown",5482,2017-03-24,283,60,72,"Complete CRM record"
"LIQZNH9U","Engaging","Kary Hendrixson","Summer Sewald","West","GTX Plus Pro","Unknown",5482,2017-03-31,276,60,72,"Complete CRM record"
"DQ7GS2BN","Engaging","James Ascencio","Summer Sewald","West","GTX Plus Pro","Unknown",5482,2017-04-02,274,60,72,"Complete CRM record"
"MB7G8DWS","Engaging","Cassey Cress","Rocco Neubert","East","GTX Plus Pro","Unknown",5482,2017-04-03,273,60,72,"Complete CRM record"
"LXZD2PZD","Engaging","Corliss Cosme","Cara Losch","East","GTX Plus Pro","Unknown",5482,2017-04-04,272,60,72,"Complete CRM record"
"D62905BC","Engaging","Maureen Marcano","Summer Sewald","West","GTX Plus Pro","Unknown",5482,2017-04-04,272,60,72,"Complete CRM record"
"LSVGDJ1A","Engaging","Kary Hendrixson","Summer Sewald","West","GTX Plus Pro","Unknown",5482,2017-04-17,259,60,72,"Complete CRM record"
"Q8BZ3PC9","Engaging","Rosie Papadopoulos","Cara Losch","East","GTX Plus Pro","Unknown",5482,2017-04-18,258,60,72,"Complete CRM record"
"RXAQJKSL","Engaging","Corliss Cosme","Cara Losch","East","GTX Plus Pro","Unknown",5482,2017-04-26,250,60,72,"Complete CRM record"
"0KEO3OP7","Engaging","Daniell Hammack","Rocco Neubert","East","GTX Plus Pro","Unknown",5482,2017-04-27,249,60,72,"Complete CRM record"
"Q2CLAKLM","Engaging","Daniell Hammack","Rocco Neubert","East","GTX Plus Pro","Unknown",5482,2017-04-30,246,60,72,"Complete CRM record"
"OIO2H2MY","Engaging","Boris Faz","Rocco Neubert","East","GTX Plus Pro","Unknown",5482,2017-05-01,245,60,72,"Complete CRM record"
"R1K16RZO","Engaging","Maureen Marcano","Summer Sewald","West","GTX Plus Pro","Unknown",5482,2017-05-01,245,60,72,"Complete CRM record"
"UYQJ2A1O","Engaging","Vicki Laflamme","Celia Rouche","West","GTX Plus Pro","Unknown",5482,2017-05-01,245,60,72,"Complete CRM record"
"8WB5HXOB","Engaging","Zane Levy","Summer Sewald","West","GTX Plus Pro","Unknown",5482,2017-05-02,244,60,72,"Complete CRM record"
"86C26QSR","Engaging","Markita Hansen","Celia Rouche","West","GTX Plus Pro","Unknown",5482,2017-05-03,243,60,72,"Complete CRM record"
"73086D08","Engaging","Markita Hansen","Celia Rouche","West","GTX Plus Pro","Unknown",5482,2017-05-07,239,60,72,"Complete CRM record"
"E8QHX9TE","Engaging","Vicki Laflamme","Celia Rouche","West","GTX Plus Pro","Unknown",5482,2017-05-11,235,60,72,"Complete CRM record"
"04OAV3CV","Engaging","Elease Gluck","Celia Rouche","West","GTX Plus Pro","Unknown",5482,2017-05-17,229,60,72,"Complete CRM record"
"D85PDC6S","Engaging","James Ascencio","Summer Sewald","West","GTX Plus Pro","Unknown",5482,2017-05-18,228,60,72,"Complete CRM record"
"JL9ERNVY","Engaging","Boris Faz","Rocco Neubert","East","GTX Plus Pro","Unknown",5482,2017-05-20,226,60,72,"Complete CRM record"
"PPUSV3RG","Engaging","Kary Hendrixson","Summer Sewald","West","GTX Plus Pro","Unknown",5482,2017-05-21,225,60,72,"Complete CRM record"
"WS3BIQ4S","Engaging","Markita Hansen","Celia Rouche","West","GTX Plus Pro","Unknown",5482,2017-05-22,224,60,72,"Complete CRM record"
"41RF80KQ","Engaging","Boris Faz","Rocco Neubert","East","GTX Plus Pro","Unknown",5482,2017-05-23,223,60,72,"Complete CRM record"
"K7TV5UBZ","Engaging","James Ascencio","Summer Sewald","West","GTX Plus Pro","Unknown",5482,2017-05-24,222,60,72,"Complete CRM record"
"VXTVHC1Z","Engaging","Boris Faz","Rocco Neubert","East","GTX Plus Pro","Unknown",5482,2017-05-28,218,60,72,"Complete CRM record"
"C6TQMD3C","Engaging","Vicki Laflamme","Celia Rouche","West","GTX Plus Pro","Unknown",5482,2017-06-07,208,60,72,"Complete CRM record"
"7HSRDCCK","Engaging","Kary Hendrixson","Summer Sewald","West","GTX Plus Pro","Unknown",5482,2017-06-13,202,60,72,"Complete CRM record"
"HEWKNHTH","Engaging","Daniell Hammack","Rocco Neubert","East","GTX Plus Pro","Unknown",5482,2017-06-18,197,60,72,"Complete CRM record"
"EBLSL27F","Engaging","Boris Faz","Rocco Neubert","East","GTX Plus Pro","Unknown",5482,2017-06-24,191,60,72,"Complete CRM record"
"2FNTCPOU","Engaging","Vicki Laflamme","Celia Rouche","West","GTX Plus Pro","Unknown",5482,2017-06-25,190,60,72,"Complete CRM record"
"FOJG3OCO","Engaging","Corliss Cosme","Cara Losch","East","GTX Plus Pro","Unknown",5482,2017-07-01,184,60,72,"Complete CRM record"
"YYTZSTL0","Engaging","Rosie Papadopoulos","Cara Losch","East","GTX Plus Pro","Unknown",5482,2017-07-07,178,60,72,"Complete CRM record"
"NK1B8YME","Engaging","Cassey Cress","Rocco Neubert","East","GTX Plus Pro","Unknown",5482,2017-07-09,176,60,72,"Complete CRM record"
"0T9KUEQ2","Engaging","Cassey Cress","Rocco Neubert","East","GTX Plus Pro","Unknown",5482,2017-07-11,174,60,72,"Complete CRM record"
"JB3J080M","Engaging","Kary Hendrixson","Summer Sewald","West","GTX Plus Pro","Unknown",5482,2017-07-11,174,60,72,"Complete CRM record"
"M2A8EY5Q","Engaging","Hayden Neloms","Celia Rouche","West","GTX Plus Pro","Unknown",5482,2017-07-16,169,60,72,"Complete CRM record"
"3YDXZ4FA","Engaging","Versie Hillebrand","Dustin Brinkmann","Central","GTX Plus Pro","Unknown",5482,2017-07-21,164,60,72,"Complete CRM record"
"T4AW06MM","Engaging","Anna Snelling","Dustin Brinkmann","Central","GTX Plus Pro","Unknown",5482,2017-07-22,163,60,72,"Complete CRM record"
"IMLG35AP","Engaging","Lajuana Vencill","Dustin Brinkmann","Central","GTX Plus Pro","Unknown",5482,2017-07-22,163,60,72,"Complete CRM record"
"9Q7NSPTF","Engaging","Cassey Cress","Rocco Neubert","East","GTX Plus Pro","Unknown",5482,2017-07-23,162,60,72,"Complete CRM record"
"513PSPBN","Engaging","Anna Snelling","Dustin Brinkmann","Central","GTX Plus Pro","Unknown",5482,2017-07-24,161,60,72,"Complete CRM record"
"RV5Y8DRY","Engaging","Marty Freudenburg","Melvin Marxen","Central","GTX Plus Pro","Unknown",5482,2017-07-25,160,60,72,"Complete CRM record"
"FPLXC8Z3","Engaging","Kary Hendrixson","Summer Sewald","West","GTX Plus Pro","Unknown",5482,2017-07-26,159,60,72,"Complete CRM record"
"OD895EQM","Engaging","Lajuana Vencill","Dustin Brinkmann","Central","GTX Plus Pro","Unknown",5482,2017-07-26,159,60,72,"Complete CRM record"
"N9GIC5PC","Engaging","Anna Snelling","Dustin Brinkmann","Central","GTX Plus Pro","Unknown",5482,2017-07-27,158,60,72,"Complete CRM record"
"1T5WFCEJ","Engaging","Anna Snelling","Dustin Brinkmann","Central","GTX Plus Pro","Unknown",5482,2017-07-27,158,60,72,"Complete CRM record"
"G7RZTAMV","Engaging","Gladys Colclough","Melvin Marxen","Central","GTX Plus Pro","Unknown",5482,2017-07-27,158,60,72,"Complete CRM record"
"T0TDA2O1","Engaging","Anna Snelling","Dustin Brinkmann","Central","GTX Plus Pro","Unknown",5482,2017-07-29,156,60,72,"Complete CRM record"
"1RXGKOUE","Engaging","Versie Hillebrand","Dustin Brinkmann","Central","GTX Plus Pro","Unknown",5482,2017-07-29,156,60,72,"Complete CRM record"
"1O72EKFY","Engaging","James Ascencio","Summer Sewald","West","GTX Plus Pro","Unknown",5482,2017-07-31,154,60,72,"Complete CRM record"
"DZQW0KQ4","Engaging","Markita Hansen","Celia Rouche","West","GTX Plus Pro","Unknown",5482,2017-07-31,154,60,72,"Complete CRM record"
"MBYOJR5A","Engaging","Marty Freudenburg","Melvin Marxen","Central","GTX Plus Pro","Unknown",5482,2017-08-01,153,60,72,"Complete CRM record"
"6TGCOE5O","Engaging","Cassey Cress","Rocco Neubert","East","GTX Plus Pro","Unknown",5482,2017-08-03,151,60,72,"Complete CRM record"
"OVA9HMN1","Engaging","Anna Snelling","Dustin Brinkmann","Central","GTX Plus Pro","Unknown",5482,2017-08-05,149,60,72,"Complete CRM record"
"RCJRB8W8","Engaging","Darcel Schlecht","Melvin Marxen","Central","GTX Plus Pro","Unknown",5482,2017-08-05,149,60,72,"Complete CRM record"
"5NGPM4C3","Engaging","Darcel Schlecht","Melvin Marxen","Central","GTX Plus Pro","Unknown",5482,2017-08-05,149,60,72,"Complete CRM record"
"WO1OYV0Z","Engaging","Boris Faz","Rocco Neubert","East","GTX Plus Pro","Unknown",5482,2017-08-06,148,60,72,"Complete CRM record"
"AD2YEH7W","Engaging","Marty Freudenburg","Melvin Marxen","Central","GTX Plus Pro","Unknown",5482,2017-08-06,148,60,72,"Complete CRM record"
"98K99UW9","Engaging","Rosie Papadopoulos","Cara Losch","East","GTX Plus Pro","Unknown",5482,2017-08-06,148,60,72,"Complete CRM record"
"FCBSZ6FJ","Engaging","Anna Snelling","Dustin Brinkmann","Central","GTX Plus Pro","Unknown",5482,2017-08-09,145,60,72,"Complete CRM record"
"Z4OOTJAJ","Engaging","Darcel Schlecht","Melvin Marxen","Central","GTX Plus Pro","Unknown",5482,2017-08-10,144,60,72,"Complete CRM record"
"3C6E0D28","Engaging","Vicki Laflamme","Celia Rouche","West","GTX Plus Pro","Unknown",5482,2017-08-12,142,60,72,"Complete CRM record"
"QQPAK72N","Engaging","Hayden Neloms","Celia Rouche","West","GTX Plus Pro","Unknown",5482,2017-08-13,141,60,72,"Complete CRM record"
"5378T3K3","Engaging","Markita Hansen","Celia Rouche","West","GTX Plus Pro","Unknown",5482,2017-08-15,139,60,72,"Complete CRM record"
"HF1GSBT4","Engaging","Daniell Hammack","Rocco Neubert","East","GTX Plus Pro","Unknown",5482,2017-08-24,130,60,72,"Complete CRM record"
"Y0M8X7BV","Engaging","Corliss Cosme","Cara Losch","East","GTX Plus Pro","Unknown",5482,2017-08-25,129,60,72,"Complete CRM record"
"KAGK2GQJ","Engaging","James Ascencio","Summer Sewald","West","GTX Plus Pro","Unknown",5482,2017-09-01,122,60,72,"Complete CRM record"
"J0G6ZLYZ","Engaging","Zane Levy","Summer Sewald","West","GTX Plus Pro","Unknown",5482,2017-09-02,121,60,72,"Complete CRM record"
"H8XH5MFQ","Engaging","Kary Hendrixson","Summer Sewald","West","GTX Plus Pro","Unknown",5482,2017-09-03,120,60,72,"Complete CRM record"
"77IBMLTB","Engaging","James Ascencio","Summer Sewald","West","GTX Plus Pro","Unknown",5482,2017-09-11,112,60,72,"Complete CRM record"
"VRWH3YJV","Engaging","Maureen Marcano","Summer Sewald","West","GTX Plus Pro","Unknown",5482,2017-09-14,109,60,72,"Complete CRM record"
"R6Q5JOLX","Engaging","Cassey Cress","Rocco Neubert","East","GTX Plus Pro","Unknown",5482,2017-09-16,107,60,72,"Complete CRM record"
"DY8DMZZ9","Engaging","Vicki Laflamme","Celia Rouche","West","GTX Plus Pro","Unknown",5482,2017-09-16,107,60,72,"Complete CRM record"
"A7OVC1WK","Engaging","Corliss Cosme","Cara Losch","East","GTX Plus Pro","Unknown",5482,2017-09-19,104,60,72,"Complete CRM record"
"NRK892VX","Engaging","Elease Gluck","Celia Rouche","West","GTX Plus Pro","Unknown",5482,2017-09-20,103,60,72,"Complete CRM record"
"LFI3BGEE","Engaging","Daniell Hammack","Rocco Neubert","East","GTX Plus Pro","Unknown",5482,2017-09-22,101,60,72,"Complete CRM record"
"9JTFD4FZ","Engaging","Wilburn Farren","Cara Losch","East","GTX Plus Pro","Unknown",5482,2017-09-28,95,60,72,"Complete CRM record"
"NX28C8EI","Engaging","James Ascencio","Summer Sewald","West","GTX Plus Pro","Unknown",5482,2017-09-30,93,60,72,"Complete CRM record"
"NMLTE4CS","Engaging","Maureen Marcano","Summer Sewald","West","GTX Plus Pro","Unknown",5482,2017-09-30,93,60,72,"Complete CRM record"
"QNB3SCN9","Engaging","Wilburn Farren","Cara Losch","East","GTX Plus Pro","Unknown",5482,2017-10-01,92,60,72,"Complete CRM record"
"E2CJIO85","Engaging","Vicki Laflamme","Celia Rouche","West","GTX Plus Pro","Unknown",5482,2017-10-03,90,60,72,"Complete CRM record"
"OJDZN6UK","Prospecting","Anna Snelling","Dustin Brinkmann","Central","GTX Plus Basic","Unknown",1096,,,40,72,"Complete CRM record"
"OM60BJ4S","Prospecting","Anna Snelling","Dustin Brinkmann","Central","GTX Plus Basic","Unknown",1096,,,40,72,"Complete CRM record"
"I79B9KJ2","Prospecting","Cecily Lampkin","Dustin Brinkmann","Central","GTX Plus Basic","Unknown",1096,,,40,72,"Complete CRM record"
"LABZ0UGB","Prospecting","Cecily Lampkin","Dustin Brinkmann","Central","GTX Plus Basic","Unknown",1096,,,40,72,"Complete CRM record"
"3R4W7ZVY","Prospecting","Cecily Lampkin","Dustin Brinkmann","Central","GTX Plus Basic","Unknown",1096,,,40,72,"Complete CRM record"
"I2LEEFAM","Prospecting","Darcel Schlecht","Melvin Marxen","Central","GTX Plus Basic","Unknown",1096,,,40,72,"Complete CRM record"
"1LWG4COF","Prospecting","Darcel Schlecht","Melvin Marxen","Central","GTX Plus Basic","Unknown",1096,,,40,72,"Complete CRM record"
"FEL7FQQG","Prospecting","Darcel Schlecht","Melvin Marxen","Central","GTX Plus Basic","Unknown",1096,,,40,72,"Complete CRM record"
"0TQP0E65","Prospecting","Darcel Schlecht","Melvin Marxen","Central","GTX Plus Basic","Unknown",1096,,,40,72,"Complete CRM record"
"P95E1DOX","Prospecting","Darcel Schlecht","Melvin Marxen","Central","GTX Plus Basic","Unknown",1096,,,40,72,"Complete CRM record"
"JCRT0QHO","Prospecting","Darcel Schlecht","Melvin Marxen","Central","GTX Plus Basic","Unknown",1096,,,40,72,"Complete CRM record"
"MTGV7WOM","Prospecting","Darcel Schlecht","Melvin Marxen","Central","GTX Plus Basic","Unknown",1096,,,40,72,"Complete CRM record"
"IEMOIN3K","Prospecting","Darcel Schlecht","Melvin Marxen","Central","GTX Plus Basic","Unknown",1096,,,40,72,"Complete CRM record"
"XTXMQMRC","Prospecting","Darcel Schlecht","Melvin Marxen","Central","GTX Plus Basic","Unknown",1096,,,40,72,"Complete CRM record"
"OQX98BBL","Prospecting","Darcel Schlecht","Melvin Marxen","Central","GTX Plus Basic","Unknown",1096,,,40,72,"Complete CRM record"
"RH0FJYPZ","Prospecting","Darcel Schlecht","Melvin Marxen","Central","GTX Plus Basic","Unknown",1096,,,40,72,"Complete CRM record"
"HD6YD6P9","Prospecting","Darcel Schlecht","Melvin Marxen","Central","GTX Plus Basic","Unknown",1096,,,40,72,"Complete CRM record"
"64OXRCSR","Prospecting","Darcel Schlecht","Melvin Marxen","Central","GTX Plus Basic","Unknown",1096,,,40,72,"Complete CRM record"
"EG3X1ACF","Prospecting","Darcel Schlecht","Melvin Marxen","Central","GTX Plus Basic","Unknown",1096,,,40,72,"Complete CRM record"
"TJ64MOUR","Prospecting","Darcel Schlecht","Melvin Marxen","Central","GTX Plus Basic","Unknown",1096,,,40,72,"Complete CRM record"
"FY0SHNZY","Prospecting","Darcel Schlecht","Melvin Marxen","Central","GTX Plus Basic","Unknown",1096,,,40,72,"Complete CRM record"
"V2V69I86","Prospecting","Darcel Schlecht","Melvin Marxen","Central","GTX Plus Basic","Unknown",1096,,,40,72,"Complete CRM record"
"OAECXU4A","Prospecting","Darcel Schlecht","Melvin Marxen","Central","GTX Plus Basic","Unknown",1096,,,40,72,"Complete CRM record"
"HWKJ7TFJ","Prospecting","Gladys Colclough","Melvin Marxen","Central","GTX Plus Basic","Unknown",1096,,,40,72,"Complete CRM record"
"Q62STRQQ","Prospecting","Gladys Colclough","Melvin Marxen","Central","GTX Plus Basic","Unknown",1096,,,40,72,"Complete CRM record"
"9P9J2ANM","Prospecting","Gladys Colclough","Melvin Marxen","Central","GTX Plus Basic","Unknown",1096,,,40,72,"Complete CRM record"
"OJWGRIXN","Prospecting","Gladys Colclough","Melvin Marxen","Central","GTX Plus Basic","Unknown",1096,,,40,72,"Complete CRM record"
"EB393LSH","Prospecting","Gladys Colclough","Melvin Marxen","Central","GTX Plus Basic","Unknown",1096,,,40,72,"Complete CRM record"
"566X0PLZ","Prospecting","Gladys Colclough","Melvin Marxen","Central","GTX Plus Basic","Unknown",1096,,,40,72,"Complete CRM record"
"SFR7RG9V","Prospecting","Gladys Colclough","Melvin Marxen","Central","GTX Plus Basic","Unknown",1096,,,40,72,"Complete CRM record"
"UD1GNRL4","Prospecting","Jonathan Berthelot","Melvin Marxen","Central","GTX Plus Basic","Unknown",1096,,,40,72,"Complete CRM record"
"B2YZJ212","Prospecting","Jonathan Berthelot","Melvin Marxen","Central","GTX Plus Basic","Unknown",1096,,,40,72,"Complete CRM record"
"94DGJSLN","Prospecting","Jonathan Berthelot","Melvin Marxen","Central","GTX Plus Basic","Unknown",1096,,,40,72,"Complete CRM record"
"IRTO8ZJW","Prospecting","Jonathan Berthelot","Melvin Marxen","Central","GTX Plus Basic","Unknown",1096,,,40,72,"Complete CRM record"
"U0U1RIMI","Prospecting","Lajuana Vencill","Dustin Brinkmann","Central","GTX Plus Basic","Unknown",1096,,,40,72,"Complete CRM record"
"ZTFYF8PV","Prospecting","Lajuana Vencill","Dustin Brinkmann","Central","GTX Plus Basic","Unknown",1096,,,40,72,"Complete CRM record"
"Q620I4AZ","Prospecting","Lajuana Vencill","Dustin Brinkmann","Central","GTX Plus Basic","Unknown",1096,,,40,72,"Complete CRM record"
"L7PPTHLF","Prospecting","Lajuana Vencill","Dustin Brinkmann","Central","GTX Plus Basic","Unknown",1096,,,40,72,"Complete CRM record"
"8U9CA21G","Prospecting","Lajuana Vencill","Dustin Brinkmann","Central","GTX Plus Basic","Unknown",1096,,,40,72,"Complete CRM record"
"VUFZB941","Prospecting","Marty Freudenburg","Melvin Marxen","Central","GTX Plus Basic","Unknown",1096,,,40,72,"Complete CRM record"
"EABYCHB3","Prospecting","Marty Freudenburg","Melvin Marxen","Central","GTX Plus Basic","Unknown",1096,,,40,72,"Complete CRM record"
"6Z6DMG2V","Prospecting","Marty Freudenburg","Melvin Marxen","Central","GTX Plus Basic","Unknown",1096,,,40,72,"Complete CRM record"
"BZ96Z7AI","Prospecting","Marty Freudenburg","Melvin Marxen","Central","GTX Plus Basic","Unknown",1096,,,40,72,"Complete CRM record"
"QY7GTG6Y","Prospecting","Marty Freudenburg","Melvin Marxen","Central","GTX Plus Basic","Unknown",1096,,,40,72,"Complete CRM record"
"VZ28EXFN","Prospecting","Marty Freudenburg","Melvin Marxen","Central","GTX Plus Basic","Unknown",1096,,,40,72,"Complete CRM record"
"KOPIWJO5","Prospecting","Marty Freudenburg","Melvin Marxen","Central","GTX Plus Basic","Unknown",1096,,,40,72,"Complete CRM record"
"465ZW6J2","Prospecting","Marty Freudenburg","Melvin Marxen","Central","GTX Plus Basic","Unknown",1096,,,40,72,"Complete CRM record"
"1HD5JJM3","Prospecting","Moses Frase","Dustin Brinkmann","Central","GTX Plus Basic","Unknown",1096,,,40,72,"Complete CRM record"
"NWPSEF2I","Prospecting","Moses Frase","Dustin Brinkmann","Central","GTX Plus Basic","Unknown",1096,,,40,72,"Complete CRM record"
"0E8D6TCQ","Prospecting","Moses Frase","Dustin Brinkmann","Central","GTX Plus Basic","Unknown",1096,,,40,72,"Complete CRM record"
"52WACRCG","Prospecting","Niesha Huffines","Melvin Marxen","Central","GTX Plus Basic","Unknown",1096,,,40,72,"Complete CRM record"
"0PXJYUT7","Prospecting","Niesha Huffines","Melvin Marxen","Central","GTX Plus Basic","Unknown",1096,,,40,72,"Complete CRM record"
"D45LXDPW","Prospecting","Niesha Huffines","Melvin Marxen","Central","GTX Plus Basic","Unknown",1096,,,40,72,"Complete CRM record"
"6IO91583","Prospecting","Versie Hillebrand","Dustin Brinkmann","Central","GTX Plus Basic","Unknown",1096,,,40,72,"Complete CRM record"
"OLVI7L8M","Engaging","Cassey Cress","Rocco Neubert","East","GTX Pro","Unknown",4821,2016-11-16,411,60,69,"Complete CRM record"
"KV2OFRJT","Engaging","Kami Bicknell","Summer Sewald","West","GTX Pro","Unknown",4821,2016-12-13,384,60,69,"Complete CRM record"
"C8TV7R8A","Engaging","Kary Hendrixson","Summer Sewald","West","GTX Pro","Unknown",4821,2016-12-26,371,60,69,"Complete CRM record"
"0U3WVJO0","Engaging","Corliss Cosme","Cara Losch","East","GTX Pro","Unknown",4821,2016-12-28,369,60,69,"Complete CRM record"
"13GM5I6M","Engaging","Kami Bicknell","Summer Sewald","West","GTX Pro","Unknown",4821,2016-12-29,368,60,69,"Complete CRM record"
"RW39Y63V","Engaging","Vicki Laflamme","Celia Rouche","West","GTX Pro","Unknown",4821,2017-01-10,356,60,69,"Complete CRM record"
"4I8X7EMW","Engaging","Corliss Cosme","Cara Losch","East","GTX Pro","Unknown",4821,2017-01-11,355,60,69,"Complete CRM record"
"OZ5S8NCK","Engaging","Kary Hendrixson","Summer Sewald","West","GTX Pro","Unknown",4821,2017-01-18,348,60,69,"Complete CRM record"
"5BE27MLY","Engaging","Maureen Marcano","Summer Sewald","West","GTX Pro","Unknown",4821,2017-01-28,338,60,69,"Complete CRM record"
"8YIANRVX","Engaging","Zane Levy","Summer Sewald","West","GTX Pro","Unknown",4821,2017-01-29,337,60,69,"Complete CRM record"
"7VOW7BUJ","Engaging","Cassey Cress","Rocco Neubert","East","GTX Pro","Unknown",4821,2017-02-07,328,60,69,"Complete CRM record"
"2J5E145N","Engaging","Daniell Hammack","Rocco Neubert","East","GTX Pro","Unknown",4821,2017-02-07,328,60,69,"Complete CRM record"
"ZHXIDZNI","Engaging","Kary Hendrixson","Summer Sewald","West","GTX Pro","Unknown",4821,2017-02-08,327,60,69,"Complete CRM record"
"INBGKE14","Engaging","Kary Hendrixson","Summer Sewald","West","GTX Pro","Unknown",4821,2017-02-16,319,60,69,"Complete CRM record"
"Y7N97FW8","Engaging","Vicki Laflamme","Celia Rouche","West","GTX Pro","Unknown",4821,2017-02-20,315,60,69,"Complete CRM record"
"6HG76L6U","Engaging","Boris Faz","Rocco Neubert","East","GTX Pro","Unknown",4821,2017-02-21,314,60,69,"Complete CRM record"
"03VCDZEE","Engaging","Maureen Marcano","Summer Sewald","West","GTX Pro","Unknown",4821,2017-02-23,312,60,69,"Complete CRM record"
"NR947OAB","Engaging","Kami Bicknell","Summer Sewald","West","GTX Pro","Unknown",4821,2017-02-24,311,60,69,"Complete CRM record"
"LMKNU8IZ","Engaging","Markita Hansen","Celia Rouche","West","GTX Pro","Unknown",4821,2017-02-24,311,60,69,"Complete CRM record"
"KVR52YDI","Engaging","Corliss Cosme","Cara Losch","East","GTX Pro","Unknown",4821,2017-03-01,306,60,69,"Complete CRM record"
"XRDF1NAB","Engaging","Zane Levy","Summer Sewald","West","GTX Pro","Unknown",4821,2017-03-01,306,60,69,"Complete CRM record"
"ZG8WPG99","Engaging","Kary Hendrixson","Summer Sewald","West","GTX Pro","Unknown",4821,2017-03-03,304,60,69,"Complete CRM record"
"01EH41WA","Engaging","Zane Levy","Summer Sewald","West","GTX Pro","Unknown",4821,2017-03-04,303,60,69,"Complete CRM record"
"NGCM47PC","Engaging","Zane Levy","Summer Sewald","West","GTX Pro","Unknown",4821,2017-03-07,300,60,69,"Complete CRM record"
"QHJ3W8FW","Engaging","Kami Bicknell","Summer Sewald","West","GTX Pro","Unknown",4821,2017-03-12,295,60,69,"Complete CRM record"
"V74O6XQT","Engaging","Daniell Hammack","Rocco Neubert","East","GTX Pro","Unknown",4821,2017-03-14,293,60,69,"Complete CRM record"
"7PXJ92C5","Engaging","Kary Hendrixson","Summer Sewald","West","GTX Pro","Unknown",4821,2017-03-15,292,60,69,"Complete CRM record"
"WFCEPHD3","Engaging","Markita Hansen","Celia Rouche","West","GTX Pro","Unknown",4821,2017-03-16,291,60,69,"Complete CRM record"
"PD2198ZH","Engaging","Zane Levy","Summer Sewald","West","GTX Pro","Unknown",4821,2017-03-19,288,60,69,"Complete CRM record"
"9FPDDSIJ","Engaging","Cassey Cress","Rocco Neubert","East","GTX Pro","Unknown",4821,2017-03-22,285,60,69,"Complete CRM record"
"8GE7FY98","Engaging","Violet Mclelland","Cara Losch","East","GTX Pro","Unknown",4821,2017-03-22,285,60,69,"Complete CRM record"
"ODGKZEVV","Engaging","Kary Hendrixson","Summer Sewald","West","GTX Pro","Unknown",4821,2017-03-23,284,60,69,"Complete CRM record"
"6R6S91WE","Engaging","Daniell Hammack","Rocco Neubert","East","GTX Pro","Unknown",4821,2017-03-25,282,60,69,"Complete CRM record"
"97PFKCPG","Engaging","James Ascencio","Summer Sewald","West","GTX Pro","Unknown",4821,2017-03-26,281,60,69,"Complete CRM record"
"DOGKQHQP","Engaging","Vicki Laflamme","Celia Rouche","West","GTX Pro","Unknown",4821,2017-03-31,276,60,69,"Complete CRM record"
"D5VY17OP","Engaging","Kami Bicknell","Summer Sewald","West","GTX Pro","Unknown",4821,2017-04-02,274,60,69,"Complete CRM record"
"BED55OSG","Engaging","Markita Hansen","Celia Rouche","West","GTX Pro","Unknown",4821,2017-04-02,274,60,69,"Complete CRM record"
"2HS1C21I","Engaging","Elease Gluck","Celia Rouche","West","GTX Pro","Unknown",4821,2017-04-03,273,60,69,"Complete CRM record"
"QCNOCX0P","Engaging","Boris Faz","Rocco Neubert","East","GTX Pro","Unknown",4821,2017-04-07,269,60,69,"Complete CRM record"
"GL95LARP","Engaging","Cassey Cress","Rocco Neubert","East","GTX Pro","Unknown",4821,2017-04-08,268,60,69,"Complete CRM record"
"U4IJO6SL","Engaging","Vicki Laflamme","Celia Rouche","West","GTX Pro","Unknown",4821,2017-04-08,268,60,69,"Complete CRM record"
"R0CLLIH9","Engaging","Kary Hendrixson","Summer Sewald","West","GTX Pro","Unknown",4821,2017-04-12,264,60,69,"Complete CRM record"
"Z7OH4GWO","Engaging","Kami Bicknell","Summer Sewald","West","GTX Pro","Unknown",4821,2017-04-13,263,60,69,"Complete CRM record"
"ZVAZKWF3","Engaging","Kami Bicknell","Summer Sewald","West","GTX Pro","Unknown",4821,2017-04-14,262,60,69,"Complete CRM record"
"10AEGW41","Engaging","Kary Hendrixson","Summer Sewald","West","GTX Pro","Unknown",4821,2017-04-16,260,60,69,"Complete CRM record"
"6G6ZCKSB","Engaging","Vicki Laflamme","Celia Rouche","West","GTX Pro","Unknown",4821,2017-04-16,260,60,69,"Complete CRM record"
"2LSNRT4U","Engaging","Kary Hendrixson","Summer Sewald","West","GTX Pro","Unknown",4821,2017-04-17,259,60,69,"Complete CRM record"
"7K0S2P6K","Engaging","Rosalina Dieter","Celia Rouche","West","GTX Pro","Unknown",4821,2017-04-17,259,60,69,"Complete CRM record"
"Q6OUJCH5","Engaging","Vicki Laflamme","Celia Rouche","West","GTX Pro","Unknown",4821,2017-04-21,255,60,69,"Complete CRM record"
"HDALWEHF","Engaging","Cassey Cress","Rocco Neubert","East","GTX Pro","Unknown",4821,2017-04-25,251,60,69,"Complete CRM record"
"GQ2W1DXM","Engaging","Maureen Marcano","Summer Sewald","West","GTX Pro","Unknown",4821,2017-04-25,251,60,69,"Complete CRM record"
"5WHMLQDK","Engaging","Kary Hendrixson","Summer Sewald","West","GTX Pro","Unknown",4821,2017-05-01,245,60,69,"Complete CRM record"
"3F34LWKM","Engaging","Vicki Laflamme","Celia Rouche","West","GTX Pro","Unknown",4821,2017-05-06,240,60,69,"Complete CRM record"
"YVXKNYSM","Engaging","Corliss Cosme","Cara Losch","East","GTX Pro","Unknown",4821,2017-05-07,239,60,69,"Complete CRM record"
"FHWXZ6HL","Engaging","Rosie Papadopoulos","Cara Losch","East","GTX Pro","Unknown",4821,2017-05-09,237,60,69,"Complete CRM record"
"89P5UVQ0","Engaging","Wilburn Farren","Cara Losch","East","GTX Pro","Unknown",4821,2017-05-14,232,60,69,"Complete CRM record"
"JM5GDLEF","Engaging","Corliss Cosme","Cara Losch","East","GTX Pro","Unknown",4821,2017-05-20,226,60,69,"Complete CRM record"
"SWEQFKRF","Engaging","Rosie Papadopoulos","Cara Losch","East","GTX Pro","Unknown",4821,2017-05-22,224,60,69,"Complete CRM record"
"3IWUUUCN","Engaging","Elease Gluck","Celia Rouche","West","GTX Pro","Unknown",4821,2017-05-24,222,60,69,"Complete CRM record"
"2PI827MA","Engaging","Kary Hendrixson","Summer Sewald","West","GTX Pro","Unknown",4821,2017-05-25,221,60,69,"Complete CRM record"
"GMN9KQN2","Engaging","Daniell Hammack","Rocco Neubert","East","GTX Pro","Unknown",4821,2017-05-27,219,60,69,"Complete CRM record"
"MWSPTOQK","Engaging","Zane Levy","Summer Sewald","West","GTX Pro","Unknown",4821,2017-05-28,218,60,69,"Complete CRM record"
"EUYJDW9C","Engaging","Kary Hendrixson","Summer Sewald","West","GTX Pro","Unknown",4821,2017-05-29,217,60,69,"Complete CRM record"
"UMXZFLO8","Engaging","Zane Levy","Summer Sewald","West","GTX Pro","Unknown",4821,2017-05-29,217,60,69,"Complete CRM record"
"UGTXH980","Engaging","Daniell Hammack","Rocco Neubert","East","GTX Pro","Unknown",4821,2017-06-01,214,60,69,"Complete CRM record"
"GXC8JN36","Engaging","Kary Hendrixson","Summer Sewald","West","GTX Pro","Unknown",4821,2017-06-04,211,60,69,"Complete CRM record"
"G1AKE0NR","Engaging","Zane Levy","Summer Sewald","West","GTX Pro","Unknown",4821,2017-06-07,208,60,69,"Complete CRM record"
"FHYD80FB","Engaging","Kami Bicknell","Summer Sewald","West","GTX Pro","Unknown",4821,2017-06-17,198,60,69,"Complete CRM record"
"54OH0061","Engaging","Maureen Marcano","Summer Sewald","West","GTX Pro","Unknown",4821,2017-06-19,196,60,69,"Complete CRM record"
"96798U7Y","Engaging","Rosie Papadopoulos","Cara Losch","East","GTX Pro","Unknown",4821,2017-06-20,195,60,69,"Complete CRM record"
"BJO4VYLK","Engaging","Daniell Hammack","Rocco Neubert","East","GTX Pro","Unknown",4821,2017-06-21,194,60,69,"Complete CRM record"
"14CNQKX8","Engaging","Kary Hendrixson","Summer Sewald","West","GTX Pro","Unknown",4821,2017-06-21,194,60,69,"Complete CRM record"
"13FIM9V3","Engaging","Corliss Cosme","Cara Losch","East","GTX Pro","Unknown",4821,2017-06-24,191,60,69,"Complete CRM record"
"Z6R4KJFU","Engaging","Daniell Hammack","Rocco Neubert","East","GTX Pro","Unknown",4821,2017-06-25,190,60,69,"Complete CRM record"
"A8QRKXG3","Engaging","Vicki Laflamme","Celia Rouche","West","GTX Pro","Unknown",4821,2017-06-25,190,60,69,"Complete CRM record"
"HTF7TYQS","Engaging","Daniell Hammack","Rocco Neubert","East","GTX Pro","Unknown",4821,2017-06-27,188,60,69,"Complete CRM record"
"R443AUAG","Engaging","Violet Mclelland","Cara Losch","East","GTX Pro","Unknown",4821,2017-06-27,188,60,69,"Complete CRM record"
"XYRO1TLJ","Engaging","Markita Hansen","Celia Rouche","West","GTX Pro","Unknown",4821,2017-06-29,186,60,69,"Complete CRM record"
"WQAKXOYU","Engaging","Boris Faz","Rocco Neubert","East","GTX Pro","Unknown",4821,2017-07-02,183,60,69,"Complete CRM record"
"HAUB1NBF","Engaging","Corliss Cosme","Cara Losch","East","GTX Pro","Unknown",4821,2017-07-02,183,60,69,"Complete CRM record"
"4EGO7VCJ","Engaging","Kami Bicknell","Summer Sewald","West","GTX Pro","Unknown",4821,2017-07-02,183,60,69,"Complete CRM record"
"81PWOUF0","Engaging","Maureen Marcano","Summer Sewald","West","GTX Pro","Unknown",4821,2017-07-06,179,60,69,"Complete CRM record"
"CFI2GXN1","Engaging","Boris Faz","Rocco Neubert","East","GTX Pro","Unknown",4821,2017-07-07,178,60,69,"Complete CRM record"
"CQYAMIQ3","Engaging","Zane Levy","Summer Sewald","West","GTX Pro","Unknown",4821,2017-07-09,176,60,69,"Complete CRM record"
"QV3TAWDT","Engaging","Rosie Papadopoulos","Cara Losch","East","GTX Pro","Unknown",4821,2017-07-10,175,60,69,"Complete CRM record"
"NU4ACGMY","Engaging","Darcel Schlecht","Melvin Marxen","Central","GTX Pro","Unknown",4821,2017-07-19,166,60,69,"Complete CRM record"
"CCLIVXMG","Engaging","Elease Gluck","Celia Rouche","West","GTX Pro","Unknown",4821,2017-07-19,166,60,69,"Complete CRM record"
"6V7FT2YU","Engaging","Darcel Schlecht","Melvin Marxen","Central","GTX Pro","Unknown",4821,2017-07-20,165,60,69,"Complete CRM record"
"PJ75Q8VM","Engaging","Jonathan Berthelot","Melvin Marxen","Central","GTX Pro","Unknown",4821,2017-07-20,165,60,69,"Complete CRM record"
"S6YZO6UQ","Engaging","Darcel Schlecht","Melvin Marxen","Central","GTX Pro","Unknown",4821,2017-07-21,164,60,69,"Complete CRM record"
"PI45UJKA","Engaging","Darcel Schlecht","Melvin Marxen","Central","GTX Pro","Unknown",4821,2017-07-21,164,60,69,"Complete CRM record"
"XVB2CGL6","Engaging","Maureen Marcano","Summer Sewald","West","GTX Pro","Unknown",4821,2017-07-21,164,60,69,"Complete CRM record"
"S0Z4QVL2","Engaging","Vicki Laflamme","Celia Rouche","West","GTX Pro","Unknown",4821,2017-07-21,164,60,69,"Complete CRM record"
"FY5MBCWQ","Engaging","Darcel Schlecht","Melvin Marxen","Central","GTX Pro","Unknown",4821,2017-07-22,163,60,69,"Complete CRM record"
"Q1HNDPKW","Engaging","Darcel Schlecht","Melvin Marxen","Central","GTX Pro","Unknown",4821,2017-07-23,162,60,69,"Complete CRM record"
"WGFTBY3W","Engaging","Darcel Schlecht","Melvin Marxen","Central","GTX Pro","Unknown",4821,2017-07-24,161,60,69,"Complete CRM record"
"NCCB118E","Engaging","Darcel Schlecht","Melvin Marxen","Central","GTX Pro","Unknown",4821,2017-07-24,161,60,69,"Complete CRM record"
"H2FCUPHJ","Engaging","Niesha Huffines","Melvin Marxen","Central","GTX Pro","Unknown",4821,2017-07-24,161,60,69,"Complete CRM record"
"2GFL3TAF","Engaging","Darcel Schlecht","Melvin Marxen","Central","GTX Pro","Unknown",4821,2017-07-25,160,60,69,"Complete CRM record"
"CUSWE9PB","Engaging","Darcel Schlecht","Melvin Marxen","Central","GTX Pro","Unknown",4821,2017-07-25,160,60,69,"Complete CRM record"
"TJ7PNIXL","Engaging","Darcel Schlecht","Melvin Marxen","Central","GTX Pro","Unknown",4821,2017-07-26,159,60,69,"Complete CRM record"
"VMBM5EKL","Engaging","Darcel Schlecht","Melvin Marxen","Central","GTX Pro","Unknown",4821,2017-07-26,159,60,69,"Complete CRM record"
"Q5GNQ823","Engaging","Vicki Laflamme","Celia Rouche","West","GTX Pro","Unknown",4821,2017-07-26,159,60,69,"Complete CRM record"
"M6JT5RL8","Engaging","Darcel Schlecht","Melvin Marxen","Central","GTX Pro","Unknown",4821,2017-07-27,158,60,69,"Complete CRM record"
"45H84LNT","Engaging","Darcel Schlecht","Melvin Marxen","Central","GTX Pro","Unknown",4821,2017-07-27,158,60,69,"Complete CRM record"
"E8MIFXOH","Engaging","Darcel Schlecht","Melvin Marxen","Central","GTX Pro","Unknown",4821,2017-07-27,158,60,69,"Complete CRM record"
"UO8DLVVQ","Engaging","Darcel Schlecht","Melvin Marxen","Central","GTX Pro","Unknown",4821,2017-07-27,158,60,69,"Complete CRM record"
"Q62JFLLD","Engaging","Darcel Schlecht","Melvin Marxen","Central","GTX Pro","Unknown",4821,2017-07-28,157,60,69,"Complete CRM record"
"7K31BXX3","Engaging","Jonathan Berthelot","Melvin Marxen","Central","GTX Pro","Unknown",4821,2017-07-28,157,60,69,"Complete CRM record"
"PNTHPFHY","Engaging","Darcel Schlecht","Melvin Marxen","Central","GTX Pro","Unknown",4821,2017-07-29,156,60,69,"Complete CRM record"
"2I7IFY8D","Engaging","Darcel Schlecht","Melvin Marxen","Central","GTX Pro","Unknown",4821,2017-07-29,156,60,69,"Complete CRM record"
"0XBGT413","Engaging","Gladys Colclough","Melvin Marxen","Central","GTX Pro","Unknown",4821,2017-07-30,155,60,69,"Complete CRM record"
"FSEV7ZJC","Engaging","Darcel Schlecht","Melvin Marxen","Central","GTX Pro","Unknown",4821,2017-07-31,154,60,69,"Complete CRM record"
"OEP0IJ6S","Engaging","Darcel Schlecht","Melvin Marxen","Central","GTX Pro","Unknown",4821,2017-07-31,154,60,69,"Complete CRM record"
"HISWL7B0","Engaging","Darcel Schlecht","Melvin Marxen","Central","GTX Pro","Unknown",4821,2017-08-01,153,60,69,"Complete CRM record"
"BSKNQJOJ","Engaging","Darcel Schlecht","Melvin Marxen","Central","GTX Pro","Unknown",4821,2017-08-01,153,60,69,"Complete CRM record"
"NBJR3GVR","Engaging","Marty Freudenburg","Melvin Marxen","Central","GTX Pro","Unknown",4821,2017-08-01,153,60,69,"Complete CRM record"
"2E2FDZHG","Engaging","Niesha Huffines","Melvin Marxen","Central","GTX Pro","Unknown",4821,2017-08-02,152,60,69,"Complete CRM record"
"UM1OU73X","Engaging","Darcel Schlecht","Melvin Marxen","Central","GTX Pro","Unknown",4821,2017-08-04,150,60,69,"Complete CRM record"
"69U39SXU","Engaging","Darcel Schlecht","Melvin Marxen","Central","GTX Pro","Unknown",4821,2017-08-04,150,60,69,"Complete CRM record"
"MOAP4XN7","Engaging","Boris Faz","Rocco Neubert","East","GTX Pro","Unknown",4821,2017-08-05,149,60,69,"Complete CRM record"
"A8NDGVJE","Engaging","Darcel Schlecht","Melvin Marxen","Central","GTX Pro","Unknown",4821,2017-08-06,148,60,69,"Complete CRM record"
"SLMY2KDA","Engaging","Kary Hendrixson","Summer Sewald","West","GTX Pro","Unknown",4821,2017-08-06,148,60,69,"Complete CRM record"
"SYA1A4E5","Engaging","Niesha Huffines","Melvin Marxen","Central","GTX Pro","Unknown",4821,2017-08-07,147,60,69,"Complete CRM record"
"FH3UXT3T","Engaging","Darcel Schlecht","Melvin Marxen","Central","GTX Pro","Unknown",4821,2017-08-08,146,60,69,"Complete CRM record"
"9B20R6A5","Engaging","Darcel Schlecht","Melvin Marxen","Central","GTX Pro","Unknown",4821,2017-08-09,145,60,69,"Complete CRM record"
"6KEWAQMX","Engaging","Cassey Cress","Rocco Neubert","East","GTX Pro","Unknown",4821,2017-08-12,142,60,69,"Complete CRM record"
"9CPUX0D0","Engaging","Marty Freudenburg","Melvin Marxen","Central","GTX Pro","Unknown",4821,2017-08-13,141,60,69,"Complete CRM record"
"LBO52V0N","Engaging","Cassey Cress","Rocco Neubert","East","GTX Pro","Unknown",4821,2017-08-14,140,60,69,"Complete CRM record"
"FJE58EP1","Engaging","Darcel Schlecht","Melvin Marxen","Central","GTX Pro","Unknown",4821,2017-08-14,140,60,69,"Complete CRM record"
"AILB4LIX","Engaging","Darcel Schlecht","Melvin Marxen","Central","GTX Pro","Unknown",4821,2017-08-14,140,60,69,"Complete CRM record"
"KBPKLB2X","Engaging","Jonathan Berthelot","Melvin Marxen","Central","GTX Pro","Unknown",4821,2017-08-14,140,60,69,"Complete CRM record"
"AMP2GT6F","Engaging","Maureen Marcano","Summer Sewald","West","GTX Pro","Unknown",4821,2017-08-14,140,60,69,"Complete CRM record"
"PQJZNRKK","Engaging","Rosie Papadopoulos","Cara Losch","East","GTX Pro","Unknown",4821,2017-08-14,140,60,69,"Complete CRM record"
"PYQ3VX08","Engaging","Niesha Huffines","Melvin Marxen","Central","GTX Pro","Unknown",4821,2017-08-15,139,60,69,"Complete CRM record"
"6SMB6SDY","Engaging","Vicki Laflamme","Celia Rouche","West","GTX Pro","Unknown",4821,2017-08-15,139,60,69,"Complete CRM record"
"FKVC924F","Engaging","Daniell Hammack","Rocco Neubert","East","GTX Pro","Unknown",4821,2017-08-17,137,60,69,"Complete CRM record"
"LXVCMY4C","Engaging","Daniell Hammack","Rocco Neubert","East","GTX Pro","Unknown",4821,2017-08-17,137,60,69,"Complete CRM record"
"X9L0T199","Engaging","Kami Bicknell","Summer Sewald","West","GTX Pro","Unknown",4821,2017-08-18,136,60,69,"Complete CRM record"
"TUKHDOGS","Engaging","Maureen Marcano","Summer Sewald","West","GTX Pro","Unknown",4821,2017-08-20,134,60,69,"Complete CRM record"
"TM70L0W8","Engaging","Zane Levy","Summer Sewald","West","GTX Pro","Unknown",4821,2017-08-22,132,60,69,"Complete CRM record"
"S53EVWFC","Engaging","Daniell Hammack","Rocco Neubert","East","GTX Pro","Unknown",4821,2017-08-23,131,60,69,"Complete CRM record"
"QKW7MDJK","Engaging","Violet Mclelland","Cara Losch","East","GTX Pro","Unknown",4821,2017-08-23,131,60,69,"Complete CRM record"
"UIOJX7O0","Engaging","Cassey Cress","Rocco Neubert","East","GTX Pro","Unknown",4821,2017-08-24,130,60,69,"Complete CRM record"
"Z8Z77GN3","Engaging","Kami Bicknell","Summer Sewald","West","GTX Pro","Unknown",4821,2017-08-24,130,60,69,"Complete CRM record"
"RU5X1LZM","Engaging","Zane Levy","Summer Sewald","West","GTX Pro","Unknown",4821,2017-08-26,128,60,69,"Complete CRM record"
"7K1KXMBT","Engaging","Kami Bicknell","Summer Sewald","West","GTX Pro","Unknown",4821,2017-08-27,127,60,69,"Complete CRM record"
"3ORQ2R0R","Engaging","Elease Gluck","Celia Rouche","West","GTX Pro","Unknown",4821,2017-08-28,126,60,69,"Complete CRM record"
"XRZNF1LQ","Engaging","Kary Hendrixson","Summer Sewald","West","GTX Pro","Unknown",4821,2017-08-31,123,60,69,"Complete CRM record"
"KXR63BV7","Engaging","Corliss Cosme","Cara Losch","East","GTX Pro","Unknown",4821,2017-09-04,119,60,69,"Complete CRM record"
"5E274CQS","Engaging","Boris Faz","Rocco Neubert","East","GTX Pro","Unknown",4821,2017-09-05,118,60,69,"Complete CRM record"
"EJGRLQP8","Engaging","James Ascencio","Summer Sewald","West","GTX Pro","Unknown",4821,2017-09-08,115,60,69,"Complete CRM record"
"34XWXEQE","Engaging","James Ascencio","Summer Sewald","West","GTX Pro","Unknown",4821,2017-09-10,113,60,69,"Complete CRM record"
"8NG46N94","Engaging","Kami Bicknell","Summer Sewald","West","GTX Pro","Unknown",4821,2017-09-10,113,60,69,"Complete CRM record"
"LOHJU3OB","Engaging","Zane Levy","Summer Sewald","West","GTX Pro","Unknown",4821,2017-09-10,113,60,69,"Complete CRM record"
"JB60NPU9","Engaging","Corliss Cosme","Cara Losch","East","GTX Pro","Unknown",4821,2017-09-11,112,60,69,"Complete CRM record"
"9DY57A6F","Engaging","Daniell Hammack","Rocco Neubert","East","GTX Pro","Unknown",4821,2017-09-13,110,60,69,"Complete CRM record"
"197EQMY8","Engaging","Kami Bicknell","Summer Sewald","West","GTX Pro","Unknown",4821,2017-09-20,103,60,69,"Complete CRM record"
"4R4QF0ZU","Engaging","Zane Levy","Summer Sewald","West","GTX Pro","Unknown",4821,2017-09-20,103,60,69,"Complete CRM record"
"IDKBZCAF","Engaging","Daniell Hammack","Rocco Neubert","East","GTX Pro","Unknown",4821,2017-09-21,102,60,69,"Complete CRM record"
"P8QXRXMR","Engaging","Rosalina Dieter","Celia Rouche","West","GTX Pro","Unknown",4821,2017-09-25,98,60,69,"Complete CRM record"
"G7QIQDSA","Engaging","Corliss Cosme","Cara Losch","East","GTX Pro","Unknown",4821,2017-09-26,97,60,69,"Complete CRM record"
"FSYTM6YE","Engaging","James Ascencio","Summer Sewald","West","GTX Pro","Unknown",4821,2017-09-27,96,60,69,"Complete CRM record"
"SMP2K39G","Engaging","Markita Hansen","Celia Rouche","West","GTX Pro","Unknown",4821,2017-09-28,95,60,69,"Complete CRM record"
"NS6JLCZ2","Engaging","Rosie Papadopoulos","Cara Losch","East","GTX Pro","Unknown",4821,2017-09-29,94,60,69,"Complete CRM record"
"DYYJW46L","Engaging","Vicki Laflamme","Celia Rouche","West","GTX Plus Pro","Unknown",5482,2017-10-14,79,60,68,"Complete CRM record"
"VVE9HGLD","Engaging","Kary Hendrixson","Summer Sewald","West","GTX Pro","Unknown",4821,2017-10-05,88,60,68,"Complete CRM record"
"3LCLVRVV","Prospecting","Anna Snelling","Dustin Brinkmann","Central","GTX Basic","Unknown",550,,,40,68,"Complete CRM record"
"YIU1B39V","Prospecting","Anna Snelling","Dustin Brinkmann","Central","GTX Basic","Unknown",550,,,40,68,"Complete CRM record"
"8E0VRCLW","Prospecting","Anna Snelling","Dustin Brinkmann","Central","GTX Basic","Unknown",550,,,40,68,"Complete CRM record"
"G99CS23F","Prospecting","Anna Snelling","Dustin Brinkmann","Central","GTX Basic","Unknown",550,,,40,68,"Complete CRM record"
"XRJ54GNR","Prospecting","Anna Snelling","Dustin Brinkmann","Central","GTX Basic","Unknown",550,,,40,68,"Complete CRM record"
"GR9S7VHI","Prospecting","Anna Snelling","Dustin Brinkmann","Central","GTX Basic","Unknown",550,,,40,68,"Complete CRM record"
"QR63ME8L","Prospecting","Cecily Lampkin","Dustin Brinkmann","Central","GTX Basic","Unknown",550,,,40,68,"Complete CRM record"
"CPEYUW7V","Prospecting","Darcel Schlecht","Melvin Marxen","Central","GTX Basic","Unknown",550,,,40,68,"Complete CRM record"
"5ZATE1WV","Prospecting","Darcel Schlecht","Melvin Marxen","Central","GTX Basic","Unknown",550,,,40,68,"Complete CRM record"
"R1HFBU5H","Prospecting","Darcel Schlecht","Melvin Marxen","Central","GTX Basic","Unknown",550,,,40,68,"Complete CRM record"
"03P9VXWG","Prospecting","Darcel Schlecht","Melvin Marxen","Central","GTX Basic","Unknown",550,,,40,68,"Complete CRM record"
"RMJG8OS2","Prospecting","Darcel Schlecht","Melvin Marxen","Central","GTX Basic","Unknown",550,,,40,68,"Complete CRM record"
"9L0WKMJ2","Prospecting","Darcel Schlecht","Melvin Marxen","Central","GTX Basic","Unknown",550,,,40,68,"Complete CRM record"
"NSYCCHCJ","Prospecting","Gladys Colclough","Melvin Marxen","Central","GTX Basic","Unknown",550,,,40,68,"Complete CRM record"
"ATOYVLLB","Prospecting","Gladys Colclough","Melvin Marxen","Central","GTX Basic","Unknown",550,,,40,68,"Complete CRM record"
"0M4K6F8Q","Prospecting","Gladys Colclough","Melvin Marxen","Central","GTX Basic","Unknown",550,,,40,68,"Complete CRM record"
"D00AN5HY","Prospecting","Jonathan Berthelot","Melvin Marxen","Central","GTX Basic","Unknown",550,,,40,68,"Complete CRM record"
"E6798P2J","Prospecting","Jonathan Berthelot","Melvin Marxen","Central","GTX Basic","Unknown",550,,,40,68,"Complete CRM record"
"MR08TTTT","Prospecting","Jonathan Berthelot","Melvin Marxen","Central","GTX Basic","Unknown",550,,,40,68,"Complete CRM record"
"7UVKZD60","Prospecting","Jonathan Berthelot","Melvin Marxen","Central","GTX Basic","Unknown",550,,,40,68,"Complete CRM record"
"0RLU8I9Q","Prospecting","Jonathan Berthelot","Melvin Marxen","Central","GTX Basic","Unknown",550,,,40,68,"Complete CRM record"
"ZT163LH3","Prospecting","Jonathan Berthelot","Melvin Marxen","Central","GTX Basic","Unknown",550,,,40,68,"Complete CRM record"
"8Y3OMER4","Prospecting","Jonathan Berthelot","Melvin Marxen","Central","GTX Basic","Unknown",550,,,40,68,"Complete CRM record"
"OQ1P1OLH","Prospecting","Jonathan Berthelot","Melvin Marxen","Central","GTX Basic","Unknown",550,,,40,68,"Complete CRM record"
"UY93W9NZ","Prospecting","Jonathan Berthelot","Melvin Marxen","Central","GTX Basic","Unknown",550,,,40,68,"Complete CRM record"
"NVH71LD4","Prospecting","Jonathan Berthelot","Melvin Marxen","Central","GTX Basic","Unknown",550,,,40,68,"Complete CRM record"
"XVQ3OA99","Prospecting","Jonathan Berthelot","Melvin Marxen","Central","GTX Basic","Unknown",550,,,40,68,"Complete CRM record"
"DJDJ5A58","Prospecting","Jonathan Berthelot","Melvin Marxen","Central","GTX Basic","Unknown",550,,,40,68,"Complete CRM record"
"22TUMCKT","Prospecting","Jonathan Berthelot","Melvin Marxen","Central","GTX Basic","Unknown",550,,,40,68,"Complete CRM record"
"9HFEMESD","Prospecting","Lajuana Vencill","Dustin Brinkmann","Central","GTX Basic","Unknown",550,,,40,68,"Complete CRM record"
"00400B1S","Prospecting","Lajuana Vencill","Dustin Brinkmann","Central","GTX Basic","Unknown",550,,,40,68,"Complete CRM record"
"PELBIQ95","Prospecting","Lajuana Vencill","Dustin Brinkmann","Central","GTX Basic","Unknown",550,,,40,68,"Complete CRM record"
"HLE798LQ","Prospecting","Lajuana Vencill","Dustin Brinkmann","Central","GTX Basic","Unknown",550,,,40,68,"Complete CRM record"
"NB67WD27","Prospecting","Lajuana Vencill","Dustin Brinkmann","Central","GTX Basic","Unknown",550,,,40,68,"Complete CRM record"
"2RQOUJ9V","Prospecting","Lajuana Vencill","Dustin Brinkmann","Central","GTX Basic","Unknown",550,,,40,68,"Complete CRM record"
"6KW4PU0S","Prospecting","Lajuana Vencill","Dustin Brinkmann","Central","GTX Basic","Unknown",550,,,40,68,"Complete CRM record"
"Y533QVR5","Prospecting","Lajuana Vencill","Dustin Brinkmann","Central","GTX Basic","Unknown",550,,,40,68,"Complete CRM record"
"PAUK1IU0","Prospecting","Lajuana Vencill","Dustin Brinkmann","Central","GTX Basic","Unknown",550,,,40,68,"Complete CRM record"
"97WEHB4X","Prospecting","Lajuana Vencill","Dustin Brinkmann","Central","GTX Basic","Unknown",550,,,40,68,"Complete CRM record"
"Z4JQEOMT","Prospecting","Lajuana Vencill","Dustin Brinkmann","Central","GTX Basic","Unknown",550,,,40,68,"Complete CRM record"
"BW0NOLCK","Prospecting","Marty Freudenburg","Melvin Marxen","Central","GTX Basic","Unknown",550,,,40,68,"Complete CRM record"
"G7K3HJAT","Prospecting","Marty Freudenburg","Melvin Marxen","Central","GTX Basic","Unknown",550,,,40,68,"Complete CRM record"
"NBE5EMSV","Prospecting","Marty Freudenburg","Melvin Marxen","Central","GTX Basic","Unknown",550,,,40,68,"Complete CRM record"
"D00KRY2S","Prospecting","Marty Freudenburg","Melvin Marxen","Central","GTX Basic","Unknown",550,,,40,68,"Complete CRM record"
"ZB3JRI67","Prospecting","Marty Freudenburg","Melvin Marxen","Central","GTX Basic","Unknown",550,,,40,68,"Complete CRM record"
"4AUWVKUU","Prospecting","Marty Freudenburg","Melvin Marxen","Central","GTX Basic","Unknown",550,,,40,68,"Complete CRM record"
"M22PCEKY","Prospecting","Moses Frase","Dustin Brinkmann","Central","GTX Basic","Unknown",550,,,40,68,"Complete CRM record"
"IVTNXNYP","Prospecting","Moses Frase","Dustin Brinkmann","Central","GTX Basic","Unknown",550,,,40,68,"Complete CRM record"
"HOXD9TTL","Prospecting","Moses Frase","Dustin Brinkmann","Central","GTX Basic","Unknown",550,,,40,68,"Complete CRM record"
"H046CU4Z","Prospecting","Moses Frase","Dustin Brinkmann","Central","GTX Basic","Unknown",550,,,40,68,"Complete CRM record"
"JF4MEWPX","Prospecting","Moses Frase","Dustin Brinkmann","Central","GTX Basic","Unknown",550,,,40,68,"Complete CRM record"
"HUG2KAHE","Prospecting","Niesha Huffines","Melvin Marxen","Central","GTX Basic","Unknown",550,,,40,68,"Complete CRM record"
"PGN9I1HU","Prospecting","Niesha Huffines","Melvin Marxen","Central","GTX Basic","Unknown",550,,,40,68,"Complete CRM record"
"647SQRGL","Prospecting","Niesha Huffines","Melvin Marxen","Central","GTX Basic","Unknown",550,,,40,68,"Complete CRM record"
"TAKHOTRW","Prospecting","Niesha Huffines","Melvin Marxen","Central","GTX Basic","Unknown",550,,,40,68,"Complete CRM record"
"TS9QPHNA","Prospecting","Niesha Huffines","Melvin Marxen","Central","GTX Basic","Unknown",550,,,40,68,"Complete CRM record"
"UEI0RABV","Prospecting","Niesha Huffines","Melvin Marxen","Central","GTX Basic","Unknown",550,,,40,68,"Complete CRM record"
"27ZK0L0F","Prospecting","Niesha Huffines","Melvin Marxen","Central","GTX Basic","Unknown",550,,,40,68,"Complete CRM record"
"K38J8D75","Prospecting","Niesha Huffines","Melvin Marxen","Central","GTX Basic","Unknown",550,,,40,68,"Complete CRM record"
"UIP7MXOR","Prospecting","Niesha Huffines","Melvin Marxen","Central","GTX Basic","Unknown",550,,,40,68,"Complete CRM record"
"EPOB4B15","Prospecting","Versie Hillebrand","Dustin Brinkmann","Central","GTX Basic","Unknown",550,,,40,68,"Complete CRM record"
"2WWMPY7O","Prospecting","Versie Hillebrand","Dustin Brinkmann","Central","GTX Basic","Unknown",550,,,40,68,"Complete CRM record"
"Z6VQW8TB","Prospecting","Versie Hillebrand","Dustin Brinkmann","Central","GTX Basic","Unknown",550,,,40,68,"Complete CRM record"
"FNLAOXF8","Prospecting","Versie Hillebrand","Dustin Brinkmann","Central","GTX Basic","Unknown",550,,,40,68,"Complete CRM record"
"ZEYGDEBG","Engaging","Daniell Hammack","Rocco Neubert","East","GTX Pro","Unknown",4821,2017-10-09,84,60,67,"Complete CRM record"
"YQJGEI71","Engaging","James Ascencio","Summer Sewald","West","GTX Plus Pro","Unknown",5482,2017-10-19,74,60,66,"Complete CRM record"
"HAXMC4IX","Engaging","James Ascencio","Summer Sewald","West","MG Advanced","Unknown",3393,2016-11-03,424,60,66,"Complete CRM record"
"ZZY4516R","Engaging","Hayden Neloms","Celia Rouche","West","MG Advanced","Unknown",3393,2016-11-20,407,60,66,"Complete CRM record"
"GYB4W2AU","Engaging","Elease Gluck","Celia Rouche","West","MG Advanced","Unknown",3393,2016-11-23,404,60,66,"Complete CRM record"
"IBEUTCSW","Engaging","James Ascencio","Summer Sewald","West","MG Advanced","Unknown",3393,2016-12-08,389,60,66,"Complete CRM record"
"ZOBJHMAF","Engaging","Cassey Cress","Rocco Neubert","East","MG Advanced","Unknown",3393,2016-12-11,386,60,66,"Complete CRM record"
"A194RP0I","Engaging","Rosalina Dieter","Celia Rouche","West","MG Advanced","Unknown",3393,2016-12-12,385,60,66,"Complete CRM record"
"ERFRHR3Z","Engaging","Hayden Neloms","Celia Rouche","West","MG Advanced","Unknown",3393,2016-12-14,383,60,66,"Complete CRM record"
"NKPH3EFG","Engaging","Cassey Cress","Rocco Neubert","East","MG Advanced","Unknown",3393,2016-12-18,379,60,66,"Complete CRM record"
"QR2BDRAI","Engaging","James Ascencio","Summer Sewald","West","MG Advanced","Unknown",3393,2017-01-04,362,60,66,"Complete CRM record"
"VPXW8RJS","Engaging","Kami Bicknell","Summer Sewald","West","MG Advanced","Unknown",3393,2017-01-05,361,60,66,"Complete CRM record"
"PK1PS0KR","Engaging","Rosie Papadopoulos","Cara Losch","East","MG Advanced","Unknown",3393,2017-01-22,344,60,66,"Complete CRM record"
"1D54L027","Engaging","Wilburn Farren","Cara Losch","East","MG Advanced","Unknown",3393,2017-01-25,341,60,66,"Complete CRM record"
"KBR253C0","Engaging","Kami Bicknell","Summer Sewald","West","MG Advanced","Unknown",3393,2017-01-29,337,60,66,"Complete CRM record"
"IVJP36UT","Engaging","Cassey Cress","Rocco Neubert","East","MG Advanced","Unknown",3393,2017-02-08,327,60,66,"Complete CRM record"
"VJ5QGP8Z","Engaging","Maureen Marcano","Summer Sewald","West","MG Advanced","Unknown",3393,2017-02-15,320,60,66,"Complete CRM record"
"84LN84VM","Engaging","Vicki Laflamme","Celia Rouche","West","MG Advanced","Unknown",3393,2017-02-17,318,60,66,"Complete CRM record"
"G5JP0G7Q","Engaging","Markita Hansen","Celia Rouche","West","MG Advanced","Unknown",3393,2017-02-19,316,60,66,"Complete CRM record"
"RVH3UUKY","Engaging","Vicki Laflamme","Celia Rouche","West","MG Advanced","Unknown",3393,2017-02-19,316,60,66,"Complete CRM record"
"0IO43YMS","Engaging","Wilburn Farren","Cara Losch","East","MG Advanced","Unknown",3393,2017-02-20,315,60,66,"Complete CRM record"
"ESZY10SI","Engaging","Hayden Neloms","Celia Rouche","West","MG Advanced","Unknown",3393,2017-02-22,313,60,66,"Complete CRM record"
"4E5A84H1","Engaging","Kami Bicknell","Summer Sewald","West","MG Advanced","Unknown",3393,2017-02-23,312,60,66,"Complete CRM record"
"GVYF29NM","Engaging","Violet Mclelland","Cara Losch","East","MG Advanced","Unknown",3393,2017-02-25,310,60,66,"Complete CRM record"
"9X2S0K15","Engaging","Hayden Neloms","Celia Rouche","West","MG Advanced","Unknown",3393,2017-02-27,308,60,66,"Complete CRM record"
"WUNMIJW9","Engaging","Elease Gluck","Celia Rouche","West","MG Advanced","Unknown",3393,2017-03-02,305,60,66,"Complete CRM record"
"FYN7C0CV","Engaging","Cassey Cress","Rocco Neubert","East","MG Advanced","Unknown",3393,2017-03-04,303,60,66,"Complete CRM record"
"71GQNH5T","Engaging","Cassey Cress","Rocco Neubert","East","MG Advanced","Unknown",3393,2017-03-05,302,60,66,"Complete CRM record"
"RFQP9VCW","Engaging","Wilburn Farren","Cara Losch","East","MG Advanced","Unknown",3393,2017-03-07,300,60,66,"Complete CRM record"
"ZRYPU2QW","Engaging","James Ascencio","Summer Sewald","West","MG Advanced","Unknown",3393,2017-03-09,298,60,66,"Complete CRM record"
"ILR33OAV","Engaging","James Ascencio","Summer Sewald","West","MG Advanced","Unknown",3393,2017-03-11,296,60,66,"Complete CRM record"
"Y28VHZKQ","Engaging","Cassey Cress","Rocco Neubert","East","MG Advanced","Unknown",3393,2017-03-13,294,60,66,"Complete CRM record"
"MRCYKUX4","Engaging","Hayden Neloms","Celia Rouche","West","MG Advanced","Unknown",3393,2017-03-14,293,60,66,"Complete CRM record"
"10IY4PV4","Engaging","Rosalina Dieter","Celia Rouche","West","MG Advanced","Unknown",3393,2017-03-18,289,60,66,"Complete CRM record"
"5C8HCDXT","Engaging","Wilburn Farren","Cara Losch","East","MG Advanced","Unknown",3393,2017-03-21,286,60,66,"Complete CRM record"
"9Y85N0W5","Engaging","Markita Hansen","Celia Rouche","West","MG Advanced","Unknown",3393,2017-03-22,285,60,66,"Complete CRM record"
"KMB8TJ0I","Engaging","Hayden Neloms","Celia Rouche","West","MG Advanced","Unknown",3393,2017-03-24,283,60,66,"Complete CRM record"
"CMS1HUGL","Engaging","Cassey Cress","Rocco Neubert","East","MG Advanced","Unknown",3393,2017-03-25,282,60,66,"Complete CRM record"
"XFB1VXQY","Engaging","Maureen Marcano","Summer Sewald","West","MG Advanced","Unknown",3393,2017-03-25,282,60,66,"Complete CRM record"
"J6OQS0AU","Engaging","Hayden Neloms","Celia Rouche","West","MG Advanced","Unknown",3393,2017-03-26,281,60,66,"Complete CRM record"
"G3SJ8X1K","Engaging","Violet Mclelland","Cara Losch","East","MG Advanced","Unknown",3393,2017-03-31,276,60,66,"Complete CRM record"
"MIY4MF3R","Engaging","Hayden Neloms","Celia Rouche","West","MG Advanced","Unknown",3393,2017-04-01,275,60,66,"Complete CRM record"
"VK9KN5PT","Engaging","Boris Faz","Rocco Neubert","East","MG Advanced","Unknown",3393,2017-04-02,274,60,66,"Complete CRM record"
"2GV66JA7","Engaging","Daniell Hammack","Rocco Neubert","East","MG Advanced","Unknown",3393,2017-04-06,270,60,66,"Complete CRM record"
"U0E0XHK9","Engaging","Hayden Neloms","Celia Rouche","West","MG Advanced","Unknown",3393,2017-04-06,270,60,66,"Complete CRM record"
"M9V8824W","Engaging","Corliss Cosme","Cara Losch","East","MG Advanced","Unknown",3393,2017-04-07,269,60,66,"Complete CRM record"
"BHHDOY2E","Engaging","Kary Hendrixson","Summer Sewald","West","MG Advanced","Unknown",3393,2017-04-07,269,60,66,"Complete CRM record"
"J6F10SFK","Engaging","Markita Hansen","Celia Rouche","West","MG Advanced","Unknown",3393,2017-04-08,268,60,66,"Complete CRM record"
"PVLGUIEN","Engaging","Corliss Cosme","Cara Losch","East","MG Advanced","Unknown",3393,2017-04-09,267,60,66,"Complete CRM record"
"XQ0N9T87","Engaging","Hayden Neloms","Celia Rouche","West","MG Advanced","Unknown",3393,2017-04-10,266,60,66,"Complete CRM record"
"456BP2X7","Engaging","Zane Levy","Summer Sewald","West","MG Advanced","Unknown",3393,2017-04-10,266,60,66,"Complete CRM record"
"U5K2MZB6","Engaging","Zane Levy","Summer Sewald","West","MG Advanced","Unknown",3393,2017-04-13,263,60,66,"Complete CRM record"
"U6XJRWV8","Engaging","James Ascencio","Summer Sewald","West","MG Advanced","Unknown",3393,2017-04-18,258,60,66,"Complete CRM record"
"M857G6G1","Engaging","Vicki Laflamme","Celia Rouche","West","MG Advanced","Unknown",3393,2017-04-18,258,60,66,"Complete CRM record"
"0EYXI1UN","Engaging","Hayden Neloms","Celia Rouche","West","MG Advanced","Unknown",3393,2017-04-19,257,60,66,"Complete CRM record"
"CY7C3ZPJ","Engaging","Markita Hansen","Celia Rouche","West","MG Advanced","Unknown",3393,2017-04-23,253,60,66,"Complete CRM record"
"NMY6FA6X","Engaging","Corliss Cosme","Cara Losch","East","MG Advanced","Unknown",3393,2017-04-24,252,60,66,"Complete CRM record"
"NUQPJV8A","Engaging","Hayden Neloms","Celia Rouche","West","MG Advanced","Unknown",3393,2017-04-24,252,60,66,"Complete CRM record"
"IGRY0M4Q","Engaging","Daniell Hammack","Rocco Neubert","East","MG Advanced","Unknown",3393,2017-04-26,250,60,66,"Complete CRM record"
"UJ7BYO6A","Engaging","Wilburn Farren","Cara Losch","East","MG Advanced","Unknown",3393,2017-05-04,242,60,66,"Complete CRM record"
"OIFERO7S","Engaging","Rosalina Dieter","Celia Rouche","West","MG Advanced","Unknown",3393,2017-05-07,239,60,66,"Complete CRM record"
"Z2E1UVVB","Engaging","Violet Mclelland","Cara Losch","East","MG Advanced","Unknown",3393,2017-05-07,239,60,66,"Complete CRM record"
"1K6HY455","Engaging","Boris Faz","Rocco Neubert","East","MG Advanced","Unknown",3393,2017-05-09,237,60,66,"Complete CRM record"
"I6UG2OLX","Engaging","Corliss Cosme","Cara Losch","East","MG Advanced","Unknown",3393,2017-05-13,233,60,66,"Complete CRM record"
"XAC1J3TF","Engaging","Rosalina Dieter","Celia Rouche","West","MG Advanced","Unknown",3393,2017-05-15,231,60,66,"Complete CRM record"
"ZIK2R3S7","Engaging","Corliss Cosme","Cara Losch","East","MG Advanced","Unknown",3393,2017-05-16,230,60,66,"Complete CRM record"
"2FMT1053","Engaging","Hayden Neloms","Celia Rouche","West","MG Advanced","Unknown",3393,2017-05-18,228,60,66,"Complete CRM record"
"8Z4ZMS9U","Engaging","Violet Mclelland","Cara Losch","East","MG Advanced","Unknown",3393,2017-05-19,227,60,66,"Complete CRM record"
"6I125KPN","Engaging","Daniell Hammack","Rocco Neubert","East","MG Advanced","Unknown",3393,2017-05-22,224,60,66,"Complete CRM record"
"2YLXKON1","Engaging","Hayden Neloms","Celia Rouche","West","MG Advanced","Unknown",3393,2017-05-22,224,60,66,"Complete CRM record"
"Y2EC6KYG","Engaging","Hayden Neloms","Celia Rouche","West","MG Advanced","Unknown",3393,2017-05-25,221,60,66,"Complete CRM record"
"7AXR8U55","Engaging","Boris Faz","Rocco Neubert","East","MG Advanced","Unknown",3393,2017-05-26,220,60,66,"Complete CRM record"
"7X0T2QOL","Engaging","Hayden Neloms","Celia Rouche","West","MG Advanced","Unknown",3393,2017-05-26,220,60,66,"Complete CRM record"
"7KKFQ7LX","Engaging","Hayden Neloms","Celia Rouche","West","MG Advanced","Unknown",3393,2017-05-26,220,60,66,"Complete CRM record"
"QNVW1NSS","Engaging","Wilburn Farren","Cara Losch","East","MG Advanced","Unknown",3393,2017-05-30,216,60,66,"Complete CRM record"
"SPV7OJTH","Engaging","Cassey Cress","Rocco Neubert","East","MG Advanced","Unknown",3393,2017-06-02,213,60,66,"Complete CRM record"
"N7G1TU1X","Engaging","James Ascencio","Summer Sewald","West","MG Advanced","Unknown",3393,2017-06-02,213,60,66,"Complete CRM record"
"9GYIYGHW","Engaging","Violet Mclelland","Cara Losch","East","MG Advanced","Unknown",3393,2017-06-06,209,60,66,"Complete CRM record"
"C7ODMOS2","Engaging","Zane Levy","Summer Sewald","West","MG Advanced","Unknown",3393,2017-06-13,202,60,66,"Complete CRM record"
"YXXWQA4G","Engaging","Zane Levy","Summer Sewald","West","MG Advanced","Unknown",3393,2017-06-15,200,60,66,"Complete CRM record"
"2O76H591","Engaging","James Ascencio","Summer Sewald","West","MG Advanced","Unknown",3393,2017-06-17,198,60,66,"Complete CRM record"
"KDPBAHOJ","Engaging","Kami Bicknell","Summer Sewald","West","MG Advanced","Unknown",3393,2017-06-20,195,60,66,"Complete CRM record"
"B6Z5NFV0","Engaging","Wilburn Farren","Cara Losch","East","MG Advanced","Unknown",3393,2017-06-20,195,60,66,"Complete CRM record"
"VH6OFWCV","Engaging","Zane Levy","Summer Sewald","West","MG Advanced","Unknown",3393,2017-06-20,195,60,66,"Complete CRM record"
"QU6CFZ22","Engaging","Cassey Cress","Rocco Neubert","East","MG Advanced","Unknown",3393,2017-06-23,192,60,66,"Complete CRM record"
"ZT52DT8H","Engaging","Daniell Hammack","Rocco Neubert","East","MG Advanced","Unknown",3393,2017-06-26,189,60,66,"Complete CRM record"
"V71FMJBD","Engaging","Rosie Papadopoulos","Cara Losch","East","MG Advanced","Unknown",3393,2017-06-28,187,60,66,"Complete CRM record"
"T4FR3FAC","Engaging","Vicki Laflamme","Celia Rouche","West","MG Advanced","Unknown",3393,2017-06-29,186,60,66,"Complete CRM record"
"04SCU6DK","Engaging","Corliss Cosme","Cara Losch","East","MG Advanced","Unknown",3393,2017-07-01,184,60,66,"Complete CRM record"
"BCA6Y34B","Engaging","Rosie Papadopoulos","Cara Losch","East","MG Advanced","Unknown",3393,2017-07-01,184,60,66,"Complete CRM record"
"W07RZO17","Engaging","Kary Hendrixson","Summer Sewald","West","MG Advanced","Unknown",3393,2017-07-04,181,60,66,"Complete CRM record"
"E2KGQVEO","Engaging","Daniell Hammack","Rocco Neubert","East","MG Advanced","Unknown",3393,2017-07-06,179,60,66,"Complete CRM record"
"OW9OM3UO","Engaging","Rosalina Dieter","Celia Rouche","West","MG Advanced","Unknown",3393,2017-07-09,176,60,66,"Complete CRM record"
"O8C2G4G2","Engaging","Cassey Cress","Rocco Neubert","East","MG Advanced","Unknown",3393,2017-07-17,168,60,66,"Complete CRM record"
"HBN3R2TJ","Engaging","Elease Gluck","Celia Rouche","West","MG Advanced","Unknown",3393,2017-07-17,168,60,66,"Complete CRM record"
"XRWMLGOG","Engaging","James Ascencio","Summer Sewald","West","MG Advanced","Unknown",3393,2017-07-18,167,60,66,"Complete CRM record"
"7LD79NYD","Engaging","Marty Freudenburg","Melvin Marxen","Central","MG Advanced","Unknown",3393,2017-07-19,166,60,66,"Complete CRM record"
"COSC7XVA","Engaging","Gladys Colclough","Melvin Marxen","Central","MG Advanced","Unknown",3393,2017-07-21,164,60,66,"Complete CRM record"
"E9J482PX","Engaging","Anna Snelling","Dustin Brinkmann","Central","MG Advanced","Unknown",3393,2017-07-22,163,60,66,"Complete CRM record"
"0T2CY70E","Engaging","Lajuana Vencill","Dustin Brinkmann","Central","MG Advanced","Unknown",3393,2017-07-22,163,60,66,"Complete CRM record"
"JOLNKYNH","Engaging","Moses Frase","Dustin Brinkmann","Central","MG Advanced","Unknown",3393,2017-07-22,163,60,66,"Complete CRM record"
"TV2M081C","Engaging","Moses Frase","Dustin Brinkmann","Central","MG Advanced","Unknown",3393,2017-07-22,163,60,66,"Complete CRM record"
"SJGOQMLT","Engaging","Moses Frase","Dustin Brinkmann","Central","MG Advanced","Unknown",3393,2017-07-22,163,60,66,"Complete CRM record"
"TTKPNDTP","Engaging","Versie Hillebrand","Dustin Brinkmann","Central","MG Advanced","Unknown",3393,2017-07-22,163,60,66,"Complete CRM record"
"G7H64S20","Engaging","Anna Snelling","Dustin Brinkmann","Central","MG Advanced","Unknown",3393,2017-07-23,162,60,66,"Complete CRM record"
"LXS3Z82E","Engaging","Niesha Huffines","Melvin Marxen","Central","MG Advanced","Unknown",3393,2017-07-23,162,60,66,"Complete CRM record"
"11LIZUQE","Engaging","Cassey Cress","Rocco Neubert","East","MG Advanced","Unknown",3393,2017-07-24,161,60,66,"Complete CRM record"
"VV6T07G4","Engaging","Darcel Schlecht","Melvin Marxen","Central","MG Advanced","Unknown",3393,2017-07-24,161,60,66,"Complete CRM record"
"XFCKQ7RI","Engaging","Darcel Schlecht","Melvin Marxen","Central","MG Advanced","Unknown",3393,2017-07-25,160,60,66,"Complete CRM record"
"8AK3KGFA","Engaging","Gladys Colclough","Melvin Marxen","Central","MG Advanced","Unknown",3393,2017-07-25,160,60,66,"Complete CRM record"
"7F2DDW3C","Engaging","Hayden Neloms","Celia Rouche","West","MG Advanced","Unknown",3393,2017-07-25,160,60,66,"Complete CRM record"
"YCQTM2BQ","Engaging","Lajuana Vencill","Dustin Brinkmann","Central","MG Advanced","Unknown",3393,2017-07-25,160,60,66,"Complete CRM record"
"8TD2LLOF","Engaging","Darcel Schlecht","Melvin Marxen","Central","MG Advanced","Unknown",3393,2017-07-26,159,60,66,"Complete CRM record"
"VBB0LCEN","Engaging","Lajuana Vencill","Dustin Brinkmann","Central","MG Advanced","Unknown",3393,2017-07-26,159,60,66,"Complete CRM record"
"P3K1DVYB","Engaging","Moses Frase","Dustin Brinkmann","Central","MG Advanced","Unknown",3393,2017-07-26,159,60,66,"Complete CRM record"
"BB1PRS3T","Engaging","Moses Frase","Dustin Brinkmann","Central","MG Advanced","Unknown",3393,2017-07-26,159,60,66,"Complete CRM record"
"R7H0M07R","Engaging","Darcel Schlecht","Melvin Marxen","Central","MG Advanced","Unknown",3393,2017-07-27,158,60,66,"Complete CRM record"
"JQ5AOYQ8","Engaging","Darcel Schlecht","Melvin Marxen","Central","MG Advanced","Unknown",3393,2017-07-27,158,60,66,"Complete CRM record"
"82K9NWKO","Engaging","Gladys Colclough","Melvin Marxen","Central","MG Advanced","Unknown",3393,2017-07-27,158,60,66,"Complete CRM record"
"B1ZN2CFP","Engaging","Anna Snelling","Dustin Brinkmann","Central","MG Advanced","Unknown",3393,2017-07-29,156,60,66,"Complete CRM record"
"4QQOSYGL","Engaging","Corliss Cosme","Cara Losch","East","MG Advanced","Unknown",3393,2017-07-29,156,60,66,"Complete CRM record"
"4OYGRQGO","Engaging","Kami Bicknell","Summer Sewald","West","MG Advanced","Unknown",3393,2017-07-29,156,60,66,"Complete CRM record"
"3SD04QJ4","Engaging","Wilburn Farren","Cara Losch","East","MG Advanced","Unknown",3393,2017-07-29,156,60,66,"Complete CRM record"
"IG540SIB","Engaging","Cecily Lampkin","Dustin Brinkmann","Central","MG Advanced","Unknown",3393,2017-07-30,155,60,66,"Complete CRM record"
"R6OZIG5J","Engaging","Darcel Schlecht","Melvin Marxen","Central","MG Advanced","Unknown",3393,2017-07-30,155,60,66,"Complete CRM record"
"DVT7NPEH","Engaging","Darcel Schlecht","Melvin Marxen","Central","MG Advanced","Unknown",3393,2017-07-30,155,60,66,"Complete CRM record"
"RN7M3757","Engaging","Versie Hillebrand","Dustin Brinkmann","Central","MG Advanced","Unknown",3393,2017-07-30,155,60,66,"Complete CRM record"
"0PT4RY4P","Engaging","Cecily Lampkin","Dustin Brinkmann","Central","MG Advanced","Unknown",3393,2017-07-31,154,60,66,"Complete CRM record"
"OBDEDIXA","Engaging","Hayden Neloms","Celia Rouche","West","MG Advanced","Unknown",3393,2017-07-31,154,60,66,"Complete CRM record"
"UBO7V799","Engaging","Lajuana Vencill","Dustin Brinkmann","Central","MG Advanced","Unknown",3393,2017-07-31,154,60,66,"Complete CRM record"
"56LUBQTV","Engaging","Moses Frase","Dustin Brinkmann","Central","MG Advanced","Unknown",3393,2017-07-31,154,60,66,"Complete CRM record"
"A2YIYWNW","Engaging","Cassey Cress","Rocco Neubert","East","MG Advanced","Unknown",3393,2017-08-01,153,60,66,"Complete CRM record"
"9C3YHNBY","Engaging","Gladys Colclough","Melvin Marxen","Central","MG Advanced","Unknown",3393,2017-08-01,153,60,66,"Complete CRM record"
"JGXK8P6T","Engaging","Zane Levy","Summer Sewald","West","MG Advanced","Unknown",3393,2017-08-01,153,60,66,"Complete CRM record"
"N909ADDC","Engaging","Vicki Laflamme","Celia Rouche","West","MG Advanced","Unknown",3393,2017-08-02,152,60,66,"Complete CRM record"
"QIEAKLRU","Engaging","Cecily Lampkin","Dustin Brinkmann","Central","MG Advanced","Unknown",3393,2017-08-03,151,60,66,"Complete CRM record"
"9V2SW5MV","Engaging","Marty Freudenburg","Melvin Marxen","Central","MG Advanced","Unknown",3393,2017-08-03,151,60,66,"Complete CRM record"
"OMJHW2J1","Engaging","Versie Hillebrand","Dustin Brinkmann","Central","MG Advanced","Unknown",3393,2017-08-06,148,60,66,"Complete CRM record"
"G6CMP5I9","Engaging","Versie Hillebrand","Dustin Brinkmann","Central","MG Advanced","Unknown",3393,2017-08-06,148,60,66,"Complete CRM record"
"ZC987DAQ","Engaging","Markita Hansen","Celia Rouche","West","MG Advanced","Unknown",3393,2017-08-07,147,60,66,"Complete CRM record"
"Q8QGD2OG","Engaging","Cecily Lampkin","Dustin Brinkmann","Central","MG Advanced","Unknown",3393,2017-08-08,146,60,66,"Complete CRM record"
"O7LSETHG","Engaging","Rosie Papadopoulos","Cara Losch","East","MG Advanced","Unknown",3393,2017-08-08,146,60,66,"Complete CRM record"
"RC4LEDIA","Engaging","Marty Freudenburg","Melvin Marxen","Central","MG Advanced","Unknown",3393,2017-08-09,145,60,66,"Complete CRM record"
"8MUD1WS1","Engaging","Cecily Lampkin","Dustin Brinkmann","Central","MG Advanced","Unknown",3393,2017-08-12,142,60,66,"Complete CRM record"
"0OHEJOI5","Engaging","Corliss Cosme","Cara Losch","East","MG Advanced","Unknown",3393,2017-08-13,141,60,66,"Complete CRM record"
"7FVBMH48","Engaging","Markita Hansen","Celia Rouche","West","MG Advanced","Unknown",3393,2017-08-13,141,60,66,"Complete CRM record"
"HQKWQ004","Engaging","Moses Frase","Dustin Brinkmann","Central","MG Advanced","Unknown",3393,2017-08-13,141,60,66,"Complete CRM record"
"CYV6MJL9","Engaging","Hayden Neloms","Celia Rouche","West","MG Advanced","Unknown",3393,2017-08-14,140,60,66,"Complete CRM record"
"JEWIBFH9","Engaging","Wilburn Farren","Cara Losch","East","MG Advanced","Unknown",3393,2017-08-14,140,60,66,"Complete CRM record"
"ICR59VIJ","Engaging","Cassey Cress","Rocco Neubert","East","MG Advanced","Unknown",3393,2017-08-15,139,60,66,"Complete CRM record"
"TQJJDWWH","Engaging","James Ascencio","Summer Sewald","West","MG Advanced","Unknown",3393,2017-08-15,139,60,66,"Complete CRM record"
"XNKIZY9J","Engaging","Corliss Cosme","Cara Losch","East","MG Advanced","Unknown",3393,2017-08-18,136,60,66,"Complete CRM record"
"MAH5U65E","Engaging","Vicki Laflamme","Celia Rouche","West","MG Advanced","Unknown",3393,2017-08-18,136,60,66,"Complete CRM record"
"5P4O1IU6","Engaging","Cassey Cress","Rocco Neubert","East","MG Advanced","Unknown",3393,2017-08-22,132,60,66,"Complete CRM record"
"TZPE6M07","Engaging","Wilburn Farren","Cara Losch","East","MG Advanced","Unknown",3393,2017-08-22,132,60,66,"Complete CRM record"
"WK1319MB","Engaging","Boris Faz","Rocco Neubert","East","MG Advanced","Unknown",3393,2017-08-23,131,60,66,"Complete CRM record"
"RW3CJO8D","Engaging","Zane Levy","Summer Sewald","West","MG Advanced","Unknown",3393,2017-09-04,119,60,66,"Complete CRM record"
"8DDR4MUL","Engaging","James Ascencio","Summer Sewald","West","MG Advanced","Unknown",3393,2017-09-08,115,60,66,"Complete CRM record"
"ZGW9SCQ0","Engaging","Hayden Neloms","Celia Rouche","West","MG Advanced","Unknown",3393,2017-09-10,113,60,66,"Complete CRM record"
"3NC5XSDF","Engaging","Violet Mclelland","Cara Losch","East","MG Advanced","Unknown",3393,2017-09-12,111,60,66,"Complete CRM record"
"NBBIFIKB","Engaging","Wilburn Farren","Cara Losch","East","MG Advanced","Unknown",3393,2017-09-15,108,60,66,"Complete CRM record"
"UU7N7LZK","Engaging","James Ascencio","Summer Sewald","West","MG Advanced","Unknown",3393,2017-09-18,105,60,66,"Complete CRM record"
"WSO3NMK5","Engaging","Maureen Marcano","Summer Sewald","West","MG Advanced","Unknown",3393,2017-09-18,105,60,66,"Complete CRM record"
"WVKBXWA9","Engaging","Rosie Papadopoulos","Cara Losch","East","MG Advanced","Unknown",3393,2017-09-19,104,60,66,"Complete CRM record"
"2FM8HJDM","Engaging","Vicki Laflamme","Celia Rouche","West","MG Advanced","Unknown",3393,2017-09-20,103,60,66,"Complete CRM record"
"3Q15OHQB","Engaging","Vicki Laflamme","Celia Rouche","West","MG Advanced","Unknown",3393,2017-09-23,100,60,66,"Complete CRM record"
"EP5QRHID","Engaging","Boris Faz","Rocco Neubert","East","MG Advanced","Unknown",3393,2017-10-04,89,60,66,"Complete CRM record"
"JIEO87ZV","Engaging","Daniell Hammack","Rocco Neubert","East","MG Advanced","Unknown",3393,2017-10-06,87,60,65,"Complete CRM record"
"X7MN9ROG","Engaging","Vicki Laflamme","Celia Rouche","West","GTX Plus Pro","Unknown",5482,2017-10-23,70,60,64,"Complete CRM record"
"OFC7ZTU8","Engaging","Kami Bicknell","Summer Sewald","West","GTX Pro","Unknown",4821,2017-10-17,76,60,64,"Complete CRM record"
"4ENCEYPG","Prospecting","Anna Snelling","Dustin Brinkmann","Central","MG Special","Unknown",55,,,40,64,"Complete CRM record"
"EU4DPJGN","Prospecting","Anna Snelling","Dustin Brinkmann","Central","MG Special","Unknown",55,,,40,64,"Complete CRM record"
"426EL41A","Prospecting","Anna Snelling","Dustin Brinkmann","Central","MG Special","Unknown",55,,,40,64,"Complete CRM record"
"OXKLRULK","Prospecting","Anna Snelling","Dustin Brinkmann","Central","MG Special","Unknown",55,,,40,64,"Complete CRM record"
"D3ZJX20X","Prospecting","Anna Snelling","Dustin Brinkmann","Central","MG Special","Unknown",55,,,40,64,"Complete CRM record"
"V9JDJ861","Prospecting","Anna Snelling","Dustin Brinkmann","Central","MG Special","Unknown",55,,,40,64,"Complete CRM record"
"DYXD1AXO","Prospecting","Anna Snelling","Dustin Brinkmann","Central","MG Special","Unknown",55,,,40,64,"Complete CRM record"
"JSTHYUCD","Prospecting","Anna Snelling","Dustin Brinkmann","Central","MG Special","Unknown",55,,,40,64,"Complete CRM record"
"JC7DDV56","Prospecting","Anna Snelling","Dustin Brinkmann","Central","MG Special","Unknown",55,,,40,64,"Complete CRM record"
"ASDR6QEZ","Prospecting","Anna Snelling","Dustin Brinkmann","Central","MG Special","Unknown",55,,,40,64,"Complete CRM record"
"5ELMZN3E","Prospecting","Anna Snelling","Dustin Brinkmann","Central","MG Special","Unknown",55,,,40,64,"Complete CRM record"
"7Q90C2VN","Prospecting","Anna Snelling","Dustin Brinkmann","Central","MG Special","Unknown",55,,,40,64,"Complete CRM record"
"ZIMT5RQ2","Prospecting","Anna Snelling","Dustin Brinkmann","Central","MG Special","Unknown",55,,,40,64,"Complete CRM record"
"GSBUIL1E","Prospecting","Cecily Lampkin","Dustin Brinkmann","Central","MG Special","Unknown",55,,,40,64,"Complete CRM record"
"9F9NDO41","Prospecting","Cecily Lampkin","Dustin Brinkmann","Central","MG Special","Unknown",55,,,40,64,"Complete CRM record"
"TR7WLH5Q","Prospecting","Darcel Schlecht","Melvin Marxen","Central","MG Special","Unknown",55,,,40,64,"Complete CRM record"
"M64OQCC3","Prospecting","Darcel Schlecht","Melvin Marxen","Central","MG Special","Unknown",55,,,40,64,"Complete CRM record"
"WR9CQB8E","Prospecting","Darcel Schlecht","Melvin Marxen","Central","MG Special","Unknown",55,,,40,64,"Complete CRM record"
"TWWD62O3","Prospecting","Darcel Schlecht","Melvin Marxen","Central","MG Special","Unknown",55,,,40,64,"Complete CRM record"
"7CZU8GS1","Prospecting","Darcel Schlecht","Melvin Marxen","Central","MG Special","Unknown",55,,,40,64,"Complete CRM record"
"APXWBOOT","Prospecting","Darcel Schlecht","Melvin Marxen","Central","MG Special","Unknown",55,,,40,64,"Complete CRM record"
"7N6AHU7C","Prospecting","Darcel Schlecht","Melvin Marxen","Central","MG Special","Unknown",55,,,40,64,"Complete CRM record"
"HP50ZWIZ","Prospecting","Gladys Colclough","Melvin Marxen","Central","MG Special","Unknown",55,,,40,64,"Complete CRM record"
"X3KQZM1K","Prospecting","Gladys Colclough","Melvin Marxen","Central","MG Special","Unknown",55,,,40,64,"Complete CRM record"
"WA3U0EVI","Prospecting","Gladys Colclough","Melvin Marxen","Central","MG Special","Unknown",55,,,40,64,"Complete CRM record"
"Q9CASEJL","Prospecting","Gladys Colclough","Melvin Marxen","Central","MG Special","Unknown",55,,,40,64,"Complete CRM record"
"OIBR7UA7","Prospecting","Gladys Colclough","Melvin Marxen","Central","MG Special","Unknown",55,,,40,64,"Complete CRM record"
"0QMDTHBS","Prospecting","Jonathan Berthelot","Melvin Marxen","Central","MG Special","Unknown",55,,,40,64,"Complete CRM record"
"GM5X0CSG","Prospecting","Jonathan Berthelot","Melvin Marxen","Central","MG Special","Unknown",55,,,40,64,"Complete CRM record"
"E0HMRMZ9","Prospecting","Jonathan Berthelot","Melvin Marxen","Central","MG Special","Unknown",55,,,40,64,"Complete CRM record"
"DYA87PL1","Prospecting","Jonathan Berthelot","Melvin Marxen","Central","MG Special","Unknown",55,,,40,64,"Complete CRM record"
"O7MBZPN4","Prospecting","Lajuana Vencill","Dustin Brinkmann","Central","MG Special","Unknown",55,,,40,64,"Complete CRM record"
"XS7B6QT7","Prospecting","Lajuana Vencill","Dustin Brinkmann","Central","MG Special","Unknown",55,,,40,64,"Complete CRM record"
"N6JMQG0E","Prospecting","Lajuana Vencill","Dustin Brinkmann","Central","MG Special","Unknown",55,,,40,64,"Complete CRM record"
"TBNPWPNE","Prospecting","Lajuana Vencill","Dustin Brinkmann","Central","MG Special","Unknown",55,,,40,64,"Complete CRM record"
"M4WW6I1S","Prospecting","Lajuana Vencill","Dustin Brinkmann","Central","MG Special","Unknown",55,,,40,64,"Complete CRM record"
"GLQLEZJM","Prospecting","Lajuana Vencill","Dustin Brinkmann","Central","MG Special","Unknown",55,,,40,64,"Complete CRM record"
"GSOR2INK","Prospecting","Marty Freudenburg","Melvin Marxen","Central","MG Special","Unknown",55,,,40,64,"Complete CRM record"
"BTH2O9OF","Prospecting","Marty Freudenburg","Melvin Marxen","Central","MG Special","Unknown",55,,,40,64,"Complete CRM record"
"HW367OVT","Prospecting","Marty Freudenburg","Melvin Marxen","Central","MG Special","Unknown",55,,,40,64,"Complete CRM record"
"O6NIPA7N","Prospecting","Marty Freudenburg","Melvin Marxen","Central","MG Special","Unknown",55,,,40,64,"Complete CRM record"
"32NDDT4L","Prospecting","Moses Frase","Dustin Brinkmann","Central","MG Special","Unknown",55,,,40,64,"Complete CRM record"
"1969NL80","Prospecting","Moses Frase","Dustin Brinkmann","Central","MG Special","Unknown",55,,,40,64,"Complete CRM record"
"IKR0NSUE","Prospecting","Moses Frase","Dustin Brinkmann","Central","MG Special","Unknown",55,,,40,64,"Complete CRM record"
"473F6L9F","Prospecting","Moses Frase","Dustin Brinkmann","Central","MG Special","Unknown",55,,,40,64,"Complete CRM record"
"KN4LCS4D","Prospecting","Moses Frase","Dustin Brinkmann","Central","MG Special","Unknown",55,,,40,64,"Complete CRM record"
"K7L1RE8B","Prospecting","Niesha Huffines","Melvin Marxen","Central","MG Special","Unknown",55,,,40,64,"Complete CRM record"
"RPCZJOE2","Prospecting","Niesha Huffines","Melvin Marxen","Central","MG Special","Unknown",55,,,40,64,"Complete CRM record"
"6IG2A8KD","Prospecting","Niesha Huffines","Melvin Marxen","Central","MG Special","Unknown",55,,,40,64,"Complete CRM record"
"MFU6Y5HX","Prospecting","Niesha Huffines","Melvin Marxen","Central","MG Special","Unknown",55,,,40,64,"Complete CRM record"
"Y0EKPBLQ","Prospecting","Niesha Huffines","Melvin Marxen","Central","MG Special","Unknown",55,,,40,64,"Complete CRM record"
"8TLX2786","Prospecting","Niesha Huffines","Melvin Marxen","Central","MG Special","Unknown",55,,,40,64,"Complete CRM record"
"Z9CW6K35","Prospecting","Niesha Huffines","Melvin Marxen","Central","MG Special","Unknown",55,,,40,64,"Complete CRM record"
"6QKBZAEQ","Prospecting","Versie Hillebrand","Dustin Brinkmann","Central","MG Special","Unknown",55,,,40,64,"Complete CRM record"
"5P4OCP0Q","Prospecting","Versie Hillebrand","Dustin Brinkmann","Central","MG Special","Unknown",55,,,40,64,"Complete CRM record"
"E54FFQBM","Prospecting","Versie Hillebrand","Dustin Brinkmann","Central","MG Special","Unknown",55,,,40,64,"Complete CRM record"
"8GNSME5U","Prospecting","Versie Hillebrand","Dustin Brinkmann","Central","MG Special","Unknown",55,,,40,64,"Complete CRM record"
"5697WKA6","Prospecting","Versie Hillebrand","Dustin Brinkmann","Central","MG Special","Unknown",55,,,40,64,"Complete CRM record"
"A5DN7SE1","Prospecting","Versie Hillebrand","Dustin Brinkmann","Central","MG Special","Unknown",55,,,40,64,"Complete CRM record"
"DGI6CB5K","Prospecting","Versie Hillebrand","Dustin Brinkmann","Central","MG Special","Unknown",55,,,40,64,"Complete CRM record"
"MTH7D617","Prospecting","Versie Hillebrand","Dustin Brinkmann","Central","MG Special","Unknown",55,,,40,64,"Complete CRM record"
"S6BD2RV6","Prospecting","Versie Hillebrand","Dustin Brinkmann","Central","MG Special","Unknown",55,,,40,64,"Complete CRM record"
"P43NZA0V","Prospecting","Versie Hillebrand","Dustin Brinkmann","Central","MG Special","Unknown",55,,,40,64,"Complete CRM record"
"TFPZNRS3","Prospecting","Versie Hillebrand","Dustin Brinkmann","Central","MG Special","Unknown",55,,,40,64,"Complete CRM record"
"SPTF1MZ4","Prospecting","Versie Hillebrand","Dustin Brinkmann","Central","MG Special","Unknown",55,,,40,64,"Complete CRM record"
"WI5RHGX9","Prospecting","Versie Hillebrand","Dustin Brinkmann","Central","MG Special","Unknown",55,,,40,64,"Complete CRM record"
"WAT7H38N","Prospecting","Versie Hillebrand","Dustin Brinkmann","Central","MG Special","Unknown",55,,,40,64,"Complete CRM record"
"1FAU5C6V","Prospecting","Versie Hillebrand","Dustin Brinkmann","Central","MG Special","Unknown",55,,,40,64,"Complete CRM record"
"Q5RRTVJK","Prospecting","Versie Hillebrand","Dustin Brinkmann","Central","MG Special","Unknown",55,,,40,64,"Complete CRM record"
"KIOF5EM0","Prospecting","Versie Hillebrand","Dustin Brinkmann","Central","MG Special","Unknown",55,,,40,64,"Complete CRM record"
"SH4FSTJV","Prospecting","Versie Hillebrand","Dustin Brinkmann","Central","MG Special","Unknown",55,,,40,64,"Complete CRM record"
"AV50UWVV","Prospecting","Versie Hillebrand","Dustin Brinkmann","Central","MG Special","Unknown",55,,,40,64,"Complete CRM record"
"KAZ72JJ0","Prospecting","Versie Hillebrand","Dustin Brinkmann","Central","MG Special","Unknown",55,,,40,64,"Complete CRM record"
"QVWEPN6J","Prospecting","Versie Hillebrand","Dustin Brinkmann","Central","MG Special","Unknown",55,,,40,64,"Complete CRM record"
"JD7ACALY","Prospecting","Versie Hillebrand","Dustin Brinkmann","Central","MG Special","Unknown",55,,,40,64,"Complete CRM record"
"NSGU1K3N","Prospecting","Versie Hillebrand","Dustin Brinkmann","Central","MG Special","Unknown",55,,,40,64,"Complete CRM record"
"UK00OVV2","Prospecting","Versie Hillebrand","Dustin Brinkmann","Central","MG Special","Unknown",55,,,40,64,"Complete CRM record"
"DWGARGA2","Prospecting","Versie Hillebrand","Dustin Brinkmann","Central","MG Special","Unknown",55,,,40,64,"Complete CRM record"
"A4M34F8C","Prospecting","Versie Hillebrand","Dustin Brinkmann","Central","MG Special","Unknown",55,,,40,64,"Complete CRM record"
"9PDR4X2R","Prospecting","Anna Snelling","Dustin Brinkmann","Central","GTX Plus Pro","Hatfan",5482,,,80,63,"Progress next action"
"9P9ISECL","Prospecting","Anna Snelling","Dustin Brinkmann","Central","GTX Plus Pro","Sumace",5482,,,80,63,"Progress next action"
"2SZX9B7J","Prospecting","Cecily Lampkin","Dustin Brinkmann","Central","GTX Plus Pro","Sunnamplex",5482,,,80,63,"Progress next action"
"XETF5BVH","Prospecting","Darcel Schlecht","Melvin Marxen","Central","GTX Plus Pro","Finjob",5482,,,80,63,"Progress next action"
"FU2PQZR4","Prospecting","Darcel Schlecht","Melvin Marxen","Central","GTX Plus Pro","Green-Plus",5482,,,80,63,"Progress next action"
"CVMNBKGH","Prospecting","Darcel Schlecht","Melvin Marxen","Central","GTX Plus Pro","Hatfan",5482,,,80,63,"Progress next action"
"LZW4N9KF","Prospecting","Darcel Schlecht","Melvin Marxen","Central","GTX Plus Pro","Zathunicon",5482,,,80,63,"Progress next action"
"9RGWSKNU","Prospecting","Gladys Colclough","Melvin Marxen","Central","GTX Plus Pro","Kan-code",5482,,,80,63,"Progress next action"
"49T7VKA7","Prospecting","Gladys Colclough","Melvin Marxen","Central","GTX Plus Pro","Plussunin",5482,,,80,63,"Progress next action"
"BTDY3DHP","Prospecting","Gladys Colclough","Melvin Marxen","Central","GTX Plus Pro","Vehement Capital Partners",5482,,,80,63,"Progress next action"
"OAMIMSUU","Prospecting","Jonathan Berthelot","Melvin Marxen","Central","GTX Plus Pro","Cheers",5482,,,80,63,"Progress next action"
"B26TNOGQ","Prospecting","Jonathan Berthelot","Melvin Marxen","Central","GTX Plus Pro","Silis",5482,,,80,63,"Progress next action"
"DDHNCZMO","Prospecting","Niesha Huffines","Melvin Marxen","Central","GTX Plus Pro","Konex",5482,,,80,63,"Progress next action"
"Z99W80UY","Prospecting","Niesha Huffines","Melvin Marxen","Central","GTX Plus Pro","Zencorporation",5482,,,80,63,"Progress next action"
"BZGJ44FH","Engaging","Kami Bicknell","Summer Sewald","West","GTX Pro","Unknown",4821,2017-10-19,74,60,63,"Complete CRM record"
"F5U1ACDD","Engaging","Kami Bicknell","Summer Sewald","West","GTX Plus Basic","Unknown",1096,2016-11-19,408,60,63,"Complete CRM record"
"O3KC8QI8","Engaging","Kami Bicknell","Summer Sewald","West","GTX Plus Basic","Unknown",1096,2016-12-08,389,60,63,"Complete CRM record"
"3ECHUPQY","Engaging","Daniell Hammack","Rocco Neubert","East","GTX Plus Basic","Unknown",1096,2016-12-20,377,60,63,"Complete CRM record"
"TLOHEQ18","Engaging","Corliss Cosme","Cara Losch","East","GTX Plus Basic","Unknown",1096,2017-01-02,364,60,63,"Complete CRM record"
"VCSHYIU8","Engaging","Maureen Marcano","Summer Sewald","West","GTX Plus Basic","Unknown",1096,2017-01-12,354,60,63,"Complete CRM record"
"RPONINLM","Engaging","Vicki Laflamme","Celia Rouche","West","GTX Plus Basic","Unknown",1096,2017-01-23,343,60,63,"Complete CRM record"
"67IKZGGJ","Engaging","Maureen Marcano","Summer Sewald","West","GTX Plus Basic","Unknown",1096,2017-01-29,337,60,63,"Complete CRM record"
"GVBWTDI3","Engaging","Daniell Hammack","Rocco Neubert","East","GTX Plus Basic","Unknown",1096,2017-01-31,335,60,63,"Complete CRM record"
"VFEV5XBS","Engaging","Violet Mclelland","Cara Losch","East","GTX Plus Basic","Unknown",1096,2017-01-31,335,60,63,"Complete CRM record"
"VN8LKQN3","Engaging","Boris Faz","Rocco Neubert","East","GTX Plus Basic","Unknown",1096,2017-02-02,333,60,63,"Complete CRM record"
"ZHY9C8OO","Engaging","Kami Bicknell","Summer Sewald","West","GTX Plus Basic","Unknown",1096,2017-02-02,333,60,63,"Complete CRM record"
"IEAPJ5X1","Engaging","Maureen Marcano","Summer Sewald","West","GTX Plus Basic","Unknown",1096,2017-02-07,328,60,63,"Complete CRM record"
"TF19VML9","Engaging","Kami Bicknell","Summer Sewald","West","GTX Plus Basic","Unknown",1096,2017-02-08,327,60,63,"Complete CRM record"
"LXM6CTMS","Engaging","Hayden Neloms","Celia Rouche","West","GTX Plus Basic","Unknown",1096,2017-02-12,323,60,63,"Complete CRM record"
"FW2XJG9S","Engaging","Markita Hansen","Celia Rouche","West","GTX Plus Basic","Unknown",1096,2017-02-15,320,60,63,"Complete CRM record"
"KM1D04JS","Engaging","James Ascencio","Summer Sewald","West","GTX Plus Basic","Unknown",1096,2017-02-16,319,60,63,"Complete CRM record"
"1WHXI2RW","Engaging","Markita Hansen","Celia Rouche","West","GTX Plus Basic","Unknown",1096,2017-02-19,316,60,63,"Complete CRM record"
"EW28ZONV","Engaging","Zane Levy","Summer Sewald","West","GTX Plus Basic","Unknown",1096,2017-02-25,310,60,63,"Complete CRM record"
"HVZMZW96","Engaging","Maureen Marcano","Summer Sewald","West","GTX Plus Basic","Unknown",1096,2017-02-26,309,60,63,"Complete CRM record"
"1H1YDS7C","Engaging","Maureen Marcano","Summer Sewald","West","GTX Plus Basic","Unknown",1096,2017-02-26,309,60,63,"Complete CRM record"
"UI3DE2C4","Engaging","Zane Levy","Summer Sewald","West","GTX Plus Basic","Unknown",1096,2017-02-26,309,60,63,"Complete CRM record"
"XRZVJPD5","Engaging","Maureen Marcano","Summer Sewald","West","GTX Plus Basic","Unknown",1096,2017-02-27,308,60,63,"Complete CRM record"
"SX0SSL0H","Engaging","Rosie Papadopoulos","Cara Losch","East","GTX Plus Basic","Unknown",1096,2017-03-06,301,60,63,"Complete CRM record"
"ZQ4QTT1Z","Engaging","Boris Faz","Rocco Neubert","East","GTX Plus Basic","Unknown",1096,2017-03-07,300,60,63,"Complete CRM record"
"9A4H9IAC","Engaging","James Ascencio","Summer Sewald","West","GTX Plus Basic","Unknown",1096,2017-03-07,300,60,63,"Complete CRM record"
"81FNO0VM","Engaging","Wilburn Farren","Cara Losch","East","GTX Plus Basic","Unknown",1096,2017-03-07,300,60,63,"Complete CRM record"
"T1F2I8ED","Engaging","Corliss Cosme","Cara Losch","East","GTX Plus Basic","Unknown",1096,2017-03-09,298,60,63,"Complete CRM record"
"7VKQWIXD","Engaging","Boris Faz","Rocco Neubert","East","GTX Plus Basic","Unknown",1096,2017-03-14,293,60,63,"Complete CRM record"
"4XZ4RY1N","Engaging","Wilburn Farren","Cara Losch","East","GTX Plus Basic","Unknown",1096,2017-03-15,292,60,63,"Complete CRM record"
"Z0RLNFVY","Engaging","Boris Faz","Rocco Neubert","East","GTX Plus Basic","Unknown",1096,2017-03-16,291,60,63,"Complete CRM record"
"IBS3H6Z4","Engaging","Hayden Neloms","Celia Rouche","West","GTX Plus Basic","Unknown",1096,2017-03-17,290,60,63,"Complete CRM record"
"RACLHBXN","Engaging","Daniell Hammack","Rocco Neubert","East","GTX Plus Basic","Unknown",1096,2017-03-19,288,60,63,"Complete CRM record"
"K72CEXGZ","Engaging","Maureen Marcano","Summer Sewald","West","GTX Plus Basic","Unknown",1096,2017-03-20,287,60,63,"Complete CRM record"
"3F2ZPCSL","Engaging","Kary Hendrixson","Summer Sewald","West","GTX Plus Basic","Unknown",1096,2017-03-25,282,60,63,"Complete CRM record"
"H5VBBEVI","Engaging","Cassey Cress","Rocco Neubert","East","GTX Plus Basic","Unknown",1096,2017-04-03,273,60,63,"Complete CRM record"
"Q2BB73WT","Engaging","Hayden Neloms","Celia Rouche","West","GTX Plus Basic","Unknown",1096,2017-04-03,273,60,63,"Complete CRM record"
"XM4VD3NN","Engaging","Markita Hansen","Celia Rouche","West","GTX Plus Basic","Unknown",1096,2017-04-04,272,60,63,"Complete CRM record"
"8254HM4E","Engaging","Kami Bicknell","Summer Sewald","West","GTX Plus Basic","Unknown",1096,2017-04-06,270,60,63,"Complete CRM record"
"J58BUYQH","Engaging","Kary Hendrixson","Summer Sewald","West","GTX Plus Basic","Unknown",1096,2017-04-11,265,60,63,"Complete CRM record"
"K6M3EX4O","Engaging","Kami Bicknell","Summer Sewald","West","GTX Plus Basic","Unknown",1096,2017-04-15,261,60,63,"Complete CRM record"
"K8LRZ95S","Engaging","Maureen Marcano","Summer Sewald","West","GTX Plus Basic","Unknown",1096,2017-04-18,258,60,63,"Complete CRM record"
"MRWHJE9P","Engaging","Cassey Cress","Rocco Neubert","East","GTX Plus Basic","Unknown",1096,2017-04-21,255,60,63,"Complete CRM record"
"VY4IVO2W","Engaging","Kami Bicknell","Summer Sewald","West","GTX Plus Basic","Unknown",1096,2017-04-24,252,60,63,"Complete CRM record"
"BDUNPUWY","Engaging","Boris Faz","Rocco Neubert","East","GTX Plus Basic","Unknown",1096,2017-04-25,251,60,63,"Complete CRM record"
"OTJR9SSK","Engaging","Hayden Neloms","Celia Rouche","West","GTX Plus Basic","Unknown",1096,2017-04-25,251,60,63,"Complete CRM record"
"CEEJ2EN5","Engaging","Violet Mclelland","Cara Losch","East","GTX Plus Basic","Unknown",1096,2017-04-25,251,60,63,"Complete CRM record"
"ZH14SZPT","Engaging","Violet Mclelland","Cara Losch","East","GTX Plus Basic","Unknown",1096,2017-04-29,247,60,63,"Complete CRM record"
"60NIT1PM","Engaging","Boris Faz","Rocco Neubert","East","GTX Plus Basic","Unknown",1096,2017-05-02,244,60,63,"Complete CRM record"
"44Y3J17P","Engaging","Boris Faz","Rocco Neubert","East","GTX Plus Basic","Unknown",1096,2017-05-02,244,60,63,"Complete CRM record"
"J71N4WQ6","Engaging","Markita Hansen","Celia Rouche","West","GTX Plus Basic","Unknown",1096,2017-05-06,240,60,63,"Complete CRM record"
"0AQGBN7B","Engaging","Maureen Marcano","Summer Sewald","West","GTX Plus Basic","Unknown",1096,2017-05-08,238,60,63,"Complete CRM record"
"K5GFWLKM","Engaging","Boris Faz","Rocco Neubert","East","GTX Plus Basic","Unknown",1096,2017-05-09,237,60,63,"Complete CRM record"
"BJO24Z5A","Engaging","Cassey Cress","Rocco Neubert","East","GTX Plus Basic","Unknown",1096,2017-05-14,232,60,63,"Complete CRM record"
"M3IMVC9G","Engaging","Rosalina Dieter","Celia Rouche","West","GTX Plus Basic","Unknown",1096,2017-05-16,230,60,63,"Complete CRM record"
"XRO7PMA2","Engaging","Cassey Cress","Rocco Neubert","East","GTX Plus Basic","Unknown",1096,2017-05-17,229,60,63,"Complete CRM record"
"BRFHWGVC","Engaging","Kary Hendrixson","Summer Sewald","West","GTX Plus Basic","Unknown",1096,2017-05-19,227,60,63,"Complete CRM record"
"U177IWW0","Engaging","Maureen Marcano","Summer Sewald","West","GTX Plus Basic","Unknown",1096,2017-05-22,224,60,63,"Complete CRM record"
"HYSOZRCG","Engaging","Boris Faz","Rocco Neubert","East","GTX Plus Basic","Unknown",1096,2017-05-23,223,60,63,"Complete CRM record"
"F8QQEW1W","Engaging","Kami Bicknell","Summer Sewald","West","GTX Plus Basic","Unknown",1096,2017-06-04,211,60,63,"Complete CRM record"
"TNWCER5C","Engaging","Rosie Papadopoulos","Cara Losch","East","GTX Plus Basic","Unknown",1096,2017-06-12,203,60,63,"Complete CRM record"
"JS5N8USN","Engaging","Corliss Cosme","Cara Losch","East","GTX Plus Basic","Unknown",1096,2017-06-14,201,60,63,"Complete CRM record"
"961ED0B1","Engaging","Corliss Cosme","Cara Losch","East","GTX Plus Basic","Unknown",1096,2017-06-19,196,60,63,"Complete CRM record"
"LLQCQOCR","Engaging","Kary Hendrixson","Summer Sewald","West","GTX Plus Basic","Unknown",1096,2017-06-19,196,60,63,"Complete CRM record"
"10THTNLC","Engaging","Zane Levy","Summer Sewald","West","GTX Plus Basic","Unknown",1096,2017-06-22,193,60,63,"Complete CRM record"
"ND0OV6MQ","Engaging","Kary Hendrixson","Summer Sewald","West","GTX Plus Basic","Unknown",1096,2017-06-26,189,60,63,"Complete CRM record"
"ZD1X3R4G","Engaging","Corliss Cosme","Cara Losch","East","GTX Plus Basic","Unknown",1096,2017-06-29,186,60,63,"Complete CRM record"
"BMH2FEGF","Engaging","Boris Faz","Rocco Neubert","East","GTX Plus Basic","Unknown",1096,2017-06-30,185,60,63,"Complete CRM record"
"3T23AW36","Engaging","James Ascencio","Summer Sewald","West","GTX Plus Basic","Unknown",1096,2017-06-30,185,60,63,"Complete CRM record"
"AR33M33M","Engaging","Hayden Neloms","Celia Rouche","West","GTX Plus Basic","Unknown",1096,2017-07-01,184,60,63,"Complete CRM record"
"BRFZCNMP","Engaging","Corliss Cosme","Cara Losch","East","GTX Plus Basic","Unknown",1096,2017-07-06,179,60,63,"Complete CRM record"
"0D37PQA0","Engaging","Violet Mclelland","Cara Losch","East","GTX Plus Basic","Unknown",1096,2017-07-08,177,60,63,"Complete CRM record"
"HI9S2MRZ","Engaging","Elease Gluck","Celia Rouche","West","GTX Plus Basic","Unknown",1096,2017-07-09,176,60,63,"Complete CRM record"
"YVDQ80A0","Engaging","Maureen Marcano","Summer Sewald","West","GTX Plus Basic","Unknown",1096,2017-07-15,170,60,63,"Complete CRM record"
"O28I4VDY","Engaging","Corliss Cosme","Cara Losch","East","GTX Plus Basic","Unknown",1096,2017-07-18,167,60,63,"Complete CRM record"
"MIXJ9F4F","Engaging","Maureen Marcano","Summer Sewald","West","GTX Plus Basic","Unknown",1096,2017-07-18,167,60,63,"Complete CRM record"
"ZGFB0IF1","Engaging","Anna Snelling","Dustin Brinkmann","Central","GTX Plus Basic","Unknown",1096,2017-07-20,165,60,63,"Complete CRM record"
"NSO0UHK1","Engaging","Daniell Hammack","Rocco Neubert","East","GTX Plus Basic","Unknown",1096,2017-07-20,165,60,63,"Complete CRM record"
"LHBWJAD3","Engaging","Darcel Schlecht","Melvin Marxen","Central","GTX Plus Basic","Unknown",1096,2017-07-20,165,60,63,"Complete CRM record"
"KRWKDPWW","Engaging","Darcel Schlecht","Melvin Marxen","Central","GTX Plus Basic","Unknown",1096,2017-07-20,165,60,63,"Complete CRM record"
"CDVDL9I5","Engaging","Jonathan Berthelot","Melvin Marxen","Central","GTX Plus Basic","Unknown",1096,2017-07-20,165,60,63,"Complete CRM record"
"AERVH1AC","Engaging","Niesha Huffines","Melvin Marxen","Central","GTX Plus Basic","Unknown",1096,2017-07-20,165,60,63,"Complete CRM record"
"S50ETCN7","Engaging","Anna Snelling","Dustin Brinkmann","Central","GTX Plus Basic","Unknown",1096,2017-07-21,164,60,63,"Complete CRM record"
"UJ58VMZT","Engaging","Cecily Lampkin","Dustin Brinkmann","Central","GTX Plus Basic","Unknown",1096,2017-07-21,164,60,63,"Complete CRM record"
"E8GD44YC","Engaging","Cecily Lampkin","Dustin Brinkmann","Central","GTX Plus Basic","Unknown",1096,2017-07-21,164,60,63,"Complete CRM record"
"02K37JAK","Engaging","Jonathan Berthelot","Melvin Marxen","Central","GTX Plus Basic","Unknown",1096,2017-07-21,164,60,63,"Complete CRM record"
"6F5TIV66","Engaging","Jonathan Berthelot","Melvin Marxen","Central","GTX Plus Basic","Unknown",1096,2017-07-21,164,60,63,"Complete CRM record"
"ETLF2H4K","Engaging","Maureen Marcano","Summer Sewald","West","GTX Plus Basic","Unknown",1096,2017-07-21,164,60,63,"Complete CRM record"
"5DQZSOBE","Engaging","Cecily Lampkin","Dustin Brinkmann","Central","GTX Plus Basic","Unknown",1096,2017-07-22,163,60,63,"Complete CRM record"
"P66UXGPS","Engaging","Darcel Schlecht","Melvin Marxen","Central","GTX Plus Basic","Unknown",1096,2017-07-22,163,60,63,"Complete CRM record"
"ZTQD4PLQ","Engaging","Jonathan Berthelot","Melvin Marxen","Central","GTX Plus Basic","Unknown",1096,2017-07-22,163,60,63,"Complete CRM record"
"I2ESAAIK","Engaging","Lajuana Vencill","Dustin Brinkmann","Central","GTX Plus Basic","Unknown",1096,2017-07-22,163,60,63,"Complete CRM record"
"EJJCUJ3P","Engaging","Darcel Schlecht","Melvin Marxen","Central","GTX Plus Basic","Unknown",1096,2017-07-23,162,60,63,"Complete CRM record"
"ODFL6HOF","Engaging","Darcel Schlecht","Melvin Marxen","Central","GTX Plus Basic","Unknown",1096,2017-07-23,162,60,63,"Complete CRM record"
"0S6OQ9AO","Engaging","Marty Freudenburg","Melvin Marxen","Central","GTX Plus Basic","Unknown",1096,2017-07-24,161,60,63,"Complete CRM record"
"8Y4LJOJ0","Engaging","Versie Hillebrand","Dustin Brinkmann","Central","GTX Plus Basic","Unknown",1096,2017-07-24,161,60,63,"Complete CRM record"
"OBC504T8","Engaging","Niesha Huffines","Melvin Marxen","Central","GTX Plus Basic","Unknown",1096,2017-07-25,160,60,63,"Complete CRM record"
"KPYCCBQA","Engaging","Cecily Lampkin","Dustin Brinkmann","Central","GTX Plus Basic","Unknown",1096,2017-07-27,158,60,63,"Complete CRM record"
"SSK95WLX","Engaging","Darcel Schlecht","Melvin Marxen","Central","GTX Plus Basic","Unknown",1096,2017-07-27,158,60,63,"Complete CRM record"
"RFXH6VDX","Engaging","Hayden Neloms","Celia Rouche","West","GTX Plus Basic","Unknown",1096,2017-07-27,158,60,63,"Complete CRM record"
"EVDKJDY3","Engaging","Jonathan Berthelot","Melvin Marxen","Central","GTX Plus Basic","Unknown",1096,2017-07-27,158,60,63,"Complete CRM record"
"X33HL9WS","Engaging","Daniell Hammack","Rocco Neubert","East","GTX Plus Basic","Unknown",1096,2017-07-28,157,60,63,"Complete CRM record"
"WL6CZ7N4","Engaging","Marty Freudenburg","Melvin Marxen","Central","GTX Plus Basic","Unknown",1096,2017-07-28,157,60,63,"Complete CRM record"
"UWI771ZX","Engaging","Darcel Schlecht","Melvin Marxen","Central","GTX Plus Basic","Unknown",1096,2017-07-29,156,60,63,"Complete CRM record"
"7BKYKVF2","Engaging","Jonathan Berthelot","Melvin Marxen","Central","GTX Plus Basic","Unknown",1096,2017-07-29,156,60,63,"Complete CRM record"
"P9EJ68SM","Engaging","Cassey Cress","Rocco Neubert","East","GTX Plus Basic","Unknown",1096,2017-07-30,155,60,63,"Complete CRM record"
"EY7OI10Z","Engaging","Darcel Schlecht","Melvin Marxen","Central","GTX Plus Basic","Unknown",1096,2017-07-30,155,60,63,"Complete CRM record"
"S9JXWIBD","Engaging","Gladys Colclough","Melvin Marxen","Central","GTX Plus Basic","Unknown",1096,2017-07-30,155,60,63,"Complete CRM record"
"R7I947IZ","Engaging","Marty Freudenburg","Melvin Marxen","Central","GTX Plus Basic","Unknown",1096,2017-07-30,155,60,63,"Complete CRM record"
"MTN3BOMC","Engaging","Maureen Marcano","Summer Sewald","West","GTX Plus Basic","Unknown",1096,2017-07-30,155,60,63,"Complete CRM record"
"HHWZEWDV","Engaging","Lajuana Vencill","Dustin Brinkmann","Central","GTX Plus Basic","Unknown",1096,2017-07-31,154,60,63,"Complete CRM record"
"OAUUCC2N","Engaging","Marty Freudenburg","Melvin Marxen","Central","GTX Plus Basic","Unknown",1096,2017-07-31,154,60,63,"Complete CRM record"
"283MDYKM","Engaging","Moses Frase","Dustin Brinkmann","Central","GTX Plus Basic","Unknown",1096,2017-07-31,154,60,63,"Complete CRM record"
"STI8KYWL","Engaging","Niesha Huffines","Melvin Marxen","Central","GTX Plus Basic","Unknown",1096,2017-07-31,154,60,63,"Complete CRM record"
"I1R23P5F","Engaging","Anna Snelling","Dustin Brinkmann","Central","GTX Plus Basic","Unknown",1096,2017-08-01,153,60,63,"Complete CRM record"
"CFKXEPFN","Engaging","Anna Snelling","Dustin Brinkmann","Central","GTX Plus Basic","Unknown",1096,2017-08-01,153,60,63,"Complete CRM record"
"IW6S2BN0","Engaging","Gladys Colclough","Melvin Marxen","Central","GTX Plus Basic","Unknown",1096,2017-08-01,153,60,63,"Complete CRM record"
"U4L1277G","Engaging","Hayden Neloms","Celia Rouche","West","GTX Plus Basic","Unknown",1096,2017-08-01,153,60,63,"Complete CRM record"
"VLYT262U","Engaging","Daniell Hammack","Rocco Neubert","East","GTX Plus Basic","Unknown",1096,2017-08-04,150,60,63,"Complete CRM record"
"V1KABF71","Engaging","Jonathan Berthelot","Melvin Marxen","Central","GTX Plus Basic","Unknown",1096,2017-08-04,150,60,63,"Complete CRM record"
"WD7Q5D3G","Engaging","Markita Hansen","Celia Rouche","West","GTX Plus Basic","Unknown",1096,2017-08-07,147,60,63,"Complete CRM record"
"988J5AUI","Engaging","Hayden Neloms","Celia Rouche","West","GTX Plus Basic","Unknown",1096,2017-08-10,144,60,63,"Complete CRM record"
"2KWJIZX6","Engaging","Lajuana Vencill","Dustin Brinkmann","Central","GTX Plus Basic","Unknown",1096,2017-08-10,144,60,63,"Complete CRM record"
"EEB0JYIQ","Engaging","Niesha Huffines","Melvin Marxen","Central","GTX Plus Basic","Unknown",1096,2017-08-10,144,60,63,"Complete CRM record"
"ZR436XWW","Engaging","Maureen Marcano","Summer Sewald","West","GTX Plus Basic","Unknown",1096,2017-08-12,142,60,63,"Complete CRM record"
"QMFN71BT","Engaging","Darcel Schlecht","Melvin Marxen","Central","GTX Plus Basic","Unknown",1096,2017-08-13,141,60,63,"Complete CRM record"
"LFJVV393","Engaging","Hayden Neloms","Celia Rouche","West","GTX Plus Basic","Unknown",1096,2017-08-13,141,60,63,"Complete CRM record"
"V0G393Q6","Engaging","Marty Freudenburg","Melvin Marxen","Central","GTX Plus Basic","Unknown",1096,2017-08-13,141,60,63,"Complete CRM record"
"SAMPTSH0","Engaging","Anna Snelling","Dustin Brinkmann","Central","GTX Plus Basic","Unknown",1096,2017-08-14,140,60,63,"Complete CRM record"
"VHT6G2BS","Engaging","Jonathan Berthelot","Melvin Marxen","Central","GTX Plus Basic","Unknown",1096,2017-08-14,140,60,63,"Complete CRM record"
"1MQ3015O","Engaging","Niesha Huffines","Melvin Marxen","Central","GTX Plus Basic","Unknown",1096,2017-08-15,139,60,63,"Complete CRM record"
"R2V49PU5","Engaging","Kami Bicknell","Summer Sewald","West","GTX Plus Basic","Unknown",1096,2017-08-21,133,60,63,"Complete CRM record"
"G03J67Z1","Engaging","Zane Levy","Summer Sewald","West","GTX Plus Basic","Unknown",1096,2017-08-22,132,60,63,"Complete CRM record"
"0H9C9J03","Engaging","Markita Hansen","Celia Rouche","West","GTX Plus Basic","Unknown",1096,2017-08-25,129,60,63,"Complete CRM record"
"2F41W100","Engaging","Daniell Hammack","Rocco Neubert","East","GTX Plus Basic","Unknown",1096,2017-08-26,128,60,63,"Complete CRM record"
"6CT660FF","Engaging","Maureen Marcano","Summer Sewald","West","GTX Plus Basic","Unknown",1096,2017-08-31,123,60,63,"Complete CRM record"
"DZP41ANW","Engaging","Hayden Neloms","Celia Rouche","West","GTX Plus Basic","Unknown",1096,2017-09-03,120,60,63,"Complete CRM record"
"VKIR68JX","Engaging","Violet Mclelland","Cara Losch","East","GTX Plus Basic","Unknown",1096,2017-09-04,119,60,63,"Complete CRM record"
"IOPIJ6C6","Engaging","Boris Faz","Rocco Neubert","East","GTX Plus Basic","Unknown",1096,2017-09-07,116,60,63,"Complete CRM record"
"IMLFM79C","Engaging","Markita Hansen","Celia Rouche","West","GTX Plus Basic","Unknown",1096,2017-09-09,114,60,63,"Complete CRM record"
"5X3TSUA9","Engaging","Cassey Cress","Rocco Neubert","East","GTX Plus Basic","Unknown",1096,2017-09-13,110,60,63,"Complete CRM record"
"24K085JJ","Engaging","Maureen Marcano","Summer Sewald","West","GTX Plus Basic","Unknown",1096,2017-09-15,108,60,63,"Complete CRM record"
"KQ83VL8T","Engaging","Boris Faz","Rocco Neubert","East","GTX Plus Basic","Unknown",1096,2017-09-17,106,60,63,"Complete CRM record"
"V1SX6HOD","Engaging","Maureen Marcano","Summer Sewald","West","GTX Plus Basic","Unknown",1096,2017-09-19,104,60,63,"Complete CRM record"
"JXUSPNPV","Engaging","Markita Hansen","Celia Rouche","West","GTX Plus Basic","Unknown",1096,2017-09-26,97,60,63,"Complete CRM record"
"C51GWGUE","Engaging","Daniell Hammack","Rocco Neubert","East","GTX Plus Basic","Unknown",1096,2017-09-29,94,60,63,"Complete CRM record"
"P5C842B5","Engaging","Kami Bicknell","Summer Sewald","West","GTX Plus Pro","Unknown",5482,2017-10-28,65,60,62,"Complete CRM record"
"LDJ6VTNW","Engaging","Daniell Hammack","Rocco Neubert","East","GTX Plus Basic","Unknown",1096,2017-10-04,89,60,62,"Complete CRM record"
"HN6TZPAF","Engaging","Wilburn Farren","Cara Losch","East","GTX Plus Pro","Unknown",5482,2017-10-31,62,60,61,"Complete CRM record"
"L9EVLHSJ","Engaging","Kami Bicknell","Summer Sewald","West","GTX Plus Basic","Unknown",1096,2017-10-08,85,60,61,"Complete CRM record"
"SYP74C5W","Prospecting","Darcel Schlecht","Melvin Marxen","Central","GTX Pro","Bioholding",4821,,,80,60,"Progress next action"
"R0Q5BZ9Y","Prospecting","Darcel Schlecht","Melvin Marxen","Central","GTX Pro","Blackzim",4821,,,80,60,"Progress next action"
"OT0GOR3I","Prospecting","Darcel Schlecht","Melvin Marxen","Central","GTX Pro","Bluth Company",4821,,,80,60,"Progress next action"
"6RN7I8ZF","Prospecting","Darcel Schlecht","Melvin Marxen","Central","GTX Pro","Condax",4821,,,80,60,"Progress next action"
"YBWUG6QP","Prospecting","Darcel Schlecht","Melvin Marxen","Central","GTX Pro","Condax",4821,,,80,60,"Progress next action"
"8XE8GGIW","Prospecting","Darcel Schlecht","Melvin Marxen","Central","GTX Pro","Donquadtech",4821,,,80,60,"Progress next action"
"IHKIAB1W","Prospecting","Darcel Schlecht","Melvin Marxen","Central","GTX Pro","Dontechi",4821,,,80,60,"Progress next action"
"YKBJP191","Prospecting","Darcel Schlecht","Melvin Marxen","Central","GTX Pro","Faxquote",4821,,,80,60,"Progress next action"
"P7UPCSTC","Prospecting","Darcel Schlecht","Melvin Marxen","Central","GTX Pro","Faxquote",4821,,,80,60,"Progress next action"
"GEQ8IGKW","Prospecting","Darcel Schlecht","Melvin Marxen","Central","GTX Pro","Finjob",4821,,,80,60,"Progress next action"
"EYR5E7LO","Prospecting","Darcel Schlecht","Melvin Marxen","Central","GTX Pro","Initech",4821,,,80,60,"Progress next action"
"LO8L5ELD","Prospecting","Darcel Schlecht","Melvin Marxen","Central","GTX Pro","Inity",4821,,,80,60,"Progress next action"
"S1U1RD6K","Prospecting","Darcel Schlecht","Melvin Marxen","Central","GTX Pro","Iselectrics",4821,,,80,60,"Progress next action"
"R6HYAPR6","Prospecting","Darcel Schlecht","Melvin Marxen","Central","GTX Pro","Opentech",4821,,,80,60,"Progress next action"
"A8NXNY0M","Prospecting","Darcel Schlecht","Melvin Marxen","Central","GTX Pro","Plusstrip",4821,,,80,60,"Progress next action"
"4ROECHG6","Prospecting","Darcel Schlecht","Melvin Marxen","Central","GTX Pro","Ron-tech",4821,,,80,60,"Progress next action"
"FVVATY89","Prospecting","Darcel Schlecht","Melvin Marxen","Central","GTX Pro","Ron-tech",4821,,,80,60,"Progress next action"
"BV75OM0B","Prospecting","Darcel Schlecht","Melvin Marxen","Central","GTX Pro","Rundofase",4821,,,80,60,"Progress next action"
"ZGTCQT1A","Prospecting","Darcel Schlecht","Melvin Marxen","Central","GTX Pro","Rundofase",4821,,,80,60,"Progress next action"
"GR8JTX1T","Prospecting","Darcel Schlecht","Melvin Marxen","Central","GTX Pro","Warephase",4821,,,80,60,"Progress next action"
"2IRZM0LB","Prospecting","Darcel Schlecht","Melvin Marxen","Central","GTX Pro","Xx-zobam",4821,,,80,60,"Progress next action"
"99YRLZM0","Prospecting","Darcel Schlecht","Melvin Marxen","Central","GTX Pro","Yearin",4821,,,80,60,"Progress next action"
"VJILDVVF","Prospecting","Darcel Schlecht","Melvin Marxen","Central","GTX Pro","Zathunicon",4821,,,80,60,"Progress next action"
"A9DGDN56","Prospecting","Darcel Schlecht","Melvin Marxen","Central","GTX Pro","Zencorporation",4821,,,80,60,"Progress next action"
"D01U08PR","Prospecting","Darcel Schlecht","Melvin Marxen","Central","GTX Pro","Zumgoity",4821,,,80,60,"Progress next action"
"EJCPWP6V","Prospecting","Gladys Colclough","Melvin Marxen","Central","GTX Pro","Bioholding",4821,,,80,60,"Progress next action"
"BJE7KCZ1","Prospecting","Gladys Colclough","Melvin Marxen","Central","GTX Pro","Genco Pura Olive Oil Company",4821,,,80,60,"Progress next action"
"TK9J8AOZ","Prospecting","Gladys Colclough","Melvin Marxen","Central","GTX Pro","Treequote",4821,,,80,60,"Progress next action"
"9R8AKL0D","Prospecting","Jonathan Berthelot","Melvin Marxen","Central","GTX Pro","Initech",4821,,,80,60,"Progress next action"
"R14YE68N","Prospecting","Jonathan Berthelot","Melvin Marxen","Central","GTX Pro","Plexzap",4821,,,80,60,"Progress next action"
"0BQTT5UF","Prospecting","Marty Freudenburg","Melvin Marxen","Central","GTX Pro","Donware",4821,,,80,60,"Progress next action"
"M7UNLZEP","Prospecting","Marty Freudenburg","Melvin Marxen","Central","GTX Pro","Finhigh",4821,,,80,60,"Progress next action"
"EG7S6ZOI","Prospecting","Marty Freudenburg","Melvin Marxen","Central","GTX Pro","Konmatfix",4821,,,80,60,"Progress next action"
"UND13JS5","Prospecting","Marty Freudenburg","Melvin Marxen","Central","GTX Pro","Plusstrip",4821,,,80,60,"Progress next action"
"4S17VJ7O","Engaging","Kary Hendrixson","Summer Sewald","West","MG Advanced","Unknown",3393,2017-10-19,74,60,60,"Complete CRM record"
"T7N0RX05","Engaging","Maureen Marcano","Summer Sewald","West","GTX Plus Pro","Unknown",5482,2017-11-04,58,60,59,"Complete CRM record"
"NNNEMOZ5","Engaging","James Ascencio","Summer Sewald","West","GTX Plus Pro","Unknown",5482,2017-11-05,57,60,59,"Complete CRM record"
"4O3EPWFR","Engaging","Corliss Cosme","Cara Losch","East","GTX Plus Basic","Unknown",1096,2017-10-12,81,60,59,"Complete CRM record"
"QCBO7C6E","Engaging","Kami Bicknell","Summer Sewald","West","GTX Plus Basic","Unknown",1096,2017-10-13,80,60,59,"Complete CRM record"
"EG7OFLFR","Engaging","Kami Bicknell","Summer Sewald","West","GTX Basic","Unknown",550,2016-11-14,413,60,59,"Complete CRM record"
"CNM0H9FR","Engaging","Zane Levy","Summer Sewald","West","GTX Basic","Unknown",550,2016-12-02,395,60,59,"Complete CRM record"
"JUCNIG4H","Engaging","James Ascencio","Summer Sewald","West","GTX Basic","Unknown",550,2016-12-05,392,60,59,"Complete CRM record"
"J32XDDAW","Engaging","Markita Hansen","Celia Rouche","West","GTX Basic","Unknown",550,2016-12-14,383,60,59,"Complete CRM record"
"PYOFK7ZD","Engaging","Cassey Cress","Rocco Neubert","East","GTX Basic","Unknown",550,2016-12-17,380,60,59,"Complete CRM record"
"4H2QMS78","Engaging","Vicki Laflamme","Celia Rouche","West","GTX Basic","Unknown",550,2016-12-21,376,60,59,"Complete CRM record"
"EUG019AS","Engaging","Corliss Cosme","Cara Losch","East","GTX Basic","Unknown",550,2016-12-23,374,60,59,"Complete CRM record"
"KFPM2LJW","Engaging","Rosalina Dieter","Celia Rouche","West","GTX Basic","Unknown",550,2016-12-25,372,60,59,"Complete CRM record"
"2VCDVCIZ","Engaging","Kary Hendrixson","Summer Sewald","West","GTX Basic","Unknown",550,2016-12-27,370,60,59,"Complete CRM record"
"PMMW9JX3","Engaging","Kary Hendrixson","Summer Sewald","West","GTX Basic","Unknown",550,2016-12-28,369,60,59,"Complete CRM record"
"9IA34L8S","Engaging","Vicki Laflamme","Celia Rouche","West","GTX Basic","Unknown",550,2016-12-29,368,60,59,"Complete CRM record"
"Z75ND4JF","Engaging","Kary Hendrixson","Summer Sewald","West","GTX Basic","Unknown",550,2017-01-04,362,60,59,"Complete CRM record"
"4JHY98UG","Engaging","Cassey Cress","Rocco Neubert","East","GTX Basic","Unknown",550,2017-01-07,359,60,59,"Complete CRM record"
"DWUD4S0P","Engaging","Markita Hansen","Celia Rouche","West","GTX Basic","Unknown",550,2017-01-10,356,60,59,"Complete CRM record"
"GR2X90DZ","Engaging","Vicki Laflamme","Celia Rouche","West","GTX Basic","Unknown",550,2017-01-15,351,60,59,"Complete CRM record"
"Z1WLLL1H","Engaging","Kami Bicknell","Summer Sewald","West","GTX Basic","Unknown",550,2017-01-21,345,60,59,"Complete CRM record"
"ETZKANFZ","Engaging","Markita Hansen","Celia Rouche","West","GTX Basic","Unknown",550,2017-01-21,345,60,59,"Complete CRM record"
"F569KUVC","Engaging","Kami Bicknell","Summer Sewald","West","GTX Basic","Unknown",550,2017-01-24,342,60,59,"Complete CRM record"
"VYPYVO8V","Engaging","Vicki Laflamme","Celia Rouche","West","GTX Basic","Unknown",550,2017-01-24,342,60,59,"Complete CRM record"
"379DUF2N","Engaging","Markita Hansen","Celia Rouche","West","GTX Basic","Unknown",550,2017-01-29,337,60,59,"Complete CRM record"
"9W7PFSNX","Engaging","Corliss Cosme","Cara Losch","East","GTX Basic","Unknown",550,2017-01-31,335,60,59,"Complete CRM record"
"E4THD359","Engaging","Wilburn Farren","Cara Losch","East","GTX Basic","Unknown",550,2017-02-05,330,60,59,"Complete CRM record"
"8AJG1YLJ","Engaging","Kary Hendrixson","Summer Sewald","West","GTX Basic","Unknown",550,2017-02-11,324,60,59,"Complete CRM record"
"OZ761BUJ","Engaging","Violet Mclelland","Cara Losch","East","GTX Basic","Unknown",550,2017-02-13,322,60,59,"Complete CRM record"
"92G1TO7L","Engaging","Kary Hendrixson","Summer Sewald","West","GTX Basic","Unknown",550,2017-02-15,320,60,59,"Complete CRM record"
"SVCKI631","Engaging","Maureen Marcano","Summer Sewald","West","GTX Basic","Unknown",550,2017-02-15,320,60,59,"Complete CRM record"
"R2W96FGX","Engaging","Zane Levy","Summer Sewald","West","GTX Basic","Unknown",550,2017-02-15,320,60,59,"Complete CRM record"
"5KK2SSSB","Engaging","Rosie Papadopoulos","Cara Losch","East","GTX Basic","Unknown",550,2017-02-16,319,60,59,"Complete CRM record"
"V3HVIJLL","Engaging","Zane Levy","Summer Sewald","West","GTX Basic","Unknown",550,2017-02-16,319,60,59,"Complete CRM record"
"CG9VXPV1","Engaging","Zane Levy","Summer Sewald","West","GTX Basic","Unknown",550,2017-02-19,316,60,59,"Complete CRM record"
"Y3CYQGPH","Engaging","Rosalina Dieter","Celia Rouche","West","GTX Basic","Unknown",550,2017-02-22,313,60,59,"Complete CRM record"
"6PW6ZQEE","Engaging","Corliss Cosme","Cara Losch","East","GTX Basic","Unknown",550,2017-02-23,312,60,59,"Complete CRM record"
"7ONH55WT","Engaging","Cassey Cress","Rocco Neubert","East","GTX Basic","Unknown",550,2017-02-24,311,60,59,"Complete CRM record"
"CMKXOOJQ","Engaging","Corliss Cosme","Cara Losch","East","GTX Basic","Unknown",550,2017-02-24,311,60,59,"Complete CRM record"
"4V9NMGEA","Engaging","Rosalina Dieter","Celia Rouche","West","GTX Basic","Unknown",550,2017-03-02,305,60,59,"Complete CRM record"
"79EHWR35","Engaging","Vicki Laflamme","Celia Rouche","West","GTX Basic","Unknown",550,2017-03-02,305,60,59,"Complete CRM record"
"D3ZC338T","Engaging","Zane Levy","Summer Sewald","West","GTX Basic","Unknown",550,2017-03-02,305,60,59,"Complete CRM record"
"KBQ16F1I","Engaging","Zane Levy","Summer Sewald","West","GTX Basic","Unknown",550,2017-03-03,304,60,59,"Complete CRM record"
"5JDWBOLS","Engaging","Daniell Hammack","Rocco Neubert","East","GTX Basic","Unknown",550,2017-03-04,303,60,59,"Complete CRM record"
"LSA39JBG","Engaging","Daniell Hammack","Rocco Neubert","East","GTX Basic","Unknown",550,2017-03-05,302,60,59,"Complete CRM record"
"AKTPC3M1","Engaging","Kami Bicknell","Summer Sewald","West","GTX Basic","Unknown",550,2017-03-05,302,60,59,"Complete CRM record"
"5Z8S8UHK","Engaging","Cassey Cress","Rocco Neubert","East","GTX Basic","Unknown",550,2017-03-06,301,60,59,"Complete CRM record"
"6F79VYH8","Engaging","Boris Faz","Rocco Neubert","East","GTX Basic","Unknown",550,2017-03-07,300,60,59,"Complete CRM record"
"ISAWVDYZ","Engaging","Daniell Hammack","Rocco Neubert","East","GTX Basic","Unknown",550,2017-03-09,298,60,59,"Complete CRM record"
"839AMI93","Engaging","Kary Hendrixson","Summer Sewald","West","GTX Basic","Unknown",550,2017-03-10,297,60,59,"Complete CRM record"
"BFGASJAW","Engaging","Kary Hendrixson","Summer Sewald","West","GTX Basic","Unknown",550,2017-03-10,297,60,59,"Complete CRM record"
"4IT33RBO","Engaging","Markita Hansen","Celia Rouche","West","GTX Basic","Unknown",550,2017-03-13,294,60,59,"Complete CRM record"
"EJDHOY6M","Engaging","Corliss Cosme","Cara Losch","East","GTX Basic","Unknown",550,2017-03-17,290,60,59,"Complete CRM record"
"4UZCVHEV","Engaging","Violet Mclelland","Cara Losch","East","GTX Basic","Unknown",550,2017-03-17,290,60,59,"Complete CRM record"
"H2IOHZ8R","Engaging","James Ascencio","Summer Sewald","West","GTX Basic","Unknown",550,2017-03-18,289,60,59,"Complete CRM record"
"I7MDOGGU","Engaging","Maureen Marcano","Summer Sewald","West","GTX Basic","Unknown",550,2017-03-18,289,60,59,"Complete CRM record"
"THKCN7HU","Engaging","Kary Hendrixson","Summer Sewald","West","GTX Basic","Unknown",550,2017-03-19,288,60,59,"Complete CRM record"
"3JUL12VK","Engaging","Kami Bicknell","Summer Sewald","West","GTX Basic","Unknown",550,2017-03-22,285,60,59,"Complete CRM record"
"4U9D1IZ5","Engaging","Zane Levy","Summer Sewald","West","GTX Basic","Unknown",550,2017-03-22,285,60,59,"Complete CRM record"
"GEJLL5L3","Engaging","Corliss Cosme","Cara Losch","East","GTX Basic","Unknown",550,2017-03-24,283,60,59,"Complete CRM record"
"3T64Z7DB","Engaging","Kami Bicknell","Summer Sewald","West","GTX Basic","Unknown",550,2017-03-25,282,60,59,"Complete CRM record"
"I6U62W0R","Engaging","Kami Bicknell","Summer Sewald","West","GTX Basic","Unknown",550,2017-03-29,278,60,59,"Complete CRM record"
"2VDN72EP","Engaging","Vicki Laflamme","Celia Rouche","West","GTX Basic","Unknown",550,2017-03-30,277,60,59,"Complete CRM record"
"PNO7D8PD","Engaging","Zane Levy","Summer Sewald","West","GTX Basic","Unknown",550,2017-04-05,271,60,59,"Complete CRM record"
"UUGY3W44","Engaging","Kary Hendrixson","Summer Sewald","West","GTX Basic","Unknown",550,2017-04-07,269,60,59,"Complete CRM record"
"XDECB9X2","Engaging","Vicki Laflamme","Celia Rouche","West","GTX Basic","Unknown",550,2017-04-07,269,60,59,"Complete CRM record"
"81G840FM","Engaging","Zane Levy","Summer Sewald","West","GTX Basic","Unknown",550,2017-04-13,263,60,59,"Complete CRM record"
"6S2ABHZS","Engaging","Markita Hansen","Celia Rouche","West","GTX Basic","Unknown",550,2017-04-14,262,60,59,"Complete CRM record"
"LWPFQ1UA","Engaging","Kary Hendrixson","Summer Sewald","West","GTX Basic","Unknown",550,2017-04-15,261,60,59,"Complete CRM record"
"E4082SMQ","Engaging","James Ascencio","Summer Sewald","West","GTX Basic","Unknown",550,2017-04-17,259,60,59,"Complete CRM record"
"QD8F0CI6","Engaging","Rosalina Dieter","Celia Rouche","West","GTX Basic","Unknown",550,2017-04-17,259,60,59,"Complete CRM record"
"WGETO859","Engaging","Boris Faz","Rocco Neubert","East","GTX Basic","Unknown",550,2017-04-19,257,60,59,"Complete CRM record"
"CTWSDG4U","Engaging","Corliss Cosme","Cara Losch","East","GTX Basic","Unknown",550,2017-04-19,257,60,59,"Complete CRM record"
"U2HYH97X","Engaging","Kary Hendrixson","Summer Sewald","West","GTX Basic","Unknown",550,2017-04-20,256,60,59,"Complete CRM record"
"4QFATB6J","Engaging","Violet Mclelland","Cara Losch","East","GTX Basic","Unknown",550,2017-04-22,254,60,59,"Complete CRM record"
"JNEQWZQK","Engaging","Wilburn Farren","Cara Losch","East","GTX Basic","Unknown",550,2017-04-25,251,60,59,"Complete CRM record"
"9HYMQL4I","Engaging","Zane Levy","Summer Sewald","West","GTX Basic","Unknown",550,2017-04-26,250,60,59,"Complete CRM record"
"UEZOR630","Engaging","Elease Gluck","Celia Rouche","West","GTX Basic","Unknown",550,2017-04-29,247,60,59,"Complete CRM record"
"OTLQMB5X","Engaging","Rosalina Dieter","Celia Rouche","West","GTX Basic","Unknown",550,2017-04-30,246,60,59,"Complete CRM record"
"WQSJNIEZ","Engaging","Markita Hansen","Celia Rouche","West","GTX Basic","Unknown",550,2017-05-05,241,60,59,"Complete CRM record"
"Q2RY668B","Engaging","Kami Bicknell","Summer Sewald","West","GTX Basic","Unknown",550,2017-05-10,236,60,59,"Complete CRM record"
"VBFYOCDO","Engaging","Kami Bicknell","Summer Sewald","West","GTX Basic","Unknown",550,2017-05-10,236,60,59,"Complete CRM record"
"5IQAJGCU","Engaging","Kami Bicknell","Summer Sewald","West","GTX Basic","Unknown",550,2017-05-11,235,60,59,"Complete CRM record"
"HY94AVIW","Engaging","Maureen Marcano","Summer Sewald","West","GTX Basic","Unknown",550,2017-05-14,232,60,59,"Complete CRM record"
"848QSODT","Engaging","Vicki Laflamme","Celia Rouche","West","GTX Basic","Unknown",550,2017-05-14,232,60,59,"Complete CRM record"
"X4FW4JR1","Engaging","Kary Hendrixson","Summer Sewald","West","GTX Basic","Unknown",550,2017-05-15,231,60,59,"Complete CRM record"
"HF2DSIT5","Engaging","Elease Gluck","Celia Rouche","West","GTX Basic","Unknown",550,2017-05-16,230,60,59,"Complete CRM record"
"BTRIUUWG","Engaging","Rosie Papadopoulos","Cara Losch","East","GTX Basic","Unknown",550,2017-05-16,230,60,59,"Complete CRM record"
"UFL6ZQDV","Engaging","Zane Levy","Summer Sewald","West","GTX Basic","Unknown",550,2017-05-18,228,60,59,"Complete CRM record"
"RE3UNESR","Engaging","Kary Hendrixson","Summer Sewald","West","GTX Basic","Unknown",550,2017-05-21,225,60,59,"Complete CRM record"
"G1L2YY5P","Engaging","Zane Levy","Summer Sewald","West","GTX Basic","Unknown",550,2017-05-26,220,60,59,"Complete CRM record"
"OERROEPM","Engaging","Markita Hansen","Celia Rouche","West","GTX Basic","Unknown",550,2017-05-28,218,60,59,"Complete CRM record"
"8G3HB5S6","Engaging","James Ascencio","Summer Sewald","West","GTX Basic","Unknown",550,2017-05-29,217,60,59,"Complete CRM record"
"YRTI0EKE","Engaging","Rosalina Dieter","Celia Rouche","West","GTX Basic","Unknown",550,2017-05-29,217,60,59,"Complete CRM record"
"HTBPSC2D","Engaging","Kami Bicknell","Summer Sewald","West","GTX Basic","Unknown",550,2017-05-31,215,60,59,"Complete CRM record"
"4LXUITP3","Engaging","Kary Hendrixson","Summer Sewald","West","GTX Basic","Unknown",550,2017-06-04,211,60,59,"Complete CRM record"
"PIFPDJMN","Engaging","Kary Hendrixson","Summer Sewald","West","GTX Basic","Unknown",550,2017-06-05,210,60,59,"Complete CRM record"
"D17T8PTH","Engaging","Vicki Laflamme","Celia Rouche","West","GTX Basic","Unknown",550,2017-06-08,207,60,59,"Complete CRM record"
"RUAU1ORD","Engaging","Zane Levy","Summer Sewald","West","GTX Basic","Unknown",550,2017-06-10,205,60,59,"Complete CRM record"
"477HSG28","Engaging","Vicki Laflamme","Celia Rouche","West","GTX Basic","Unknown",550,2017-06-11,204,60,59,"Complete CRM record"
"MCA0202R","Engaging","Kary Hendrixson","Summer Sewald","West","GTX Basic","Unknown",550,2017-06-12,203,60,59,"Complete CRM record"
"3A7G5K0E","Engaging","Rosalina Dieter","Celia Rouche","West","GTX Basic","Unknown",550,2017-06-12,203,60,59,"Complete CRM record"
"3VC45PML","Engaging","James Ascencio","Summer Sewald","West","GTX Basic","Unknown",550,2017-06-14,201,60,59,"Complete CRM record"
"ZU3GICE9","Engaging","Maureen Marcano","Summer Sewald","West","GTX Basic","Unknown",550,2017-06-15,200,60,59,"Complete CRM record"
"HKV37WU9","Engaging","Vicki Laflamme","Celia Rouche","West","GTX Basic","Unknown",550,2017-06-15,200,60,59,"Complete CRM record"
"KSOW4MUK","Engaging","Kami Bicknell","Summer Sewald","West","GTX Basic","Unknown",550,2017-06-17,198,60,59,"Complete CRM record"
"EGEJA2HY","Engaging","Markita Hansen","Celia Rouche","West","GTX Basic","Unknown",550,2017-06-17,198,60,59,"Complete CRM record"
"TIPG6R0Z","Engaging","Vicki Laflamme","Celia Rouche","West","GTX Basic","Unknown",550,2017-06-17,198,60,59,"Complete CRM record"
"XU836DFA","Engaging","Kami Bicknell","Summer Sewald","West","GTX Basic","Unknown",550,2017-06-18,197,60,59,"Complete CRM record"
"PCVNB0NO","Engaging","Zane Levy","Summer Sewald","West","GTX Basic","Unknown",550,2017-06-19,196,60,59,"Complete CRM record"
"24REVMX7","Engaging","Rosalina Dieter","Celia Rouche","West","GTX Basic","Unknown",550,2017-06-25,190,60,59,"Complete CRM record"
"EMUG64GW","Engaging","Kary Hendrixson","Summer Sewald","West","GTX Basic","Unknown",550,2017-06-29,186,60,59,"Complete CRM record"
"H9N9DP3D","Engaging","Vicki Laflamme","Celia Rouche","West","GTX Basic","Unknown",550,2017-07-01,184,60,59,"Complete CRM record"
"35LLMROC","Engaging","Kary Hendrixson","Summer Sewald","West","GTX Basic","Unknown",550,2017-07-03,182,60,59,"Complete CRM record"
"AWORM94L","Engaging","Cassey Cress","Rocco Neubert","East","GTX Basic","Unknown",550,2017-07-05,180,60,59,"Complete CRM record"
"SXYJU7LC","Engaging","Kami Bicknell","Summer Sewald","West","GTX Basic","Unknown",550,2017-07-05,180,60,59,"Complete CRM record"
"QKXCMJVB","Engaging","James Ascencio","Summer Sewald","West","GTX Basic","Unknown",550,2017-07-08,177,60,59,"Complete CRM record"
"USJWM3F3","Engaging","Violet Mclelland","Cara Losch","East","GTX Basic","Unknown",550,2017-07-10,175,60,59,"Complete CRM record"
"R0XNAFUB","Engaging","Zane Levy","Summer Sewald","West","GTX Basic","Unknown",550,2017-07-12,173,60,59,"Complete CRM record"
"8JH8YA79","Engaging","Kami Bicknell","Summer Sewald","West","GTX Basic","Unknown",550,2017-07-14,171,60,59,"Complete CRM record"
"39EYEBMK","Engaging","Violet Mclelland","Cara Losch","East","GTX Basic","Unknown",550,2017-07-18,167,60,59,"Complete CRM record"
"LAYVBSH4","Engaging","Anna Snelling","Dustin Brinkmann","Central","GTX Basic","Unknown",550,2017-07-19,166,60,59,"Complete CRM record"
"X8M3SCVF","Engaging","Darcel Schlecht","Melvin Marxen","Central","GTX Basic","Unknown",550,2017-07-19,166,60,59,"Complete CRM record"
"BKOWQMMV","Engaging","Moses Frase","Dustin Brinkmann","Central","GTX Basic","Unknown",550,2017-07-19,166,60,59,"Complete CRM record"
"IQFDPIND","Engaging","Versie Hillebrand","Dustin Brinkmann","Central","GTX Basic","Unknown",550,2017-07-19,166,60,59,"Complete CRM record"
"90G292UY","Engaging","Jonathan Berthelot","Melvin Marxen","Central","GTX Basic","Unknown",550,2017-07-20,165,60,59,"Complete CRM record"
"JDHHDOX8","Engaging","Jonathan Berthelot","Melvin Marxen","Central","GTX Basic","Unknown",550,2017-07-20,165,60,59,"Complete CRM record"
"KTWP0SMT","Engaging","Jonathan Berthelot","Melvin Marxen","Central","GTX Basic","Unknown",550,2017-07-20,165,60,59,"Complete CRM record"
"3JW6CZ7K","Engaging","Moses Frase","Dustin Brinkmann","Central","GTX Basic","Unknown",550,2017-07-20,165,60,59,"Complete CRM record"
"0HVUV9OY","Engaging","Gladys Colclough","Melvin Marxen","Central","GTX Basic","Unknown",550,2017-07-21,164,60,59,"Complete CRM record"
"HTEAOHFO","Engaging","Kami Bicknell","Summer Sewald","West","GTX Basic","Unknown",550,2017-07-21,164,60,59,"Complete CRM record"
"REAFB3C3","Engaging","Zane Levy","Summer Sewald","West","GTX Basic","Unknown",550,2017-07-21,164,60,59,"Complete CRM record"
"0Z8ZAS2M","Engaging","Zane Levy","Summer Sewald","West","GTX Basic","Unknown",550,2017-07-21,164,60,59,"Complete CRM record"
"VRCYXSP1","Engaging","Zane Levy","Summer Sewald","West","GTX Basic","Unknown",550,2017-07-21,164,60,59,"Complete CRM record"
"QRR70537","Engaging","Anna Snelling","Dustin Brinkmann","Central","GTX Basic","Unknown",550,2017-07-22,163,60,59,"Complete CRM record"
"8QDSXHQ8","Engaging","Cecily Lampkin","Dustin Brinkmann","Central","GTX Basic","Unknown",550,2017-07-22,163,60,59,"Complete CRM record"
"TQQDICC6","Engaging","Darcel Schlecht","Melvin Marxen","Central","GTX Basic","Unknown",550,2017-07-22,163,60,59,"Complete CRM record"
"YBY3PA1S","Engaging","Gladys Colclough","Melvin Marxen","Central","GTX Basic","Unknown",550,2017-07-22,163,60,59,"Complete CRM record"
"2CZUU9E0","Engaging","Lajuana Vencill","Dustin Brinkmann","Central","GTX Basic","Unknown",550,2017-07-22,163,60,59,"Complete CRM record"
"ZRCQXB38","Engaging","Darcel Schlecht","Melvin Marxen","Central","GTX Basic","Unknown",550,2017-07-23,162,60,59,"Complete CRM record"
"K6MTPSB5","Engaging","Lajuana Vencill","Dustin Brinkmann","Central","GTX Basic","Unknown",550,2017-07-23,162,60,59,"Complete CRM record"
"D2QPN9LN","Engaging","Lajuana Vencill","Dustin Brinkmann","Central","GTX Basic","Unknown",550,2017-07-23,162,60,59,"Complete CRM record"
"EYBMEX1Z","Engaging","Moses Frase","Dustin Brinkmann","Central","GTX Basic","Unknown",550,2017-07-23,162,60,59,"Complete CRM record"
"MIGDLH14","Engaging","Zane Levy","Summer Sewald","West","GTX Basic","Unknown",550,2017-07-23,162,60,59,"Complete CRM record"
"7OZ7L8BB","Engaging","Gladys Colclough","Melvin Marxen","Central","GTX Basic","Unknown",550,2017-07-24,161,60,59,"Complete CRM record"
"QGXJLNK1","Engaging","Jonathan Berthelot","Melvin Marxen","Central","GTX Basic","Unknown",550,2017-07-24,161,60,59,"Complete CRM record"
"E3Z74U5K","Engaging","Lajuana Vencill","Dustin Brinkmann","Central","GTX Basic","Unknown",550,2017-07-24,161,60,59,"Complete CRM record"
"Q3HHDSDS","Engaging","Marty Freudenburg","Melvin Marxen","Central","GTX Basic","Unknown",550,2017-07-24,161,60,59,"Complete CRM record"
"VVO21D4Z","Engaging","Cecily Lampkin","Dustin Brinkmann","Central","GTX Basic","Unknown",550,2017-07-25,160,60,59,"Complete CRM record"
"APIB681L","Engaging","Darcel Schlecht","Melvin Marxen","Central","GTX Basic","Unknown",550,2017-07-25,160,60,59,"Complete CRM record"
"TFSKOBH7","Engaging","Darcel Schlecht","Melvin Marxen","Central","GTX Basic","Unknown",550,2017-07-25,160,60,59,"Complete CRM record"
"PQL5GITI","Engaging","Gladys Colclough","Melvin Marxen","Central","GTX Basic","Unknown",550,2017-07-25,160,60,59,"Complete CRM record"
"BEDNZXVE","Engaging","Jonathan Berthelot","Melvin Marxen","Central","GTX Basic","Unknown",550,2017-07-25,160,60,59,"Complete CRM record"
"G2XP6IGJ","Engaging","Moses Frase","Dustin Brinkmann","Central","GTX Basic","Unknown",550,2017-07-25,160,60,59,"Complete CRM record"
"VO1YR5CY","Engaging","Versie Hillebrand","Dustin Brinkmann","Central","GTX Basic","Unknown",550,2017-07-25,160,60,59,"Complete CRM record"
"G0DTQHIC","Engaging","Jonathan Berthelot","Melvin Marxen","Central","GTX Basic","Unknown",550,2017-07-26,159,60,59,"Complete CRM record"
"T50TV9SO","Engaging","Zane Levy","Summer Sewald","West","GTX Basic","Unknown",550,2017-07-26,159,60,59,"Complete CRM record"
"64KHY8MT","Engaging","Jonathan Berthelot","Melvin Marxen","Central","GTX Basic","Unknown",550,2017-07-27,158,60,59,"Complete CRM record"
"5PWO4RPC","Engaging","Jonathan Berthelot","Melvin Marxen","Central","GTX Basic","Unknown",550,2017-07-27,158,60,59,"Complete CRM record"
"WX546S1D","Engaging","Marty Freudenburg","Melvin Marxen","Central","GTX Basic","Unknown",550,2017-07-27,158,60,59,"Complete CRM record"
"EN8JHUXA","Engaging","Moses Frase","Dustin Brinkmann","Central","GTX Basic","Unknown",550,2017-07-27,158,60,59,"Complete CRM record"
"I3IRJZRL","Engaging","Niesha Huffines","Melvin Marxen","Central","GTX Basic","Unknown",550,2017-07-27,158,60,59,"Complete CRM record"
"DXRG254A","Engaging","Boris Faz","Rocco Neubert","East","GTX Basic","Unknown",550,2017-07-28,157,60,59,"Complete CRM record"
"VIFA2I18","Engaging","Jonathan Berthelot","Melvin Marxen","Central","GTX Basic","Unknown",550,2017-07-28,157,60,59,"Complete CRM record"
"XV41LZYE","Engaging","Lajuana Vencill","Dustin Brinkmann","Central","GTX Basic","Unknown",550,2017-07-28,157,60,59,"Complete CRM record"
"0RI2I8ZL","Engaging","Lajuana Vencill","Dustin Brinkmann","Central","GTX Basic","Unknown",550,2017-07-28,157,60,59,"Complete CRM record"
"3L3W9W8I","Engaging","Marty Freudenburg","Melvin Marxen","Central","GTX Basic","Unknown",550,2017-07-28,157,60,59,"Complete CRM record"
"M2ZRU2UH","Engaging","Rosalina Dieter","Celia Rouche","West","GTX Basic","Unknown",550,2017-07-28,157,60,59,"Complete CRM record"
"SPMQ0BHA","Engaging","Lajuana Vencill","Dustin Brinkmann","Central","GTX Basic","Unknown",550,2017-07-29,156,60,59,"Complete CRM record"
"FQI66XXN","Engaging","Marty Freudenburg","Melvin Marxen","Central","GTX Basic","Unknown",550,2017-07-29,156,60,59,"Complete CRM record"
"ERD6D5K3","Engaging","Anna Snelling","Dustin Brinkmann","Central","GTX Basic","Unknown",550,2017-07-30,155,60,59,"Complete CRM record"
"VVM42VWQ","Engaging","Anna Snelling","Dustin Brinkmann","Central","GTX Basic","Unknown",550,2017-07-30,155,60,59,"Complete CRM record"
"CUZDYOOO","Engaging","Darcel Schlecht","Melvin Marxen","Central","GTX Basic","Unknown",550,2017-07-30,155,60,59,"Complete CRM record"
"OVLGWURN","Engaging","Kary Hendrixson","Summer Sewald","West","GTX Basic","Unknown",550,2017-07-30,155,60,59,"Complete CRM record"
"UHIIYU2J","Engaging","Lajuana Vencill","Dustin Brinkmann","Central","GTX Basic","Unknown",550,2017-07-30,155,60,59,"Complete CRM record"
"ABT1TDH1","Engaging","Moses Frase","Dustin Brinkmann","Central","GTX Basic","Unknown",550,2017-07-30,155,60,59,"Complete CRM record"
"D9NLFAEG","Engaging","Niesha Huffines","Melvin Marxen","Central","GTX Basic","Unknown",550,2017-07-30,155,60,59,"Complete CRM record"
"4XXAK1QL","Engaging","Jonathan Berthelot","Melvin Marxen","Central","GTX Basic","Unknown",550,2017-07-31,154,60,59,"Complete CRM record"
"WU81R3XH","Engaging","Lajuana Vencill","Dustin Brinkmann","Central","GTX Basic","Unknown",550,2017-07-31,154,60,59,"Complete CRM record"
"RZXMIHGO","Engaging","Gladys Colclough","Melvin Marxen","Central","GTX Basic","Unknown",550,2017-08-01,153,60,59,"Complete CRM record"
"YE7F777U","Engaging","Lajuana Vencill","Dustin Brinkmann","Central","GTX Basic","Unknown",550,2017-08-01,153,60,59,"Complete CRM record"
"URQYDGX8","Engaging","Jonathan Berthelot","Melvin Marxen","Central","GTX Basic","Unknown",550,2017-08-02,152,60,59,"Complete CRM record"
"6RZ5GSAB","Engaging","Jonathan Berthelot","Melvin Marxen","Central","GTX Basic","Unknown",550,2017-08-03,151,60,59,"Complete CRM record"
"7VSFD2MV","Engaging","Kary Hendrixson","Summer Sewald","West","GTX Basic","Unknown",550,2017-08-03,151,60,59,"Complete CRM record"
"XB1ZV04H","Engaging","Versie Hillebrand","Dustin Brinkmann","Central","GTX Basic","Unknown",550,2017-08-03,151,60,59,"Complete CRM record"
"CPOA6FVA","Engaging","Lajuana Vencill","Dustin Brinkmann","Central","GTX Basic","Unknown",550,2017-08-04,150,60,59,"Complete CRM record"
"4PNXMXXC","Engaging","Anna Snelling","Dustin Brinkmann","Central","GTX Basic","Unknown",550,2017-08-05,149,60,59,"Complete CRM record"
"04T6SOQW","Engaging","Kami Bicknell","Summer Sewald","West","GTX Basic","Unknown",550,2017-08-06,148,60,59,"Complete CRM record"
"9AESK6QV","Engaging","Vicki Laflamme","Celia Rouche","West","GTX Basic","Unknown",550,2017-08-07,147,60,59,"Complete CRM record"
"FS60AX8A","Engaging","Lajuana Vencill","Dustin Brinkmann","Central","GTX Basic","Unknown",550,2017-08-08,146,60,59,"Complete CRM record"
"S931EBRN","Engaging","Cassey Cress","Rocco Neubert","East","GTX Basic","Unknown",550,2017-08-09,145,60,59,"Complete CRM record"
"BJH89YWM","Engaging","Jonathan Berthelot","Melvin Marxen","Central","GTX Basic","Unknown",550,2017-08-09,145,60,59,"Complete CRM record"
"298J5EM0","Engaging","Vicki Laflamme","Celia Rouche","West","GTX Basic","Unknown",550,2017-08-09,145,60,59,"Complete CRM record"
"99EA6HXJ","Engaging","Markita Hansen","Celia Rouche","West","GTX Basic","Unknown",550,2017-08-10,144,60,59,"Complete CRM record"
"P4D1NK6D","Engaging","Elease Gluck","Celia Rouche","West","GTX Basic","Unknown",550,2017-08-11,143,60,59,"Complete CRM record"
"UMF3KRCL","Engaging","Maureen Marcano","Summer Sewald","West","GTX Basic","Unknown",550,2017-08-11,143,60,59,"Complete CRM record"
"27REMGYU","Engaging","James Ascencio","Summer Sewald","West","GTX Basic","Unknown",550,2017-08-12,142,60,59,"Complete CRM record"
"B96E3BBD","Engaging","Vicki Laflamme","Celia Rouche","West","GTX Basic","Unknown",550,2017-08-12,142,60,59,"Complete CRM record"
"MQEFGUOG","Engaging","Vicki Laflamme","Celia Rouche","West","GTX Basic","Unknown",550,2017-08-12,142,60,59,"Complete CRM record"
"EEQV0YY4","Engaging","Violet Mclelland","Cara Losch","East","GTX Basic","Unknown",550,2017-08-12,142,60,59,"Complete CRM record"
"7O1UQ19W","Engaging","Gladys Colclough","Melvin Marxen","Central","GTX Basic","Unknown",550,2017-08-13,141,60,59,"Complete CRM record"
"DFSFEADV","Engaging","Lajuana Vencill","Dustin Brinkmann","Central","GTX Basic","Unknown",550,2017-08-13,141,60,59,"Complete CRM record"
"Y8ZUSC9C","Engaging","Jonathan Berthelot","Melvin Marxen","Central","GTX Basic","Unknown",550,2017-08-14,140,60,59,"Complete CRM record"
"XGHMOHYQ","Engaging","Lajuana Vencill","Dustin Brinkmann","Central","GTX Basic","Unknown",550,2017-08-15,139,60,59,"Complete CRM record"
"KR22DD8M","Engaging","Cassey Cress","Rocco Neubert","East","GTX Basic","Unknown",550,2017-08-17,137,60,59,"Complete CRM record"
"VYR4EWHR","Engaging","Kary Hendrixson","Summer Sewald","West","GTX Basic","Unknown",550,2017-08-18,136,60,59,"Complete CRM record"
"QPUPBL50","Engaging","Kary Hendrixson","Summer Sewald","West","GTX Basic","Unknown",550,2017-08-20,134,60,59,"Complete CRM record"
"P6NQ2LZK","Engaging","Vicki Laflamme","Celia Rouche","West","GTX Basic","Unknown",550,2017-08-23,131,60,59,"Complete CRM record"
"LKJZEISS","Engaging","Zane Levy","Summer Sewald","West","GTX Basic","Unknown",550,2017-08-24,130,60,59,"Complete CRM record"
"TGSLH2ZD","Engaging","Zane Levy","Summer Sewald","West","GTX Basic","Unknown",550,2017-08-27,127,60,59,"Complete CRM record"
"OLXEYM3P","Engaging","Zane Levy","Summer Sewald","West","GTX Basic","Unknown",550,2017-08-27,127,60,59,"Complete CRM record"
"PTZ9QLEF","Engaging","Violet Mclelland","Cara Losch","East","GTX Basic","Unknown",550,2017-08-29,125,60,59,"Complete CRM record"
"WNTAT1OT","Engaging","Boris Faz","Rocco Neubert","East","GTX Basic","Unknown",550,2017-08-31,123,60,59,"Complete CRM record"
"NUS67BOQ","Engaging","Rosie Papadopoulos","Cara Losch","East","GTX Basic","Unknown",550,2017-08-31,123,60,59,"Complete CRM record"
"RTX8ZJXT","Engaging","Vicki Laflamme","Celia Rouche","West","GTX Basic","Unknown",550,2017-08-31,123,60,59,"Complete CRM record"
"6C6Z3HRA","Engaging","Zane Levy","Summer Sewald","West","GTX Basic","Unknown",550,2017-08-31,123,60,59,"Complete CRM record"
"LOQ46F0T","Engaging","Cassey Cress","Rocco Neubert","East","GTX Basic","Unknown",550,2017-09-03,120,60,59,"Complete CRM record"
"OGHK250E","Engaging","Violet Mclelland","Cara Losch","East","GTX Basic","Unknown",550,2017-09-03,120,60,59,"Complete CRM record"
"W533W8G6","Engaging","Zane Levy","Summer Sewald","West","GTX Basic","Unknown",550,2017-09-04,119,60,59,"Complete CRM record"
"H5J7C2FE","Engaging","Kami Bicknell","Summer Sewald","West","GTX Basic","Unknown",550,2017-09-05,118,60,59,"Complete CRM record"
"X6NSKI7H","Engaging","Cassey Cress","Rocco Neubert","East","GTX Basic","Unknown",550,2017-09-06,117,60,59,"Complete CRM record"
"ZPXE49AP","Engaging","Daniell Hammack","Rocco Neubert","East","GTX Basic","Unknown",550,2017-09-06,117,60,59,"Complete CRM record"
"U1XSUD1P","Engaging","Kami Bicknell","Summer Sewald","West","GTX Basic","Unknown",550,2017-09-06,117,60,59,"Complete CRM record"
"0558PJL2","Engaging","Corliss Cosme","Cara Losch","East","GTX Basic","Unknown",550,2017-09-11,112,60,59,"Complete CRM record"
"8V5OCDHN","Engaging","Cassey Cress","Rocco Neubert","East","GTX Basic","Unknown",550,2017-09-12,111,60,59,"Complete CRM record"
"JBECEURV","Engaging","Zane Levy","Summer Sewald","West","GTX Basic","Unknown",550,2017-09-14,109,60,59,"Complete CRM record"
"ER0U0TOC","Engaging","Corliss Cosme","Cara Losch","East","GTX Basic","Unknown",550,2017-09-15,108,60,59,"Complete CRM record"
"PAQ6EKHB","Engaging","Kami Bicknell","Summer Sewald","West","GTX Basic","Unknown",550,2017-09-17,106,60,59,"Complete CRM record"
"ZBDT3T2H","Engaging","Kary Hendrixson","Summer Sewald","West","GTX Basic","Unknown",550,2017-09-18,105,60,59,"Complete CRM record"
"K2NPVZL8","Engaging","Kami Bicknell","Summer Sewald","West","GTX Basic","Unknown",550,2017-09-23,100,60,59,"Complete CRM record"
"WV2YBM8V","Engaging","Kary Hendrixson","Summer Sewald","West","GTX Basic","Unknown",550,2017-09-30,93,60,59,"Complete CRM record"
"MYD4PBM9","Engaging","Kary Hendrixson","Summer Sewald","West","GTX Basic","Unknown",550,2017-10-03,90,60,59,"Complete CRM record"
"5WAKI1NB","Engaging","Corliss Cosme","Cara Losch","East","GTX Basic","Unknown",550,2017-10-04,89,60,59,"Complete CRM record"
"OMCFUDOU","Engaging","James Ascencio","Summer Sewald","West","GTX Pro","Unknown",4821,2017-10-31,62,60,58,"Complete CRM record"
"5TCGN3GX","Engaging","Violet Mclelland","Cara Losch","East","GTX Plus Basic","Unknown",1096,2017-10-16,77,60,58,"Complete CRM record"
"N2249A7T","Engaging","Markita Hansen","Celia Rouche","West","GTX Pro","Unknown",4821,2017-11-02,60,60,57,"Complete CRM record"
"ON821ADT","Engaging","Markita Hansen","Celia Rouche","West","GTX Pro","Unknown",4821,2017-11-04,58,60,57,"Complete CRM record"
"HXGDBNAV","Engaging","Maureen Marcano","Summer Sewald","West","MG Advanced","Unknown",3393,2017-10-25,68,60,57,"Complete CRM record"
"WTD6O2OR","Prospecting","Anna Snelling","Dustin Brinkmann","Central","MG Advanced","Betasoloin",3393,,,80,57,"Progress next action"
"OEG8QG42","Prospecting","Anna Snelling","Dustin Brinkmann","Central","MG Advanced","Bioplex",3393,,,80,57,"Progress next action"
"BG0BLC6S","Prospecting","Anna Snelling","Dustin Brinkmann","Central","MG Advanced","Fasehatice",3393,,,80,57,"Progress next action"
"5Q2BX622","Prospecting","Anna Snelling","Dustin Brinkmann","Central","MG Advanced","Inity",3393,,,80,57,"Progress next action"
"RSY2XLKK","Prospecting","Anna Snelling","Dustin Brinkmann","Central","MG Advanced","Streethex",3393,,,80,57,"Progress next action"
"IAV71BEX","Prospecting","Cecily Lampkin","Dustin Brinkmann","Central","MG Advanced","Singletechno",3393,,,80,57,"Progress next action"
"EJUQOEY5","Prospecting","Darcel Schlecht","Melvin Marxen","Central","MG Advanced","Bubba Gump",3393,,,80,57,"Progress next action"
"9HA8VBAP","Prospecting","Darcel Schlecht","Melvin Marxen","Central","MG Advanced","Donquadtech",3393,,,80,57,"Progress next action"
"J5IXJWVU","Prospecting","Gladys Colclough","Melvin Marxen","Central","MG Advanced","Cancity",3393,,,80,57,"Progress next action"
"KFSKQ291","Prospecting","Gladys Colclough","Melvin Marxen","Central","MG Advanced","Plusstrip",3393,,,80,57,"Progress next action"
"ZT1234V3","Prospecting","Gladys Colclough","Melvin Marxen","Central","MG Advanced","Ron-tech",3393,,,80,57,"Progress next action"
"JQBN7PXK","Prospecting","Gladys Colclough","Melvin Marxen","Central","MG Advanced","Xx-zobam",3393,,,80,57,"Progress next action"
"ZKJIVMSG","Prospecting","Lajuana Vencill","Dustin Brinkmann","Central","MG Advanced","Finjob",3393,,,80,57,"Progress next action"
"3TMNC3GW","Prospecting","Lajuana Vencill","Dustin Brinkmann","Central","MG Advanced","Kinnamplus",3393,,,80,57,"Progress next action"
"P25KLAD2","Prospecting","Lajuana Vencill","Dustin Brinkmann","Central","MG Advanced","Rangreen",3393,,,80,57,"Progress next action"
"MI3MV7PU","Prospecting","Marty Freudenburg","Melvin Marxen","Central","MG Advanced","Acme Corporation",3393,,,80,57,"Progress next action"
"A8PVW8RI","Prospecting","Marty Freudenburg","Melvin Marxen","Central","MG Advanced","Condax",3393,,,80,57,"Progress next action"
"S4V0T890","Prospecting","Marty Freudenburg","Melvin Marxen","Central","MG Advanced","Finjob",3393,,,80,57,"Progress next action"
"AP74NF6M","Prospecting","Marty Freudenburg","Melvin Marxen","Central","MG Advanced","Iselectrics",3393,,,80,57,"Progress next action"
"EL09RK8X","Prospecting","Moses Frase","Dustin Brinkmann","Central","MG Advanced","Dalttechnology",3393,,,80,57,"Progress next action"
"Y9EBNML6","Prospecting","Moses Frase","Dustin Brinkmann","Central","MG Advanced","Donquadtech",3393,,,80,57,"Progress next action"
"9H2V1F1E","Prospecting","Moses Frase","Dustin Brinkmann","Central","MG Advanced","Funholding",3393,,,80,57,"Progress next action"
"YVFK9Q0W","Prospecting","Niesha Huffines","Melvin Marxen","Central","MG Advanced","Faxquote",3393,,,80,57,"Progress next action"
"FCNN6UY0","Prospecting","Versie Hillebrand","Dustin Brinkmann","Central","MG Advanced","Ganjaflex",3393,,,80,57,"Progress next action"
"8M2O0Q8V","Prospecting","Versie Hillebrand","Dustin Brinkmann","Central","MG Advanced","Silis",3393,,,80,57,"Progress next action"
"Y6NI5EBV","Engaging","Kami Bicknell","Summer Sewald","West","GTX Plus Basic","Unknown",1096,2017-10-17,76,60,57,"Complete CRM record"
"SLILSQJV","Engaging","Maureen Marcano","Summer Sewald","West","GTX Plus Basic","Unknown",1096,2017-10-19,74,60,57,"Complete CRM record"
"QD7MU7DD","Engaging","Rosie Papadopoulos","Cara Losch","East","GTX Pro","Unknown",4821,2017-11-05,57,60,56,"Complete CRM record"
"C2FSIMZP","Engaging","Corliss Cosme","Cara Losch","East","GTX Pro","Unknown",4821,2017-11-07,55,60,56,"Complete CRM record"
"125VIRMX","Engaging","Elease Gluck","Celia Rouche","West","GTK 500","Warephase",26768,2016-12-19,378,100,55,"Review stalled opportunity"
"SCS5H8V1","Engaging","Markita Hansen","Celia Rouche","West","GTK 500","Vehement Capital Partners",26768,2017-02-14,321,100,55,"Review stalled opportunity"
"DJMPI9TO","Engaging","Elease Gluck","Celia Rouche","West","GTK 500","Xx-zobam",26768,2017-04-18,258,100,55,"Review stalled opportunity"
"GG85QBTM","Engaging","Elease Gluck","Celia Rouche","West","GTK 500","Lexiqvolax",26768,2017-06-10,205,100,55,"Review stalled opportunity"
"5URQT67R","Engaging","Markita Hansen","Celia Rouche","West","GTK 500","Treequote",26768,2017-06-14,201,100,55,"Review stalled opportunity"
"021Z2J9L","Engaging","Markita Hansen","Celia Rouche","West","GTK 500","Rundofase",26768,2017-07-23,162,100,55,"Review stalled opportunity"
"1LY8CAXD","Engaging","Rosalina Dieter","Celia Rouche","West","GTK 500","Betasoloin",26768,2017-09-27,96,100,55,"Review stalled opportunity"
"6JBM1ZKO","Engaging","Vicki Laflamme","Celia Rouche","West","GTX Pro","Unknown",4821,2017-11-09,53,60,55,"Complete CRM record"
"NGG8O0JX","Engaging","Markita Hansen","Celia Rouche","West","GTX Basic","Unknown",550,2017-10-13,80,60,55,"Complete CRM record"
"KD6MB4AP","Engaging","Elease Gluck","Celia Rouche","West","MG Special","Unknown",55,2016-12-11,386,60,55,"Complete CRM record"
"1ZDDZD8B","Engaging","Markita Hansen","Celia Rouche","West","MG Special","Unknown",55,2016-12-15,382,60,55,"Complete CRM record"
"6SN2RQJX","Engaging","Vicki Laflamme","Celia Rouche","West","MG Special","Unknown",55,2016-12-17,380,60,55,"Complete CRM record"
"5T8Q2YID","Engaging","Elease Gluck","Celia Rouche","West","MG Special","Unknown",55,2017-01-01,365,60,55,"Complete CRM record"
"EWDOBEM6","Engaging","Hayden Neloms","Celia Rouche","West","MG Special","Unknown",55,2017-01-03,363,60,55,"Complete CRM record"
"CGWJ1WHI","Engaging","Wilburn Farren","Cara Losch","East","MG Special","Unknown",55,2017-01-04,362,60,55,"Complete CRM record"
"G39V1X3G","Engaging","Corliss Cosme","Cara Losch","East","MG Special","Unknown",55,2017-01-07,359,60,55,"Complete CRM record"
"6Q67ZUJ1","Engaging","Maureen Marcano","Summer Sewald","West","MG Special","Unknown",55,2017-01-09,357,60,55,"Complete CRM record"
"W8CXDBQN","Engaging","Vicki Laflamme","Celia Rouche","West","MG Special","Unknown",55,2017-01-13,353,60,55,"Complete CRM record"
"K64TY8LU","Engaging","Maureen Marcano","Summer Sewald","West","MG Special","Unknown",55,2017-01-16,350,60,55,"Complete CRM record"
"A4JROIDO","Engaging","Vicki Laflamme","Celia Rouche","West","MG Special","Unknown",55,2017-01-19,347,60,55,"Complete CRM record"
"OCGXWE8H","Engaging","Vicki Laflamme","Celia Rouche","West","MG Special","Unknown",55,2017-02-03,332,60,55,"Complete CRM record"
"P9PFSLS6","Engaging","Maureen Marcano","Summer Sewald","West","MG Special","Unknown",55,2017-02-05,330,60,55,"Complete CRM record"
"TH9RV79M","Engaging","Maureen Marcano","Summer Sewald","West","MG Special","Unknown",55,2017-02-06,329,60,55,"Complete CRM record"
"CGJ7NRZH","Engaging","Violet Mclelland","Cara Losch","East","MG Special","Unknown",55,2017-02-12,323,60,55,"Complete CRM record"
"MU7JWTP6","Engaging","Cassey Cress","Rocco Neubert","East","MG Special","Unknown",55,2017-02-18,317,60,55,"Complete CRM record"
"9HRMW8SL","Engaging","Daniell Hammack","Rocco Neubert","East","MG Special","Unknown",55,2017-02-19,316,60,55,"Complete CRM record"
"QDGUWTLU","Engaging","Rosalina Dieter","Celia Rouche","West","MG Special","Unknown",55,2017-02-27,308,60,55,"Complete CRM record"
"L0GMLGRR","Engaging","Vicki Laflamme","Celia Rouche","West","MG Special","Unknown",55,2017-03-02,305,60,55,"Complete CRM record"
"U7M26UZV","Engaging","Vicki Laflamme","Celia Rouche","West","MG Special","Unknown",55,2017-03-03,304,60,55,"Complete CRM record"
"NMKAJZJ4","Engaging","Kary Hendrixson","Summer Sewald","West","MG Special","Unknown",55,2017-03-06,301,60,55,"Complete CRM record"
"0A1LN7GB","Engaging","Violet Mclelland","Cara Losch","East","MG Special","Unknown",55,2017-03-09,298,60,55,"Complete CRM record"
"BY2L60V1","Engaging","Zane Levy","Summer Sewald","West","MG Special","Unknown",55,2017-03-11,296,60,55,"Complete CRM record"
"DJH67UIZ","Engaging","Violet Mclelland","Cara Losch","East","MG Special","Unknown",55,2017-03-17,290,60,55,"Complete CRM record"
"7VGJ2B7O","Engaging","Violet Mclelland","Cara Losch","East","MG Special","Unknown",55,2017-03-17,290,60,55,"Complete CRM record"
"2JY9SQ2L","Engaging","Vicki Laflamme","Celia Rouche","West","MG Special","Unknown",55,2017-03-18,289,60,55,"Complete CRM record"
"4RDJBBB6","Engaging","Daniell Hammack","Rocco Neubert","East","MG Special","Unknown",55,2017-03-22,285,60,55,"Complete CRM record"
"YB20NWM1","Engaging","Vicki Laflamme","Celia Rouche","West","MG Special","Unknown",55,2017-03-24,283,60,55,"Complete CRM record"
"FB9M4FR7","Engaging","James Ascencio","Summer Sewald","West","MG Special","Unknown",55,2017-03-26,281,60,55,"Complete CRM record"
"BXK5HGEY","Engaging","Vicki Laflamme","Celia Rouche","West","MG Special","Unknown",55,2017-03-28,279,60,55,"Complete CRM record"
"XXUGTDX7","Engaging","Vicki Laflamme","Celia Rouche","West","MG Special","Unknown",55,2017-03-28,279,60,55,"Complete CRM record"
"LWXHKI88","Engaging","Vicki Laflamme","Celia Rouche","West","MG Special","Unknown",55,2017-03-28,279,60,55,"Complete CRM record"
"P9LE92UR","Engaging","Kary Hendrixson","Summer Sewald","West","MG Special","Unknown",55,2017-03-31,276,60,55,"Complete CRM record"
"JW4Q5F4Z","Engaging","Cassey Cress","Rocco Neubert","East","MG Special","Unknown",55,2017-04-01,275,60,55,"Complete CRM record"
"HVT28XPH","Engaging","Vicki Laflamme","Celia Rouche","West","MG Special","Unknown",55,2017-04-03,273,60,55,"Complete CRM record"
"VM0MHPAO","Engaging","Wilburn Farren","Cara Losch","East","MG Special","Unknown",55,2017-04-03,273,60,55,"Complete CRM record"
"BPOTQCFG","Engaging","Elease Gluck","Celia Rouche","West","MG Special","Unknown",55,2017-04-04,272,60,55,"Complete CRM record"
"9ILB20UV","Engaging","Markita Hansen","Celia Rouche","West","MG Special","Unknown",55,2017-04-05,271,60,55,"Complete CRM record"
"HPIKEMB9","Engaging","Elease Gluck","Celia Rouche","West","MG Special","Unknown",55,2017-04-06,270,60,55,"Complete CRM record"
"45B6VA2Y","Engaging","Violet Mclelland","Cara Losch","East","MG Special","Unknown",55,2017-04-09,267,60,55,"Complete CRM record"
"FN1QX0BQ","Engaging","Violet Mclelland","Cara Losch","East","MG Special","Unknown",55,2017-04-11,265,60,55,"Complete CRM record"
"3P7QQSVF","Engaging","Vicki Laflamme","Celia Rouche","West","MG Special","Unknown",55,2017-04-12,264,60,55,"Complete CRM record"
"COM9RNBL","Engaging","Markita Hansen","Celia Rouche","West","MG Special","Unknown",55,2017-04-14,262,60,55,"Complete CRM record"
"GACPNKGI","Engaging","Elease Gluck","Celia Rouche","West","MG Special","Unknown",55,2017-04-17,259,60,55,"Complete CRM record"
"49ZS7GTS","Engaging","Vicki Laflamme","Celia Rouche","West","MG Special","Unknown",55,2017-04-18,258,60,55,"Complete CRM record"
"5K0ZFCVO","Engaging","Violet Mclelland","Cara Losch","East","MG Special","Unknown",55,2017-04-18,258,60,55,"Complete CRM record"
"6AEVX11M","Engaging","Violet Mclelland","Cara Losch","East","MG Special","Unknown",55,2017-04-18,258,60,55,"Complete CRM record"
"C32E4E1D","Engaging","Kami Bicknell","Summer Sewald","West","MG Special","Unknown",55,2017-04-20,256,60,55,"Complete CRM record"
"IIVP87B8","Engaging","Maureen Marcano","Summer Sewald","West","MG Special","Unknown",55,2017-04-22,254,60,55,"Complete CRM record"
"61E7IHAY","Engaging","Violet Mclelland","Cara Losch","East","MG Special","Unknown",55,2017-04-22,254,60,55,"Complete CRM record"
"KTC0RC8I","Engaging","James Ascencio","Summer Sewald","West","MG Special","Unknown",55,2017-04-23,253,60,55,"Complete CRM record"
"M9GP930T","Engaging","Rosalina Dieter","Celia Rouche","West","MG Special","Unknown",55,2017-04-23,253,60,55,"Complete CRM record"
"INKH0Y59","Engaging","Vicki Laflamme","Celia Rouche","West","MG Special","Unknown",55,2017-04-24,252,60,55,"Complete CRM record"
"OSMGVV1S","Engaging","Vicki Laflamme","Celia Rouche","West","MG Special","Unknown",55,2017-04-24,252,60,55,"Complete CRM record"
"7882RJGY","Engaging","Wilburn Farren","Cara Losch","East","MG Special","Unknown",55,2017-04-27,249,60,55,"Complete CRM record"
"VP8ERXPR","Engaging","Cassey Cress","Rocco Neubert","East","MG Special","Unknown",55,2017-04-29,247,60,55,"Complete CRM record"
"J9OP2A5I","Engaging","Rosalina Dieter","Celia Rouche","West","MG Special","Unknown",55,2017-05-02,244,60,55,"Complete CRM record"
"KF05URX0","Engaging","Corliss Cosme","Cara Losch","East","MG Special","Unknown",55,2017-05-11,235,60,55,"Complete CRM record"
"7YT7NRV9","Engaging","Elease Gluck","Celia Rouche","West","MG Special","Unknown",55,2017-05-15,231,60,55,"Complete CRM record"
"OK39IHP1","Engaging","Rosalina Dieter","Celia Rouche","West","MG Special","Unknown",55,2017-05-18,228,60,55,"Complete CRM record"
"CX4ZLSDW","Engaging","Wilburn Farren","Cara Losch","East","MG Special","Unknown",55,2017-05-18,228,60,55,"Complete CRM record"
"CYB0NUCJ","Engaging","Cassey Cress","Rocco Neubert","East","MG Special","Unknown",55,2017-05-23,223,60,55,"Complete CRM record"
"6BIZ2MB6","Engaging","Maureen Marcano","Summer Sewald","West","MG Special","Unknown",55,2017-05-24,222,60,55,"Complete CRM record"
"SIBR2J01","Engaging","Maureen Marcano","Summer Sewald","West","MG Special","Unknown",55,2017-05-31,215,60,55,"Complete CRM record"
"ZTVWSE98","Engaging","Rosalina Dieter","Celia Rouche","West","MG Special","Unknown",55,2017-06-01,214,60,55,"Complete CRM record"
"7J0ZLDB1","Engaging","Zane Levy","Summer Sewald","West","MG Special","Unknown",55,2017-06-05,210,60,55,"Complete CRM record"
"XQY4Z4KI","Engaging","Rosie Papadopoulos","Cara Losch","East","MG Special","Unknown",55,2017-06-06,209,60,55,"Complete CRM record"
"RKVXBXBM","Engaging","Markita Hansen","Celia Rouche","West","MG Special","Unknown",55,2017-06-07,208,60,55,"Complete CRM record"
"IQMW1VDP","Engaging","Violet Mclelland","Cara Losch","East","MG Special","Unknown",55,2017-06-07,208,60,55,"Complete CRM record"
"S2J63YRV","Engaging","Rosie Papadopoulos","Cara Losch","East","MG Special","Unknown",55,2017-06-08,207,60,55,"Complete CRM record"
"FHM7LYZ3","Engaging","Corliss Cosme","Cara Losch","East","MG Special","Unknown",55,2017-06-09,206,60,55,"Complete CRM record"
"WTAM4BED","Engaging","Cassey Cress","Rocco Neubert","East","MG Special","Unknown",55,2017-06-13,202,60,55,"Complete CRM record"
"OXNWRI4I","Engaging","Rosalina Dieter","Celia Rouche","West","MG Special","Unknown",55,2017-06-15,200,60,55,"Complete CRM record"
"3C5GNT3Q","Engaging","Vicki Laflamme","Celia Rouche","West","MG Special","Unknown",55,2017-06-16,199,60,55,"Complete CRM record"
"0LRVHITK","Engaging","Violet Mclelland","Cara Losch","East","MG Special","Unknown",55,2017-06-16,199,60,55,"Complete CRM record"
"RUFJMV3I","Engaging","James Ascencio","Summer Sewald","West","MG Special","Unknown",55,2017-06-20,195,60,55,"Complete CRM record"
"VHZFABAC","Engaging","Daniell Hammack","Rocco Neubert","East","MG Special","Unknown",55,2017-06-22,193,60,55,"Complete CRM record"
"HSYU33MS","Engaging","Vicki Laflamme","Celia Rouche","West","MG Special","Unknown",55,2017-06-24,191,60,55,"Complete CRM record"
"S2SC8AP7","Engaging","Violet Mclelland","Cara Losch","East","MG Special","Unknown",55,2017-06-25,190,60,55,"Complete CRM record"
"HLDA8IA1","Engaging","Elease Gluck","Celia Rouche","West","MG Special","Unknown",55,2017-07-02,183,60,55,"Complete CRM record"
"UGB3A3CE","Engaging","Maureen Marcano","Summer Sewald","West","MG Special","Unknown",55,2017-07-04,181,60,55,"Complete CRM record"
"ORM1IRQ2","Engaging","Violet Mclelland","Cara Losch","East","MG Special","Unknown",55,2017-07-07,178,60,55,"Complete CRM record"
"21OMR381","Engaging","Corliss Cosme","Cara Losch","East","MG Special","Unknown",55,2017-07-12,173,60,55,"Complete CRM record"
"4LOHS2AJ","Engaging","Rosie Papadopoulos","Cara Losch","East","MG Special","Unknown",55,2017-07-13,172,60,55,"Complete CRM record"
"8BYEALF9","Engaging","Vicki Laflamme","Celia Rouche","West","MG Special","Unknown",55,2017-07-14,171,60,55,"Complete CRM record"
"CI9S6CST","Engaging","Rosalina Dieter","Celia Rouche","West","MG Special","Unknown",55,2017-07-15,170,60,55,"Complete CRM record"
"EJDRMHNC","Engaging","Boris Faz","Rocco Neubert","East","MG Special","Unknown",55,2017-07-17,168,60,55,"Complete CRM record"
"8D8JOXP6","Engaging","Cecily Lampkin","Dustin Brinkmann","Central","MG Special","Unknown",55,2017-07-19,166,60,55,"Complete CRM record"
"IPHP2GVT","Engaging","Cecily Lampkin","Dustin Brinkmann","Central","MG Special","Unknown",55,2017-07-19,166,60,55,"Complete CRM record"
"HIVUC1C4","Engaging","Lajuana Vencill","Dustin Brinkmann","Central","MG Special","Unknown",55,2017-07-19,166,60,55,"Complete CRM record"
"1R2CLEGQ","Engaging","Anna Snelling","Dustin Brinkmann","Central","MG Special","Unknown",55,2017-07-20,165,60,55,"Complete CRM record"
"0NSRB3EO","Engaging","Jonathan Berthelot","Melvin Marxen","Central","MG Special","Unknown",55,2017-07-20,165,60,55,"Complete CRM record"
"A3T91VUM","Engaging","Cecily Lampkin","Dustin Brinkmann","Central","MG Special","Unknown",55,2017-07-21,164,60,55,"Complete CRM record"
"VJ9K12PY","Engaging","Lajuana Vencill","Dustin Brinkmann","Central","MG Special","Unknown",55,2017-07-21,164,60,55,"Complete CRM record"
"GE4QGOCI","Engaging","Moses Frase","Dustin Brinkmann","Central","MG Special","Unknown",55,2017-07-21,164,60,55,"Complete CRM record"
"3DATPTEH","Engaging","Anna Snelling","Dustin Brinkmann","Central","MG Special","Unknown",55,2017-07-22,163,60,55,"Complete CRM record"
"FT5U6NIG","Engaging","Anna Snelling","Dustin Brinkmann","Central","MG Special","Unknown",55,2017-07-22,163,60,55,"Complete CRM record"
"RQF6II3D","Engaging","Anna Snelling","Dustin Brinkmann","Central","MG Special","Unknown",55,2017-07-22,163,60,55,"Complete CRM record"
"UAX2OR58","Engaging","Darcel Schlecht","Melvin Marxen","Central","MG Special","Unknown",55,2017-07-22,163,60,55,"Complete CRM record"
"XNHTLVT1","Engaging","Gladys Colclough","Melvin Marxen","Central","MG Special","Unknown",55,2017-07-22,163,60,55,"Complete CRM record"
"E26Z10W7","Engaging","James Ascencio","Summer Sewald","West","MG Special","Unknown",55,2017-07-22,163,60,55,"Complete CRM record"
"UJTU7DUB","Engaging","Moses Frase","Dustin Brinkmann","Central","MG Special","Unknown",55,2017-07-22,163,60,55,"Complete CRM record"
"MM79TSUR","Engaging","Versie Hillebrand","Dustin Brinkmann","Central","MG Special","Unknown",55,2017-07-22,163,60,55,"Complete CRM record"
"INLVV78V","Engaging","Versie Hillebrand","Dustin Brinkmann","Central","MG Special","Unknown",55,2017-07-22,163,60,55,"Complete CRM record"
"4JTH72JR","Engaging","Versie Hillebrand","Dustin Brinkmann","Central","MG Special","Unknown",55,2017-07-22,163,60,55,"Complete CRM record"
"J732416R","Engaging","Anna Snelling","Dustin Brinkmann","Central","MG Special","Unknown",55,2017-07-23,162,60,55,"Complete CRM record"
"IAUXJ05J","Engaging","Anna Snelling","Dustin Brinkmann","Central","MG Special","Unknown",55,2017-07-23,162,60,55,"Complete CRM record"
"6GG9CSTV","Engaging","Gladys Colclough","Melvin Marxen","Central","MG Special","Unknown",55,2017-07-23,162,60,55,"Complete CRM record"
"5WSQ6D2E","Engaging","Gladys Colclough","Melvin Marxen","Central","MG Special","Unknown",55,2017-07-23,162,60,55,"Complete CRM record"
"P3Z2LYCL","Engaging","Versie Hillebrand","Dustin Brinkmann","Central","MG Special","Unknown",55,2017-07-23,162,60,55,"Complete CRM record"
"WSQHC199","Engaging","Darcel Schlecht","Melvin Marxen","Central","MG Special","Unknown",55,2017-07-24,161,60,55,"Complete CRM record"
"7AFBJFP5","Engaging","Maureen Marcano","Summer Sewald","West","MG Special","Unknown",55,2017-07-24,161,60,55,"Complete CRM record"
"Z7EBMMAE","Engaging","Versie Hillebrand","Dustin Brinkmann","Central","MG Special","Unknown",55,2017-07-24,161,60,55,"Complete CRM record"
"KT4OEP4X","Engaging","Versie Hillebrand","Dustin Brinkmann","Central","MG Special","Unknown",55,2017-07-24,161,60,55,"Complete CRM record"
"ODHVHXKS","Engaging","Versie Hillebrand","Dustin Brinkmann","Central","MG Special","Unknown",55,2017-07-24,161,60,55,"Complete CRM record"
"CGFLLZZI","Engaging","Kary Hendrixson","Summer Sewald","West","MG Special","Unknown",55,2017-07-25,160,60,55,"Complete CRM record"
"8ODHXBNE","Engaging","Rosalina Dieter","Celia Rouche","West","MG Special","Unknown",55,2017-07-25,160,60,55,"Complete CRM record"
"V02WMIWK","Engaging","Anna Snelling","Dustin Brinkmann","Central","MG Special","Unknown",55,2017-07-26,159,60,55,"Complete CRM record"
"7RLLNAYC","Engaging","Gladys Colclough","Melvin Marxen","Central","MG Special","Unknown",55,2017-07-26,159,60,55,"Complete CRM record"
"BRDB1I76","Engaging","Gladys Colclough","Melvin Marxen","Central","MG Special","Unknown",55,2017-07-26,159,60,55,"Complete CRM record"
"IK7LMFER","Engaging","Moses Frase","Dustin Brinkmann","Central","MG Special","Unknown",55,2017-07-26,159,60,55,"Complete CRM record"
"YYU1J6E1","Engaging","Anna Snelling","Dustin Brinkmann","Central","MG Special","Unknown",55,2017-07-27,158,60,55,"Complete CRM record"
"51H02FX1","Engaging","Niesha Huffines","Melvin Marxen","Central","MG Special","Unknown",55,2017-07-27,158,60,55,"Complete CRM record"
"WVT3X6IC","Engaging","Versie Hillebrand","Dustin Brinkmann","Central","MG Special","Unknown",55,2017-07-27,158,60,55,"Complete CRM record"
"10QE4JCA","Engaging","Anna Snelling","Dustin Brinkmann","Central","MG Special","Unknown",55,2017-07-28,157,60,55,"Complete CRM record"
"3PPHOXTT","Engaging","Darcel Schlecht","Melvin Marxen","Central","MG Special","Unknown",55,2017-07-28,157,60,55,"Complete CRM record"
"M5FP7HGQ","Engaging","Moses Frase","Dustin Brinkmann","Central","MG Special","Unknown",55,2017-07-28,157,60,55,"Complete CRM record"
"3A2CCWEG","Engaging","Cecily Lampkin","Dustin Brinkmann","Central","MG Special","Unknown",55,2017-07-29,156,60,55,"Complete CRM record"
"3FI1J4VO","Engaging","Gladys Colclough","Melvin Marxen","Central","MG Special","Unknown",55,2017-07-29,156,60,55,"Complete CRM record"
"6US3WW0M","Engaging","Jonathan Berthelot","Melvin Marxen","Central","MG Special","Unknown",55,2017-07-29,156,60,55,"Complete CRM record"
"TQZLDFIJ","Engaging","Versie Hillebrand","Dustin Brinkmann","Central","MG Special","Unknown",55,2017-07-29,156,60,55,"Complete CRM record"
"MK380H70","Engaging","Anna Snelling","Dustin Brinkmann","Central","MG Special","Unknown",55,2017-07-30,155,60,55,"Complete CRM record"
"5SNCUQ8Z","Engaging","Anna Snelling","Dustin Brinkmann","Central","MG Special","Unknown",55,2017-07-30,155,60,55,"Complete CRM record"
"RTOIXNPC","Engaging","Gladys Colclough","Melvin Marxen","Central","MG Special","Unknown",55,2017-07-30,155,60,55,"Complete CRM record"
"7COYG1Z2","Engaging","Kami Bicknell","Summer Sewald","West","MG Special","Unknown",55,2017-07-30,155,60,55,"Complete CRM record"
"754UOV5F","Engaging","Marty Freudenburg","Melvin Marxen","Central","MG Special","Unknown",55,2017-07-30,155,60,55,"Complete CRM record"
"I5AKI9KC","Engaging","Niesha Huffines","Melvin Marxen","Central","MG Special","Unknown",55,2017-07-30,155,60,55,"Complete CRM record"
"0M3NCPQX","Engaging","Versie Hillebrand","Dustin Brinkmann","Central","MG Special","Unknown",55,2017-07-30,155,60,55,"Complete CRM record"
"OJ42ZCHR","Engaging","Violet Mclelland","Cara Losch","East","MG Special","Unknown",55,2017-07-30,155,60,55,"Complete CRM record"
"YWGU40CP","Engaging","Darcel Schlecht","Melvin Marxen","Central","MG Special","Unknown",55,2017-07-31,154,60,55,"Complete CRM record"
"K63TD0WD","Engaging","Versie Hillebrand","Dustin Brinkmann","Central","MG Special","Unknown",55,2017-07-31,154,60,55,"Complete CRM record"
"EP9JNNF1","Engaging","Violet Mclelland","Cara Losch","East","MG Special","Unknown",55,2017-07-31,154,60,55,"Complete CRM record"
"H85L45JM","Engaging","Anna Snelling","Dustin Brinkmann","Central","MG Special","Unknown",55,2017-08-01,153,60,55,"Complete CRM record"
"VAL8O4PH","Engaging","Darcel Schlecht","Melvin Marxen","Central","MG Special","Unknown",55,2017-08-01,153,60,55,"Complete CRM record"
"G78ZK6XI","Engaging","Gladys Colclough","Melvin Marxen","Central","MG Special","Unknown",55,2017-08-01,153,60,55,"Complete CRM record"
"A9TEJW6U","Engaging","Versie Hillebrand","Dustin Brinkmann","Central","MG Special","Unknown",55,2017-08-01,153,60,55,"Complete CRM record"
"1DC9PQ4S","Engaging","Versie Hillebrand","Dustin Brinkmann","Central","MG Special","Unknown",55,2017-08-01,153,60,55,"Complete CRM record"
"8LP076IV","Engaging","Versie Hillebrand","Dustin Brinkmann","Central","MG Special","Unknown",55,2017-08-02,152,60,55,"Complete CRM record"
"CWXHKUV5","Engaging","Versie Hillebrand","Dustin Brinkmann","Central","MG Special","Unknown",55,2017-08-02,152,60,55,"Complete CRM record"
"ULJG457F","Engaging","Anna Snelling","Dustin Brinkmann","Central","MG Special","Unknown",55,2017-08-03,151,60,55,"Complete CRM record"
"3G61D5KV","Engaging","Gladys Colclough","Melvin Marxen","Central","MG Special","Unknown",55,2017-08-03,151,60,55,"Complete CRM record"
"3BA9OPGY","Engaging","Lajuana Vencill","Dustin Brinkmann","Central","MG Special","Unknown",55,2017-08-03,151,60,55,"Complete CRM record"
"SUUVV6RP","Engaging","Niesha Huffines","Melvin Marxen","Central","MG Special","Unknown",55,2017-08-03,151,60,55,"Complete CRM record"
"Q1TS5ZKD","Engaging","Versie Hillebrand","Dustin Brinkmann","Central","MG Special","Unknown",55,2017-08-03,151,60,55,"Complete CRM record"
"ZCUMC0XC","Engaging","Gladys Colclough","Melvin Marxen","Central","MG Special","Unknown",55,2017-08-04,150,60,55,"Complete CRM record"
"51VR0RD3","Engaging","Violet Mclelland","Cara Losch","East","MG Special","Unknown",55,2017-08-04,150,60,55,"Complete CRM record"
"DAAHNY6T","Engaging","Anna Snelling","Dustin Brinkmann","Central","MG Special","Unknown",55,2017-08-05,149,60,55,"Complete CRM record"
"80QJ0BQH","Engaging","Anna Snelling","Dustin Brinkmann","Central","MG Special","Unknown",55,2017-08-05,149,60,55,"Complete CRM record"
"3A54O8JT","Engaging","Versie Hillebrand","Dustin Brinkmann","Central","MG Special","Unknown",55,2017-08-05,149,60,55,"Complete CRM record"
"DYO98F6J","Engaging","Marty Freudenburg","Melvin Marxen","Central","MG Special","Unknown",55,2017-08-10,144,60,55,"Complete CRM record"
"Z7Q2USU1","Engaging","Markita Hansen","Celia Rouche","West","MG Special","Unknown",55,2017-08-11,143,60,55,"Complete CRM record"
"VJSI29OF","Engaging","Versie Hillebrand","Dustin Brinkmann","Central","MG Special","Unknown",55,2017-08-11,143,60,55,"Complete CRM record"
"QFRZLXF3","Engaging","Cecily Lampkin","Dustin Brinkmann","Central","MG Special","Unknown",55,2017-08-12,142,60,55,"Complete CRM record"
"LT111IZL","Engaging","Moses Frase","Dustin Brinkmann","Central","MG Special","Unknown",55,2017-08-12,142,60,55,"Complete CRM record"
"QHY85D44","Engaging","Moses Frase","Dustin Brinkmann","Central","MG Special","Unknown",55,2017-08-12,142,60,55,"Complete CRM record"
"USS2SNQI","Engaging","Maureen Marcano","Summer Sewald","West","MG Special","Unknown",55,2017-08-13,141,60,55,"Complete CRM record"
"NPORW46K","Engaging","Anna Snelling","Dustin Brinkmann","Central","MG Special","Unknown",55,2017-08-14,140,60,55,"Complete CRM record"
"0GS0L5VR","Engaging","Anna Snelling","Dustin Brinkmann","Central","MG Special","Unknown",55,2017-08-14,140,60,55,"Complete CRM record"
"8FGW6RSX","Engaging","Elease Gluck","Celia Rouche","West","MG Special","Unknown",55,2017-08-14,140,60,55,"Complete CRM record"
"B08R55ET","Engaging","Anna Snelling","Dustin Brinkmann","Central","MG Special","Unknown",55,2017-08-15,139,60,55,"Complete CRM record"
"V7W8CA47","Engaging","Vicki Laflamme","Celia Rouche","West","MG Special","Unknown",55,2017-08-16,138,60,55,"Complete CRM record"
"NZJXKD9H","Engaging","Daniell Hammack","Rocco Neubert","East","MG Special","Unknown",55,2017-08-19,135,60,55,"Complete CRM record"
"RFQFJLNJ","Engaging","Markita Hansen","Celia Rouche","West","MG Special","Unknown",55,2017-08-21,133,60,55,"Complete CRM record"
"8P3O8A9H","Engaging","Vicki Laflamme","Celia Rouche","West","MG Special","Unknown",55,2017-08-21,133,60,55,"Complete CRM record"
"8PLXH354","Engaging","Rosalina Dieter","Celia Rouche","West","MG Special","Unknown",55,2017-08-26,128,60,55,"Complete CRM record"
"TCJA7XF2","Engaging","Kami Bicknell","Summer Sewald","West","MG Special","Unknown",55,2017-08-27,127,60,55,"Complete CRM record"
"R65LGLJ0","Engaging","Cassey Cress","Rocco Neubert","East","MG Special","Unknown",55,2017-08-30,124,60,55,"Complete CRM record"
"XXD7OQOH","Engaging","Markita Hansen","Celia Rouche","West","MG Special","Unknown",55,2017-08-30,124,60,55,"Complete CRM record"
"LMU41E2W","Engaging","Rosalina Dieter","Celia Rouche","West","MG Special","Unknown",55,2017-08-30,124,60,55,"Complete CRM record"
"1Y58TSUU","Engaging","Violet Mclelland","Cara Losch","East","MG Special","Unknown",55,2017-08-30,124,60,55,"Complete CRM record"
"ASZNII2J","Engaging","Elease Gluck","Celia Rouche","West","MG Special","Unknown",55,2017-09-01,122,60,55,"Complete CRM record"
"JKAYQ4HQ","Engaging","Elease Gluck","Celia Rouche","West","MG Special","Unknown",55,2017-09-03,120,60,55,"Complete CRM record"
"YPM5PZMD","Engaging","Vicki Laflamme","Celia Rouche","West","MG Special","Unknown",55,2017-09-03,120,60,55,"Complete CRM record"
"WEES59KH","Engaging","Violet Mclelland","Cara Losch","East","MG Special","Unknown",55,2017-09-06,117,60,55,"Complete CRM record"
"H0RRUQZ6","Engaging","Maureen Marcano","Summer Sewald","West","MG Special","Unknown",55,2017-09-08,115,60,55,"Complete CRM record"
"WIQQUZRQ","Engaging","Rosalina Dieter","Celia Rouche","West","MG Special","Unknown",55,2017-09-10,113,60,55,"Complete CRM record"
"S2XTTF3B","Engaging","Rosalina Dieter","Celia Rouche","West","MG Special","Unknown",55,2017-09-11,112,60,55,"Complete CRM record"
"EQ0PLA0O","Engaging","Vicki Laflamme","Celia Rouche","West","MG Special","Unknown",55,2017-09-13,110,60,55,"Complete CRM record"
"5F1RM2YM","Engaging","Elease Gluck","Celia Rouche","West","MG Special","Unknown",55,2017-09-20,103,60,55,"Complete CRM record"
"LZ3B174J","Engaging","Vicki Laflamme","Celia Rouche","West","MG Special","Unknown",55,2017-09-29,94,60,55,"Complete CRM record"
"EZVKSQ9C","Engaging","Boris Faz","Rocco Neubert","East","GTX Plus Pro","Genco Pura Olive Oil Company",5482,2016-12-16,381,100,54,"Review stalled opportunity"
"5VYJCJAE","Engaging","Corliss Cosme","Cara Losch","East","GTX Plus Pro","Zoomit",5482,2017-01-15,351,100,54,"Review stalled opportunity"
"S3W6Q07M","Engaging","Kami Bicknell","Summer Sewald","West","GTX Plus Pro","Acme Corporation",5482,2017-01-16,350,100,54,"Review stalled opportunity"
"9E8A7MQ8","Engaging","Kary Hendrixson","Summer Sewald","West","GTX Plus Pro","Blackzim",5482,2017-02-26,309,100,54,"Review stalled opportunity"
"IN9S33CD","Engaging","Rosalina Dieter","Celia Rouche","West","GTX Plus Pro","Finhigh",5482,2017-03-17,290,100,54,"Review stalled opportunity"
"5G4I94TF","Engaging","Kary Hendrixson","Summer Sewald","West","GTX Plus Pro","Statholdings",5482,2017-03-26,281,100,54,"Review stalled opportunity"
"FM505XD5","Engaging","Daniell Hammack","Rocco Neubert","East","GTX Plus Pro","Y-corporation",5482,2017-04-08,268,100,54,"Review stalled opportunity"
"CVFUMOK9","Engaging","Corliss Cosme","Cara Losch","East","GTX Plus Pro","Rangreen",5482,2017-04-12,264,100,54,"Review stalled opportunity"
"BYF6ABTZ","Engaging","Kary Hendrixson","Summer Sewald","West","GTX Plus Pro","Opentech",5482,2017-04-18,258,100,54,"Review stalled opportunity"
"VMIAO42Z","Engaging","Vicki Laflamme","Celia Rouche","West","GTX Plus Pro","Donquadtech",5482,2017-04-28,248,100,54,"Review stalled opportunity"
"OLGT0VHP","Engaging","James Ascencio","Summer Sewald","West","GTX Plus Pro","Statholdings",5482,2017-05-01,245,100,54,"Review stalled opportunity"
"HF74MC9F","Engaging","Corliss Cosme","Cara Losch","East","GTX Plus Pro","Ganjaflex",5482,2017-05-06,240,100,54,"Review stalled opportunity"
"IGHYUSN8","Engaging","Vicki Laflamme","Celia Rouche","West","GTX Plus Pro","Golddex",5482,2017-05-06,240,100,54,"Review stalled opportunity"
"MV227O65","Engaging","Maureen Marcano","Summer Sewald","West","GTX Plus Pro","Sonron",5482,2017-05-11,235,100,54,"Review stalled opportunity"
"EF24VTVA","Engaging","James Ascencio","Summer Sewald","West","GTX Plus Pro","Kinnamplus",5482,2017-05-14,232,100,54,"Review stalled opportunity"
"KJHM27ZM","Engaging","Daniell Hammack","Rocco Neubert","East","GTX Plus Pro","Labdrill",5482,2017-05-15,231,100,54,"Review stalled opportunity"
"2BXYT4PD","Engaging","Hayden Neloms","Celia Rouche","West","GTX Plus Pro","Funholding",5482,2017-05-18,228,100,54,"Review stalled opportunity"
"HU970PDK","Engaging","James Ascencio","Summer Sewald","West","GTX Plus Pro","Donquadtech",5482,2017-05-18,228,100,54,"Review stalled opportunity"
"0STR2QEA","Engaging","Corliss Cosme","Cara Losch","East","GTX Plus Pro","Inity",5482,2017-05-25,221,100,54,"Review stalled opportunity"
"ZK4S74FD","Engaging","Vicki Laflamme","Celia Rouche","West","GTX Plus Pro","Singletechno",5482,2017-05-25,221,100,54,"Review stalled opportunity"
"AY3KTIXX","Engaging","James Ascencio","Summer Sewald","West","GTX Plus Pro","Cheers",5482,2017-06-08,207,100,54,"Review stalled opportunity"
"WEKW3XIN","Engaging","Cassey Cress","Rocco Neubert","East","GTX Plus Pro","Condax",5482,2017-06-20,195,100,54,"Review stalled opportunity"
"49T60OCI","Engaging","Cassey Cress","Rocco Neubert","East","GTX Plus Pro","Scottech",5482,2017-07-04,181,100,54,"Review stalled opportunity"
"QP0QCP8Y","Engaging","Kary Hendrixson","Summer Sewald","West","GTX Plus Pro","Dalttechnology",5482,2017-07-05,180,100,54,"Review stalled opportunity"
"K1K48OTP","Engaging","Kary Hendrixson","Summer Sewald","West","GTX Plus Pro","Conecom",5482,2017-07-07,178,100,54,"Review stalled opportunity"
"7A3R2M9T","Engaging","Vicki Laflamme","Celia Rouche","West","GTX Plus Pro","Sonron",5482,2017-07-17,168,100,54,"Review stalled opportunity"
"I3KQNE9V","Engaging","Darcel Schlecht","Melvin Marxen","Central","GTX Plus Pro","Isdom",5482,2017-07-19,166,100,54,"Review stalled opportunity"
"E3XLWCWX","Engaging","Marty Freudenburg","Melvin Marxen","Central","GTX Plus Pro","Ontomedia",5482,2017-07-19,166,100,54,"Review stalled opportunity"
"LD4F6QTP","Engaging","Anna Snelling","Dustin Brinkmann","Central","GTX Plus Pro","Groovestreet",5482,2017-07-20,165,100,54,"Review stalled opportunity"
"1FEHFRKX","Engaging","Anna Snelling","Dustin Brinkmann","Central","GTX Plus Pro","Labdrill",5482,2017-07-20,165,100,54,"Review stalled opportunity"
"F3EOBN5A","Engaging","Moses Frase","Dustin Brinkmann","Central","GTX Plus Pro","Genco Pura Olive Oil Company",5482,2017-07-20,165,100,54,"Review stalled opportunity"
"BBOWBQA6","Engaging","Niesha Huffines","Melvin Marxen","Central","GTX Plus Pro","Blackzim",5482,2017-07-20,165,100,54,"Review stalled opportunity"
"CBQRKYZP","Engaging","Marty Freudenburg","Melvin Marxen","Central","GTX Plus Pro","Silis",5482,2017-07-21,164,100,54,"Review stalled opportunity"
"7FZ9CBZ3","Engaging","Anna Snelling","Dustin Brinkmann","Central","GTX Plus Pro","Scotfind",5482,2017-07-24,161,100,54,"Review stalled opportunity"
"RTWAUR7C","Engaging","Gladys Colclough","Melvin Marxen","Central","GTX Plus Pro","Y-corporation",5482,2017-07-24,161,100,54,"Review stalled opportunity"
"7TFHGN6O","Engaging","Darcel Schlecht","Melvin Marxen","Central","GTX Plus Pro","Inity",5482,2017-07-26,159,100,54,"Review stalled opportunity"
"18YA4UUP","Engaging","Versie Hillebrand","Dustin Brinkmann","Central","GTX Plus Pro","Xx-zobam",5482,2017-07-27,158,100,54,"Review stalled opportunity"
"R55U5QI4","Engaging","Darcel Schlecht","Melvin Marxen","Central","GTX Plus Pro","Scottech",5482,2017-07-30,155,100,54,"Review stalled opportunity"
"WRKPDK7O","Engaging","Versie Hillebrand","Dustin Brinkmann","Central","GTX Plus Pro","Hatfan",5482,2017-08-01,153,100,54,"Review stalled opportunity"
"NY7Z4I06","Engaging","Kary Hendrixson","Summer Sewald","West","GTX Plus Pro","Betasoloin",5482,2017-08-05,149,100,54,"Review stalled opportunity"
"FSNL204U","Engaging","Marty Freudenburg","Melvin Marxen","Central","GTX Plus Pro","Hatfan",5482,2017-08-09,145,100,54,"Review stalled opportunity"
"J31SUXQJ","Engaging","Marty Freudenburg","Melvin Marxen","Central","GTX Plus Pro","Sumace",5482,2017-08-10,144,100,54,"Review stalled opportunity"
"5MAXF8FK","Engaging","Gladys Colclough","Melvin Marxen","Central","GTX Plus Pro","The New York Inquirer",5482,2017-08-11,143,100,54,"Review stalled opportunity"
"5CAP1055","Engaging","Kary Hendrixson","Summer Sewald","West","GTX Plus Pro","Kan-code",5482,2017-08-13,141,100,54,"Review stalled opportunity"
"NSX4NR40","Engaging","Anna Snelling","Dustin Brinkmann","Central","GTX Plus Pro","Bioholding",5482,2017-08-14,140,100,54,"Review stalled opportunity"
"059K86LU","Engaging","Kami Bicknell","Summer Sewald","West","GTX Plus Pro","Labdrill",5482,2017-08-26,128,100,54,"Review stalled opportunity"
"WZN26QZQ","Engaging","Corliss Cosme","Cara Losch","East","GTX Plus Pro","Lexiqvolax",5482,2017-08-27,127,100,54,"Review stalled opportunity"
"A5SCVK7E","Engaging","Corliss Cosme","Cara Losch","East","GTX Plus Pro","Goodsilron",5482,2017-09-01,122,100,54,"Review stalled opportunity"
"6OD1J7MW","Engaging","Elease Gluck","Celia Rouche","West","GTX Plus Pro","Plexzap",5482,2017-09-02,121,100,54,"Review stalled opportunity"
"7GDSUY9K","Engaging","Hayden Neloms","Celia Rouche","West","GTX Plus Pro","Konmatfix",5482,2017-09-05,118,100,54,"Review stalled opportunity"
"01XZ9CRY","Engaging","Zane Levy","Summer Sewald","West","GTX Plus Pro","Initech",5482,2017-09-18,105,100,54,"Review stalled opportunity"
"4SOUOUKH","Engaging","Vicki Laflamme","Celia Rouche","West","GTX Plus Pro","Treequote",5482,2017-09-30,93,100,54,"Review stalled opportunity"
"Q9UWOC28","Prospecting","Anna Snelling","Dustin Brinkmann","Central","GTX Plus Basic","Plusstrip",1096,,,80,54,"Progress next action"
"YL29KX3L","Prospecting","Anna Snelling","Dustin Brinkmann","Central","GTX Plus Basic","Zumgoity",1096,,,80,54,"Progress next action"
"VAM56BG4","Prospecting","Darcel Schlecht","Melvin Marxen","Central","GTX Plus Basic","Acme Corporation",1096,,,80,54,"Progress next action"
"ZTCQWF53","Prospecting","Darcel Schlecht","Melvin Marxen","Central","GTX Plus Basic","Faxquote",1096,,,80,54,"Progress next action"
"LKDSEQ2Q","Prospecting","Darcel Schlecht","Melvin Marxen","Central","GTX Plus Basic","Yearin",1096,,,80,54,"Progress next action"
"TLJWMKEO","Prospecting","Gladys Colclough","Melvin Marxen","Central","GTX Plus Basic","Iselectrics",1096,,,80,54,"Progress next action"
"NXJNQ3Z9","Prospecting","Gladys Colclough","Melvin Marxen","Central","GTX Plus Basic","Plexzap",1096,,,80,54,"Progress next action"
"ARBTXSEH","Prospecting","Jonathan Berthelot","Melvin Marxen","Central","GTX Plus Basic","Globex Corporation",1096,,,80,54,"Progress next action"
"P4D8H19O","Prospecting","Jonathan Berthelot","Melvin Marxen","Central","GTX Plus Basic","Isdom",1096,,,80,54,"Progress next action"
"W2K1S9N3","Prospecting","Lajuana Vencill","Dustin Brinkmann","Central","GTX Plus Basic","Dalttechnology",1096,,,80,54,"Progress next action"
"I43F0Z77","Prospecting","Marty Freudenburg","Melvin Marxen","Central","GTX Plus Basic","Betasoloin",1096,,,80,54,"Progress next action"
"YYMKOAVY","Prospecting","Marty Freudenburg","Melvin Marxen","Central","GTX Plus Basic","Donquadtech",1096,,,80,54,"Progress next action"
"0HR4TEU4","Prospecting","Marty Freudenburg","Melvin Marxen","Central","GTX Plus Basic","Plussunin",1096,,,80,54,"Progress next action"
"O8JCYJSV","Prospecting","Marty Freudenburg","Melvin Marxen","Central","GTX Plus Basic","Silis",1096,,,80,54,"Progress next action"
"FMRVHL9O","Prospecting","Marty Freudenburg","Melvin Marxen","Central","GTX Plus Basic","Toughzap",1096,,,80,54,"Progress next action"
"YMI68O7S","Prospecting","Marty Freudenburg","Melvin Marxen","Central","GTX Plus Basic","Zumgoity",1096,,,80,54,"Progress next action"
"MNCY3CKD","Prospecting","Niesha Huffines","Melvin Marxen","Central","GTX Plus Basic","Nam-zim",1096,,,80,54,"Progress next action"
"E0S2ZL6X","Prospecting","Niesha Huffines","Melvin Marxen","Central","GTX Plus Basic","Streethex",1096,,,80,54,"Progress next action"
"XT9QCG8T","Prospecting","Niesha Huffines","Melvin Marxen","Central","GTX Plus Basic","Zoomit",1096,,,80,54,"Progress next action"
"C5B5WBY9","Prospecting","Versie Hillebrand","Dustin Brinkmann","Central","GTX Plus Basic","Sumace",1096,,,80,54,"Progress next action"
"4ZKFSG5F","Engaging","Violet Mclelland","Cara Losch","East","GTX Basic","Unknown",550,2017-10-16,77,60,54,"Complete CRM record"
"06C1N1F7","Engaging","Elease Gluck","Celia Rouche","West","MG Special","Unknown",55,2017-10-05,88,60,54,"Complete CRM record"
"MIA65OVY","Engaging","Elease Gluck","Celia Rouche","West","MG Special","Unknown",55,2017-10-06,87,60,54,"Complete CRM record"
"0CR37ETK","Engaging","Corliss Cosme","Cara Losch","East","MG Advanced","Unknown",3393,2017-11-05,57,60,53,"Complete CRM record"
"O691ZXXH","Engaging","Markita Hansen","Celia Rouche","West","MG Special","Unknown",55,2017-10-08,85,60,53,"Complete CRM record"
"QDBJOE9M","Engaging","Zane Levy","Summer Sewald","West","MG Special","Unknown",55,2017-10-08,85,60,53,"Complete CRM record"
"0HUWQWOJ","Engaging","Markita Hansen","Celia Rouche","West","MG Special","Unknown",55,2017-10-09,84,60,53,"Complete CRM record"
"GL2FM1RM","Engaging","Rosalina Dieter","Celia Rouche","West","GTX Basic","Unknown",550,2017-10-22,71,60,52,"Complete CRM record"
"8SLDCS0F","Engaging","Markita Hansen","Celia Rouche","West","MG Special","Unknown",55,2017-10-11,82,60,52,"Complete CRM record"
"ICMXZOVL","Engaging","Daniell Hammack","Rocco Neubert","East","GTX Pro","Stanredtax",4821,2016-12-08,389,100,51,"Review stalled opportunity"
"MNVMY83P","Engaging","Cassey Cress","Rocco Neubert","East","GTX Pro","Plussunin",4821,2016-12-10,387,100,51,"Review stalled opportunity"
"K5CWSFCW","Engaging","Elease Gluck","Celia Rouche","West","GTX Pro","Blackzim",4821,2016-12-21,376,100,51,"Review stalled opportunity"
"SQLYCFGV","Engaging","Zane Levy","Summer Sewald","West","GTX Pro","Opentech",4821,2016-12-22,375,100,51,"Review stalled opportunity"
"CJ2ON1LV","Engaging","Corliss Cosme","Cara Losch","East","GTX Pro","Nam-zim",4821,2017-01-11,355,100,51,"Review stalled opportunity"
"UQQE9ILV","Engaging","James Ascencio","Summer Sewald","West","GTX Pro","Iselectrics",4821,2017-01-13,353,100,51,"Review stalled opportunity"
"BTUG5VDL","Engaging","Corliss Cosme","Cara Losch","East","GTX Pro","Inity",4821,2017-01-15,351,100,51,"Review stalled opportunity"
"PMEENWD5","Engaging","Corliss Cosme","Cara Losch","East","GTX Pro","Globex Corporation",4821,2017-01-21,345,100,51,"Review stalled opportunity"
"4NGSQODD","Engaging","James Ascencio","Summer Sewald","West","GTX Pro","Blackzim",4821,2017-01-28,338,100,51,"Review stalled opportunity"
"30R81VZX","Engaging","Kami Bicknell","Summer Sewald","West","GTX Pro","Zoomit",4821,2017-02-06,329,100,51,"Review stalled opportunity"
"B5A1BERF","Engaging","Kami Bicknell","Summer Sewald","West","GTX Pro","Umbrella Corporation",4821,2017-02-07,328,100,51,"Review stalled opportunity"
"B06D1F9M","Engaging","Vicki Laflamme","Celia Rouche","West","GTX Pro","Faxquote",4821,2017-02-13,322,100,51,"Review stalled opportunity"
"NOLCZMV6","Engaging","Violet Mclelland","Cara Losch","East","GTX Pro","Goodsilron",4821,2017-02-21,314,100,51,"Review stalled opportunity"
"QRQ8C6MQ","Engaging","Cassey Cress","Rocco Neubert","East","GTX Pro","Globex Corporation",4821,2017-03-03,304,100,51,"Review stalled opportunity"
"7TI1WTV9","Engaging","Zane Levy","Summer Sewald","West","GTX Pro","Acme Corporation",4821,2017-03-04,303,100,51,"Review stalled opportunity"
"EB89ONZN","Engaging","Kary Hendrixson","Summer Sewald","West","GTX Pro","Funholding",4821,2017-03-29,278,100,51,"Review stalled opportunity"
"WW1WV7IT","Engaging","Cassey Cress","Rocco Neubert","East","GTX Pro","Cancity",4821,2017-03-31,276,100,51,"Review stalled opportunity"
"KKRJ6TBY","Engaging","Daniell Hammack","Rocco Neubert","East","GTX Pro","Scotfind",4821,2017-04-01,275,100,51,"Review stalled opportunity"
"20CVXRTX","Engaging","Vicki Laflamme","Celia Rouche","West","GTX Pro","Kinnamplus",4821,2017-04-01,275,100,51,"Review stalled opportunity"
"XOVYPE58","Engaging","Rosie Papadopoulos","Cara Losch","East","GTX Pro","Betasoloin",4821,2017-04-19,257,100,51,"Review stalled opportunity"
"DYNHHN6P","Engaging","Maureen Marcano","Summer Sewald","West","GTX Pro","Massive Dynamic",4821,2017-04-29,247,100,51,"Review stalled opportunity"
"4ZX1WPS7","Engaging","Cassey Cress","Rocco Neubert","East","GTX Pro","Inity",4821,2017-05-03,243,100,51,"Review stalled opportunity"
"UU25XD9E","Engaging","Zane Levy","Summer Sewald","West","GTX Pro","Hatfan",4821,2017-05-08,238,100,51,"Review stalled opportunity"
"3SEMPUU1","Engaging","Markita Hansen","Celia Rouche","West","GTX Pro","Labdrill",4821,2017-05-17,229,100,51,"Review stalled opportunity"
"3ATYY665","Engaging","Kami Bicknell","Summer Sewald","West","GTX Pro","Conecom",4821,2017-05-26,220,100,51,"Review stalled opportunity"
"DC2JL47C","Engaging","Daniell Hammack","Rocco Neubert","East","GTX Pro","Dontechi",4821,2017-05-27,219,100,51,"Review stalled opportunity"
"RY6T3GLC","Engaging","Corliss Cosme","Cara Losch","East","GTX Pro","Zathunicon",4821,2017-05-29,217,100,51,"Review stalled opportunity"
"CUV49MUR","Engaging","Violet Mclelland","Cara Losch","East","GTX Pro","Zathunicon",4821,2017-06-02,213,100,51,"Review stalled opportunity"
"7VMOJBPN","Engaging","Kami Bicknell","Summer Sewald","West","GTX Pro","Faxquote",4821,2017-06-03,212,100,51,"Review stalled opportunity"
"LC2RIMSX","Engaging","Rosalina Dieter","Celia Rouche","West","GTX Pro","Vehement Capital Partners",4821,2017-06-10,205,100,51,"Review stalled opportunity"
"YT34YUZN","Engaging","Corliss Cosme","Cara Losch","East","GTX Pro","Betasoloin",4821,2017-06-12,203,100,51,"Review stalled opportunity"
"WWCMITY9","Engaging","Rosalina Dieter","Celia Rouche","West","GTX Pro","Funholding",4821,2017-06-12,203,100,51,"Review stalled opportunity"
"YX4E972E","Engaging","Markita Hansen","Celia Rouche","West","GTX Pro","Conecom",4821,2017-06-14,201,100,51,"Review stalled opportunity"
"PFKDTEYU","Engaging","Rosie Papadopoulos","Cara Losch","East","GTX Pro","Xx-zobam",4821,2017-06-16,199,100,51,"Review stalled opportunity"
"1ORXGKVH","Engaging","Kary Hendrixson","Summer Sewald","West","GTX Pro","Sonron",4821,2017-06-17,198,100,51,"Review stalled opportunity"
"O9WYT5ST","Engaging","Zane Levy","Summer Sewald","West","GTX Pro","Kan-code",4821,2017-06-23,192,100,51,"Review stalled opportunity"
"74KGIZW4","Engaging","Kary Hendrixson","Summer Sewald","West","GTX Pro","Betasoloin",4821,2017-06-24,191,100,51,"Review stalled opportunity"
"23NAJF9W","Engaging","Zane Levy","Summer Sewald","West","GTX Pro","Plussunin",4821,2017-06-26,189,100,51,"Review stalled opportunity"
"VSYO182N","Engaging","Kary Hendrixson","Summer Sewald","West","GTX Pro","Dalttechnology",4821,2017-07-01,184,100,51,"Review stalled opportunity"
"OT26ZUZ7","Engaging","Daniell Hammack","Rocco Neubert","East","GTX Pro","Betatech",4821,2017-07-09,176,100,51,"Review stalled opportunity"
"6AO6E15O","Engaging","Rosalina Dieter","Celia Rouche","West","GTX Pro","Statholdings",4821,2017-07-09,176,100,51,"Review stalled opportunity"
"PQOHTS9I","Engaging","Jonathan Berthelot","Melvin Marxen","Central","GTX Pro","Inity",4821,2017-07-19,166,100,51,"Review stalled opportunity"
"JHCA115A","Engaging","Vicki Laflamme","Celia Rouche","West","GTX Pro","Green-Plus",4821,2017-07-19,166,100,51,"Review stalled opportunity"
"7439NGIG","Engaging","Marty Freudenburg","Melvin Marxen","Central","GTX Pro","Sumace",4821,2017-07-20,165,100,51,"Review stalled opportunity"
"R69OYH4Z","Engaging","Vicki Laflamme","Celia Rouche","West","GTX Pro","Umbrella Corporation",4821,2017-07-21,164,100,51,"Review stalled opportunity"
"0TC6I9SJ","Engaging","Darcel Schlecht","Melvin Marxen","Central","GTX Pro","Dontechi",4821,2017-07-24,161,100,51,"Review stalled opportunity"
"LUTZ8UQM","Engaging","Darcel Schlecht","Melvin Marxen","Central","GTX Pro","Isdom",4821,2017-07-25,160,100,51,"Review stalled opportunity"
"1QKDD1OI","Engaging","Darcel Schlecht","Melvin Marxen","Central","GTX Pro","Isdom",4821,2017-07-25,160,100,51,"Review stalled opportunity"
"L6223VHA","Engaging","Darcel Schlecht","Melvin Marxen","Central","GTX Pro","Sumace",4821,2017-07-26,159,100,51,"Review stalled opportunity"
"PW9DTZON","Engaging","James Ascencio","Summer Sewald","West","GTX Pro","Donquadtech",4821,2017-07-26,159,100,51,"Review stalled opportunity"
"PQ104BT2","Engaging","Darcel Schlecht","Melvin Marxen","Central","GTX Pro","Finjob",4821,2017-07-27,158,100,51,"Review stalled opportunity"
"GQ7H31ZJ","Engaging","Darcel Schlecht","Melvin Marxen","Central","GTX Pro","Funholding",4821,2017-07-27,158,100,51,"Review stalled opportunity"
"9B7FS6YL","Engaging","Darcel Schlecht","Melvin Marxen","Central","GTX Pro","Konex",4821,2017-07-27,158,100,51,"Review stalled opportunity"
"VD2KHXRY","Engaging","Zane Levy","Summer Sewald","West","GTX Pro","Toughzap",4821,2017-07-27,158,100,51,"Review stalled opportunity"
"ZJLW1OPF","Engaging","Darcel Schlecht","Melvin Marxen","Central","GTX Pro","Xx-zobam",4821,2017-07-28,157,100,51,"Review stalled opportunity"
"N07XYH50","Engaging","Gladys Colclough","Melvin Marxen","Central","GTX Pro","Newex",4821,2017-07-28,157,100,51,"Review stalled opportunity"
"YI1V6SOX","Engaging","Darcel Schlecht","Melvin Marxen","Central","GTX Pro","The New York Inquirer",4821,2017-07-29,156,100,51,"Review stalled opportunity"
"TJ95PY76","Engaging","Darcel Schlecht","Melvin Marxen","Central","GTX Pro","J-Texon",4821,2017-07-30,155,100,51,"Review stalled opportunity"
"FKY3O5O1","Engaging","Niesha Huffines","Melvin Marxen","Central","GTX Pro","Zotware",4821,2017-08-01,153,100,51,"Review stalled opportunity"
"2N2MUDOA","Engaging","Daniell Hammack","Rocco Neubert","East","GTX Pro","Bioholding",4821,2017-08-05,149,100,51,"Review stalled opportunity"
"7FFV8D9U","Engaging","Gladys Colclough","Melvin Marxen","Central","GTX Pro","Plusstrip",4821,2017-08-06,148,100,51,"Review stalled opportunity"
"68EYCEV4","Engaging","Rosie Papadopoulos","Cara Losch","East","GTX Pro","Faxquote",4821,2017-08-10,144,100,51,"Review stalled opportunity"
"58W7CZGD","Engaging","Vicki Laflamme","Celia Rouche","West","GTX Pro","Cancity",4821,2017-08-12,142,100,51,"Review stalled opportunity"
"041Q1IZL","Engaging","Zane Levy","Summer Sewald","West","GTX Pro","Green-Plus",4821,2017-08-15,139,100,51,"Review stalled opportunity"
"TLLW2ZRM","Engaging","Zane Levy","Summer Sewald","West","GTX Pro","Condax",4821,2017-08-25,129,100,51,"Review stalled opportunity"
"EDM7CEZ6","Engaging","Kami Bicknell","Summer Sewald","West","GTX Pro","Opentech",4821,2017-08-31,123,100,51,"Review stalled opportunity"
"102XKYAC","Engaging","Cassey Cress","Rocco Neubert","East","GTX Pro","Zotware",4821,2017-09-01,122,100,51,"Review stalled opportunity"
"8XY5IA68","Engaging","Rosie Papadopoulos","Cara Losch","East","GTX Pro","Sonron",4821,2017-09-11,112,100,51,"Review stalled opportunity"
"7FLPKZN7","Engaging","Kami Bicknell","Summer Sewald","West","GTX Pro","Kan-code",4821,2017-09-23,100,100,51,"Review stalled opportunity"
"1L68AC0E","Engaging","Wilburn Farren","Cara Losch","East","GTX Pro","Gogozoom",4821,2017-10-04,89,100,51,"Review stalled opportunity"
"HWOBBZWQ","Engaging","Wilburn Farren","Cara Losch","East","GTX Basic","Unknown",550,2017-10-24,69,60,51,"Complete CRM record"
"OYH46MQB","Engaging","Corliss Cosme","Cara Losch","East","GTX Basic","Unknown",550,2017-10-25,68,60,51,"Complete CRM record"
"31IV2B9O","Engaging","Vicki Laflamme","Celia Rouche","West","GTX Basic","Unknown",550,2017-10-26,67,60,50,"Complete CRM record"
"6CWZFOHJ","Prospecting","Anna Snelling","Dustin Brinkmann","Central","GTX Basic","Green-Plus",550,,,80,50,"Progress next action"
"38K5251H","Prospecting","Cecily Lampkin","Dustin Brinkmann","Central","GTX Basic","Fasehatice",550,,,80,50,"Progress next action"
"LEJWV2Y5","Prospecting","Darcel Schlecht","Melvin Marxen","Central","GTX Basic","Donquadtech",550,,,80,50,"Progress next action"
"CAONNFXN","Prospecting","Darcel Schlecht","Melvin Marxen","Central","GTX Basic","Kinnamplus",550,,,80,50,"Progress next action"
"R8V3ALA8","Prospecting","Darcel Schlecht","Melvin Marxen","Central","GTX Basic","Konmatfix",550,,,80,50,"Progress next action"
"RJ21Q4HO","Prospecting","Gladys Colclough","Melvin Marxen","Central","GTX Basic","Hottechi",550,,,80,50,"Progress next action"
"TN4KM3D1","Prospecting","Jonathan Berthelot","Melvin Marxen","Central","GTX Basic","Bluth Company",550,,,80,50,"Progress next action"
"OIIFWY81","Prospecting","Jonathan Berthelot","Melvin Marxen","Central","GTX Basic","Conecom",550,,,80,50,"Progress next action"
"WE2CEE8A","Prospecting","Jonathan Berthelot","Melvin Marxen","Central","GTX Basic","Dontechi",550,,,80,50,"Progress next action"
"NT38RBZY","Prospecting","Jonathan Berthelot","Melvin Marxen","Central","GTX Basic","Gogozoom",550,,,80,50,"Progress next action"
"0XVL2UMH","Prospecting","Jonathan Berthelot","Melvin Marxen","Central","GTX Basic","Groovestreet",550,,,80,50,"Progress next action"
"UFZFCBOS","Prospecting","Jonathan Berthelot","Melvin Marxen","Central","GTX Basic","Lexiqvolax",550,,,80,50,"Progress next action"
"2BD1SDBX","Prospecting","Jonathan Berthelot","Melvin Marxen","Central","GTX Basic","Vehement Capital Partners",550,,,80,50,"Progress next action"
"AE3YDLK3","Prospecting","Jonathan Berthelot","Melvin Marxen","Central","GTX Basic","Xx-zobam",550,,,80,50,"Progress next action"
"C54CWZIT","Prospecting","Jonathan Berthelot","Melvin Marxen","Central","GTX Basic","Zencorporation",550,,,80,50,"Progress next action"
"0KSK9O00","Prospecting","Lajuana Vencill","Dustin Brinkmann","Central","GTX Basic","Bluth Company",550,,,80,50,"Progress next action"
"76WK0KFZ","Prospecting","Lajuana Vencill","Dustin Brinkmann","Central","GTX Basic","Konex",550,,,80,50,"Progress next action"
"IMN2GUYV","Prospecting","Lajuana Vencill","Dustin Brinkmann","Central","GTX Basic","Statholdings",550,,,80,50,"Progress next action"
"ETJR6FUL","Prospecting","Marty Freudenburg","Melvin Marxen","Central","GTX Basic","Plexzap",550,,,80,50,"Progress next action"
"9CYYLZ11","Prospecting","Marty Freudenburg","Melvin Marxen","Central","GTX Basic","Stanredtax",550,,,80,50,"Progress next action"
"RGW7PKJ6","Prospecting","Marty Freudenburg","Melvin Marxen","Central","GTX Basic","Xx-zobam",550,,,80,50,"Progress next action"
"HKMMBDMW","Prospecting","Moses Frase","Dustin Brinkmann","Central","GTX Basic","Plusstrip",550,,,80,50,"Progress next action"
"52V1RWCZ","Prospecting","Moses Frase","Dustin Brinkmann","Central","GTX Basic","Stanredtax",550,,,80,50,"Progress next action"
"XS7L2AQE","Prospecting","Moses Frase","Dustin Brinkmann","Central","GTX Basic","Zencorporation",550,,,80,50,"Progress next action"
"MON9ZE47","Prospecting","Niesha Huffines","Melvin Marxen","Central","GTX Basic","Groovestreet",550,,,80,50,"Progress next action"
"FJHKS2T2","Prospecting","Niesha Huffines","Melvin Marxen","Central","GTX Basic","Plussunin",550,,,80,50,"Progress next action"
"ZHPJ73Q6","Prospecting","Versie Hillebrand","Dustin Brinkmann","Central","GTX Basic","Inity",550,,,80,50,"Progress next action"
"2TI0MAKP","Prospecting","Versie Hillebrand","Dustin Brinkmann","Central","GTX Basic","Lexiqvolax",550,,,80,50,"Progress next action"
"2G5ZMOYC","Prospecting","Versie Hillebrand","Dustin Brinkmann","Central","GTX Basic","Scottech",550,,,80,50,"Progress next action"
"GQDS81G1","Engaging","Corliss Cosme","Cara Losch","East","GTX Plus Pro","Unknown",5482,2017-11-30,32,60,49,"Complete CRM record"
"BREOLQD9","Engaging","Boris Faz","Rocco Neubert","East","MG Advanced","Unknown",3393,2017-11-16,46,60,49,"Complete CRM record"
"PMK11X5L","Engaging","Wilburn Farren","Cara Losch","East","GTX Plus Basic","Unknown",1096,2017-11-08,54,60,49,"Complete CRM record"
"RVUJPYY8","Engaging","Rosalina Dieter","Celia Rouche","West","MG Special","Unknown",55,2017-10-18,75,60,49,"Complete CRM record"
"B2FSFXKA","Engaging","Markita Hansen","Celia Rouche","West","MG Special","Unknown",55,2017-10-19,74,60,49,"Complete CRM record"
"W72TPY7P","Engaging","Markita Hansen","Celia Rouche","West","MG Special","Unknown",55,2017-10-19,74,60,49,"Complete CRM record"
"UP409DSB","Engaging","Maureen Marcano","Summer Sewald","West","MG Advanced","Ganjaflex",3393,2016-11-10,417,100,48,"Review stalled opportunity"
"PFFHM7HR","Engaging","Markita Hansen","Celia Rouche","West","MG Advanced","Opentech",3393,2016-11-27,400,100,48,"Review stalled opportunity"
"B00UMAV4","Engaging","Kami Bicknell","Summer Sewald","West","MG Advanced","Gogozoom",3393,2016-12-26,371,100,48,"Review stalled opportunity"
"WRUG19FZ","Engaging","Hayden Neloms","Celia Rouche","West","MG Advanced","Vehement Capital Partners",3393,2017-01-13,353,100,48,"Review stalled opportunity"
"VKT0UN11","Engaging","James Ascencio","Summer Sewald","West","MG Advanced","Codehow",3393,2017-01-14,352,100,48,"Review stalled opportunity"
"5P3NH791","Engaging","Boris Faz","Rocco Neubert","East","MG Advanced","Golddex",3393,2017-02-10,325,100,48,"Review stalled opportunity"
"5RNWV17L","Engaging","Rosalina Dieter","Celia Rouche","West","MG Advanced","Golddex",3393,2017-02-11,324,100,48,"Review stalled opportunity"
"E887HZT1","Engaging","Rosalina Dieter","Celia Rouche","West","MG Advanced","Cheers",3393,2017-02-12,323,100,48,"Review stalled opportunity"
"SWJ9OOZU","Engaging","Hayden Neloms","Celia Rouche","West","MG Advanced","Opentech",3393,2017-02-13,322,100,48,"Review stalled opportunity"
"81MXE1H7","Engaging","Markita Hansen","Celia Rouche","West","MG Advanced","Bioholding",3393,2017-02-14,321,100,48,"Review stalled opportunity"
"9SLINQY5","Engaging","Markita Hansen","Celia Rouche","West","MG Advanced","Newex",3393,2017-02-21,314,100,48,"Review stalled opportunity"
"FZC2J90W","Engaging","Maureen Marcano","Summer Sewald","West","MG Advanced","Bluth Company",3393,2017-02-26,309,100,48,"Review stalled opportunity"
"YQ0Y0YQS","Engaging","Violet Mclelland","Cara Losch","East","MG Advanced","Newex",3393,2017-03-05,302,100,48,"Review stalled opportunity"
"A1TDRYHZ","Engaging","Rosie Papadopoulos","Cara Losch","East","MG Advanced","Rangreen",3393,2017-03-18,289,100,48,"Review stalled opportunity"
"QIHWKCFK","Engaging","Cassey Cress","Rocco Neubert","East","MG Advanced","Singletechno",3393,2017-03-24,283,100,48,"Review stalled opportunity"
"TJ03NDNX","Engaging","Violet Mclelland","Cara Losch","East","MG Advanced","Iselectrics",3393,2017-03-25,282,100,48,"Review stalled opportunity"
"H6I16U57","Engaging","Rosie Papadopoulos","Cara Losch","East","MG Advanced","Sunnamplex",3393,2017-04-01,275,100,48,"Review stalled opportunity"
"IKU97NEU","Engaging","Markita Hansen","Celia Rouche","West","MG Advanced","Funholding",3393,2017-04-10,266,100,48,"Review stalled opportunity"
"PGXIPGDM","Engaging","Vicki Laflamme","Celia Rouche","West","MG Advanced","Lexiqvolax",3393,2017-04-12,264,100,48,"Review stalled opportunity"
"FVGRGJU8","Engaging","Rosie Papadopoulos","Cara Losch","East","MG Advanced","Betatech",3393,2017-04-21,255,100,48,"Review stalled opportunity"
"5CZBHSRI","Engaging","Kary Hendrixson","Summer Sewald","West","MG Advanced","Toughzap",3393,2017-04-29,247,100,48,"Review stalled opportunity"
"QP006VDE","Engaging","Markita Hansen","Celia Rouche","West","MG Advanced","Domzoom",3393,2017-05-01,245,100,48,"Review stalled opportunity"
"UIX6X6R3","Engaging","Zane Levy","Summer Sewald","West","MG Advanced","Umbrella Corporation",3393,2017-05-01,245,100,48,"Review stalled opportunity"
"3N46WQVI","Engaging","Hayden Neloms","Celia Rouche","West","MG Advanced","Faxquote",3393,2017-05-13,233,100,48,"Review stalled opportunity"
"ALZNZ666","Engaging","Boris Faz","Rocco Neubert","East","MG Advanced","Toughzap",3393,2017-05-14,232,100,48,"Review stalled opportunity"
"3372JYYQ","Engaging","Cassey Cress","Rocco Neubert","East","MG Advanced","Condax",3393,2017-05-15,231,100,48,"Review stalled opportunity"
"8GV0BQTU","Engaging","Kary Hendrixson","Summer Sewald","West","MG Advanced","Xx-holding",3393,2017-05-17,229,100,48,"Review stalled opportunity"
"4G0X8VHP","Engaging","Markita Hansen","Celia Rouche","West","MG Advanced","Y-corporation",3393,2017-05-24,222,100,48,"Review stalled opportunity"
"DW29KM30","Engaging","Elease Gluck","Celia Rouche","West","MG Advanced","Zathunicon",3393,2017-06-07,208,100,48,"Review stalled opportunity"
"REO3FMSB","Engaging","Corliss Cosme","Cara Losch","East","MG Advanced","Massive Dynamic",3393,2017-06-09,206,100,48,"Review stalled opportunity"
"ZI89S9HC","Engaging","Markita Hansen","Celia Rouche","West","MG Advanced","Dalttechnology",3393,2017-06-11,204,100,48,"Review stalled opportunity"
"EFIR7HGR","Engaging","Daniell Hammack","Rocco Neubert","East","MG Advanced","Groovestreet",3393,2017-06-18,197,100,48,"Review stalled opportunity"
"H176AX96","Engaging","James Ascencio","Summer Sewald","West","MG Advanced","Gekko & Co",3393,2017-06-18,197,100,48,"Review stalled opportunity"
"SZAMHBGA","Engaging","Violet Mclelland","Cara Losch","East","MG Advanced","Nam-zim",3393,2017-06-28,187,100,48,"Review stalled opportunity"
"K7056XS7","Engaging","Rosie Papadopoulos","Cara Losch","East","MG Advanced","Kinnamplus",3393,2017-07-05,180,100,48,"Review stalled opportunity"
"DMG5EOFC","Engaging","Violet Mclelland","Cara Losch","East","MG Advanced","Lexiqvolax",3393,2017-07-19,166,100,48,"Review stalled opportunity"
"TDJ3N8EJ","Engaging","Kami Bicknell","Summer Sewald","West","MG Advanced","Kinnamplus",3393,2017-07-20,165,100,48,"Review stalled opportunity"
"0KRVN3V5","Engaging","Anna Snelling","Dustin Brinkmann","Central","MG Advanced","Hatfan",3393,2017-07-21,164,100,48,"Review stalled opportunity"
"WLDFQR7Z","Engaging","Darcel Schlecht","Melvin Marxen","Central","MG Advanced","Bubba Gump",3393,2017-07-21,164,100,48,"Review stalled opportunity"
"PNISVWNN","Engaging","Darcel Schlecht","Melvin Marxen","Central","MG Advanced","Scotfind",3393,2017-07-21,164,100,48,"Review stalled opportunity"
"OT5G3M9A","Engaging","Cecily Lampkin","Dustin Brinkmann","Central","MG Advanced","Treequote",3393,2017-07-22,163,100,48,"Review stalled opportunity"
"8TFYRWZ6","Engaging","Gladys Colclough","Melvin Marxen","Central","MG Advanced","Mathtouch",3393,2017-07-22,163,100,48,"Review stalled opportunity"
"SZS2IPM3","Engaging","Versie Hillebrand","Dustin Brinkmann","Central","MG Advanced","Doncon",3393,2017-07-24,161,100,48,"Review stalled opportunity"
"YY2DWBG5","Engaging","Versie Hillebrand","Dustin Brinkmann","Central","MG Advanced","Ron-tech",3393,2017-07-24,161,100,48,"Review stalled opportunity"
"4DLY9ZDH","Engaging","Anna Snelling","Dustin Brinkmann","Central","MG Advanced","Dalttechnology",3393,2017-07-25,160,100,48,"Review stalled opportunity"
"ZNEQXZZK","Engaging","Anna Snelling","Dustin Brinkmann","Central","MG Advanced","Donquadtech",3393,2017-07-25,160,100,48,"Review stalled opportunity"
"SXFE42KG","Engaging","Cecily Lampkin","Dustin Brinkmann","Central","MG Advanced","Gogozoom",3393,2017-07-25,160,100,48,"Review stalled opportunity"
"JH643YRI","Engaging","Lajuana Vencill","Dustin Brinkmann","Central","MG Advanced","Umbrella Corporation",3393,2017-07-25,160,100,48,"Review stalled opportunity"
"MLD3WEJC","Engaging","Moses Frase","Dustin Brinkmann","Central","MG Advanced","Xx-holding",3393,2017-07-25,160,100,48,"Review stalled opportunity"
"CMW6IQJI","Engaging","Niesha Huffines","Melvin Marxen","Central","MG Advanced","Faxquote",3393,2017-07-25,160,100,48,"Review stalled opportunity"
"EFKPYBI9","Engaging","Gladys Colclough","Melvin Marxen","Central","MG Advanced","Xx-holding",3393,2017-07-26,159,100,48,"Review stalled opportunity"
"KPH05GU8","Engaging","Lajuana Vencill","Dustin Brinkmann","Central","MG Advanced","The New York Inquirer",3393,2017-07-26,159,100,48,"Review stalled opportunity"
"SJ3QA8KP","Engaging","Niesha Huffines","Melvin Marxen","Central","MG Advanced","Treequote",3393,2017-07-28,157,100,48,"Review stalled opportunity"
"WOO9JXOQ","Engaging","Gladys Colclough","Melvin Marxen","Central","MG Advanced","Sumace",3393,2017-07-31,154,100,48,"Review stalled opportunity"
"EMH2I8XE","Engaging","Lajuana Vencill","Dustin Brinkmann","Central","MG Advanced","Acme Corporation",3393,2017-07-31,154,100,48,"Review stalled opportunity"
"KIKG1BGV","Engaging","Moses Frase","Dustin Brinkmann","Central","MG Advanced","Domzoom",3393,2017-08-02,152,100,48,"Review stalled opportunity"
"AZN2K0V9","Engaging","Anna Snelling","Dustin Brinkmann","Central","MG Advanced","Ganjaflex",3393,2017-08-03,151,100,48,"Review stalled opportunity"
"LDQITW5C","Engaging","Lajuana Vencill","Dustin Brinkmann","Central","MG Advanced","Acme Corporation",3393,2017-08-03,151,100,48,"Review stalled opportunity"
"0R5KAHNB","Engaging","Moses Frase","Dustin Brinkmann","Central","MG Advanced","Umbrella Corporation",3393,2017-08-03,151,100,48,"Review stalled opportunity"
"FUI9BIS3","Engaging","Moses Frase","Dustin Brinkmann","Central","MG Advanced","Funholding",3393,2017-08-04,150,100,48,"Review stalled opportunity"
"R9GI5SJ5","Engaging","Vicki Laflamme","Celia Rouche","West","MG Advanced","Domzoom",3393,2017-08-05,149,100,48,"Review stalled opportunity"
"PDMZ1I99","Engaging","Lajuana Vencill","Dustin Brinkmann","Central","MG Advanced","Globex Corporation",3393,2017-08-06,148,100,48,"Review stalled opportunity"
"8CBTC1PX","Engaging","Marty Freudenburg","Melvin Marxen","Central","MG Advanced","Streethex",3393,2017-08-11,143,100,48,"Review stalled opportunity"
"EZDMNAK8","Engaging","Lajuana Vencill","Dustin Brinkmann","Central","MG Advanced","Plussunin",3393,2017-08-14,140,100,48,"Review stalled opportunity"
"I6PXHXST","Engaging","Marty Freudenburg","Melvin Marxen","Central","MG Advanced","Singletechno",3393,2017-08-14,140,100,48,"Review stalled opportunity"
"E617EXPD","Engaging","Vicki Laflamme","Celia Rouche","West","MG Advanced","Iselectrics",3393,2017-08-14,140,100,48,"Review stalled opportunity"
"RYNZ2WOK","Engaging","Markita Hansen","Celia Rouche","West","MG Advanced","Iselectrics",3393,2017-08-29,125,100,48,"Review stalled opportunity"
"8LA72RM8","Engaging","Maureen Marcano","Summer Sewald","West","MG Advanced","Donware",3393,2017-09-17,106,100,48,"Review stalled opportunity"
"PSMWYTMB","Engaging","Boris Faz","Rocco Neubert","East","MG Advanced","Toughzap",3393,2017-09-20,103,100,48,"Review stalled opportunity"
"1LHU0876","Engaging","Elease Gluck","Celia Rouche","West","MG Advanced","Labdrill",3393,2017-09-22,101,100,48,"Review stalled opportunity"
"G1W97XZA","Engaging","Maureen Marcano","Summer Sewald","West","GTX Plus Basic","Unknown",1096,2017-11-13,49,60,47,"Complete CRM record"
"E1LFK6E3","Engaging","Kami Bicknell","Summer Sewald","West","GTX Basic","Unknown",550,2017-11-03,59,60,47,"Complete CRM record"
"RN67OVFW","Engaging","Zane Levy","Summer Sewald","West","GTX Basic","Unknown",550,2017-11-04,58,60,47,"Complete CRM record"
"S7UVZXM3","Engaging","Corliss Cosme","Cara Losch","East","MG Special","Unknown",55,2017-10-24,69,60,47,"Complete CRM record"
"JJGRAQ2K","Engaging","Kary Hendrixson","Summer Sewald","West","GTX Plus Pro","Rangreen",5482,2017-10-23,70,100,46,"Review stalled opportunity"
"XSTGL252","Engaging","Cassey Cress","Rocco Neubert","East","GTX Pro","Toughzap",4821,2017-10-15,78,100,46,"Review stalled opportunity"
"62PCN0KS","Engaging","Maureen Marcano","Summer Sewald","West","GTX Plus Basic","Unknown",1096,2017-11-16,46,60,46,"Complete CRM record"
"5C59O9GU","Prospecting","Anna Snelling","Dustin Brinkmann","Central","MG Special","Conecom",55,,,80,46,"Progress next action"
"ZQRBJVZF","Prospecting","Anna Snelling","Dustin Brinkmann","Central","MG Special","Dontechi",55,,,80,46,"Progress next action"
"I93XL6Q9","Prospecting","Anna Snelling","Dustin Brinkmann","Central","MG Special","Finhigh",55,,,80,46,"Progress next action"
"UMD1BA4S","Prospecting","Anna Snelling","Dustin Brinkmann","Central","MG Special","Ganjaflex",55,,,80,46,"Progress next action"
"E6DGJSDW","Prospecting","Anna Snelling","Dustin Brinkmann","Central","MG Special","Green-Plus",55,,,80,46,"Progress next action"
"JHNDPI2N","Prospecting","Anna Snelling","Dustin Brinkmann","Central","MG Special","J-Texon",55,,,80,46,"Progress next action"
"GI94RTL5","Prospecting","Anna Snelling","Dustin Brinkmann","Central","MG Special","Labdrill",55,,,80,46,"Progress next action"
"10ALJD82","Prospecting","Anna Snelling","Dustin Brinkmann","Central","MG Special","Nam-zim",55,,,80,46,"Progress next action"
"Z89NKUC7","Prospecting","Anna Snelling","Dustin Brinkmann","Central","MG Special","Plussunin",55,,,80,46,"Progress next action"
"47P0HBNM","Prospecting","Anna Snelling","Dustin Brinkmann","Central","MG Special","Plussunin",55,,,80,46,"Progress next action"
"4H8GZ075","Prospecting","Anna Snelling","Dustin Brinkmann","Central","MG Special","Scotfind",55,,,80,46,"Progress next action"
"UDAUS3DF","Prospecting","Anna Snelling","Dustin Brinkmann","Central","MG Special","Sonron",55,,,80,46,"Progress next action"
"F4W7Z1UU","Prospecting","Anna Snelling","Dustin Brinkmann","Central","MG Special","Vehement Capital Partners",55,,,80,46,"Progress next action"
"DW5BQ220","Prospecting","Anna Snelling","Dustin Brinkmann","Central","MG Special","Zoomit",55,,,80,46,"Progress next action"
"DS5HZHDA","Prospecting","Cecily Lampkin","Dustin Brinkmann","Central","MG Special","Betatech",55,,,80,46,"Progress next action"
"TLZGG7G5","Prospecting","Cecily Lampkin","Dustin Brinkmann","Central","MG Special","Conecom",55,,,80,46,"Progress next action"
"8NI8O26G","Prospecting","Cecily Lampkin","Dustin Brinkmann","Central","MG Special","Goodsilron",55,,,80,46,"Progress next action"
"9BM1CGBV","Prospecting","Cecily Lampkin","Dustin Brinkmann","Central","MG Special","Sumace",55,,,80,46,"Progress next action"
"P0B49XCI","Prospecting","Gladys Colclough","Melvin Marxen","Central","MG Special","Codehow",55,,,80,46,"Progress next action"
"DOP1NORG","Prospecting","Gladys Colclough","Melvin Marxen","Central","MG Special","Plexzap",55,,,80,46,"Progress next action"
"BUOI3TBI","Prospecting","Gladys Colclough","Melvin Marxen","Central","MG Special","Rundofase",55,,,80,46,"Progress next action"
"F22C6LKO","Prospecting","Gladys Colclough","Melvin Marxen","Central","MG Special","The New York Inquirer",55,,,80,46,"Progress next action"
"D8ZJ6F45","Prospecting","Gladys Colclough","Melvin Marxen","Central","MG Special","Yearin",55,,,80,46,"Progress next action"
"URRD7VUB","Prospecting","Jonathan Berthelot","Melvin Marxen","Central","MG Special","Blackzim",55,,,80,46,"Progress next action"
"11T4HX93","Prospecting","Jonathan Berthelot","Melvin Marxen","Central","MG Special","Bluth Company",55,,,80,46,"Progress next action"
"JZ4QLP1W","Prospecting","Lajuana Vencill","Dustin Brinkmann","Central","MG Special","Bioplex",55,,,80,46,"Progress next action"
"HSGGBG9J","Prospecting","Lajuana Vencill","Dustin Brinkmann","Central","MG Special","Codehow",55,,,80,46,"Progress next action"
"COGXUYLL","Prospecting","Marty Freudenburg","Melvin Marxen","Central","MG Special","Doncon",55,,,80,46,"Progress next action"
"ZVO432VF","Prospecting","Marty Freudenburg","Melvin Marxen","Central","MG Special","Faxquote",55,,,80,46,"Progress next action"
"1BB5LME9","Prospecting","Marty Freudenburg","Melvin Marxen","Central","MG Special","Globex Corporation",55,,,80,46,"Progress next action"
"7WXPAXAV","Prospecting","Marty Freudenburg","Melvin Marxen","Central","MG Special","Rangreen",55,,,80,46,"Progress next action"
"CLPDG9BG","Prospecting","Moses Frase","Dustin Brinkmann","Central","MG Special","Yearin",55,,,80,46,"Progress next action"
"RKP2DVSU","Prospecting","Niesha Huffines","Melvin Marxen","Central","MG Special","Hottechi",55,,,80,46,"Progress next action"
"T3T4OE0A","Prospecting","Niesha Huffines","Melvin Marxen","Central","MG Special","Konex",55,,,80,46,"Progress next action"
"JQ338VQC","Prospecting","Versie Hillebrand","Dustin Brinkmann","Central","MG Special","Blackzim",55,,,80,46,"Progress next action"
"WJK0O5J9","Prospecting","Versie Hillebrand","Dustin Brinkmann","Central","MG Special","Doncon",55,,,80,46,"Progress next action"
"W2149WNZ","Prospecting","Versie Hillebrand","Dustin Brinkmann","Central","MG Special","Golddex",55,,,80,46,"Progress next action"
"6WNENPQM","Prospecting","Versie Hillebrand","Dustin Brinkmann","Central","MG Special","Goodsilron",55,,,80,46,"Progress next action"
"VW8CEV4C","Prospecting","Versie Hillebrand","Dustin Brinkmann","Central","MG Special","Konmatfix",55,,,80,46,"Progress next action"
"KLUS7RVS","Prospecting","Versie Hillebrand","Dustin Brinkmann","Central","MG Special","Opentech",55,,,80,46,"Progress next action"
"ROM4I2T0","Prospecting","Versie Hillebrand","Dustin Brinkmann","Central","MG Special","Rundofase",55,,,80,46,"Progress next action"
"2DY9U1V7","Engaging","Rosie Papadopoulos","Cara Losch","East","GTX Pro","Konex",4821,2017-10-20,73,100,45,"Review stalled opportunity"
"OHOWVHYX","Engaging","Rosalina Dieter","Celia Rouche","West","MG Advanced","Zoomit",3393,2017-10-11,82,100,45,"Review stalled opportunity"
"579LZ3F9","Engaging","Daniell Hammack","Rocco Neubert","East","GTX Plus Basic","J-Texon",1096,2016-11-24,403,100,45,"Review stalled opportunity"
"SU8JNMP4","Engaging","Kami Bicknell","Summer Sewald","West","GTX Plus Basic","Bubba Gump",1096,2016-11-24,403,100,45,"Review stalled opportunity"
"J53D8EOL","Engaging","Kary Hendrixson","Summer Sewald","West","GTX Plus Basic","Hottechi",1096,2016-12-14,383,100,45,"Review stalled opportunity"
"IE7VQ5BA","Engaging","Daniell Hammack","Rocco Neubert","East","GTX Plus Basic","Finhigh",1096,2016-12-23,374,100,45,"Review stalled opportunity"
"BTT6YAVZ","Engaging","Zane Levy","Summer Sewald","West","GTX Plus Basic","Green-Plus",1096,2017-01-01,365,100,45,"Review stalled opportunity"
"O7UUAK3Y","Engaging","Corliss Cosme","Cara Losch","East","GTX Plus Basic","dambase",1096,2017-01-02,364,100,45,"Review stalled opportunity"
"LMOAYCUK","Engaging","Kami Bicknell","Summer Sewald","West","GTX Plus Basic","Plusstrip",1096,2017-01-11,355,100,45,"Review stalled opportunity"
"0OESOJNN","Engaging","James Ascencio","Summer Sewald","West","GTX Plus Basic","Warephase",1096,2017-01-17,349,100,45,"Review stalled opportunity"
"PKDJTR06","Engaging","Kami Bicknell","Summer Sewald","West","GTX Plus Basic","Hatfan",1096,2017-01-24,342,100,45,"Review stalled opportunity"
"CENVLTFH","Engaging","Corliss Cosme","Cara Losch","East","GTX Plus Basic","Toughzap",1096,2017-01-28,338,100,45,"Review stalled opportunity"
"XYLNH45V","Engaging","Daniell Hammack","Rocco Neubert","East","GTX Plus Basic","Zathunicon",1096,2017-01-31,335,100,45,"Review stalled opportunity"
"H2MC2E7K","Engaging","Vicki Laflamme","Celia Rouche","West","GTX Plus Basic","Condax",1096,2017-02-02,333,100,45,"Review stalled opportunity"
"JCPQZ2SN","Engaging","Hayden Neloms","Celia Rouche","West","GTX Plus Basic","Cheers",1096,2017-02-04,331,100,45,"Review stalled opportunity"
"CYWZJ2AI","Engaging","Kary Hendrixson","Summer Sewald","West","GTX Plus Basic","Donquadtech",1096,2017-02-20,315,100,45,"Review stalled opportunity"
"25FUROM1","Engaging","Daniell Hammack","Rocco Neubert","East","GTX Plus Basic","Y-corporation",1096,2017-02-27,308,100,45,"Review stalled opportunity"
"SLYFFVBE","Engaging","Maureen Marcano","Summer Sewald","West","GTX Plus Basic","Blackzim",1096,2017-03-07,300,100,45,"Review stalled opportunity"
"OPCLCCQH","Engaging","Kami Bicknell","Summer Sewald","West","GTX Plus Basic","Konex",1096,2017-03-16,291,100,45,"Review stalled opportunity"
"DF1011UT","Engaging","Corliss Cosme","Cara Losch","East","GTX Plus Basic","Konmatfix",1096,2017-03-17,290,100,45,"Review stalled opportunity"
"3N3RAHXR","Engaging","Cassey Cress","Rocco Neubert","East","GTX Plus Basic","Nam-zim",1096,2017-03-19,288,100,45,"Review stalled opportunity"
"P1SGQODJ","Engaging","Boris Faz","Rocco Neubert","East","GTX Plus Basic","Rangreen",1096,2017-03-21,286,100,45,"Review stalled opportunity"
"0QPZIIPF","Engaging","Vicki Laflamme","Celia Rouche","West","GTX Plus Basic","Donware",1096,2017-03-27,280,100,45,"Review stalled opportunity"
"SKBDCYV5","Engaging","Zane Levy","Summer Sewald","West","GTX Plus Basic","Zencorporation",1096,2017-04-09,267,100,45,"Review stalled opportunity"
"7Y530NLJ","Engaging","Boris Faz","Rocco Neubert","East","GTX Plus Basic","Genco Pura Olive Oil Company",1096,2017-04-12,264,100,45,"Review stalled opportunity"
"LCQ934W7","Engaging","Cassey Cress","Rocco Neubert","East","GTX Plus Basic","Xx-holding",1096,2017-05-05,241,100,45,"Review stalled opportunity"
"Z236WCM1","Engaging","Kary Hendrixson","Summer Sewald","West","GTX Plus Basic","Vehement Capital Partners",1096,2017-05-05,241,100,45,"Review stalled opportunity"
"RIC5ZHK4","Engaging","Corliss Cosme","Cara Losch","East","GTX Plus Basic","Plussunin",1096,2017-05-07,239,100,45,"Review stalled opportunity"
"8SVMGDPA","Engaging","Maureen Marcano","Summer Sewald","West","GTX Plus Basic","Donquadtech",1096,2017-05-09,237,100,45,"Review stalled opportunity"
"T4FQOS6J","Engaging","Maureen Marcano","Summer Sewald","West","GTX Plus Basic","Opentech",1096,2017-05-14,232,100,45,"Review stalled opportunity"
"7D75QXBD","Engaging","Kary Hendrixson","Summer Sewald","West","GTX Plus Basic","Groovestreet",1096,2017-05-18,228,100,45,"Review stalled opportunity"
"WM7XURV6","Engaging","Corliss Cosme","Cara Losch","East","GTX Plus Basic","Groovestreet",1096,2017-05-22,224,100,45,"Review stalled opportunity"
"3H3TNCP5","Engaging","James Ascencio","Summer Sewald","West","GTX Plus Basic","Condax",1096,2017-05-23,223,100,45,"Review stalled opportunity"
"IBZI95HI","Engaging","James Ascencio","Summer Sewald","West","GTX Plus Basic","Zoomit",1096,2017-05-26,220,100,45,"Review stalled opportunity"
"BO1ZOZG2","Engaging","Kary Hendrixson","Summer Sewald","West","GTX Plus Basic","Ontomedia",1096,2017-05-28,218,100,45,"Review stalled opportunity"
"MPME6VZD","Engaging","Kami Bicknell","Summer Sewald","West","GTX Plus Basic","Dontechi",1096,2017-05-29,217,100,45,"Review stalled opportunity"
"GIPPUV2F","Engaging","Hayden Neloms","Celia Rouche","West","GTX Plus Basic","Nam-zim",1096,2017-05-31,215,100,45,"Review stalled opportunity"
"R9AVNYCO","Engaging","Zane Levy","Summer Sewald","West","GTX Plus Basic","Conecom",1096,2017-06-07,208,100,45,"Review stalled opportunity"
"BJJQSJD8","Engaging","Daniell Hammack","Rocco Neubert","East","GTX Plus Basic","Zotware",1096,2017-06-09,206,100,45,"Review stalled opportunity"
"T56J7ES7","Engaging","Kami Bicknell","Summer Sewald","West","GTX Plus Basic","Nam-zim",1096,2017-06-09,206,100,45,"Review stalled opportunity"
"5653N8BM","Engaging","Rosie Papadopoulos","Cara Losch","East","GTX Plus Basic","Zoomit",1096,2017-06-11,204,100,45,"Review stalled opportunity"
"SE6OIGYN","Engaging","Violet Mclelland","Cara Losch","East","GTX Plus Basic","Isdom",1096,2017-06-12,203,100,45,"Review stalled opportunity"
"WA4TPQ5U","Engaging","Maureen Marcano","Summer Sewald","West","GTX Plus Basic","Zoomit",1096,2017-06-13,202,100,45,"Review stalled opportunity"
"NEFPSWOJ","Engaging","Markita Hansen","Celia Rouche","West","GTX Plus Basic","Toughzap",1096,2017-06-16,199,100,45,"Review stalled opportunity"
"H3DYTZIQ","Engaging","Cassey Cress","Rocco Neubert","East","GTX Plus Basic","Scottech",1096,2017-06-18,197,100,45,"Review stalled opportunity"
"JUHQ1POT","Engaging","Boris Faz","Rocco Neubert","East","GTX Plus Basic","Streethex",1096,2017-07-01,184,100,45,"Review stalled opportunity"
"Z9S1ZX7W","Engaging","Daniell Hammack","Rocco Neubert","East","GTX Plus Basic","Condax",1096,2017-07-02,183,100,45,"Review stalled opportunity"
"HIV4W2E0","Engaging","Kary Hendrixson","Summer Sewald","West","GTX Plus Basic","Betasoloin",1096,2017-07-02,183,100,45,"Review stalled opportunity"
"5M5TW9RC","Engaging","Cassey Cress","Rocco Neubert","East","GTX Plus Basic","Umbrella Corporation",1096,2017-07-07,178,100,45,"Review stalled opportunity"
"LORMJLTE","Engaging","Lajuana Vencill","Dustin Brinkmann","Central","GTX Plus Basic","Konmatfix",1096,2017-07-19,166,100,45,"Review stalled opportunity"
"OI3UIKVF","Engaging","Hayden Neloms","Celia Rouche","West","GTX Plus Basic","Konmatfix",1096,2017-07-20,165,100,45,"Review stalled opportunity"
"29W6WPLA","Engaging","Jonathan Berthelot","Melvin Marxen","Central","GTX Plus Basic","Gekko & Co",1096,2017-07-20,165,100,45,"Review stalled opportunity"
"GEQ7KT9J","Engaging","Wilburn Farren","Cara Losch","East","GTX Plus Basic","Plussunin",1096,2017-07-20,165,100,45,"Review stalled opportunity"
"MV7I9RKH","Engaging","Marty Freudenburg","Melvin Marxen","Central","GTX Plus Basic","Treequote",1096,2017-07-21,164,100,45,"Review stalled opportunity"
"I9SPENCQ","Engaging","Violet Mclelland","Cara Losch","East","GTX Plus Basic","Cheers",1096,2017-07-21,164,100,45,"Review stalled opportunity"
"751V8OFM","Engaging","Gladys Colclough","Melvin Marxen","Central","GTX Plus Basic","Funholding",1096,2017-07-22,163,100,45,"Review stalled opportunity"
"QELHQ898","Engaging","Zane Levy","Summer Sewald","West","GTX Plus Basic","Statholdings",1096,2017-07-22,163,100,45,"Review stalled opportunity"
"G1M1KVHU","Engaging","Niesha Huffines","Melvin Marxen","Central","GTX Plus Basic","Xx-zobam",1096,2017-07-23,162,100,45,"Review stalled opportunity"
"S3LATQVJ","Engaging","Versie Hillebrand","Dustin Brinkmann","Central","GTX Plus Basic","Kinnamplus",1096,2017-07-23,162,100,45,"Review stalled opportunity"
"DZP0MNRM","Engaging","Niesha Huffines","Melvin Marxen","Central","GTX Plus Basic","Konex",1096,2017-07-25,160,100,45,"Review stalled opportunity"
"37UCYEDY","Engaging","Cassey Cress","Rocco Neubert","East","GTX Plus Basic","Bluth Company",1096,2017-07-26,159,100,45,"Review stalled opportunity"
"1976N63N","Engaging","Darcel Schlecht","Melvin Marxen","Central","GTX Plus Basic","Kinnamplus",1096,2017-07-26,159,100,45,"Review stalled opportunity"
"WQ5U8PPM","Engaging","Niesha Huffines","Melvin Marxen","Central","GTX Plus Basic","Umbrella Corporation",1096,2017-07-26,159,100,45,"Review stalled opportunity"
"PU62ZGX4","Engaging","Jonathan Berthelot","Melvin Marxen","Central","GTX Plus Basic","Singletechno",1096,2017-07-27,158,100,45,"Review stalled opportunity"
"S2Y2Q1D2","Engaging","Marty Freudenburg","Melvin Marxen","Central","GTX Plus Basic","Singletechno",1096,2017-07-27,158,100,45,"Review stalled opportunity"
"PYRLUYIQ","Engaging","Marty Freudenburg","Melvin Marxen","Central","GTX Plus Basic","Y-corporation",1096,2017-07-27,158,100,45,"Review stalled opportunity"
"9Z2WTTNY","Engaging","Darcel Schlecht","Melvin Marxen","Central","GTX Plus Basic","Statholdings",1096,2017-07-28,157,100,45,"Review stalled opportunity"
"9M72KPA3","Engaging","Kami Bicknell","Summer Sewald","West","GTX Plus Basic","Bluth Company",1096,2017-07-29,156,100,45,"Review stalled opportunity"
"TX5SADEI","Engaging","Niesha Huffines","Melvin Marxen","Central","GTX Plus Basic","Dontechi",1096,2017-07-30,155,100,45,"Review stalled opportunity"
"22HV3N2W","Engaging","Niesha Huffines","Melvin Marxen","Central","GTX Plus Basic","Rangreen",1096,2017-08-01,153,100,45,"Review stalled opportunity"
"ATMWAQL5","Engaging","Niesha Huffines","Melvin Marxen","Central","GTX Plus Basic","Gogozoom",1096,2017-08-03,151,100,45,"Review stalled opportunity"
"49SUORYW","Engaging","Niesha Huffines","Melvin Marxen","Central","GTX Plus Basic","Betasoloin",1096,2017-08-04,150,100,45,"Review stalled opportunity"
"ACGLK2YE","Engaging","Moses Frase","Dustin Brinkmann","Central","GTX Plus Basic","Treequote",1096,2017-08-05,149,100,45,"Review stalled opportunity"
"OSG9KZGB","Engaging","Anna Snelling","Dustin Brinkmann","Central","GTX Plus Basic","Kan-code",1096,2017-08-07,147,100,45,"Review stalled opportunity"
"I6M40320","Engaging","Niesha Huffines","Melvin Marxen","Central","GTX Plus Basic","Betatech",1096,2017-08-07,147,100,45,"Review stalled opportunity"
"MUSSD9WD","Engaging","Darcel Schlecht","Melvin Marxen","Central","GTX Plus Basic","Goodsilron",1096,2017-08-09,145,100,45,"Review stalled opportunity"
"SU1NDYXR","Engaging","Boris Faz","Rocco Neubert","East","GTX Plus Basic","Stanredtax",1096,2017-08-16,138,100,45,"Review stalled opportunity"
"SY61BAXZ","Engaging","Cassey Cress","Rocco Neubert","East","GTX Plus Basic","Rantouch",1096,2017-08-17,137,100,45,"Review stalled opportunity"
"H7GXKD3O","Engaging","Maureen Marcano","Summer Sewald","West","GTX Plus Basic","Kan-code",1096,2017-08-19,135,100,45,"Review stalled opportunity"
"7P069DNF","Engaging","Kary Hendrixson","Summer Sewald","West","GTX Plus Basic","Labdrill",1096,2017-08-20,134,100,45,"Review stalled opportunity"
"1VFT3UCK","Engaging","Boris Faz","Rocco Neubert","East","GTX Plus Basic","Condax",1096,2017-08-21,133,100,45,"Review stalled opportunity"
"CN8X0DLA","Engaging","Daniell Hammack","Rocco Neubert","East","GTX Plus Basic","Stanredtax",1096,2017-08-24,130,100,45,"Review stalled opportunity"
"TWEVVI99","Engaging","Daniell Hammack","Rocco Neubert","East","GTX Plus Basic","Scottech",1096,2017-08-25,129,100,45,"Review stalled opportunity"
"WZ3FJA3V","Engaging","Zane Levy","Summer Sewald","West","GTX Plus Basic","Labdrill",1096,2017-08-25,129,100,45,"Review stalled opportunity"
"OO9U4C0Y","Engaging","Cassey Cress","Rocco Neubert","East","GTX Plus Basic","Y-corporation",1096,2017-08-27,127,100,45,"Review stalled opportunity"
"7868JVH9","Engaging","Cassey Cress","Rocco Neubert","East","GTX Plus Basic","Rantouch",1096,2017-08-29,125,100,45,"Review stalled opportunity"
"FH30JK3J","Engaging","Cassey Cress","Rocco Neubert","East","GTX Plus Basic","Ontomedia",1096,2017-09-06,117,100,45,"Review stalled opportunity"
"NJC4XMEN","Engaging","James Ascencio","Summer Sewald","West","GTX Plus Basic","Initech",1096,2017-09-09,114,100,45,"Review stalled opportunity"
"RKOQZJZR","Engaging","Zane Levy","Summer Sewald","West","GTX Plus Basic","J-Texon",1096,2017-09-11,112,100,45,"Review stalled opportunity"
"Y3AAS62P","Engaging","Vicki Laflamme","Celia Rouche","West","GTX Plus Basic","Zoomit",1096,2017-09-12,111,100,45,"Review stalled opportunity"
"61IKUAZI","Engaging","Rosalina Dieter","Celia Rouche","West","GTX Plus Basic","Dalttechnology",1096,2017-09-20,103,100,45,"Review stalled opportunity"
"GWOOPZE8","Engaging","Cassey Cress","Rocco Neubert","East","GTX Plus Basic","Cheers",1096,2017-10-01,92,100,45,"Review stalled opportunity"
"GXIVJQPG","Engaging","Daniell Hammack","Rocco Neubert","East","GTX Plus Basic","Xx-zobam",1096,2017-10-01,92,100,45,"Review stalled opportunity"
"W4XB23IP","Engaging","Boris Faz","Rocco Neubert","East","GTX Basic","Unknown",550,2017-11-09,53,60,45,"Complete CRM record"
"W5FH95XO","Engaging","Hayden Neloms","Celia Rouche","West","MG Special","Unknown",55,2017-10-30,63,60,45,"Complete CRM record"
"J962I0KG","Engaging","Cassey Cress","Rocco Neubert","East","GTX Plus Basic","Unknown",1096,2017-11-20,42,60,44,"Complete CRM record"
"O1SCOU11","Engaging","Elease Gluck","Celia Rouche","West","MG Special","Unknown",55,2017-10-31,62,60,44,"Complete CRM record"
"854QZNWK","Engaging","Violet Mclelland","Cara Losch","East","MG Special","Unknown",55,2017-11-01,61,60,44,"Complete CRM record"
"46UHJGY0","Engaging","Corliss Cosme","Cara Losch","East","MG Special","Unknown",55,2017-11-02,60,60,43,"Complete CRM record"
"4D0K5T7T","Engaging","Zane Levy","Summer Sewald","West","GTX Pro","Gogozoom",4821,2017-10-26,67,100,42,"Review stalled opportunity"
"IBB0VGUN","Engaging","Cassey Cress","Rocco Neubert","East","MG Special","Unknown",55,2017-11-05,57,60,42,"Complete CRM record"
"1BW8S7JD","Engaging","Violet Mclelland","Cara Losch","East","MG Special","Unknown",55,2017-11-06,56,60,42,"Complete CRM record"
"I5VHXAWW","Engaging","Boris Faz","Rocco Neubert","East","GTX Plus Pro","Bluth Company",5482,2017-11-06,56,100,41,"Confirm next step or close"
"RDHTQLNI","Engaging","Cassey Cress","Rocco Neubert","East","GTX Plus Pro","Unknown",5482,2017-12-21,11,60,41,"Complete CRM record"
"JVF7HZMV","Engaging","Zane Levy","Summer Sewald","West","GTX Plus Basic","Unknown",1096,2017-11-28,34,60,41,"Complete CRM record"
"0DRC1U9Q","Engaging","Maureen Marcano","Summer Sewald","West","GTX Basic","Green-Plus",550,2016-11-20,407,100,41,"Review stalled opportunity"
"M7I5O9YU","Engaging","Corliss Cosme","Cara Losch","East","GTX Basic","Cheers",550,2016-11-23,404,100,41,"Review stalled opportunity"
"RJYG004O","Engaging","Daniell Hammack","Rocco Neubert","East","GTX Basic","Domzoom",550,2016-12-16,381,100,41,"Review stalled opportunity"
"AI76U58A","Engaging","Maureen Marcano","Summer Sewald","West","GTX Basic","Treequote",550,2016-12-25,372,100,41,"Review stalled opportunity"
"EQCD7G7Q","Engaging","Rosalina Dieter","Celia Rouche","West","GTX Basic","Initech",550,2017-01-08,358,100,41,"Review stalled opportunity"
"0I6U3MQ6","Engaging","Violet Mclelland","Cara Losch","East","GTX Basic","Funholding",550,2017-01-12,354,100,41,"Review stalled opportunity"
"JIACLB24","Engaging","Vicki Laflamme","Celia Rouche","West","GTX Basic","Scottech",550,2017-01-14,352,100,41,"Review stalled opportunity"
"USVLKDF4","Engaging","Corliss Cosme","Cara Losch","East","GTX Basic","Dontechi",550,2017-02-04,331,100,41,"Review stalled opportunity"
"YM8DBAFV","Engaging","Cassey Cress","Rocco Neubert","East","GTX Basic","Sumace",550,2017-02-05,330,100,41,"Review stalled opportunity"
"S6645YWA","Engaging","Kami Bicknell","Summer Sewald","West","GTX Basic","Y-corporation",550,2017-02-07,328,100,41,"Review stalled opportunity"
"9A9E1KPG","Engaging","Elease Gluck","Celia Rouche","West","GTX Basic","Genco Pura Olive Oil Company",550,2017-02-08,327,100,41,"Review stalled opportunity"
"X3ZSQCH8","Engaging","Kami Bicknell","Summer Sewald","West","GTX Basic","Scotfind",550,2017-02-10,325,100,41,"Review stalled opportunity"
"VXMFL425","Engaging","James Ascencio","Summer Sewald","West","GTX Basic","Faxquote",550,2017-02-12,323,100,41,"Review stalled opportunity"
"BNY8MJ6L","Engaging","Kary Hendrixson","Summer Sewald","West","GTX Basic","Labdrill",550,2017-02-16,319,100,41,"Review stalled opportunity"
"WJQ8VD51","Engaging","Kami Bicknell","Summer Sewald","West","GTX Basic","Faxquote",550,2017-02-19,316,100,41,"Review stalled opportunity"
"B4SIVH1O","Engaging","Daniell Hammack","Rocco Neubert","East","GTX Basic","Fasehatice",550,2017-02-22,313,100,41,"Review stalled opportunity"
"Q19RWR17","Engaging","Vicki Laflamme","Celia Rouche","West","GTX Basic","Rundofase",550,2017-02-22,313,100,41,"Review stalled opportunity"
"STT3X4NB","Engaging","Violet Mclelland","Cara Losch","East","GTX Basic","Xx-holding",550,2017-03-01,306,100,41,"Review stalled opportunity"
"4CXUC4VR","Engaging","Vicki Laflamme","Celia Rouche","West","GTX Basic","Rantouch",550,2017-03-02,305,100,41,"Review stalled opportunity"
"ZTLLHCBU","Engaging","Kary Hendrixson","Summer Sewald","West","GTX Basic","Dontechi",550,2017-03-07,300,100,41,"Review stalled opportunity"
"NCMT5KK3","Engaging","Vicki Laflamme","Celia Rouche","West","GTX Basic","Dalttechnology",550,2017-03-07,300,100,41,"Review stalled opportunity"
"JDXSS1HT","Engaging","Markita Hansen","Celia Rouche","West","GTX Basic","Silis",550,2017-03-08,299,100,41,"Review stalled opportunity"
"26CH1NDR","Engaging","Daniell Hammack","Rocco Neubert","East","GTX Basic","Mathtouch",550,2017-03-09,298,100,41,"Review stalled opportunity"
"73HO9OZC","Engaging","Cassey Cress","Rocco Neubert","East","GTX Basic","Finjob",550,2017-03-12,295,100,41,"Review stalled opportunity"
"3PVNGGBX","Engaging","Markita Hansen","Celia Rouche","West","GTX Basic","The New York Inquirer",550,2017-03-14,293,100,41,"Review stalled opportunity"
"V4XHHFO3","Engaging","Elease Gluck","Celia Rouche","West","GTX Basic","Blackzim",550,2017-03-15,292,100,41,"Review stalled opportunity"
"GK1NH8G7","Engaging","Kami Bicknell","Summer Sewald","West","GTX Basic","Iselectrics",550,2017-03-16,291,100,41,"Review stalled opportunity"
"ALHQU8W8","Engaging","Corliss Cosme","Cara Losch","East","GTX Basic","Plexzap",550,2017-03-20,287,100,41,"Review stalled opportunity"
"PO158L29","Engaging","Cassey Cress","Rocco Neubert","East","GTX Basic","Blackzim",550,2017-03-23,284,100,41,"Review stalled opportunity"
"VRYR5A81","Engaging","Wilburn Farren","Cara Losch","East","GTX Basic","Finhigh",550,2017-03-25,282,100,41,"Review stalled opportunity"
"NFMCPYOV","Engaging","Rosie Papadopoulos","Cara Losch","East","GTX Basic","Finjob",550,2017-03-30,277,100,41,"Review stalled opportunity"
"Z9QZKUV5","Engaging","Zane Levy","Summer Sewald","West","GTX Basic","Zumgoity",550,2017-03-30,277,100,41,"Review stalled opportunity"
"T0VJ4AMX","Engaging","Corliss Cosme","Cara Losch","East","GTX Basic","Green-Plus",550,2017-03-31,276,100,41,"Review stalled opportunity"
"YLK0MRJ3","Engaging","Kary Hendrixson","Summer Sewald","West","GTX Basic","Iselectrics",550,2017-04-01,275,100,41,"Review stalled opportunity"
"8TRT2HNF","Engaging","Markita Hansen","Celia Rouche","West","GTX Basic","Green-Plus",550,2017-04-03,273,100,41,"Review stalled opportunity"
"ZLN48IIP","Engaging","Markita Hansen","Celia Rouche","West","GTX Basic","Iselectrics",550,2017-04-03,273,100,41,"Review stalled opportunity"
"C9330YF1","Engaging","Markita Hansen","Celia Rouche","West","GTX Basic","Blackzim",550,2017-04-17,259,100,41,"Review stalled opportunity"
"S2MSQIXP","Engaging","Zane Levy","Summer Sewald","West","GTX Basic","Hottechi",550,2017-04-19,257,100,41,"Review stalled opportunity"
"HHDQ9EW4","Engaging","Kami Bicknell","Summer Sewald","West","GTX Basic","Inity",550,2017-04-28,248,100,41,"Review stalled opportunity"
"7DT8UKKY","Engaging","Corliss Cosme","Cara Losch","East","GTX Basic","Zencorporation",550,2017-05-01,245,100,41,"Review stalled opportunity"
"I92EJ805","Engaging","Kami Bicknell","Summer Sewald","West","GTX Basic","Bluth Company",550,2017-05-01,245,100,41,"Review stalled opportunity"
"RG893DYQ","Engaging","Markita Hansen","Celia Rouche","West","GTX Basic","The New York Inquirer",550,2017-05-05,241,100,41,"Review stalled opportunity"
"FWTTJ2G8","Engaging","Kary Hendrixson","Summer Sewald","West","GTX Basic","Initech",550,2017-05-06,240,100,41,"Review stalled opportunity"
"HFUZQFQQ","Engaging","Markita Hansen","Celia Rouche","West","GTX Basic","Groovestreet",550,2017-05-09,237,100,41,"Review stalled opportunity"
"246MLWZ7","Engaging","Zane Levy","Summer Sewald","West","GTX Basic","Rangreen",550,2017-05-09,237,100,41,"Review stalled opportunity"
"T5SX9Z3T","Engaging","Vicki Laflamme","Celia Rouche","West","GTX Basic","Conecom",550,2017-05-10,236,100,41,"Review stalled opportunity"
"VPG5E490","Engaging","Boris Faz","Rocco Neubert","East","GTX Basic","Bubba Gump",550,2017-05-11,235,100,41,"Review stalled opportunity"
"8I84MV5A","Engaging","Cassey Cress","Rocco Neubert","East","GTX Basic","Zencorporation",550,2017-05-11,235,100,41,"Review stalled opportunity"
"LTVGILHP","Engaging","Kary Hendrixson","Summer Sewald","West","GTX Basic","Bioholding",550,2017-05-11,235,100,41,"Review stalled opportunity"
"0K59ZLQC","Engaging","Corliss Cosme","Cara Losch","East","GTX Basic","Donquadtech",550,2017-05-18,228,100,41,"Review stalled opportunity"
"MGD7DZAU","Engaging","Kami Bicknell","Summer Sewald","West","GTX Basic","Globex Corporation",550,2017-05-19,227,100,41,"Review stalled opportunity"
"CX0SXNCN","Engaging","Corliss Cosme","Cara Losch","East","GTX Basic","Treequote",550,2017-05-21,225,100,41,"Review stalled opportunity"
"11V16SZZ","Engaging","Corliss Cosme","Cara Losch","East","GTX Basic","Labdrill",550,2017-05-24,222,100,41,"Review stalled opportunity"
"HABN7JBG","Engaging","Elease Gluck","Celia Rouche","West","GTX Basic","Rantouch",550,2017-06-17,198,100,41,"Review stalled opportunity"
"2MKG6ZDD","Engaging","James Ascencio","Summer Sewald","West","GTX Basic","Domzoom",550,2017-06-20,195,100,41,"Review stalled opportunity"
"AW4PSTWR","Engaging","Rosie Papadopoulos","Cara Losch","East","GTX Basic","Ron-tech",550,2017-06-25,190,100,41,"Review stalled opportunity"
"QU220OFI","Engaging","Boris Faz","Rocco Neubert","East","GTX Basic","Finhigh",550,2017-07-08,177,100,41,"Review stalled opportunity"
"B3A6VXVQ","Engaging","Corliss Cosme","Cara Losch","East","GTX Basic","Acme Corporation",550,2017-07-08,177,100,41,"Review stalled opportunity"
"X9HFP474","Engaging","Daniell Hammack","Rocco Neubert","East","GTX Basic","Dontechi",550,2017-07-12,173,100,41,"Review stalled opportunity"
"ISQJD695","Engaging","Boris Faz","Rocco Neubert","East","GTX Basic","Sunnamplex",550,2017-07-16,169,100,41,"Review stalled opportunity"
"3CB3WNBM","Engaging","Boris Faz","Rocco Neubert","East","GTX Basic","Kinnamplus",550,2017-07-17,168,100,41,"Review stalled opportunity"
"2WDSO6PG","Engaging","Niesha Huffines","Melvin Marxen","Central","GTX Basic","Hatfan",550,2017-07-19,166,100,41,"Review stalled opportunity"
"GY10EROJ","Engaging","Jonathan Berthelot","Melvin Marxen","Central","GTX Basic","Cheers",550,2017-07-20,165,100,41,"Review stalled opportunity"
"WARBRUXU","Engaging","Jonathan Berthelot","Melvin Marxen","Central","GTX Basic","Stanredtax",550,2017-07-21,164,100,41,"Review stalled opportunity"
"7MP6KLZO","Engaging","Moses Frase","Dustin Brinkmann","Central","GTX Basic","Goodsilron",550,2017-07-24,161,100,41,"Review stalled opportunity"
"806KPNNN","Engaging","Versie Hillebrand","Dustin Brinkmann","Central","GTX Basic","Zathunicon",550,2017-07-24,161,100,41,"Review stalled opportunity"
"Y3TOQUQI","Engaging","Marty Freudenburg","Melvin Marxen","Central","GTX Basic","Zotware",550,2017-07-25,160,100,41,"Review stalled opportunity"
"P7MSQO38","Engaging","Anna Snelling","Dustin Brinkmann","Central","GTX Basic","Yearin",550,2017-07-28,157,100,41,"Review stalled opportunity"
"V3G1HBTZ","Engaging","Lajuana Vencill","Dustin Brinkmann","Central","GTX Basic","Nam-zim",550,2017-07-28,157,100,41,"Review stalled opportunity"
"NX2EICNQ","Engaging","Versie Hillebrand","Dustin Brinkmann","Central","GTX Basic","Kan-code",550,2017-07-28,157,100,41,"Review stalled opportunity"
"NJNY07JZ","Engaging","Darcel Schlecht","Melvin Marxen","Central","GTX Basic","Codehow",550,2017-07-29,156,100,41,"Review stalled opportunity"
"GWQX8BSZ","Engaging","Niesha Huffines","Melvin Marxen","Central","GTX Basic","Donquadtech",550,2017-07-30,155,100,41,"Review stalled opportunity"
"ICG3THQK","Engaging","Gladys Colclough","Melvin Marxen","Central","GTX Basic","Sumace",550,2017-07-31,154,100,41,"Review stalled opportunity"
"Q65B52C5","Engaging","Niesha Huffines","Melvin Marxen","Central","GTX Basic","Kan-code",550,2017-07-31,154,100,41,"Review stalled opportunity"
"5VW9YVTU","Engaging","Moses Frase","Dustin Brinkmann","Central","GTX Basic","Condax",550,2017-08-04,150,100,41,"Review stalled opportunity"
"9P180HVQ","Engaging","Moses Frase","Dustin Brinkmann","Central","GTX Basic","Zencorporation",550,2017-08-05,149,100,41,"Review stalled opportunity"
"693K7IAT","Engaging","Boris Faz","Rocco Neubert","East","GTX Basic","Funholding",550,2017-08-07,147,100,41,"Review stalled opportunity"
"CLRPASVW","Engaging","Kami Bicknell","Summer Sewald","West","GTX Basic","Cancity",550,2017-08-08,146,100,41,"Review stalled opportunity"
"EVXPG3V5","Engaging","Lajuana Vencill","Dustin Brinkmann","Central","GTX Basic","The New York Inquirer",550,2017-08-09,145,100,41,"Review stalled opportunity"
"MBPJUJ7F","Engaging","Jonathan Berthelot","Melvin Marxen","Central","GTX Basic","Plexzap",550,2017-08-10,144,100,41,"Review stalled opportunity"
"O0L6JUYE","Engaging","Marty Freudenburg","Melvin Marxen","Central","GTX Basic","Bluth Company",550,2017-08-12,142,100,41,"Review stalled opportunity"
"PODXJ4SP","Engaging","Maureen Marcano","Summer Sewald","West","GTX Basic","Donquadtech",550,2017-08-18,136,100,41,"Review stalled opportunity"
"YB4YJTK4","Engaging","Kami Bicknell","Summer Sewald","West","GTX Basic","Lexiqvolax",550,2017-08-23,131,100,41,"Review stalled opportunity"
"XBPJ6M4K","Engaging","Kary Hendrixson","Summer Sewald","West","GTX Basic","Finhigh",550,2017-08-31,123,100,41,"Review stalled opportunity"
"1UW6ILCH","Engaging","Maureen Marcano","Summer Sewald","West","GTX Basic","Bioplex",550,2017-09-05,118,100,41,"Review stalled opportunity"
"OM8LELJW","Engaging","Kary Hendrixson","Summer Sewald","West","GTX Basic","Iselectrics",550,2017-09-06,117,100,41,"Review stalled opportunity"
"S8FODURJ","Engaging","Zane Levy","Summer Sewald","West","GTX Basic","Nam-zim",550,2017-09-07,116,100,41,"Review stalled opportunity"
"I35REHYN","Engaging","Vicki Laflamme","Celia Rouche","West","GTX Basic","Genco Pura Olive Oil Company",550,2017-09-12,111,100,41,"Review stalled opportunity"
"EM1BA4EK","Engaging","Cassey Cress","Rocco Neubert","East","GTX Basic","Scotfind",550,2017-10-01,92,100,41,"Review stalled opportunity"
"0KWYQTQQ","Engaging","Rosalina Dieter","Celia Rouche","West","MG Special","Unknown",55,2017-11-10,52,60,40,"Complete CRM record"
"WJO52I18","Engaging","Cassey Cress","Rocco Neubert","East","GTX Pro","Inity",4821,2017-11-04,58,100,39,"Confirm next step or close"
"SQ71BWHG","Engaging","Kary Hendrixson","Summer Sewald","West","GTX Pro","Zencorporation",4821,2017-11-04,58,100,39,"Confirm next step or close"
"NGTVHTFH","Engaging","Boris Faz","Rocco Neubert","East","GTX Pro","Unknown",4821,2017-12-19,13,60,39,"Complete CRM record"
"RS31U03Y","Engaging","Zane Levy","Summer Sewald","West","GTX Plus Basic","Unknown",1096,2017-12-07,25,60,38,"Complete CRM record"
"F761DF0M","Engaging","Zane Levy","Summer Sewald","West","GTX Basic","Silis",550,2017-10-11,82,100,38,"Review stalled opportunity"
"VL8YNHD7","Engaging","Kary Hendrixson","Summer Sewald","West","GTX Plus Basic","Unknown",1096,2017-12-08,24,60,37,"Complete CRM record"
"ORYORRQV","Engaging","Kary Hendrixson","Summer Sewald","West","GTX Basic","Hottechi",550,2017-10-13,80,100,37,"Review stalled opportunity"
"VDIU10RV","Engaging","Markita Hansen","Celia Rouche","West","MG Special","Lexiqvolax",55,2016-11-23,404,100,37,"Review stalled opportunity"
"N07K7DR7","Engaging","Rosie Papadopoulos","Cara Losch","East","MG Special","Plexzap",55,2016-12-18,379,100,37,"Review stalled opportunity"
"XYNTWPN1","Engaging","Violet Mclelland","Cara Losch","East","MG Special","Rundofase",55,2017-01-08,358,100,37,"Review stalled opportunity"
"MCE5DKD1","Engaging","Markita Hansen","Celia Rouche","West","MG Special","Bioholding",55,2017-01-10,356,100,37,"Review stalled opportunity"
"CT3HBBI2","Engaging","Elease Gluck","Celia Rouche","West","MG Special","Mathtouch",55,2017-01-15,351,100,37,"Review stalled opportunity"
"N5UIZYIV","Engaging","Zane Levy","Summer Sewald","West","MG Special","Konmatfix",55,2017-01-28,338,100,37,"Review stalled opportunity"
"RP7KA6HS","Engaging","Elease Gluck","Celia Rouche","West","MG Special","Mathtouch",55,2017-02-05,330,100,37,"Review stalled opportunity"
"6VIK2VX8","Engaging","Hayden Neloms","Celia Rouche","West","MG Special","Isdom",55,2017-02-06,329,100,37,"Review stalled opportunity"
"AF8NG5JC","Engaging","Cassey Cress","Rocco Neubert","East","MG Special","Betatech",55,2017-02-08,327,100,37,"Review stalled opportunity"
"AMNKCM1H","Engaging","Elease Gluck","Celia Rouche","West","MG Special","Betasoloin",55,2017-02-17,318,100,37,"Review stalled opportunity"
"F2B62IW4","Engaging","Maureen Marcano","Summer Sewald","West","MG Special","Bioplex",55,2017-02-28,307,100,37,"Review stalled opportunity"
"DEHQTB8B","Engaging","Boris Faz","Rocco Neubert","East","MG Special","Kinnamplus",55,2017-03-01,306,100,37,"Review stalled opportunity"
"JA5G7YBO","Engaging","Markita Hansen","Celia Rouche","West","MG Special","Blackzim",55,2017-03-05,302,100,37,"Review stalled opportunity"
"CZ8PPZTC","Engaging","Rosie Papadopoulos","Cara Losch","East","MG Special","Bioplex",55,2017-03-05,302,100,37,"Review stalled opportunity"
"I7BWM5O0","Engaging","Violet Mclelland","Cara Losch","East","MG Special","Warephase",55,2017-03-06,301,100,37,"Review stalled opportunity"
"LJBQ7P0V","Engaging","James Ascencio","Summer Sewald","West","MG Special","Zotware",55,2017-03-09,298,100,37,"Review stalled opportunity"
"5XPYFICK","Engaging","Rosie Papadopoulos","Cara Losch","East","MG Special","Inity",55,2017-03-10,297,100,37,"Review stalled opportunity"
"3E4VTH6E","Engaging","Hayden Neloms","Celia Rouche","West","MG Special","Hatfan",55,2017-03-12,295,100,37,"Review stalled opportunity"
"F5I33E1I","Engaging","Elease Gluck","Celia Rouche","West","MG Special","Sumace",55,2017-03-13,294,100,37,"Review stalled opportunity"
"GZCWM6GK","Engaging","Elease Gluck","Celia Rouche","West","MG Special","Statholdings",55,2017-03-22,285,100,37,"Review stalled opportunity"
"DFFEQ87N","Engaging","Maureen Marcano","Summer Sewald","West","MG Special","Scottech",55,2017-03-28,279,100,37,"Review stalled opportunity"
"WLS5J30E","Engaging","Elease Gluck","Celia Rouche","West","MG Special","Inity",55,2017-03-31,276,100,37,"Review stalled opportunity"
"X8GGF9MG","Engaging","Rosalina Dieter","Celia Rouche","West","MG Special","Dontechi",55,2017-04-12,264,100,37,"Review stalled opportunity"
"ANRCHVJM","Engaging","Violet Mclelland","Cara Losch","East","MG Special","Plusstrip",55,2017-04-15,261,100,37,"Review stalled opportunity"
"R9U1QNHQ","Engaging","Hayden Neloms","Celia Rouche","West","MG Special","Betasoloin",55,2017-04-29,247,100,37,"Review stalled opportunity"
"LR45YFE4","Engaging","Violet Mclelland","Cara Losch","East","MG Special","Groovestreet",55,2017-05-03,243,100,37,"Review stalled opportunity"
"ZJQKUIZ4","Engaging","Kary Hendrixson","Summer Sewald","West","MG Special","Opentech",55,2017-05-22,224,100,37,"Review stalled opportunity"
"E5V4WT18","Engaging","Vicki Laflamme","Celia Rouche","West","MG Special","Genco Pura Olive Oil Company",55,2017-05-25,221,100,37,"Review stalled opportunity"
"EPSIB2JR","Engaging","Violet Mclelland","Cara Losch","East","MG Special","Zoomit",55,2017-05-26,220,100,37,"Review stalled opportunity"
"YTGQKC7A","Engaging","Rosalina Dieter","Celia Rouche","West","MG Special","Dalttechnology",55,2017-06-03,212,100,37,"Review stalled opportunity"
"XTE9XJTS","Engaging","Kary Hendrixson","Summer Sewald","West","MG Special","Zencorporation",55,2017-06-04,211,100,37,"Review stalled opportunity"
"L1YN7LDL","Engaging","Cassey Cress","Rocco Neubert","East","MG Special","Bluth Company",55,2017-06-16,199,100,37,"Review stalled opportunity"
"E29GOFUV","Engaging","Elease Gluck","Celia Rouche","West","MG Special","Sumace",55,2017-06-20,195,100,37,"Review stalled opportunity"
"BJOY31DL","Engaging","Violet Mclelland","Cara Losch","East","MG Special","Betasoloin",55,2017-06-23,192,100,37,"Review stalled opportunity"
"D193SPY4","Engaging","Violet Mclelland","Cara Losch","East","MG Special","Plussunin",55,2017-07-08,177,100,37,"Review stalled opportunity"
"055Z2OAS","Engaging","Anna Snelling","Dustin Brinkmann","Central","MG Special","Dontechi",55,2017-07-19,166,100,37,"Review stalled opportunity"
"Q9VC6GV0","Engaging","Anna Snelling","Dustin Brinkmann","Central","MG Special","Konmatfix",55,2017-07-19,166,100,37,"Review stalled opportunity"
"LDK61ORQ","Engaging","Hayden Neloms","Celia Rouche","West","MG Special","Xx-zobam",55,2017-07-19,166,100,37,"Review stalled opportunity"
"DNBR1VHP","Engaging","Anna Snelling","Dustin Brinkmann","Central","MG Special","Silis",55,2017-07-20,165,100,37,"Review stalled opportunity"
"T9QD8U1Y","Engaging","Darcel Schlecht","Melvin Marxen","Central","MG Special","Betasoloin",55,2017-07-21,164,100,37,"Review stalled opportunity"
"GVJFKHNL","Engaging","Gladys Colclough","Melvin Marxen","Central","MG Special","Silis",55,2017-07-21,164,100,37,"Review stalled opportunity"
"EUBMHJGQ","Engaging","Versie Hillebrand","Dustin Brinkmann","Central","MG Special","Hottechi",55,2017-07-21,164,100,37,"Review stalled opportunity"
"FEFNNXH1","Engaging","Anna Snelling","Dustin Brinkmann","Central","MG Special","Singletechno",55,2017-07-22,163,100,37,"Review stalled opportunity"
"33BMGHPN","Engaging","Gladys Colclough","Melvin Marxen","Central","MG Special","Opentech",55,2017-07-22,163,100,37,"Review stalled opportunity"
"AWCGYWTE","Engaging","Moses Frase","Dustin Brinkmann","Central","MG Special","Kinnamplus",55,2017-07-22,163,100,37,"Review stalled opportunity"
"2TYZRE2R","Engaging","Moses Frase","Dustin Brinkmann","Central","MG Special","Massive Dynamic",55,2017-07-24,161,100,37,"Review stalled opportunity"
"P91SQBST","Engaging","Anna Snelling","Dustin Brinkmann","Central","MG Special","Dalttechnology",55,2017-07-25,160,100,37,"Review stalled opportunity"
"GZ6SFRAT","Engaging","Lajuana Vencill","Dustin Brinkmann","Central","MG Special","Hottechi",55,2017-07-25,160,100,37,"Review stalled opportunity"
"HJRM13DI","Engaging","Marty Freudenburg","Melvin Marxen","Central","MG Special","Treequote",55,2017-07-25,160,100,37,"Review stalled opportunity"
"FHPRER2D","Engaging","Versie Hillebrand","Dustin Brinkmann","Central","MG Special","Sonron",55,2017-07-25,160,100,37,"Review stalled opportunity"
"UVCHXUIG","Engaging","Anna Snelling","Dustin Brinkmann","Central","MG Special","Konmatfix",55,2017-07-26,159,100,37,"Review stalled opportunity"
"1XJFMYCW","Engaging","Anna Snelling","Dustin Brinkmann","Central","MG Special","Golddex",55,2017-07-27,158,100,37,"Review stalled opportunity"
"7W9S4DCZ","Engaging","Lajuana Vencill","Dustin Brinkmann","Central","MG Special","Dalttechnology",55,2017-07-28,157,100,37,"Review stalled opportunity"
"T1SITEI0","Engaging","Darcel Schlecht","Melvin Marxen","Central","MG Special","Singletechno",55,2017-07-29,156,100,37,"Review stalled opportunity"
"ERTQ4SN3","Engaging","Lajuana Vencill","Dustin Brinkmann","Central","MG Special","Zumgoity",55,2017-07-29,156,100,37,"Review stalled opportunity"
"G40058T1","Engaging","Versie Hillebrand","Dustin Brinkmann","Central","MG Special","Yearin",55,2017-07-29,156,100,37,"Review stalled opportunity"
"SP9W5IND","Engaging","Boris Faz","Rocco Neubert","East","MG Special","Acme Corporation",55,2017-07-30,155,100,37,"Review stalled opportunity"
"5W29OCB8","Engaging","Lajuana Vencill","Dustin Brinkmann","Central","MG Special","Bioholding",55,2017-07-30,155,100,37,"Review stalled opportunity"
"DJFMG9QI","Engaging","Moses Frase","Dustin Brinkmann","Central","MG Special","Plusstrip",55,2017-07-30,155,100,37,"Review stalled opportunity"
"QD4ONE04","Engaging","Anna Snelling","Dustin Brinkmann","Central","MG Special","Rangreen",55,2017-07-31,154,100,37,"Review stalled opportunity"
"4ZB2W6O7","Engaging","Anna Snelling","Dustin Brinkmann","Central","MG Special","Plusstrip",55,2017-08-01,153,100,37,"Review stalled opportunity"
"1FLN8BTI","Engaging","Darcel Schlecht","Melvin Marxen","Central","MG Special","Rundofase",55,2017-08-01,153,100,37,"Review stalled opportunity"
"Y7244XW7","Engaging","Moses Frase","Dustin Brinkmann","Central","MG Special","Plussunin",55,2017-08-01,153,100,37,"Review stalled opportunity"
"3FWZBSW1","Engaging","Versie Hillebrand","Dustin Brinkmann","Central","MG Special","Cancity",55,2017-08-01,153,100,37,"Review stalled opportunity"
"VIY7P8J6","Engaging","Versie Hillebrand","Dustin Brinkmann","Central","MG Special","Hatfan",55,2017-08-01,153,100,37,"Review stalled opportunity"
"PR1H7NHK","Engaging","Versie Hillebrand","Dustin Brinkmann","Central","MG Special","Mathtouch",55,2017-08-01,153,100,37,"Review stalled opportunity"
"TIPXNDS2","Engaging","Gladys Colclough","Melvin Marxen","Central","MG Special","Betatech",55,2017-08-03,151,100,37,"Review stalled opportunity"
"RD6Y5R4P","Engaging","Kami Bicknell","Summer Sewald","West","MG Special","Cancity",55,2017-08-03,151,100,37,"Review stalled opportunity"
"NNH4EBG8","Engaging","Vicki Laflamme","Celia Rouche","West","MG Special","Mathtouch",55,2017-08-03,151,100,37,"Review stalled opportunity"
"5UFU5IO4","Engaging","Corliss Cosme","Cara Losch","East","MG Special","Cancity",55,2017-08-04,150,100,37,"Review stalled opportunity"
"7DOGGIXI","Engaging","Elease Gluck","Celia Rouche","West","MG Special","Bioplex",55,2017-08-05,149,100,37,"Review stalled opportunity"
"ZGK1AWBD","Engaging","Boris Faz","Rocco Neubert","East","MG Special","Vehement Capital Partners",55,2017-08-06,148,100,37,"Review stalled opportunity"
"AV72Y65Y","Engaging","Cecily Lampkin","Dustin Brinkmann","Central","MG Special","Streethex",55,2017-08-06,148,100,37,"Review stalled opportunity"
"HMWIP0F2","Engaging","Darcel Schlecht","Melvin Marxen","Central","MG Special","Finjob",55,2017-08-12,142,100,37,"Review stalled opportunity"
"44Q1W18Y","Engaging","Moses Frase","Dustin Brinkmann","Central","MG Special","Zoomit",55,2017-08-12,142,100,37,"Review stalled opportunity"
"7ZN8YCH8","Engaging","Versie Hillebrand","Dustin Brinkmann","Central","MG Special","Gekko & Co",55,2017-08-12,142,100,37,"Review stalled opportunity"
"PXNDLIL2","Engaging","Lajuana Vencill","Dustin Brinkmann","Central","MG Special","Initech",55,2017-08-13,141,100,37,"Review stalled opportunity"
"W1XRTUT2","Engaging","Versie Hillebrand","Dustin Brinkmann","Central","MG Special","Finhigh",55,2017-08-15,139,100,37,"Review stalled opportunity"
"QJ1DIUN7","Engaging","Rosalina Dieter","Celia Rouche","West","MG Special","Ganjaflex",55,2017-08-17,137,100,37,"Review stalled opportunity"
"L4R7LDY1","Engaging","Violet Mclelland","Cara Losch","East","MG Special","Hatfan",55,2017-08-17,137,100,37,"Review stalled opportunity"
"9D43V124","Engaging","Vicki Laflamme","Celia Rouche","West","MG Special","Mathtouch",55,2017-08-20,134,100,37,"Review stalled opportunity"
"23J295J4","Engaging","Rosalina Dieter","Celia Rouche","West","MG Special","Xx-holding",55,2017-08-21,133,100,37,"Review stalled opportunity"
"0XYUJ7HF","Engaging","Vicki Laflamme","Celia Rouche","West","MG Special","Isdom",55,2017-08-23,131,100,37,"Review stalled opportunity"
"VGSH1TSW","Engaging","Violet Mclelland","Cara Losch","East","MG Special","Vehement Capital Partners",55,2017-08-25,129,100,37,"Review stalled opportunity"
"GRYHHER0","Engaging","Hayden Neloms","Celia Rouche","West","MG Special","Finhigh",55,2017-09-03,120,100,37,"Review stalled opportunity"
"95YT659K","Engaging","Zane Levy","Summer Sewald","West","MG Special","Groovestreet",55,2017-09-06,117,100,37,"Review stalled opportunity"
"QEZ2X87C","Engaging","Rosalina Dieter","Celia Rouche","West","MG Special","Iselectrics",55,2017-09-07,116,100,37,"Review stalled opportunity"
"XT8HCGAD","Engaging","Rosalina Dieter","Celia Rouche","West","MG Special","Bubba Gump",55,2017-09-10,113,100,37,"Review stalled opportunity"
"HJY0TQ7X","Engaging","Zane Levy","Summer Sewald","West","MG Special","Toughzap",55,2017-09-18,105,100,37,"Review stalled opportunity"
"D9MZMDOL","Engaging","Vicki Laflamme","Celia Rouche","West","MG Special","Zumgoity",55,2017-09-20,103,100,37,"Review stalled opportunity"
"EJVD09HQ","Engaging","James Ascencio","Summer Sewald","West","MG Special","Betasoloin",55,2017-09-25,98,100,37,"Review stalled opportunity"
"MG1YUTUE","Engaging","Markita Hansen","Celia Rouche","West","MG Special","Acme Corporation",55,2017-10-01,92,100,37,"Review stalled opportunity"
"LC93MVYP","Engaging","Kami Bicknell","Summer Sewald","West","GTX Basic","Unknown",550,2017-12-01,31,60,36,"Complete CRM record"
"PQ84ANKD","Engaging","Violet Mclelland","Cara Losch","East","MG Special","Unknown",55,2017-11-20,42,60,36,"Complete CRM record"
"IQR162ZT","Engaging","Elease Gluck","Celia Rouche","West","GTX Plus Basic","Unknown",1096,2017-12-13,19,60,35,"Complete CRM record"
"RYWETTBK","Engaging","Kami Bicknell","Summer Sewald","West","GTX Basic","Fasehatice",550,2017-10-20,73,100,35,"Review stalled opportunity"
"PV3TH2FF","Engaging","Vicki Laflamme","Celia Rouche","West","MG Special","Unknown",55,2017-11-23,39,60,35,"Complete CRM record"
"0N11U6L3","Engaging","Daniell Hammack","Rocco Neubert","East","GTX Plus Basic","Acme Corporation",1096,2017-10-30,63,100,34,"Review stalled opportunity"
"7S8SLZDY","Engaging","Rosalina Dieter","Celia Rouche","West","MG Special","Unknown",55,2017-11-27,35,60,34,"Complete CRM record"
"XSEG5T4H","Engaging","Markita Hansen","Celia Rouche","West","GTX Plus Basic","Zoomit",1096,2017-11-03,59,100,33,"Confirm next step or close"
"GMY4U7RD","Engaging","Maureen Marcano","Summer Sewald","West","GTX Basic","Unknown",550,2017-12-09,23,60,33,"Complete CRM record"
"HCQK8NQ8","Engaging","Wilburn Farren","Cara Losch","East","GTX Plus Basic","Unknown",1096,2017-12-20,12,60,32,"Complete CRM record"
"D55HTKRU","Engaging","Kary Hendrixson","Summer Sewald","West","GTX Pro","Newex",4821,2017-11-24,38,100,31,"Confirm next step or close"
"7EHJYKWE","Engaging","Kary Hendrixson","Summer Sewald","West","GTX Basic","Xx-holding",550,2017-10-28,65,100,31,"Review stalled opportunity"
"07GUKIG3","Engaging","Violet Mclelland","Cara Losch","East","MG Special","Unknown",55,2017-12-05,27,60,31,"Complete CRM record"
"NXXKM7C7","Engaging","Daniell Hammack","Rocco Neubert","East","GTX Plus Basic","Cancity",1096,2017-11-14,48,100,28,"Confirm next step or close"
"MA56XGWR","Engaging","Daniell Hammack","Rocco Neubert","East","GTX Basic","Iselectrics",550,2017-11-05,57,100,28,"Confirm next step or close"
"J9PCNCUP","Engaging","Kary Hendrixson","Summer Sewald","West","GTX Basic","Golddex",550,2017-11-06,56,100,28,"Confirm next step or close"
"FZWU2I30","Engaging","Zane Levy","Summer Sewald","West","GTX Plus Pro","The New York Inquirer",5482,2017-12-10,22,100,27,"Progress next action"
"T6MPH7JC","Engaging","Violet Mclelland","Cara Losch","East","MG Special","Unknown",55,2017-12-17,15,60,26,"Complete CRM record"
"YMWG4Z3S","Engaging","Kary Hendrixson","Summer Sewald","West","GTX Plus Basic","Warephase",1096,2017-11-23,39,100,25,"Confirm next step or close"
"DB801ISB","Engaging","Elease Gluck","Celia Rouche","West","MG Special","Unknown",55,2017-12-22,10,60,24,"Complete CRM record"
"RTWE19SU","Engaging","Kary Hendrixson","Summer Sewald","West","GTX Pro","Conecom",4821,2017-12-17,15,100,22,"Progress next action"
"J1G2SZKD","Engaging","Zane Levy","Summer Sewald","West","GTX Basic","Goodsilron",550,2017-11-22,40,100,22,"Confirm next step or close"
"K9KGXL2E","Engaging","Markita Hansen","Celia Rouche","West","MG Advanced","Lexiqvolax",3393,2017-12-13,19,100,20,"Progress next action"
"L8XNQONA","Engaging","Zane Levy","Summer Sewald","West","GTX Basic","Inity",550,2017-11-27,35,100,20,"Confirm next step or close"
"7XRWWM0X","Engaging","Kami Bicknell","Summer Sewald","West","MG Special","Scotfind",55,2017-11-15,47,100,20,"Confirm next step or close"
"PM2BF2KB","Engaging","Cassey Cress","Rocco Neubert","East","GTX Plus Basic","Xx-holding",1096,2017-12-13,19,100,17,"Progress next action"
"4ZQTMS3Z","Engaging","Violet Mclelland","Cara Losch","East","MG Special","Kan-code",55,2017-11-23,39,100,17,"Confirm next step or close"
"TOJ902PF","Engaging","Daniell Hammack","Rocco Neubert","East","GTX Plus Basic","Bioholding",1096,2017-12-15,17,100,16,"Progress next action"
"J5BCAQ1Z","Engaging","Zane Levy","Summer Sewald","West","GTX Basic","Bioplex",550,2017-12-15,17,100,13,"Progress next action"
"HB740BLB","Engaging","Hayden Neloms","Celia Rouche","West","MG Special","Silis",55,2017-12-20,12,100,7,"Progress next action"
