"opportunity_id","deal_stage","engage_date","close_date","close_month","sales_agent","manager","regional_office","product","series","sales_price","account","sector","office_location","account_revenue_m","employees","is_closed","is_won","close_value","sales_cycle_days","discount_pct","account_known","account_enriched"
"1C1I7A6R","Won",2016-10-20,2017-03-01,"2017-03","Moses Frase","Dustin Brinkmann","Central","GTX Plus Basic","GTX",1096,"Cancity","retail","United States",718.62,2448,TRUE,1,1054,132,0.0383211678832117,1,1
"Z063OYW0","Won",2016-10-25,2017-03-11,"2017-03","Darcel Schlecht","Melvin Marxen","Central","GTX Pro","GTX",4821,"Isdom","medical","United States",3178.24,4540,TRUE,1,4514,137,0.063679734494918,1,1
"EC4QE1BX","Won",2016-10-25,2017-03-07,"2017-03","Darcel Schlecht","Melvin Marxen","Central","MG Special","MG",55,"Cancity","retail","United States",718.62,2448,TRUE,1,50,133,0.0909090909090909,1,1
"MV1LWRNH","Won",2016-10-25,2017-03-09,"2017-03","Moses Frase","Dustin Brinkmann","Central","GTX Basic","GTX",550,"Codehow","software","United States",2714.9,2641,TRUE,1,588,135,-0.0690909090909091,1,1
"PE84CX4O","Won",2016-10-25,2017-03-02,"2017-03","Zane Levy","Summer Sewald","West","GTX Basic","GTX",550,"Hatfan","services","United States",792.46,1299,TRUE,1,517,128,0.0600000000000001,1,1
"ZNBS69V1","Won",2016-10-29,2017-03-01,"2017-03","Anna Snelling","Dustin Brinkmann","Central","MG Special","MG",55,"Ron-tech","medical","United States",3922.42,6837,TRUE,1,49,123,0.109090909090909,1,1
"9ME3374G","Won",2016-10-30,2017-03-02,"2017-03","Vicki Laflamme","Celia Rouche","West","MG Special","MG",55,"J-Texon","retail","United States",1388.67,3583,TRUE,1,57,123,-0.0363636363636364,1,1
"7GN8Q4LL","Won",2016-11-01,2017-03-07,"2017-03","Markita Hansen","Celia Rouche","West","GTX Basic","GTX",550,"Cheers","entertainment","United States",4269.9,6472,TRUE,1,601,126,-0.0927272727272728,1,1
"OLK9LKZB","Won",2016-11-01,2017-03-03,"2017-03","Niesha Huffines","Melvin Marxen","Central","GTX Plus Basic","GTX",1096,"Zumgoity","medical","United States",441.08,1210,TRUE,1,1026,122,0.0638686131386861,1,1
"HAXMC4IX","Engaging",2016-11-03,,,"James Ascencio","Summer Sewald","West","MG Advanced","MG",3393,"Unknown","Unknown","Unknown",,,FALSE,0,,,,0,0
"NL3JZH1Z","Won",2016-11-04,2017-03-10,"2017-03","Anna Snelling","Dustin Brinkmann","Central","MG Special","MG",55,"Bioholding","medical","Philipines",587.34,1356,TRUE,1,53,126,0.0363636363636364,1,1
"KWVA7VR1","Lost",2016-11-04,2017-03-18,"2017-03","Gladys Colclough","Melvin Marxen","Central","GTX Pro","GTX",4821,"Genco Pura Olive Oil Company","retail","Italy",894.33,1635,TRUE,0,0,134,,1,1
"S8DX3XOU","Won",2016-11-04,2017-03-10,"2017-03","James Ascencio","Summer Sewald","West","GTX Plus Pro","GTX",5482,"Sunnamplex","marketing","Poland",894.37,1593,TRUE,1,5169,126,0.0570959503830719,1,1
"ENB2XD8G","Won",2016-11-04,2017-03-06,"2017-03","Maureen Marcano","Summer Sewald","West","GTX Plus Pro","GTX",5482,"Sonron","telecommunications","United States",1699.85,5108,TRUE,1,4631,122,0.155235315578256,1,1
"09YE9QOV","Won",2016-11-05,2017-03-11,"2017-03","Hayden Neloms","Celia Rouche","West","MG Advanced","MG",3393,"Finjob","employment","United States",2059.9,3644,TRUE,1,3393,126,0,1,1
"3F5MZNEH","Lost",2016-11-05,2017-03-03,"2017-03","Rosalina Dieter","Celia Rouche","West","MG Special","MG",55,"Sonron","telecommunications","United States",1699.85,5108,TRUE,0,0,118,,1,1
"M6WEJXC0","Won",2016-11-05,2017-03-06,"2017-03","Rosalina Dieter","Celia Rouche","West","MG Advanced","MG",3393,"Scotfind","software","United States",6354.87,16780,TRUE,1,3284,121,0.0321249631594459,1,1
"6PTR7VBR","Won",2016-11-06,2017-03-05,"2017-03","Versie Hillebrand","Dustin Brinkmann","Central","MG Special","MG",55,"Treequote","telecommunications","United States",5266.09,8595,TRUE,1,61,119,-0.109090909090909,1,1
"902REDPA","Lost",2016-11-07,2017-03-09,"2017-03","Daniell Hammack","Rocco Neubert","East","GTX Pro","GTX",4821,"Xx-zobam","entertainment","United States",3838.39,8274,TRUE,0,0,122,,1,1
"5J9CMGDV","Won",2016-11-07,2017-03-08,"2017-03","Elease Gluck","Celia Rouche","West","MG Special","MG",55,"Rantouch","telecommunications","United States",1188.42,3015,TRUE,1,46,121,0.163636363636364,1,1
"JJXRR8R6","Lost",2016-11-07,2017-03-17,"2017-03","James Ascencio","Summer Sewald","West","GTX Plus Pro","GTX",5482,"Fasehatice","retail","United States",4968.91,7523,TRUE,0,0,130,,1,1
"WF4HA5NW","Won",2016-11-07,2017-03-18,"2017-03","Moses Frase","Dustin Brinkmann","Central","MG Special","MG",55,"Ron-tech","medical","United States",3922.42,6837,TRUE,1,50,131,0.0909090909090909,1,1
"C5K2JP1H","Won",2016-11-07,2017-03-11,"2017-03","Violet Mclelland","Cara Losch","East","GTX Plus Basic","GTX",1096,"Vehement Capital Partners","finance","United States",646.1,883,TRUE,1,1014,124,0.0748175182481752,1,1
"ADRB8OMB","Won",2016-11-08,2017-03-26,"2017-03","Darcel Schlecht","Melvin Marxen","Central","GTX Basic","GTX",550,"Warephase","services","United States",2041.73,5276,TRUE,1,561,138,-0.02,1,1
"SBCR987L","Won",2016-11-10,2017-03-23,"2017-03","Kami Bicknell","Summer Sewald","West","GTX Basic","GTX",550,"Zoomit","entertainment","United States",324.19,978,TRUE,1,590,133,-0.0727272727272728,1,1
"UP409DSB","Engaging",2016-11-10,,,"Maureen Marcano","Summer Sewald","West","MG Advanced","MG",3393,"Ganjaflex","retail","Japan",5158.71,17479,FALSE,0,,,,1,1
"JSD4APT2","Won",2016-11-10,2017-03-12,"2017-03","Versie Hillebrand","Dustin Brinkmann","Central","MG Special","MG",55,"Bioholding","medical","Philipines",587.34,1356,TRUE,1,61,122,-0.109090909090909,1,1
"AO9Z2D17","Lost",2016-11-10,2017-03-11,"2017-03","Violet Mclelland","Cara Losch","East","GTX Plus Pro","GTX",5482,"Xx-zobam","entertainment","United States",3838.39,8274,TRUE,0,0,121,,1,1
"5M58DTJK","Won",2016-11-11,2017-03-05,"2017-03","Elease Gluck","Celia Rouche","West","MG Special","MG",55,"Cheers","entertainment","United States",4269.9,6472,TRUE,1,58,114,-0.0545454545454545,1,1
"KNY1OSAB","Won",2016-11-11,2017-03-14,"2017-03","Maureen Marcano","Summer Sewald","West","GTX Pro","GTX",4821,"Labdrill","medical","United States",2741.37,9226,TRUE,1,4899,123,-0.0161792159303049,1,1
"EAZDUUM9","Lost",2016-11-11,2017-03-01,"2017-03","Rosie Papadopoulos","Cara Losch","East","MG Advanced","MG",3393,"Zotware","software","United States",4478.47,13809,TRUE,0,0,110,,1,1
"2STUSOFE","Won",2016-11-11,2017-03-03,"2017-03","Versie Hillebrand","Dustin Brinkmann","Central","MG Special","MG",55,"dambase","marketing","United States",2173.98,2928,TRUE,1,67,112,-0.218181818181818,1,1
"JYKM0B00","Won",2016-11-12,2017-03-06,"2017-03","James Ascencio","Summer Sewald","West","GTX Pro","GTX",4821,"Xx-holding","finance","United States",7537.24,20293,TRUE,1,4338,114,0.100186683260734,1,1
"KU28360J","Won",2016-11-12,2017-03-19,"2017-03","Kary Hendrixson","Summer Sewald","West","GTX Basic","GTX",550,"Fasehatice","retail","United States",4968.91,7523,TRUE,1,578,127,-0.050909090909091,1,1
"N4SD17JR","Won",2016-11-12,2017-03-01,"2017-03","Reed Clapper","Rocco Neubert","East","GTX Basic","GTX",550,"Acme Corporation","technology","United States",1100.04,2822,TRUE,1,556,109,-0.010909090909091,1,1
"E67P9Y3Q","Won",2016-11-12,2017-03-03,"2017-03","Rosalina Dieter","Celia Rouche","West","GTX Basic","GTX",550,"Green-Plus","services","United States",692.19,1922,TRUE,1,635,111,-0.154545454545455,1,1
"AT3MMVIS","Won",2016-11-12,2017-03-07,"2017-03","Wilburn Farren","Cara Losch","East","MG Advanced","MG",3393,"The New York Inquirer","medical","United States",439.21,792,TRUE,1,3045,115,0.102564102564103,1,1
"REJ11LRY","Won",2016-11-13,2017-03-14,"2017-03","Garret Kinder","Cara Losch","East","GTX Plus Basic","GTX",1096,"Mathtouch","marketing","Jordan",3027.46,9516,TRUE,1,1233,121,-0.125,1,1
"ERV0CAZ7","Won",2016-11-13,2017-03-09,"2017-03","Versie Hillebrand","Dustin Brinkmann","Central","MG Special","MG",55,"Zumgoity","medical","United States",441.08,1210,TRUE,1,60,116,-0.0909090909090908,1,1
"8SOQADK7","Lost",2016-11-14,2017-03-30,"2017-03","Anna Snelling","Dustin Brinkmann","Central","MG Special","MG",55,"Gogozoom","telecommunications","United States",86.68,187,TRUE,0,0,136,,1,1
"TCHFT25B","Lost",2016-11-14,2017-03-08,"2017-03","Darcel Schlecht","Melvin Marxen","Central","GTX Basic","GTX",550,"Stanredtax","finance","United States",1698.2,3798,TRUE,0,0,114,,1,1
"CZVN09WN","Won",2016-11-14,2017-03-20,"2017-03","Darcel Schlecht","Melvin Marxen","Central","GTX Plus Basic","GTX",1096,"Konmatfix","marketing","United States",375.43,1190,TRUE,1,1170,126,-0.0675182481751824,1,1
"EG7OFLFR","Engaging",2016-11-14,,,"Kami Bicknell","Summer Sewald","West","GTX Basic","GTX",550,"Unknown","Unknown","Unknown",,,FALSE,0,,,,0,0
"30UQWUKB","Won",2016-11-15,2017-03-20,"2017-03","Marty Freudenburg","Melvin Marxen","Central","GTX Plus Basic","GTX",1096,"Genco Pura Olive Oil Company","retail","Italy",894.33,1635,TRUE,1,1162,125,-0.0602189781021898,1,1
"OLVI7L8M","Engaging",2016-11-16,,,"Cassey Cress","Rocco Neubert","East","GTX Pro","GTX",4821,"Unknown","Unknown","Unknown",,,FALSE,0,,,,0,0
"97UN20YY","Won",2016-11-16,2017-03-14,"2017-03","Darcel Schlecht","Melvin Marxen","Central","MG Advanced","MG",3393,"Conecom","technology","United States",1520.66,1806,TRUE,1,3725,118,-0.097848511641615,1,1
"JXLERZ9O","Won",2016-11-16,2017-03-31,"2017-03","Kary Hendrixson","Summer Sewald","West","GTX Basic","GTX",550,"Golddex","finance","United States",52.5,165,TRUE,1,559,135,-0.0163636363636364,1,1
"6ROE69W5","Lost",2016-11-16,2017-03-11,"2017-03","Rosalina Dieter","Celia Rouche","West","GTX Basic","GTX",550,"Plexzap","retail","United States",2437.85,4874,TRUE,0,0,115,,1,1
"0DFXFKT7","Lost",2016-11-17,2017-03-21,"2017-03","Darcel Schlecht","Melvin Marxen","Central","GTX Plus Basic","GTX",1096,"Rundofase","technology","United States",1008.06,1238,TRUE,0,0,124,,1,1
"XKMZVSN4","Won",2016-11-17,2017-03-05,"2017-03","James Ascencio","Summer Sewald","West","GTX Plus Pro","GTX",5482,"Sonron","telecommunications","United States",1699.85,5108,TRUE,1,4667,108,0.148668369208318,1,1
"IU8V0BZK","Won",2016-11-17,2017-03-17,"2017-03","Marty Freudenburg","Melvin Marxen","Central","GTX Plus Basic","GTX",1096,"Finhigh","finance","United States",1102.43,1759,TRUE,1,903,120,0.176094890510949,1,1
"XY42936P","Won",2016-11-17,2017-03-13,"2017-03","Maureen Marcano","Summer Sewald","West","GTX Plus Basic","GTX",1096,"Finjob","employment","United States",2059.9,3644,TRUE,1,1180,116,-0.0766423357664234,1,1
"XRN54MBM","Won",2016-11-17,2017-03-05,"2017-03","Niesha Huffines","Melvin Marxen","Central","GTX Basic","GTX",550,"Ron-tech","medical","United States",3922.42,6837,TRUE,1,487,108,0.114545454545455,1,1
"2V848WZD","Won",2016-11-18,2017-03-04,"2017-03","Lajuana Vencill","Dustin Brinkmann","Central","MG Advanced","MG",3393,"Stanredtax","finance","United States",1698.2,3798,TRUE,1,3180,106,0.0627763041556145,1,1
"ONYNTUCG","Lost",2016-11-19,2017-03-17,"2017-03","Darcel Schlecht","Melvin Marxen","Central","GTX Pro","GTX",4821,"Funholding","finance","United States",2819.5,7227,TRUE,0,0,118,,1,1
"HIOHX80Y","Won",2016-11-19,2017-03-18,"2017-03","Darcel Schlecht","Melvin Marxen","Central","MG Advanced","MG",3393,"Gogozoom","telecommunications","United States",86.68,187,TRUE,1,3563,119,-0.0501031535514294,1,1
"F5U1ACDD","Engaging",2016-11-19,,,"Kami Bicknell","Summer Sewald","West","GTX Plus Basic","GTX",1096,"Unknown","Unknown","Unknown",,,FALSE,0,,,,0,0
"LPKT07PV","Won",2016-11-20,2017-03-23,"2017-03","Boris Faz","Rocco Neubert","East","GTX Pro","GTX",4821,"Opentech","finance","United States",355.23,853,TRUE,1,4704,123,0.0242688238954574,1,1
"WPB2SLIG","Won",2016-11-20,2017-03-14,"2017-03","Donn Cantrell","Rocco Neubert","East","GTX Plus Pro","GTX",5482,"Silis","medical","United States",2818.38,6290,TRUE,1,5585,114,-0.0187887632251003,1,1
"XUSUEAV7","Won",2016-11-20,2017-03-09,"2017-03","Elease Gluck","Celia Rouche","West","GTK 500","GTK",26768,"Zoomit","entertainment","United States",324.19,978,TRUE,1,25897,109,0.032538852361028,1,1
"ZZY4516R","Engaging",2016-11-20,,,"Hayden Neloms","Celia Rouche","West","MG Advanced","MG",3393,"Unknown","Unknown","Unknown",,,FALSE,0,,,,0,0
"3TYPII47","Won",2016-11-20,2017-03-03,"2017-03","Kami Bicknell","Summer Sewald","West","GTX Plus Basic","GTX",1096,"Goodsilron","marketing","United States",2952.73,5107,TRUE,1,1207,103,-0.101277372262774,1,1
"7WAX8Z8O","Lost",2016-11-20,2017-03-08,"2017-03","Lajuana Vencill","Dustin Brinkmann","Central","MG Advanced","MG",3393,"Cancity","retail","United States",718.62,2448,TRUE,0,0,108,,1,1
"MYDUMR3R","Won",2016-11-20,2017-03-04,"2017-03","Lajuana Vencill","Dustin Brinkmann","Central","GTX Basic","GTX",550,"Rangreen","technology","Panama",2938.67,8775,TRUE,1,559,104,-0.0163636363636364,1,1
"0DRC1U9Q","Engaging",2016-11-20,,,"Maureen Marcano","Summer Sewald","West","GTX Basic","GTX",550,"Green-Plus","services","United States",692.19,1922,FALSE,0,,,,1,1
"37JFKD4I","Won",2016-11-20,2017-03-09,"2017-03","Niesha Huffines","Melvin Marxen","Central","GTX Plus Basic","GTX",1096,"dambase","marketing","United States",2173.98,2928,TRUE,1,1033,109,0.0574817518248175,1,1
"25YKPHX8","Won",2016-11-21,2017-03-21,"2017-03","Donn Cantrell","Rocco Neubert","East","GTX Basic","GTX",550,"Kan-code","software","United States",11698.03,34288,TRUE,1,462,120,0.16,1,1
"BXXMA7F3","Lost",2016-11-21,2017-03-01,"2017-03","Hayden Neloms","Celia Rouche","West","MG Advanced","MG",3393,"Nam-zim","services","Brazil",405.59,1179,TRUE,0,0,100,,1,1
"GIUUTBXM","Won",2016-11-21,2017-03-14,"2017-03","Kary Hendrixson","Summer Sewald","West","GTX Pro","GTX",4821,"Y-corporation","employment","United States",2871.35,9561,TRUE,1,5539,113,-0.148931756896909,1,1
"MFX2LR1Q","Won",2016-11-21,2017-03-15,"2017-03","Lajuana Vencill","Dustin Brinkmann","Central","MG Advanced","MG",3393,"Ron-tech","medical","United States",3922.42,6837,TRUE,1,3573,114,-0.0530503978779842,1,1
"DUHE9FLY","Won",2016-11-21,2017-03-01,"2017-03","Marty Freudenburg","Melvin Marxen","Central","GTX Pro","GTX",4821,"Conecom","technology","United States",1520.66,1806,TRUE,1,4926,100,-0.0217797137523335,1,1
"96BSG7R1","Lost",2016-11-21,2017-03-17,"2017-03","Zane Levy","Summer Sewald","West","GTX Plus Basic","GTX",1096,"Sunnamplex","marketing","Poland",894.37,1593,TRUE,0,0,116,,1,1
"7FQMSWIX","Won",2016-11-22,2017-03-04,"2017-03","Corliss Cosme","Cara Losch","East","MG Special","MG",55,"Bioplex","medical","United States",326.82,1016,TRUE,1,62,102,-0.127272727272727,1,1
"C20AVXN7","Won",2016-11-22,2017-03-14,"2017-03","Darcel Schlecht","Melvin Marxen","Central","GTX Pro","GTX",4821,"Gogozoom","telecommunications","United States",86.68,187,TRUE,1,4359,112,0.0958307405102676,1,1
"GS1QVWCR","Won",2016-11-22,2017-03-31,"2017-03","Kami Bicknell","Summer Sewald","West","GTX Basic","GTX",550,"Plusstrip","entertainment","United States",349.81,315,TRUE,1,566,129,-0.0290909090909091,1,1
"ZWH8FXY3","Won",2016-11-22,2017-03-03,"2017-03","Marty Freudenburg","Melvin Marxen","Central","GTX Basic","GTX",550,"Toughzap","retail","United States",332.43,799,TRUE,1,508,101,0.0763636363636364,1,1
"2U94Y3Q9","Lost",2016-11-22,2017-03-20,"2017-03","Rosie Papadopoulos","Cara Losch","East","MG Advanced","MG",3393,"Vehement Capital Partners","finance","United States",646.1,883,TRUE,0,0,118,,1,1
"AAR79NOO","Won",2016-11-22,2017-03-11,"2017-03","Versie Hillebrand","Dustin Brinkmann","Central","MG Special","MG",55,"Codehow","software","United States",2714.9,2641,TRUE,1,51,109,0.0727272727272728,1,1
"B6B0PNR2","Won",2016-11-22,2017-03-05,"2017-03","Vicki Laflamme","Celia Rouche","West","GTX Pro","GTX",4821,"Dalttechnology","software","United States",98.79,96,TRUE,1,4899,103,-0.0161792159303049,1,1
"M7I5O9YU","Engaging",2016-11-23,,,"Corliss Cosme","Cara Losch","East","GTX Basic","GTX",550,"Cheers","entertainment","United States",4269.9,6472,FALSE,0,,,,1,1
"LXZA2OSZ","Won",2016-11-23,2017-03-03,"2017-03","Corliss Cosme","Cara Losch","East","GTX Plus Pro","GTX",5482,"Ontomedia","employment","United States",882.12,2769,TRUE,1,5790,100,-0.0561838744983583,1,1
"N0ONCYVZ","Lost",2016-11-23,2017-03-30,"2017-03","Donn Cantrell","Rocco Neubert","East","MG Special","MG",55,"Kinnamplus","retail","United States",702.72,1831,TRUE,0,0,127,,1,1
"GYB4W2AU","Engaging",2016-11-23,,,"Elease Gluck","Celia Rouche","West","MG Advanced","MG",3393,"Unknown","Unknown","Unknown",,,FALSE,0,,,,0,0
"513DPFX5","Won",2016-11-23,2017-03-03,"2017-03","Gladys Colclough","Melvin Marxen","Central","GTX Pro","GTX",4821,"Codehow","software","United States",2714.9,2641,TRUE,1,4438,100,0.0794440987347024,1,1
"RU023K5W","Won",2016-11-23,2017-03-17,"2017-03","Gladys Colclough","Melvin Marxen","Central","MG Advanced","MG",3393,"Finhigh","finance","United States",1102.43,1759,TRUE,1,2972,114,0.124078986147952,1,1
"VDIU10RV","Engaging",2016-11-23,,,"Markita Hansen","Celia Rouche","West","MG Special","MG",55,"Lexiqvolax","medical","United States",1618.89,3889,FALSE,0,,,,1,1
"BZCBQ514","Won",2016-11-23,2017-03-01,"2017-03","Markita Hansen","Celia Rouche","West","GTX Basic","GTX",550,"Y-corporation","employment","United States",2871.35,9561,TRUE,1,523,98,0.0490909090909091,1,1
"HEE6P0QH","Won",2016-11-24,2017-03-25,"2017-03","Anna Snelling","Dustin Brinkmann","Central","MG Advanced","MG",3393,"Statholdings","employment","United States",291.27,586,TRUE,1,3647,121,-0.0748600058944886,1,1
"L8CHRJ2B","Won",2016-11-24,2017-03-01,"2017-03","Cassey Cress","Rocco Neubert","East","MG Advanced","MG",3393,"Umbrella Corporation","finance","United States",2022.14,5113,TRUE,1,4200,97,-0.237842617152962,1,1
"579LZ3F9","Engaging",2016-11-24,,,"Daniell Hammack","Rocco Neubert","East","GTX Plus Basic","GTX",1096,"J-Texon","retail","United States",1388.67,3583,FALSE,0,,,,1,1
"SU8JNMP4","Engaging",2016-11-24,,,"Kami Bicknell","Summer Sewald","West","GTX Plus Basic","GTX",1096,"Bubba Gump","software","United States",987.39,2253,FALSE,0,,,,1,1
"V2X2KMUR","Won",2016-11-24,2017-03-28,"2017-03","Kami Bicknell","Summer Sewald","West","GTX Plus Basic","GTX",1096,"Faxquote","telecommunications","United States",1825.82,5595,TRUE,1,1059,124,0.0337591240875912,1,1
"AJIPJP75","Lost",2016-11-24,2017-03-05,"2017-03","Marty Freudenburg","Melvin Marxen","Central","GTX Plus Basic","GTX",1096,"Codehow","software","United States",2714.9,2641,TRUE,0,0,101,,1,1
"NYVA2G6U","Won",2016-11-24,2017-03-02,"2017-03","Versie Hillebrand","Dustin Brinkmann","Central","MG Special","MG",55,"Dontechi","software","United States",4618,10083,TRUE,1,57,98,-0.0363636363636364,1,1
"FF45BXTL","Won",2016-11-24,2017-03-27,"2017-03","Vicki Laflamme","Celia Rouche","West","MG Advanced","MG",3393,"Konex","technology","United States",7708.38,13756,TRUE,1,3671,123,-0.0819333922782199,1,1
"TTA9LYBS","Won",2016-11-25,2017-03-01,"2017-03","Anna Snelling","Dustin Brinkmann","Central","MG Special","MG",55,"Treequote","telecommunications","United States",5266.09,8595,TRUE,1,58,96,-0.0545454545454545,1,1
"PAGZQH8L","Won",2016-11-25,2017-03-06,"2017-03","Cecily Lampkin","Dustin Brinkmann","Central","MG Advanced","MG",3393,"Treequote","telecommunications","United States",5266.09,8595,TRUE,1,3956,101,-0.165929855585028,1,1
"J7YF6DS7","Won",2016-11-25,2017-03-01,"2017-03","Corliss Cosme","Cara Losch","East","GTX Plus Pro","GTX",5482,"Betasoloin","medical","United States",251.41,495,TRUE,1,5964,96,-0.0879241152863919,1,1
"S5IXY4Z9","Won",2016-11-25,2017-03-06,"2017-03","Corliss Cosme","Cara Losch","East","GTX Pro","GTX",4821,"Betasoloin","medical","United States",251.41,495,TRUE,1,4570,101,0.0520638871603402,1,1
"JQBJMETQ","Won",2016-11-25,2017-03-27,"2017-03","Darcel Schlecht","Melvin Marxen","Central","MG Special","MG",55,"Domzoom","entertainment","United States",217.87,551,TRUE,1,49,122,0.109090909090909,1,1
"0LVWSWEW","Won",2016-11-25,2017-03-06,"2017-03","Violet Mclelland","Cara Losch","East","MG Special","MG",55,"Donquadtech","technology","United States",1712.68,3194,TRUE,1,65,101,-0.181818181818182,1,1
"K53BC1T9","Lost",2016-11-26,2017-03-27,"2017-03","Anna Snelling","Dustin Brinkmann","Central","MG Special","MG",55,"Domzoom","entertainment","United States",217.87,551,TRUE,0,0,121,,1,1
"D40N5I9Y","Won",2016-11-26,2017-03-08,"2017-03","Darcel Schlecht","Melvin Marxen","Central","GTX Pro","GTX",4821,"Finhigh","finance","United States",1102.43,1759,TRUE,1,4739,102,0.0170089193113462,1,1
"051QTX8Z","Won",2016-11-26,2017-03-21,"2017-03","Niesha Huffines","Melvin Marxen","Central","GTX Plus Basic","GTX",1096,"Globex Corporation","technology","Norway",1223.72,2497,TRUE,1,1080,115,0.0145985401459854,1,1
"5D2XH04S","Won",2016-11-26,2017-03-12,"2017-03","Reed Clapper","Rocco Neubert","East","MG Special","MG",55,"Plussunin","retail","United States",1419.98,4018,TRUE,1,57,106,-0.0363636363636364,1,1
"V9E582SK","Won",2016-11-27,2017-03-16,"2017-03","Garret Kinder","Cara Losch","East","GTX Basic","GTX",550,"Konex","technology","United States",7708.38,13756,TRUE,1,469,109,0.147272727272727,1,1
"UK0LEZRJ","Won",2016-11-27,2017-03-03,"2017-03","Kary Hendrixson","Summer Sewald","West","GTX Basic","GTX",550,"Condax","medical","United States",4.54,9,TRUE,1,532,96,0.0327272727272727,1,1
"PFFHM7HR","Engaging",2016-11-27,,,"Markita Hansen","Celia Rouche","West","MG Advanced","MG",3393,"Opentech","finance","United States",355.23,853,FALSE,0,,,,1,1
"IT10CFQH","Won",2016-11-27,2017-03-26,"2017-03","Rosalina Dieter","Celia Rouche","West","GTX Basic","GTX",550,"Konex","technology","United States",7708.38,13756,TRUE,1,538,119,0.0218181818181818,1,1
"8VKD2CCH","Won",2016-11-27,2017-03-21,"2017-03","Rosie Papadopoulos","Cara Losch","East","GTX Pro","GTX",4821,"Massive Dynamic","entertainment","United States",665.06,1095,TRUE,1,4829,114,-0.00165940676208254,1,1
"2XQAKBXH","Won",2016-11-27,2017-03-11,"2017-03","Zane Levy","Summer Sewald","West","GTX Plus Pro","GTX",5482,"Doncon","technology","United States",587.72,1501,TRUE,1,5370,104,0.0204304998175848,1,1
"7G7YLGJO","Won",2016-11-27,2017-03-21,"2017-03","Zane Levy","Summer Sewald","West","GTX Plus Pro","GTX",5482,"Hatfan","services","United States",792.46,1299,TRUE,1,6499,114,-0.185516234950748,1,1
"GCA97W27","Won",2016-11-28,2017-03-06,"2017-03","Darcel Schlecht","Melvin Marxen","Central","GTX Plus Basic","GTX",1096,"Genco Pura Olive Oil Company","retail","Italy",894.33,1635,TRUE,1,1161,98,-0.0593065693430657,1,1
"K8FUZHOG","Won",2016-11-28,2017-03-26,"2017-03","Kary Hendrixson","Summer Sewald","West","GTX Basic","GTX",550,"Scotfind","software","United States",6354.87,16780,TRUE,1,576,118,-0.0472727272727274,1,1
"5WJZMULK","Won",2016-11-28,2017-03-19,"2017-03","Maureen Marcano","Summer Sewald","West","GTX Plus Basic","GTX",1096,"Hatfan","services","United States",792.46,1299,TRUE,1,979,111,0.106751824817518,1,1
"ZPYD4T9W","Won",2016-11-28,2017-03-07,"2017-03","Versie Hillebrand","Dustin Brinkmann","Central","MG Special","MG",55,"Stanredtax","finance","United States",1698.2,3798,TRUE,1,43,99,0.218181818181818,1,1
"KE9ZEDS8","Won",2016-11-29,2017-03-07,"2017-03","Gladys Colclough","Melvin Marxen","Central","MG Special","MG",55,"Scottech","marketing","United States",45.39,100,TRUE,1,57,98,-0.0363636363636364,1,1
"7KK0HQ4C","Lost",2016-11-29,2017-03-28,"2017-03","Lajuana Vencill","Dustin Brinkmann","Central","MG Special","MG",55,"Ron-tech","medical","United States",3922.42,6837,TRUE,0,0,119,,1,1
"FP7014Z0","Won",2016-11-29,2017-03-12,"2017-03","Lajuana Vencill","Dustin Brinkmann","Central","GTX Plus Basic","GTX",1096,"Funholding","finance","United States",2819.5,7227,TRUE,1,948,103,0.135036496350365,1,1
"N4HFHDMW","Won",2016-11-29,2017-03-10,"2017-03","Wilburn Farren","Cara Losch","East","MG Advanced","MG",3393,"Plussunin","retail","United States",1419.98,4018,TRUE,1,3012,101,0.112290008841733,1,1
"2HFLKREC","Won",2016-11-30,2017-03-15,"2017-03","Cassey Cress","Rocco Neubert","East","MG Advanced","MG",3393,"Zotware","software","United States",4478.47,13809,TRUE,1,3665,105,-0.0801650456822871,1,1
"7JVTTVCO","Won",2016-11-30,2017-03-24,"2017-03","Violet Mclelland","Cara Losch","East","GTX Basic","GTX",550,"Gekko & Co","retail","United States",2520.83,3502,TRUE,1,564,114,-0.0254545454545454,1,1
"3X13866U","Lost",2016-12-01,2017-03-06,"2017-03","Anna Snelling","Dustin Brinkmann","Central","GTX Plus Basic","GTX",1096,"dambase","marketing","United States",2173.98,2928,TRUE,0,0,95,,1,1
"7LE19SYE","Won",2016-12-01,2017-03-22,"2017-03","Cassey Cress","Rocco Neubert","East","MG Advanced","MG",3393,"Initech","telecommunications","United States",6395.05,20275,TRUE,1,3463,111,-0.0206307102858827,1,1
"J5V2M7Y1","Won",2016-12-01,2017-03-26,"2017-03","Corliss Cosme","Cara Losch","East","GTX Basic","GTX",550,"Gekko & Co","retail","United States",2520.83,3502,TRUE,1,513,115,0.0672727272727273,1,1
"41MURAI5","Won",2016-12-01,2017-03-28,"2017-03","Corliss Cosme","Cara Losch","East","GTX Basic","GTX",550,"Konex","technology","United States",7708.38,13756,TRUE,1,590,117,-0.0727272727272728,1,1
"QHI8WRIA","Won",2016-12-01,2017-03-30,"2017-03","Darcel Schlecht","Melvin Marxen","Central","GTX Pro","GTX",4821,"Dontechi","software","United States",4618,10083,TRUE,1,4511,119,0.0643020120306991,1,1
"AJXAXV4W","Lost",2016-12-01,2017-03-02,"2017-03","Lajuana Vencill","Dustin Brinkmann","Central","MG Advanced","MG",3393,"Finhigh","finance","United States",1102.43,1759,TRUE,0,0,91,,1,1
"VPDXX5PJ","Won",2016-12-01,2017-03-26,"2017-03","Niesha Huffines","Melvin Marxen","Central","GTX Basic","GTX",550,"Cancity","retail","United States",718.62,2448,TRUE,1,546,115,0.00727272727272732,1,1
"PZB9NUK8","Won",2016-12-01,2017-03-05,"2017-03","Vicki Laflamme","Celia Rouche","West","MG Special","MG",55,"Y-corporation","employment","United States",2871.35,9561,TRUE,1,46,94,0.163636363636364,1,1
"A0ANOYPF","Won",2016-12-02,2017-03-09,"2017-03","Darcel Schlecht","Melvin Marxen","Central","GTX Pro","GTX",4821,"Ron-tech","medical","United States",3922.42,6837,TRUE,1,4891,97,-0.0145198091682224,1,1
"0P4AAPYX","Won",2016-12-02,2017-03-03,"2017-03","Hayden Neloms","Celia Rouche","West","GTX Plus Basic","GTX",1096,"Golddex","finance","United States",52.5,165,TRUE,1,1040,91,0.051094890510949,1,1
"O6T5WC3W","Won",2016-12-02,2017-03-04,"2017-03","Hayden Neloms","Celia Rouche","West","GTX Plus Basic","GTX",1096,"Sonron","telecommunications","United States",1699.85,5108,TRUE,1,1108,92,-0.0109489051094891,1,1
"0NO04P6C","Won",2016-12-02,2017-03-04,"2017-03","Hayden Neloms","Celia Rouche","West","MG Special","MG",55,"Nam-zim","services","Brazil",405.59,1179,TRUE,1,59,92,-0.0727272727272728,1,1
"22OFSXBT","Won",2016-12-02,2017-03-30,"2017-03","Jonathan Berthelot","Melvin Marxen","Central","GTX Pro","GTX",4821,"Statholdings","employment","United States",291.27,586,TRUE,1,5406,118,-0.121344119477287,1,1
"MRXZTMM6","Won",2016-12-02,2017-03-20,"2017-03","Kary Hendrixson","Summer Sewald","West","GTX Basic","GTX",550,"Cheers","entertainment","United States",4269.9,6472,TRUE,1,515,108,0.0636363636363636,1,1
"LGI8QEC2","Won",2016-12-02,2017-03-06,"2017-03","Moses Frase","Dustin Brinkmann","Central","GTX Basic","GTX",550,"Treequote","telecommunications","United States",5266.09,8595,TRUE,1,583,94,-0.0600000000000001,1,1
"6KZ0NCFX","Won",2016-12-02,2017-03-14,"2017-03","Versie Hillebrand","Dustin Brinkmann","Central","MG Special","MG",55,"Funholding","finance","United States",2819.5,7227,TRUE,1,54,102,0.0181818181818182,1,1
"3SF8O9S6","Won",2016-12-02,2017-03-27,"2017-03","Vicki Laflamme","Celia Rouche","West","MG Special","MG",55,"Plusstrip","entertainment","United States",349.81,315,TRUE,1,60,115,-0.0909090909090908,1,1
"CNM0H9FR","Engaging",2016-12-02,,,"Zane Levy","Summer Sewald","West","GTX Basic","GTX",550,"Unknown","Unknown","Unknown",,,FALSE,0,,,,0,0
"XK668R7C","Lost",2016-12-03,2017-03-12,"2017-03","Darcel Schlecht","Melvin Marxen","Central","GTX Basic","GTX",550,"Dontechi","software","United States",4618,10083,TRUE,0,0,99,,1,1
"TZCAQWL3","Lost",2016-12-03,2017-03-19,"2017-03","Darcel Schlecht","Melvin Marxen","Central","GTX Pro","GTX",4821,"Funholding","finance","United States",2819.5,7227,TRUE,0,0,106,,1,1
"BADC6A9H","Won",2016-12-03,2017-03-23,"2017-03","Darcel Schlecht","Melvin Marxen","Central","GTX Basic","GTX",550,"Globex Corporation","technology","Norway",1223.72,2497,TRUE,1,516,110,0.0618181818181818,1,1
"B8E0UUZR","Won",2016-12-03,2017-03-22,"2017-03","Darcel Schlecht","Melvin Marxen","Central","GTX Pro","GTX",4821,"Rangreen","technology","Panama",2938.67,8775,TRUE,1,4829,109,-0.00165940676208254,1,1
"I043RXJV","Lost",2016-12-03,2017-03-17,"2017-03","Moses Frase","Dustin Brinkmann","Central","GTX Plus Basic","GTX",1096,"Dontechi","software","United States",4618,10083,TRUE,0,0,104,,1,1
"MWWB44CC","Won",2016-12-03,2017-03-02,"2017-03","Reed Clapper","Rocco Neubert","East","GTX Plus Basic","GTX",1096,"Donquadtech","technology","United States",1712.68,3194,TRUE,1,950,89,0.133211678832117,1,1
"HBTINPDG","Lost",2016-12-03,2017-03-09,"2017-03","Vicki Laflamme","Celia Rouche","West","GTX Plus Basic","GTX",1096,"Xx-holding","finance","United States",7537.24,20293,TRUE,0,0,96,,1,1
"DZ3KHZSX","Won",2016-12-04,2017-03-20,"2017-03","Corliss Cosme","Cara Losch","East","GTX Basic","GTX",550,"Initech","telecommunications","United States",6395.05,20275,TRUE,1,513,106,0.0672727272727273,1,1
"3W1K7X5F","Lost",2016-12-04,2017-03-09,"2017-03","Darcel Schlecht","Melvin Marxen","Central","GTX Pro","GTX",4821,"Condax","medical","United States",4.54,9,TRUE,0,0,95,,1,1
"45A57X68","Won",2016-12-04,2017-03-12,"2017-03","Darcel Schlecht","Melvin Marxen","Central","GTX Plus Pro","GTX",5482,"Ron-tech","medical","United States",3922.42,6837,TRUE,1,5522,98,-0.00729660707770896,1,1
"9SLYC4TR","Won",2016-12-04,2017-03-09,"2017-03","Gladys Colclough","Melvin Marxen","Central","MG Special","MG",55,"Cancity","retail","United States",718.62,2448,TRUE,1,56,95,-0.0181818181818181,1,1
"JLWKWQYC","Won",2016-12-04,2017-03-08,"2017-03","James Ascencio","Summer Sewald","West","GTX Pro","GTX",4821,"Doncon","technology","United States",587.72,1501,TRUE,1,5673,94,-0.176726820161792,1,1
"7QC6FOKW","Won",2016-12-04,2017-03-10,"2017-03","Kami Bicknell","Summer Sewald","West","GTX Basic","GTX",550,"Xx-holding","finance","United States",7537.24,20293,TRUE,1,598,96,-0.0872727272727272,1,1
"XA184CMW","Won",2016-12-04,2017-03-16,"2017-03","Marty Freudenburg","Melvin Marxen","Central","GTX Plus Pro","GTX",5482,"Rangreen","technology","Panama",2938.67,8775,TRUE,1,5787,102,-0.0556366289675301,1,1
"S0N7BYU3","Won",2016-12-04,2017-03-08,"2017-03","Maureen Marcano","Summer Sewald","West","GTX Plus Basic","GTX",1096,"Singletechno","retail","United States",2214.94,5374,TRUE,1,1070,94,0.0237226277372263,1,1
"6WOMHAJM","Won",2016-12-05,2017-03-14,"2017-03","Boris Faz","Rocco Neubert","East","MG Advanced","MG",3393,"Donquadtech","technology","United States",1712.68,3194,TRUE,1,3677,99,-0.0837017388741528,1,1
"G1QGATKV","Won",2016-12-05,2017-03-30,"2017-03","Cassey Cress","Rocco Neubert","East","GTX Plus Pro","GTX",5482,"Ontomedia","employment","United States",882.12,2769,TRUE,1,5425,115,0.0103976650857351,1,1
"UAE5ZC7O","Engaging",2016-12-05,,,"Daniell Hammack","Rocco Neubert","East","GTX Plus Pro","GTX",5482,"Unknown","Unknown","Unknown",,,FALSE,0,,,,0,0
"6XFVQI32","Won",2016-12-05,2017-03-23,"2017-03","Donn Cantrell","Rocco Neubert","East","MG Advanced","MG",3393,"Yearin","retail","United States",2261.05,3851,TRUE,1,3415,108,-0.00648393751842025,1,1
"JUCNIG4H","Engaging",2016-12-05,,,"James Ascencio","Summer Sewald","West","GTX Basic","GTX",550,"Unknown","Unknown","Unknown",,,FALSE,0,,,,0,0
"OGD4MDJ9","Won",2016-12-05,2017-03-21,"2017-03","Maureen Marcano","Summer Sewald","West","GTX Plus Basic","GTX",1096,"Lexiqvolax","medical","United States",1618.89,3889,TRUE,1,891,106,0.187043795620438,1,1
"4NGBUZWJ","Won",2016-12-06,2017-03-12,"2017-03","Lajuana Vencill","Dustin Brinkmann","Central","GTX Basic","GTX",550,"Codehow","software","United States",2714.9,2641,TRUE,1,609,96,-0.107272727272727,1,1
"EFG5DGV5","Won",2016-12-06,2017-03-16,"2017-03","Markita Hansen","Celia Rouche","West","MG Special","MG",55,"Plusstrip","entertainment","United States",349.81,315,TRUE,1,54,100,0.0181818181818182,1,1
"82MM4H33","Won",2016-12-06,2017-03-09,"2017-03","Zane Levy","Summer Sewald","West","GTX Plus Basic","GTX",1096,"Labdrill","medical","United States",2741.37,9226,TRUE,1,1049,93,0.0428832116788321,1,1
"14PM641K","Won",2016-12-07,2017-03-07,"2017-03","Cassey Cress","Rocco Neubert","East","GTX Plus Basic","GTX",1096,"Gekko & Co","retail","United States",2520.83,3502,TRUE,1,1152,90,-0.051094890510949,1,1
"DSBGHOPN","Lost",2016-12-07,2017-03-20,"2017-03","Daniell Hammack","Rocco Neubert","East","MG Special","MG",55,"Plussunin","retail","United States",1419.98,4018,TRUE,0,0,103,,1,1
"1YSOZLHF","Won",2016-12-07,2017-03-28,"2017-03","Daniell Hammack","Rocco Neubert","East","GTX Pro","GTX",4821,"Umbrella Corporation","finance","United States",2022.14,5113,TRUE,1,4799,111,0.00456336859572704,1,1
"E8RP9FRW","Won",2016-12-07,2017-03-12,"2017-03","Gladys Colclough","Melvin Marxen","Central","MG Special","MG",55,"dambase","marketing","United States",2173.98,2928,TRUE,1,51,95,0.0727272727272728,1,1
"787IRG9Q","Won",2016-12-07,2017-03-03,"2017-03","Hayden Neloms","Celia Rouche","West","MG Advanced","MG",3393,"J-Texon","retail","United States",1388.67,3583,TRUE,1,3426,86,-0.00972590627763048,1,1
"0TUS4NAC","Won",2016-12-07,2017-03-11,"2017-03","Jonathan Berthelot","Melvin Marxen","Central","MG Special","MG",55,"Rangreen","technology","Panama",2938.67,8775,TRUE,1,51,94,0.0727272727272728,1,1
"FAJTQMUM","Won",2016-12-07,2017-03-20,"2017-03","Kami Bicknell","Summer Sewald","West","GTX Basic","GTX",550,"Finjob","employment","United States",2059.9,3644,TRUE,1,564,103,-0.0254545454545454,1,1
"TWF0J0DF","Won",2016-12-08,2017-03-01,"2017-03","Cecily Lampkin","Dustin Brinkmann","Central","GTX Plus Pro","GTX",5482,"Isdom","medical","United States",3178.24,4540,TRUE,1,5882,83,-0.0729660707770887,1,1
"ICMXZOVL","Engaging",2016-12-08,,,"Daniell Hammack","Rocco Neubert","East","GTX Pro","GTX",4821,"Stanredtax","finance","United States",1698.2,3798,FALSE,0,,,,1,1
"UQ14O415","Won",2016-12-08,2017-03-20,"2017-03","Donn Cantrell","Rocco Neubert","East","GTX Pro","GTX",4821,"Plussunin","retail","United States",1419.98,4018,TRUE,1,5059,102,-0.0493673511719561,1,1
"IBEUTCSW","Engaging",2016-12-08,,,"James Ascencio","Summer Sewald","West","MG Advanced","MG",3393,"Unknown","Unknown","Unknown",,,FALSE,0,,,,0,0
"O3KC8QI8","Engaging",2016-12-08,,,"Kami Bicknell","Summer Sewald","West","GTX Plus Basic","GTX",1096,"Unknown","Unknown","Unknown",,,FALSE,0,,,,0,0
"BOJSLNDG","Won",2016-12-08,2017-03-11,"2017-03","Kami Bicknell","Summer Sewald","West","MG Advanced","MG",3393,"Singletechno","retail","United States",2214.94,5374,TRUE,1,3388,93,0.00147362216327729,1,1
"WALNFJ70","Engaging",2016-12-08,,,"Kary Hendrixson","Summer Sewald","West","GTX Plus Pro","GTX",5482,"Unknown","Unknown","Unknown",,,FALSE,0,,,,0,0
"DASMR0EK","Won",2016-12-08,2017-03-10,"2017-03","Markita Hansen","Celia Rouche","West","GTX Plus Pro","GTX",5482,"Zoomit","entertainment","United States",324.19,978,TRUE,1,5410,92,0.013133892739876,1,1
"A76M0OOH","Won",2016-12-08,2017-03-28,"2017-03","Reed Clapper","Rocco Neubert","East","GTX Plus Basic","GTX",1096,"Zathunicon","retail","United States",71.12,144,TRUE,1,978,110,0.107664233576642,1,1
"E1VKE2PH","Won",2016-12-08,2017-03-26,"2017-03","Vicki Laflamme","Celia Rouche","West","MG Special","MG",55,"Scotfind","software","United States",6354.87,16780,TRUE,1,54,108,0.0181818181818182,1,1
"SKY95DVG","Lost",2016-12-09,2017-03-22,"2017-03","Anna Snelling","Dustin Brinkmann","Central","MG Special","MG",55,"Betatech","medical","Kenya",647.18,1185,TRUE,0,0,103,,1,1
"V5OK4V5I","Won",2016-12-09,2017-03-14,"2017-03","Cassey Cress","Rocco Neubert","East","GTX Basic","GTX",550,"Bubba Gump","software","United States",987.39,2253,TRUE,1,549,95,0.00181818181818183,1,1
"GJ4L5HHN","Won",2016-12-09,2017-03-14,"2017-03","Corliss Cosme","Cara Losch","East","GTX Plus Basic","GTX",1096,"Mathtouch","marketing","Jordan",3027.46,9516,TRUE,1,1034,95,0.0565693430656934,1,1
"9R8JWY3J","Won",2016-12-09,2017-03-03,"2017-03","Donn Cantrell","Rocco Neubert","East","GTX Pro","GTX",4821,"Vehement Capital Partners","finance","United States",646.1,883,TRUE,1,4998,84,-0.0367143746110765,1,1
"0EOFVU05","Won",2016-12-09,2017-03-28,"2017-03","Donn Cantrell","Rocco Neubert","East","MG Advanced","MG",3393,"Ontomedia","employment","United States",882.12,2769,TRUE,1,3421,109,-0.00825228411435308,1,1
"HNHOPL7M","Won",2016-12-09,2017-03-04,"2017-03","Kary Hendrixson","Summer Sewald","West","GTX Plus Pro","GTX",5482,"Doncon","technology","United States",587.72,1501,TRUE,1,5425,85,0.0103976650857351,1,1
"Y0NYI17R","Won",2016-12-09,2017-03-15,"2017-03","Vicki Laflamme","Celia Rouche","West","MG Special","MG",55,"Dalttechnology","software","United States",98.79,96,TRUE,1,55,96,0,1,1
"R4F4RGAL","Won",2016-12-09,2017-03-14,"2017-03","Violet Mclelland","Cara Losch","East","MG Advanced","MG",3393,"Silis","medical","United States",2818.38,6290,TRUE,1,3558,95,-0.0486295313881522,1,1
"MNVMY83P","Engaging",2016-12-10,,,"Cassey Cress","Rocco Neubert","East","GTX Pro","GTX",4821,"Plussunin","retail","United States",1419.98,4018,FALSE,0,,,,1,1
"0ZHLQFGU","Won",2016-12-10,2017-03-22,"2017-03","Kami Bicknell","Summer Sewald","West","GTX Pro","GTX",4821,"Blackzim","retail","United States",497.11,1588,TRUE,1,4839,102,-0.00373366521468577,1,1
"40DPY158","Won",2016-12-10,2017-03-25,"2017-03","Markita Hansen","Celia Rouche","West","MG Special","MG",55,"Hottechi","technology","Korea",8170.38,16499,TRUE,1,47,105,0.145454545454546,1,1
"DP9E525R","Won",2016-12-10,2017-03-24,"2017-03","Maureen Marcano","Summer Sewald","West","GTX Plus Basic","GTX",1096,"Fasehatice","retail","United States",4968.91,7523,TRUE,1,1007,104,0.0812043795620438,1,1
"DBDUMQQK","Won",2016-12-10,2017-03-24,"2017-03","Niesha Huffines","Melvin Marxen","Central","MG Special","MG",55,"Inity","marketing","United States",2403.58,8801,TRUE,1,48,104,0.127272727272727,1,1
"CNBN12RL","Won",2016-12-10,2017-03-07,"2017-03","Versie Hillebrand","Dustin Brinkmann","Central","MG Special","MG",55,"Treequote","telecommunications","United States",5266.09,8595,TRUE,1,49,87,0.109090909090909,1,1
"OXL0YWEE","Won",2016-12-10,2017-03-18,"2017-03","Violet Mclelland","Cara Losch","East","GTX Basic","GTX",550,"Mathtouch","marketing","Jordan",3027.46,9516,TRUE,1,504,98,0.0836363636363636,1,1
"ZOBJHMAF","Engaging",2016-12-11,,,"Cassey Cress","Rocco Neubert","East","MG Advanced","MG",3393,"Unknown","Unknown","Unknown",,,FALSE,0,,,,0,0
"KD6MB4AP","Engaging",2016-12-11,,,"Elease Gluck","Celia Rouche","West","MG Special","MG",55,"Unknown","Unknown","Unknown",,,FALSE,0,,,,0,0
"5CSSZJF4","Won",2016-12-11,2017-03-21,"2017-03","Jonathan Berthelot","Melvin Marxen","Central","GTX Basic","GTX",550,"Finhigh","finance","United States",1102.43,1759,TRUE,1,543,100,0.0127272727272727,1,1
"0XG8TOJF","Lost",2016-12-11,2017-03-18,"2017-03","Kary Hendrixson","Summer Sewald","West","GTX Plus Pro","GTX",5482,"Fasehatice","retail","United States",4968.91,7523,TRUE,0,0,97,,1,1
"IIS0O91J","Won",2016-12-11,2017-03-28,"2017-03","Kary Hendrixson","Summer Sewald","West","GTX Pro","GTX",4821,"Fasehatice","retail","United States",4968.91,7523,TRUE,1,5149,107,-0.0680356772453847,1,1
"2LP5SUR5","Lost",2016-12-11,2017-03-09,"2017-03","Lajuana Vencill","Dustin Brinkmann","Central","GTX Basic","GTX",550,"Treequote","telecommunications","United States",5266.09,8595,TRUE,0,0,88,,1,1
"PYZZ3IS6","Won",2016-12-11,2017-03-11,"2017-03","Markita Hansen","Celia Rouche","West","GTX Plus Basic","GTX",1096,"Blackzim","retail","United States",497.11,1588,TRUE,1,1043,90,0.0483576642335767,1,1
"5I4K5TQE","Lost",2016-12-12,2017-03-09,"2017-03","Cassey Cress","Rocco Neubert","East","GTX Plus Pro","GTX",5482,"Sumace","retail","Romania",167.89,493,TRUE,0,0,87,,1,1
"RV3LPOYP","Won",2016-12-12,2017-03-29,"2017-03","James Ascencio","Summer Sewald","West","GTX Basic","GTX",550,"Condax","medical","United States",4.54,9,TRUE,1,437,107,0.205454545454545,1,1
"A194RP0I","Engaging",2016-12-12,,,"Rosalina Dieter","Celia Rouche","West","MG Advanced","MG",3393,"Unknown","Unknown","Unknown",,,FALSE,0,,,,0,0
"1HVNTEPV","Won",2016-12-12,2017-03-11,"2017-03","Rosie Papadopoulos","Cara Losch","East","GTX Pro","GTX",4821,"Kinnamplus","retail","United States",702.72,1831,TRUE,1,4465,89,0.0738436009126737,1,1
"LC85AQ1I","Won",2016-12-12,2017-03-18,"2017-03","Vicki Laflamme","Celia Rouche","West","GTX Basic","GTX",550,"Konex","technology","United States",7708.38,13756,TRUE,1,443,96,0.194545454545455,1,1
"TBV972NP","Lost",2016-12-12,2017-03-23,"2017-03","Violet Mclelland","Cara Losch","East","MG Special","MG",55,"Sumace","retail","Romania",167.89,493,TRUE,0,0,101,,1,1
"EJMX0EIJ","Won",2016-12-13,2017-03-20,"2017-03","Darcel Schlecht","Melvin Marxen","Central","GTX Plus Pro","GTX",5482,"Betatech","medical","Kenya",647.18,1185,TRUE,1,4278,97,0.219627873039037,1,1
"VR9NYBOV","Won",2016-12-13,2017-03-06,"2017-03","Garret Kinder","Cara Losch","East","MG Special","MG",55,"Kinnamplus","retail","United States",702.72,1831,TRUE,1,41,83,0.254545454545455,1,1
"3U25FK08","Won",2016-12-13,2017-03-28,"2017-03","Jonathan Berthelot","Melvin Marxen","Central","GTX Basic","GTX",550,"Isdom","medical","United States",3178.24,4540,TRUE,1,519,105,0.0563636363636364,1,1
"KV2OFRJT","Engaging",2016-12-13,,,"Kami Bicknell","Summer Sewald","West","GTX Pro","GTX",4821,"Unknown","Unknown","Unknown",,,FALSE,0,,,,0,0
"CRLK4Z1P","Won",2016-12-13,2017-03-04,"2017-03","Maureen Marcano","Summer Sewald","West","GTX Basic","GTX",550,"Kan-code","software","United States",11698.03,34288,TRUE,1,524,81,0.0472727272727272,1,1
"OGENAT0L","Won",2016-12-13,2017-03-27,"2017-03","Zane Levy","Summer Sewald","West","GTX Basic","GTX",550,"Singletechno","retail","United States",2214.94,5374,TRUE,1,552,104,-0.00363636363636366,1,1
"F57JWIDF","Won",2016-12-14,2017-03-02,"2017-03","Gladys Colclough","Melvin Marxen","Central","GTX Plus Basic","GTX",1096,"Konmatfix","marketing","United States",375.43,1190,TRUE,1,970,78,0.114963503649635,1,1
"ERFRHR3Z","Engaging",2016-12-14,,,"Hayden Neloms","Celia Rouche","West","MG Advanced","MG",3393,"Unknown","Unknown","Unknown",,,FALSE,0,,,,0,0
"J53D8EOL","Engaging",2016-12-14,,,"Kary Hendrixson","Summer Sewald","West","GTX Plus Basic","GTX",1096,"Hottechi","technology","Korea",8170.38,16499,FALSE,0,,,,1,1
"LF8JZ3Q5","Won",2016-12-14,2017-03-13,"2017-03","Kary Hendrixson","Summer Sewald","West","GTX Plus Basic","GTX",1096,"Hatfan","services","United States",792.46,1299,TRUE,1,1046,89,0.0456204379562044,1,1
"MRGBSMQ5","Won",2016-12-14,2017-03-14,"2017-03","Kary Hendrixson","Summer Sewald","West","GTX Plus Basic","GTX",1096,"Sunnamplex","marketing","Poland",894.37,1593,TRUE,1,988,90,0.0985401459854015,1,1
"CBAV8ZJL","Won",2016-12-14,2017-03-22,"2017-03","Lajuana Vencill","Dustin Brinkmann","Central","GTX Basic","GTX",550,"Codehow","software","United States",2714.9,2641,TRUE,1,547,98,0.00545454545454549,1,1
"J32XDDAW","Engaging",2016-12-14,,,"Markita Hansen","Celia Rouche","West","GTX Basic","GTX",550,"Unknown","Unknown","Unknown",,,FALSE,0,,,,0,0
"NN4DWBVN","Lost",2016-12-14,2017-03-04,"2017-03","Maureen Marcano","Summer Sewald","West","GTX Pro","GTX",4821,"Singletechno","retail","United States",2214.94,5374,TRUE,0,0,80,,1,1
"6JXHEZYK","Won",2016-12-14,2017-03-31,"2017-03","Versie Hillebrand","Dustin Brinkmann","Central","MG Special","MG",55,"Isdom","medical","United States",3178.24,4540,TRUE,1,54,107,0.0181818181818182,1,1
"WDHNR2EI","Won",2016-12-14,2017-03-20,"2017-03","Violet Mclelland","Cara Losch","East","MG Special","MG",55,"Silis","medical","United States",2818.38,6290,TRUE,1,57,96,-0.0363636363636364,1,1
"4K750D6F","Won",2016-12-14,2017-03-18,"2017-03","Violet Mclelland","Cara Losch","East","MG Special","MG",55,"Yearin","retail","United States",2261.05,3851,TRUE,1,55,94,0,1,1
"94GI0ZJ7","Won",2016-12-15,2017-03-15,"2017-03","Anna Snelling","Dustin Brinkmann","Central","GTX Plus Pro","GTX",5482,"Stanredtax","finance","United States",1698.2,3798,TRUE,1,5765,90,-0.0516234950747902,1,1
"TODG6DEK","Won",2016-12-15,2017-03-16,"2017-03","Daniell Hammack","Rocco Neubert","East","GTX Basic","GTX",550,"Bioplex","medical","United States",326.82,1016,TRUE,1,639,91,-0.161818181818182,1,1
"G0ECB8FS","Won",2016-12-15,2017-03-15,"2017-03","Kary Hendrixson","Summer Sewald","West","GTX Pro","GTX",4821,"Labdrill","medical","United States",2741.37,9226,TRUE,1,5100,90,-0.057871810827629,1,1
"1ZDDZD8B","Engaging",2016-12-15,,,"Markita Hansen","Celia Rouche","West","MG Special","MG",55,"Unknown","Unknown","Unknown",,,FALSE,0,,,,0,0
"96MZYUY0","Won",2016-12-15,2017-03-07,"2017-03","Vicki Laflamme","Celia Rouche","West","GTX Pro","GTX",4821,"Fasehatice","retail","United States",4968.91,7523,TRUE,1,4906,82,-0.0176311968471272,1,1
"EZVKSQ9C","Engaging",2016-12-16,,,"Boris Faz","Rocco Neubert","East","GTX Plus Pro","GTX",5482,"Genco Pura Olive Oil Company","retail","Italy",894.33,1635,FALSE,0,,,,1,1
"RJYG004O","Engaging",2016-12-16,,,"Daniell Hammack","Rocco Neubert","East","GTX Basic","GTX",550,"Domzoom","entertainment","United States",217.87,551,FALSE,0,,,,1,1
"JZOKHHWN","Won",2016-12-16,2017-03-07,"2017-03","Donn Cantrell","Rocco Neubert","East","GTX Plus Basic","GTX",1096,"Opentech","finance","United States",355.23,853,TRUE,1,1037,81,0.0538321167883211,1,1
"EH6I67I0","Won",2016-12-16,2017-03-15,"2017-03","James Ascencio","Summer Sewald","West","GTX Basic","GTX",550,"Plexzap","retail","United States",2437.85,4874,TRUE,1,537,89,0.0236363636363637,1,1
"JUUXF02Z","Won",2016-12-16,2017-03-09,"2017-03","Kary Hendrixson","Summer Sewald","West","GTX Pro","GTX",4821,"Hatfan","services","United States",792.46,1299,TRUE,1,4694,83,0.0263430823480606,1,1
"OT87JDWO","Won",2016-12-16,2017-03-24,"2017-03","Lajuana Vencill","Dustin Brinkmann","Central","GTX Basic","GTX",550,"Konmatfix","marketing","United States",375.43,1190,TRUE,1,560,98,-0.0181818181818181,1,1
"YHKT6YJ7","Won",2016-12-16,2017-03-13,"2017-03","Moses Frase","Dustin Brinkmann","Central","GTX Basic","GTX",550,"dambase","marketing","United States",2173.98,2928,TRUE,1,589,87,-0.0709090909090908,1,1
"H78I3TAY","Won",2016-12-16,2017-03-14,"2017-03","Reed Clapper","Rocco Neubert","East","GTX Basic","GTX",550,"Mathtouch","marketing","Jordan",3027.46,9516,TRUE,1,493,88,0.103636363636364,1,1
"1ROC43JK","Won",2016-12-16,2017-03-08,"2017-03","Versie Hillebrand","Dustin Brinkmann","Central","MG Special","MG",55,"Betatech","medical","Kenya",647.18,1185,TRUE,1,50,82,0.0909090909090909,1,1
"LPZLQL48","Won",2016-12-16,2017-03-28,"2017-03","Vicki Laflamme","Celia Rouche","West","GTX Basic","GTX",550,"Y-corporation","employment","United States",2871.35,9561,TRUE,1,492,102,0.105454545454545,1,1
"PYOFK7ZD","Engaging",2016-12-17,,,"Cassey Cress","Rocco Neubert","East","GTX Basic","GTX",550,"Unknown","Unknown","Unknown",,,FALSE,0,,,,0,0
"DWUXMAGZ","Engaging",2016-12-17,,,"Corliss Cosme","Cara Losch","East","GTX Plus Pro","GTX",5482,"Unknown","Unknown","Unknown",,,FALSE,0,,,,0,0
"3KR50X38","Won",2016-12-17,2017-03-13,"2017-03","Corliss Cosme","Cara Losch","East","GTX Plus Basic","GTX",1096,"Konex","technology","United States",7708.38,13756,TRUE,1,1255,86,-0.14507299270073,1,1
"Q3WLHRE9","Won",2016-12-17,2017-03-04,"2017-03","Darcel Schlecht","Melvin Marxen","Central","GTX Basic","GTX",550,"Statholdings","employment","United States",291.27,586,TRUE,1,463,77,0.158181818181818,1,1
"IX7UEOAP","Lost",2016-12-17,2017-03-27,"2017-03","Donn Cantrell","Rocco Neubert","East","GTX Plus Basic","GTX",1096,"Initech","telecommunications","United States",6395.05,20275,TRUE,0,0,100,,1,1
"NQU62K1H","Won",2016-12-17,2017-03-12,"2017-03","Donn Cantrell","Rocco Neubert","East","GTX Basic","GTX",550,"Zencorporation","technology","China",40.79,142,TRUE,1,605,85,-0.1,1,1
"NAQKOU0T","Won",2016-12-17,2017-03-20,"2017-03","Hayden Neloms","Celia Rouche","West","GTX Plus Basic","GTX",1096,"Fasehatice","retail","United States",4968.91,7523,TRUE,1,1315,93,-0.199817518248175,1,1
"I3V3GUAI","Won",2016-12-17,2017-03-02,"2017-03","Lajuana Vencill","Dustin Brinkmann","Central","GTX Basic","GTX",550,"Zumgoity","medical","United States",441.08,1210,TRUE,1,559,75,-0.0163636363636364,1,1
"PN4VJDXY","Won",2016-12-17,2017-03-28,"2017-03","Moses Frase","Dustin Brinkmann","Central","GTX Basic","GTX",550,"Rundofase","technology","United States",1008.06,1238,TRUE,1,557,101,-0.0127272727272727,1,1
"K9D4DQ3R","Won",2016-12-17,2017-03-02,"2017-03","Rosie Papadopoulos","Cara Losch","East","MG Special","MG",55,"Vehement Capital Partners","finance","United States",646.1,883,TRUE,1,48,75,0.127272727272727,1,1
"9X6V79KE","Won",2016-12-17,2017-03-25,"2017-03","Versie Hillebrand","Dustin Brinkmann","Central","GTX Plus Pro","GTX",5482,"Isdom","medical","United States",3178.24,4540,TRUE,1,6282,98,-0.145932141554177,1,1
"6SN2RQJX","Engaging",2016-12-17,,,"Vicki Laflamme","Celia Rouche","West","MG Special","MG",55,"Unknown","Unknown","Unknown",,,FALSE,0,,,,0,0
"W1KLFNE4","Won",2016-12-18,2017-03-02,"2017-03","Anna Snelling","Dustin Brinkmann","Central","MG Advanced","MG",3393,"Isdom","medical","United States",3178.24,4540,TRUE,1,3246,74,0.0433244916003537,1,1
"NKPH3EFG","Engaging",2016-12-18,,,"Cassey Cress","Rocco Neubert","East","MG Advanced","MG",3393,"Unknown","Unknown","Unknown",,,FALSE,0,,,,0,0
"GD2OCW12","Won",2016-12-18,2017-03-14,"2017-03","Darcel Schlecht","Melvin Marxen","Central","GTX Basic","GTX",550,"Finhigh","finance","United States",1102.43,1759,TRUE,1,514,86,0.0654545454545454,1,1
"6XO4RYXK","Won",2016-12-18,2017-03-15,"2017-03","Donn Cantrell","Rocco Neubert","East","GTX Plus Basic","GTX",1096,"Silis","medical","United States",2818.38,6290,TRUE,1,1132,87,-0.0328467153284671,1,1
"18Y7GRPW","Won",2016-12-18,2017-03-21,"2017-03","Garret Kinder","Cara Losch","East","GTX Plus Pro","GTX",5482,"Silis","medical","United States",2818.38,6290,TRUE,1,5918,93,-0.0795330171470265,1,1
"127ZPLXQ","Lost",2016-12-18,2017-03-18,"2017-03","Kary Hendrixson","Summer Sewald","West","GTX Pro","GTX",4821,"Hottechi","technology","Korea",8170.38,16499,TRUE,0,0,90,,1,1
"U07C2HEG","Lost",2016-12-18,2017-03-14,"2017-03","Maureen Marcano","Summer Sewald","West","MG Special","MG",55,"Kan-code","software","United States",11698.03,34288,TRUE,0,0,86,,1,1
"RNTOJ78L","Lost",2016-12-18,2017-03-13,"2017-03","Rosalina Dieter","Celia Rouche","West","MG Special","MG",55,"Hatfan","services","United States",792.46,1299,TRUE,0,0,85,,1,1
"N07K7DR7","Engaging",2016-12-18,,,"Rosie Papadopoulos","Cara Losch","East","MG Special","MG",55,"Plexzap","retail","United States",2437.85,4874,FALSE,0,,,,1,1
"NLB4D5BQ","Won",2016-12-18,2017-03-24,"2017-03","Versie Hillebrand","Dustin Brinkmann","Central","MG Advanced","MG",3393,"Gogozoom","telecommunications","United States",86.68,187,TRUE,1,2955,96,0.129089301503095,1,1
"FCFDJIEZ","Won",2016-12-18,2017-03-21,"2017-03","Vicki Laflamme","Celia Rouche","West","GTX Pro","GTX",4821,"Fasehatice","retail","United States",4968.91,7523,TRUE,1,3742,93,0.223812487035885,1,1
"YZGDW4G1","Won",2016-12-18,2017-03-14,"2017-03","Violet Mclelland","Cara Losch","East","MG Special","MG",55,"Initech","telecommunications","United States",6395.05,20275,TRUE,1,64,86,-0.163636363636364,1,1
"G8AO5FA2","Lost",2016-12-18,2017-03-27,"2017-03","Wilburn Farren","Cara Losch","East","MG Advanced","MG",3393,"Initech","telecommunications","United States",6395.05,20275,TRUE,0,0,99,,1,1
"125VIRMX","Engaging",2016-12-19,,,"Elease Gluck","Celia Rouche","West","GTK 500","GTK",26768,"Warephase","services","United States",2041.73,5276,FALSE,0,,,,1,1
"LXXW3TRW","Won",2016-12-19,2017-03-18,"2017-03","Elease Gluck","Celia Rouche","West","GTX Plus Basic","GTX",1096,"Scotfind","software","United States",6354.87,16780,TRUE,1,1164,89,-0.062043795620438,1,1
"8KJ3H262","Won",2016-12-19,2017-03-07,"2017-03","Elease Gluck","Celia Rouche","West","MG Special","MG",55,"Singletechno","retail","United States",2214.94,5374,TRUE,1,65,78,-0.181818181818182,1,1
"88POGNEL","Lost",2016-12-19,2017-03-07,"2017-03","Gladys Colclough","Melvin Marxen","Central","GTX Plus Basic","GTX",1096,"Cancity","retail","United States",718.62,2448,TRUE,0,0,78,,1,1
"UYP3NNU6","Won",2016-12-19,2017-03-16,"2017-03","Kami Bicknell","Summer Sewald","West","GTX Basic","GTX",550,"Groovestreet","retail","United States",223.8,299,TRUE,1,441,87,0.198181818181818,1,1
"S1V8684Y","Lost",2016-12-19,2017-03-12,"2017-03","Marty Freudenburg","Melvin Marxen","Central","GTX Plus Basic","GTX",1096,"Finhigh","finance","United States",1102.43,1759,TRUE,0,0,83,,1,1
"MOPWEMB5","Won",2016-12-19,2017-03-16,"2017-03","Vicki Laflamme","Celia Rouche","West","GTX Pro","GTX",4821,"Hatfan","services","United States",792.46,1299,TRUE,1,4907,87,-0.0178386226923875,1,1
"L62MDI48","Lost",2016-12-20,2017-03-01,"2017-03","Anna Snelling","Dustin Brinkmann","Central","MG Advanced","MG",3393,"Isdom","medical","United States",3178.24,4540,TRUE,0,0,71,,1,1
"3ECHUPQY","Engaging",2016-12-20,,,"Daniell Hammack","Rocco Neubert","East","GTX Plus Basic","GTX",1096,"Unknown","Unknown","Unknown",,,FALSE,0,,,,0,0
"3EL8D4WO","Won",2016-12-20,2017-03-25,"2017-03","Darcel Schlecht","Melvin Marxen","Central","MG Advanced","MG",3393,"Codehow","software","United States",2714.9,2641,TRUE,1,3269,95,0.0365458296492779,1,1
"VOAN1NXG","Won",2016-12-20,2017-03-12,"2017-03","Donn Cantrell","Rocco Neubert","East","GTX Basic","GTX",550,"Kinnamplus","retail","United States",702.72,1831,TRUE,1,579,82,-0.0527272727272727,1,1
"ALW92XQL","Lost",2016-12-20,2017-03-25,"2017-03","Gladys Colclough","Melvin Marxen","Central","GTX Basic","GTX",550,"Isdom","medical","United States",3178.24,4540,TRUE,0,0,95,,1,1
"TJ6ZA1M3","Lost",2016-12-20,2017-03-07,"2017-03","Kary Hendrixson","Summer Sewald","West","GTX Basic","GTX",550,"Dalttechnology","software","United States",98.79,96,TRUE,0,0,77,,1,1
"FKAFO8O9","Won",2016-12-20,2017-03-31,"2017-03","Kary Hendrixson","Summer Sewald","West","MG Special","MG",55,"Xx-holding","finance","United States",7537.24,20293,TRUE,1,51,101,0.0727272727272728,1,1
"1XBC7M9F","Won",2016-12-20,2017-03-08,"2017-03","Markita Hansen","Celia Rouche","West","MG Special","MG",55,"Faxquote","telecommunications","United States",1825.82,5595,TRUE,1,64,78,-0.163636363636364,1,1
"8IXBS90G","Won",2016-12-20,2017-03-08,"2017-03","Rosie Papadopoulos","Cara Losch","East","MG Special","MG",55,"Donware","marketing","United States",1197.44,2570,TRUE,1,60,78,-0.0909090909090908,1,1
"2X45BEOS","Won",2016-12-21,2017-03-27,"2017-03","Cassey Cress","Rocco Neubert","East","GTX Plus Basic","GTX",1096,"Ganjaflex","retail","Japan",5158.71,17479,TRUE,1,1186,96,-0.082116788321168,1,1
"EQ8X0QTL","Won",2016-12-21,2017-03-09,"2017-03","Corliss Cosme","Cara Losch","East","MG Advanced","MG",3393,"Yearin","retail","United States",2261.05,3851,TRUE,1,3577,78,-0.0542292956086059,1,1
"5QD53WHF","Won",2016-12-21,2017-03-07,"2017-03","Daniell Hammack","Rocco Neubert","East","GTX Plus Basic","GTX",1096,"Donquadtech","technology","United States",1712.68,3194,TRUE,1,1020,76,0.0693430656934306,1,1
"K5CWSFCW","Engaging",2016-12-21,,,"Elease Gluck","Celia Rouche","West","GTX Pro","GTX",4821,"Blackzim","retail","United States",497.11,1588,FALSE,0,,,,1,1
"79EABK3X","Won",2016-12-21,2017-03-23,"2017-03","Hayden Neloms","Celia Rouche","West","MG Special","MG",55,"Zoomit","entertainment","United States",324.19,978,TRUE,1,53,92,0.0363636363636364,1,1
"2DKO9X1T","Lost",2016-12-21,2017-03-10,"2017-03","Jonathan Berthelot","Melvin Marxen","Central","GTX Basic","GTX",550,"Rundofase","technology","United States",1008.06,1238,TRUE,0,0,79,,1,1
"IBDEQVBN","Lost",2016-12-21,2017-03-28,"2017-03","Kary Hendrixson","Summer Sewald","West","GTX Basic","GTX",550,"Faxquote","telecommunications","United States",1825.82,5595,TRUE,0,0,97,,1,1
"QZ3VV4C1","Won",2016-12-21,2017-03-08,"2017-03","Kary Hendrixson","Summer Sewald","West","GTX Pro","GTX",4821,"Sunnamplex","marketing","Poland",894.37,1593,TRUE,1,4719,77,0.0211574362165525,1,1
"62AK8UWX","Won",2016-12-21,2017-03-22,"2017-03","Moses Frase","Dustin Brinkmann","Central","GTX Basic","GTX",550,"Codehow","software","United States",2714.9,2641,TRUE,1,546,91,0.00727272727272732,1,1
"5QM4ORNT","Won",2016-12-21,2017-03-21,"2017-03","Niesha Huffines","Melvin Marxen","Central","GTX Plus Basic","GTX",1096,"Domzoom","entertainment","United States",217.87,551,TRUE,1,1212,90,-0.105839416058394,1,1
"4H2QMS78","Engaging",2016-12-21,,,"Vicki Laflamme","Celia Rouche","West","GTX Basic","GTX",550,"Unknown","Unknown","Unknown",,,FALSE,0,,,,0,0
"S91N9YBL","Lost",2016-12-21,2017-03-08,"2017-03","Vicki Laflamme","Celia Rouche","West","GTX Basic","GTX",550,"Sunnamplex","marketing","Poland",894.37,1593,TRUE,0,0,77,,1,1
"44H0FJMH","Lost",2016-12-22,2017-03-27,"2017-03","Anna Snelling","Dustin Brinkmann","Central","GTX Plus Pro","GTX",5482,"Bioholding","medical","Philipines",587.34,1356,TRUE,0,0,95,,1,1
"N5AZLQZR","Won",2016-12-22,2017-03-14,"2017-03","Gladys Colclough","Melvin Marxen","Central","GTX Plus Pro","GTX",5482,"Dontechi","software","United States",4618,10083,TRUE,1,5533,82,-0.00930317402407876,1,1
"4T295XQL","Won",2016-12-22,2017-03-01,"2017-03","Kami Bicknell","Summer Sewald","West","MG Advanced","MG",3393,"Finjob","employment","United States",2059.9,3644,TRUE,1,3295,69,0.0288829944002358,1,1
"YFS5KLJJ","Won",2016-12-22,2017-03-31,"2017-03","Rosalina Dieter","Celia Rouche","West","MG Special","MG",55,"Finjob","employment","United States",2059.9,3644,TRUE,1,45,99,0.181818181818182,1,1
"S8GLKDB9","Won",2016-12-22,2017-03-04,"2017-03","Violet Mclelland","Cara Losch","East","MG Special","MG",55,"Bioplex","medical","United States",326.82,1016,TRUE,1,56,72,-0.0181818181818181,1,1
"SQLYCFGV","Engaging",2016-12-22,,,"Zane Levy","Summer Sewald","West","GTX Pro","GTX",4821,"Opentech","finance","United States",355.23,853,FALSE,0,,,,1,1
"EUG019AS","Engaging",2016-12-23,,,"Corliss Cosme","Cara Losch","East","GTX Basic","GTX",550,"Unknown","Unknown","Unknown",,,FALSE,0,,,,0,0
"IE7VQ5BA","Engaging",2016-12-23,,,"Daniell Hammack","Rocco Neubert","East","GTX Plus Basic","GTX",1096,"Finhigh","finance","United States",1102.43,1759,FALSE,0,,,,1,1
"01QKN578","Won",2016-12-23,2017-03-20,"2017-03","Darcel Schlecht","Melvin Marxen","Central","GTX Pro","GTX",4821,"Funholding","finance","United States",2819.5,7227,TRUE,1,4247,87,0.119062435179423,1,1
"M0JKP0HT","Won",2016-12-23,2017-03-13,"2017-03","Gladys Colclough","Melvin Marxen","Central","MG Advanced","MG",3393,"Isdom","medical","United States",3178.24,4540,TRUE,1,3440,80,-0.013852048334807,1,1
"ZC3KKSUK","Won",2016-12-23,2017-03-02,"2017-03","James Ascencio","Summer Sewald","West","GTX Pro","GTX",4821,"Plexzap","retail","United States",2437.85,4874,TRUE,1,5040,69,-0.0454262601120099,1,1
"3X8VLQ5G","Won",2016-12-23,2017-03-12,"2017-03","Jonathan Berthelot","Melvin Marxen","Central","GTX Basic","GTX",550,"Cancity","retail","United States",718.62,2448,TRUE,1,469,79,0.147272727272727,1,1
"EZLXL6GL","Won",2016-12-23,2017-03-07,"2017-03","Moses Frase","Dustin Brinkmann","Central","MG Special","MG",55,"Isdom","medical","United States",3178.24,4540,TRUE,1,58,74,-0.0545454545454545,1,1
"R8PEL8V8","Won",2016-12-24,2017-03-16,"2017-03","Cecily Lampkin","Dustin Brinkmann","Central","MG Advanced","MG",3393,"Isdom","medical","United States",3178.24,4540,TRUE,1,2955,82,0.129089301503095,1,1
"L1R32S8H","Won",2016-12-24,2017-03-26,"2017-03","Corliss Cosme","Cara Losch","East","GTX Plus Pro","GTX",5482,"Condax","medical","United States",4.54,9,TRUE,1,5228,92,0.0463334549434513,1,1
"J7N8J8NM","Won",2016-12-24,2017-03-14,"2017-03","Darcel Schlecht","Melvin Marxen","Central","MG Advanced","MG",3393,"Toughzap","retail","United States",332.43,799,TRUE,1,3358,80,0.0103153551429414,1,1
"TO7PGVP1","Lost",2016-12-24,2017-03-29,"2017-03","Elease Gluck","Celia Rouche","West","GTX Plus Pro","GTX",5482,"Green-Plus","services","United States",692.19,1922,TRUE,0,0,95,,1,1
"A051G1B4","Won",2016-12-24,2017-03-31,"2017-03","Jonathan Berthelot","Melvin Marxen","Central","GTX Basic","GTX",550,"Codehow","software","United States",2714.9,2641,TRUE,1,517,97,0.0600000000000001,1,1
"NMDMM5YJ","Won",2016-12-24,2017-03-03,"2017-03","Moses Frase","Dustin Brinkmann","Central","GTX Basic","GTX",550,"Dontechi","software","United States",4618,10083,TRUE,1,615,69,-0.118181818181818,1,1
"LWPJEV3U","Lost",2016-12-24,2017-03-10,"2017-03","Niesha Huffines","Melvin Marxen","Central","GTX Basic","GTX",550,"Domzoom","entertainment","United States",217.87,551,TRUE,0,0,76,,1,1
"I93ZFHEM","Won",2016-12-24,2017-03-08,"2017-03","Versie Hillebrand","Dustin Brinkmann","Central","MG Special","MG",55,"Condax","medical","United States",4.54,9,TRUE,1,62,74,-0.127272727272727,1,1
"B2VJCVBB","Won",2016-12-25,2017-03-13,"2017-03","Darcel Schlecht","Melvin Marxen","Central","GTX Plus Pro","GTX",5482,"Isdom","medical","United States",3178.24,4540,TRUE,1,4711,78,0.140642101422838,1,1
"F90O03ZH","Lost",2016-12-25,2017-03-23,"2017-03","Donn Cantrell","Rocco Neubert","East","GTX Pro","GTX",4821,"Kinnamplus","retail","United States",702.72,1831,TRUE,0,0,88,,1,1
"PC78RLUX","Won",2016-12-25,2017-03-30,"2017-03","Garret Kinder","Cara Losch","East","GTX Basic","GTX",550,"Yearin","retail","United States",2261.05,3851,TRUE,1,510,95,0.0727272727272728,1,1
"X6GL64T5","Won",2016-12-25,2017-03-25,"2017-03","Gladys Colclough","Melvin Marxen","Central","GTX Pro","GTX",4821,"Warephase","services","United States",2041.73,5276,TRUE,1,4891,90,-0.0145198091682224,1,1
"OWM3BPGW","Won",2016-12-25,2017-03-17,"2017-03","Hayden Neloms","Celia Rouche","West","GTX Plus Basic","GTX",1096,"Green-Plus","services","United States",692.19,1922,TRUE,1,926,82,0.155109489051095,1,1
"RP5PS9A5","Won",2016-12-25,2017-03-10,"2017-03","Lajuana Vencill","Dustin Brinkmann","Central","MG Special","MG",55,"Betatech","medical","Kenya",647.18,1185,TRUE,1,56,75,-0.0181818181818181,1,1
"AI76U58A","Engaging",2016-12-25,,,"Maureen Marcano","Summer Sewald","West","GTX Basic","GTX",550,"Treequote","telecommunications","United States",5266.09,8595,FALSE,0,,,,1,1
"KFPM2LJW","Engaging",2016-12-25,,,"Rosalina Dieter","Celia Rouche","West","GTX Basic","GTX",550,"Unknown","Unknown","Unknown",,,FALSE,0,,,,0,0
"F2PW7WP2","Won",2016-12-25,2017-03-05,"2017-03","Violet Mclelland","Cara Losch","East","MG Special","MG",55,"Ontomedia","employment","United States",882.12,2769,TRUE,1,47,70,0.145454545454546,1,1
"GK8YD2XW","Lost",2016-12-26,2017-03-23,"2017-03","Darcel Schlecht","Melvin Marxen","Central","GTX Basic","GTX",550,"Rangreen","technology","Panama",2938.67,8775,TRUE,0,0,87,,1,1
"U4LRR9E9","Won",2016-12-26,2017-03-10,"2017-03","James Ascencio","Summer Sewald","West","GTX Plus Pro","GTX",5482,"Nam-zim","services","Brazil",405.59,1179,TRUE,1,6490,74,-0.183874498358263,1,1
"B00UMAV4","Engaging",2016-12-26,,,"Kami Bicknell","Summer Sewald","West","MG Advanced","MG",3393,"Gogozoom","telecommunications","United States",86.68,187,FALSE,0,,,,1,1
"C8TV7R8A","Engaging",2016-12-26,,,"Kary Hendrixson","Summer Sewald","West","GTX Pro","GTX",4821,"Unknown","Unknown","Unknown",,,FALSE,0,,,,0,0
"9N55D1AH","Won",2016-12-26,2017-03-02,"2017-03","Niesha Huffines","Melvin Marxen","Central","MG Advanced","MG",3393,"Treequote","telecommunications","United States",5266.09,8595,TRUE,1,3841,66,-0.132036545829649,1,1
"2VCDVCIZ","Engaging",2016-12-27,,,"Kary Hendrixson","Summer Sewald","West","GTX Basic","GTX",550,"Unknown","Unknown","Unknown",,,FALSE,0,,,,0,0
"WI4PODA2","Won",2016-12-27,2017-03-15,"2017-03","Kary Hendrixson","Summer Sewald","West","GTX Plus Pro","GTX",5482,"Faxquote","telecommunications","United States",1825.82,5595,TRUE,1,5256,78,0.0412258299890551,1,1
"VF1V41RI","Lost",2016-12-27,2017-03-28,"2017-03","Markita Hansen","Celia Rouche","West","MG Special","MG",55,"Kan-code","software","United States",11698.03,34288,TRUE,0,0,91,,1,1
"1B4L7TNG","Lost",2016-12-27,2017-03-25,"2017-03","Markita Hansen","Celia Rouche","West","MG Advanced","MG",3393,"Sonron","telecommunications","United States",1699.85,5108,TRUE,0,0,88,,1,1
"MZAN11FT","Won",2016-12-28,2017-03-01,"2017-03","Anna Snelling","Dustin Brinkmann","Central","GTX Basic","GTX",550,"Conecom","technology","United States",1520.66,1806,TRUE,1,625,63,-0.136363636363636,1,1
"0U3WVJO0","Engaging",2016-12-28,,,"Corliss Cosme","Cara Losch","East","GTX Pro","GTX",4821,"Unknown","Unknown","Unknown",,,FALSE,0,,,,0,0
"0IO00FNS","Lost",2016-12-28,2017-03-16,"2017-03","Darcel Schlecht","Melvin Marxen","Central","GTX Pro","GTX",4821,"Warephase","services","United States",2041.73,5276,TRUE,0,0,78,,1,1
"8S6TNXYB","Won",2016-12-28,2017-03-22,"2017-03","Darcel Schlecht","Melvin Marxen","Central","GTX Pro","GTX",4821,"Conecom","technology","United States",1520.66,1806,TRUE,1,3952,84,0.180253059531218,1,1
"PMMW9JX3","Engaging",2016-12-28,,,"Kary Hendrixson","Summer Sewald","West","GTX Basic","GTX",550,"Unknown","Unknown","Unknown",,,FALSE,0,,,,0,0
"MOLGOSGE","Won",2016-12-28,2017-03-13,"2017-03","Kary Hendrixson","Summer Sewald","West","GTX Plus Pro","GTX",5482,"Konex","technology","United States",7708.38,13756,TRUE,1,5515,75,-0.00601970083910985,1,1
"FA1VHZSV","Won",2016-12-28,2017-03-16,"2017-03","Reed Clapper","Rocco Neubert","East","MG Special","MG",55,"Vehement Capital Partners","finance","United States",646.1,883,TRUE,1,57,78,-0.0363636363636364,1,1
"PXQEX039","Won",2016-12-28,2017-03-28,"2017-03","Versie Hillebrand","Dustin Brinkmann","Central","MG Special","MG",55,"Konmatfix","marketing","United States",375.43,1190,TRUE,1,51,90,0.0727272727272728,1,1
"RX56S6G3","Won",2016-12-28,2017-03-13,"2017-03","Vicki Laflamme","Celia Rouche","West","MG Advanced","MG",3393,"Fasehatice","retail","United States",4968.91,7523,TRUE,1,3803,75,-0.120837017388741,1,1
"G4F8W039","Won",2016-12-29,2017-03-27,"2017-03","Anna Snelling","Dustin Brinkmann","Central","GTX Plus Pro","GTX",5482,"Rundofase","technology","United States",1008.06,1238,TRUE,1,5459,88,0.00419554906968256,1,1
"4T31MWVO","Won",2016-12-29,2017-03-23,"2017-03","Anna Snelling","Dustin Brinkmann","Central","MG Advanced","MG",3393,"Stanredtax","finance","United States",1698.2,3798,TRUE,1,4148,84,-0.222516946654878,1,1
"2HT2R2GY","Engaging",2016-12-29,,,"Cassey Cress","Rocco Neubert","East","GTX Plus Pro","GTX",5482,"Unknown","Unknown","Unknown",,,FALSE,0,,,,0,0
"83XN082U","Won",2016-12-29,2017-03-23,"2017-03","Corliss Cosme","Cara Losch","East","GTX Plus Pro","GTX",5482,"Ganjaflex","retail","Japan",5158.71,17479,TRUE,1,5002,84,0.0875592849325064,1,1
"J21W3WIW","Won",2016-12-29,2017-03-03,"2017-03","Corliss Cosme","Cara Losch","East","MG Advanced","MG",3393,"Gekko & Co","retail","United States",2520.83,3502,TRUE,1,3351,64,0.0123784261715296,1,1
"52UPJFYI","Won",2016-12-29,2017-03-19,"2017-03","Gladys Colclough","Melvin Marxen","Central","GTX Basic","GTX",550,"Domzoom","entertainment","United States",217.87,551,TRUE,1,571,80,-0.0381818181818181,1,1
"QOL51JIB","Won",2016-12-29,2017-03-10,"2017-03","James Ascencio","Summer Sewald","West","GTX Basic","GTX",550,"Goodsilron","marketing","United States",2952.73,5107,TRUE,1,601,71,-0.0927272727272728,1,1
"13GM5I6M","Engaging",2016-12-29,,,"Kami Bicknell","Summer Sewald","West","GTX Pro","GTX",4821,"Unknown","Unknown","Unknown",,,FALSE,0,,,,0,0
"93AGN8A6","Won",2016-12-29,2017-03-13,"2017-03","Markita Hansen","Celia Rouche","West","GTX Basic","GTX",550,"Zoomit","entertainment","United States",324.19,978,TRUE,1,576,74,-0.0472727272727274,1,1
"J7UNJFJL","Won",2016-12-29,2017-03-03,"2017-03","Marty Freudenburg","Melvin Marxen","Central","MG Special","MG",55,"Funholding","finance","United States",2819.5,7227,TRUE,1,52,64,0.0545454545454546,1,1
"A4H5ESTU","Won",2016-12-29,2017-03-13,"2017-03","Maureen Marcano","Summer Sewald","West","GTX Plus Basic","GTX",1096,"Fasehatice","retail","United States",4968.91,7523,TRUE,1,1185,74,-0.0812043795620438,1,1
"8EZ04VQB","Lost",2016-12-29,2017-03-28,"2017-03","Reed Clapper","Rocco Neubert","East","GTX Plus Basic","GTX",1096,"Gekko & Co","retail","United States",2520.83,3502,TRUE,0,0,89,,1,1
"4501T63I","Won",2016-12-29,2017-03-14,"2017-03","Rosalina Dieter","Celia Rouche","West","MG Special","MG",55,"Plexzap","retail","United States",2437.85,4874,TRUE,1,56,75,-0.0181818181818181,1,1
"9IA34L8S","Engaging",2016-12-29,,,"Vicki Laflamme","Celia Rouche","West","GTX Basic","GTX",550,"Unknown","Unknown","Unknown",,,FALSE,0,,,,0,0
"FPNGEJRC","Won",2016-12-29,2017-03-29,"2017-03","Violet Mclelland","Cara Losch","East","MG Special","MG",55,"Opentech","finance","United States",355.23,853,TRUE,1,54,90,0.0181818181818182,1,1
"S33WRL0Y","Won",2016-12-29,2017-03-13,"2017-03","Zane Levy","Summer Sewald","West","GTX Pro","GTX",4821,"Xx-holding","finance","United States",7537.24,20293,TRUE,1,4818,74,0.000622277535780924,1,1
"Q7IRUJK7","Won",2017-01-01,2017-03-01,"2017-03","Anna Snelling","Dustin Brinkmann","Central","GTX Plus Pro","GTX",5482,"Codehow","software","United States",2714.9,2641,TRUE,1,5087,59,0.0720539948923751,1,1
"DTZPYISJ","Won",2017-01-01,2017-03-19,"2017-03","Daniell Hammack","Rocco Neubert","East","GTX Plus Basic","GTX",1096,"Opentech","finance","United States",355.23,853,TRUE,1,1116,77,-0.0182481751824817,1,1
"Y9HWSG8Z","Won",2017-01-01,2017-03-20,"2017-03","Darcel Schlecht","Melvin Marxen","Central","GTX Basic","GTX",550,"Gogozoom","telecommunications","United States",86.68,187,TRUE,1,510,78,0.0727272727272728,1,1
"5T8Q2YID","Engaging",2017-01-01,,,"Elease Gluck","Celia Rouche","West","MG Special","MG",55,"Unknown","Unknown","Unknown",,,FALSE,0,,,,0,0
"JOQCXC9Z","Won",2017-01-01,2017-03-16,"2017-03","Jonathan Berthelot","Melvin Marxen","Central","GTX Basic","GTX",550,"Streethex","retail","Belgium",1376.8,1165,TRUE,1,565,74,-0.0272727272727273,1,1
"AP7PCLAZ","Won",2017-01-01,2017-03-26,"2017-03","Kami Bicknell","Summer Sewald","West","GTX Basic","GTX",550,"Finjob","employment","United States",2059.9,3644,TRUE,1,633,84,-0.150909090909091,1,1
"BIE471SO","Won",2017-01-01,2017-03-29,"2017-03","Reed Clapper","Rocco Neubert","East","MG Advanced","MG",3393,"Xx-zobam","entertainment","United States",3838.39,8274,TRUE,1,3962,87,-0.167698202180961,1,1
"UA8AWDG4","Won",2017-01-01,2017-03-22,"2017-03","Vicki Laflamme","Celia Rouche","West","MG Advanced","MG",3393,"Y-corporation","employment","United States",2871.35,9561,TRUE,1,3672,80,-0.0822281167108754,1,1
"BTT6YAVZ","Engaging",2017-01-01,,,"Zane Levy","Summer Sewald","West","GTX Plus Basic","GTX",1096,"Green-Plus","services","United States",692.19,1922,FALSE,0,,,,1,1
"FZDRB789","Won",2017-01-01,2017-03-18,"2017-03","Zane Levy","Summer Sewald","West","GTX Pro","GTX",4821,"Goodsilron","marketing","United States",2952.73,5107,TRUE,1,4586,76,0.0487450736361751,1,1
"PC1NUL8Q","Won",2017-01-02,2017-03-02,"2017-03","Anna Snelling","Dustin Brinkmann","Central","MG Special","MG",55,"Hottechi","technology","Korea",8170.38,16499,TRUE,1,60,59,-0.0909090909090908,1,1
"O7UUAK3Y","Engaging",2017-01-02,,,"Corliss Cosme","Cara Losch","East","GTX Plus Basic","GTX",1096,"dambase","marketing","United States",2173.98,2928,FALSE,0,,,,1,1
"TLOHEQ18","Engaging",2017-01-02,,,"Corliss Cosme","Cara Losch","East","GTX Plus Basic","GTX",1096,"Unknown","Unknown","Unknown",,,FALSE,0,,,,0,0
"F1X5ZJ7V","Won",2017-01-02,2017-05-04,"2017-05","Jonathan Berthelot","Melvin Marxen","Central","GTX Basic","GTX",550,"Dontechi","software","United States",4618,10083,TRUE,1,572,122,-0.04,1,1
"IF7MJ88P","Won",2017-01-02,2017-03-01,"2017-03","Kary Hendrixson","Summer Sewald","West","GTX Basic","GTX",550,"Goodsilron","marketing","United States",2952.73,5107,TRUE,1,550,58,0,1,1
"06B7XWPC","Won",2017-01-02,2017-03-17,"2017-03","Kary Hendrixson","Summer Sewald","West","GTX Pro","GTX",4821,"Sonron","telecommunications","United States",1699.85,5108,TRUE,1,4125,74,0.144368388301182,1,1
"12MQ3WM8","Won",2017-01-02,2017-03-10,"2017-03","Marty Freudenburg","Melvin Marxen","Central","MG Advanced","MG",3393,"Zumgoity","medical","United States",441.08,1210,TRUE,1,3647,67,-0.0748600058944886,1,1
"91M6FY8S","Won",2017-01-02,2017-03-21,"2017-03","Moses Frase","Dustin Brinkmann","Central","GTX Basic","GTX",550,"Dontechi","software","United States",4618,10083,TRUE,1,573,78,-0.0418181818181818,1,1
"0LNZRNEU","Won",2017-01-02,2017-03-29,"2017-03","Violet Mclelland","Cara Losch","East","GTX Basic","GTX",550,"Zencorporation","technology","China",40.79,142,TRUE,1,542,86,0.0145454545454545,1,1
"NKOKUS7D","Won",2017-01-03,2017-03-12,"2017-03","Cassey Cress","Rocco Neubert","East","MG Advanced","MG",3393,"Donware","marketing","United States",1197.44,2570,TRUE,1,3479,68,-0.0253463012083701,1,1
"NF6GCTMV","Lost",2017-01-03,2017-03-22,"2017-03","Daniell Hammack","Rocco Neubert","East","MG Advanced","MG",3393,"Ganjaflex","retail","Japan",5158.71,17479,TRUE,0,0,78,,1,1
"I4UCA7CU","Won",2017-01-03,2017-03-21,"2017-03","Darcel Schlecht","Melvin Marxen","Central","GTX Plus Basic","GTX",1096,"Stanredtax","finance","United States",1698.2,3798,TRUE,1,1012,77,0.0766423357664233,1,1
"EWDOBEM6","Engaging",2017-01-03,,,"Hayden Neloms","Celia Rouche","West","MG Special","MG",55,"Unknown","Unknown","Unknown",,,FALSE,0,,,,0,0
"1LI7ETNZ","Won",2017-01-03,2017-03-06,"2017-03","James Ascencio","Summer Sewald","West","GTX Plus Basic","GTX",1096,"Doncon","technology","United States",587.72,1501,TRUE,1,990,62,0.0967153284671532,1,1
"N36DEZBR","Won",2017-01-03,2017-03-18,"2017-03","James Ascencio","Summer Sewald","West","GTX Pro","GTX",4821,"Sunnamplex","marketing","Poland",894.37,1593,TRUE,1,4374,74,0.0927193528313628,1,1
"77ZECYVJ","Lost",2017-01-03,2017-03-17,"2017-03","Kary Hendrixson","Summer Sewald","West","GTX Basic","GTX",550,"Finjob","employment","United States",2059.9,3644,TRUE,0,0,73,,1,1
"IRB461Y7","Won",2017-01-03,2017-03-30,"2017-03","Kary Hendrixson","Summer Sewald","West","GTX Plus Basic","GTX",1096,"Xx-holding","finance","United States",7537.24,20293,TRUE,1,1054,86,0.0383211678832117,1,1
"NM2Q3CGW","Won",2017-01-03,2017-03-15,"2017-03","Vicki Laflamme","Celia Rouche","West","MG Special","MG",55,"Scotfind","software","United States",6354.87,16780,TRUE,1,55,71,0,1,1
"OEEUEIPJ","Lost",2017-01-03,2017-03-05,"2017-03","Violet Mclelland","Cara Losch","East","MG Special","MG",55,"Ganjaflex","retail","Japan",5158.71,17479,TRUE,0,0,61,,1,1
"5E14LG51","Won",2017-01-04,2017-03-25,"2017-03","Boris Faz","Rocco Neubert","East","GTX Plus Basic","GTX",1096,"Iselectrics","technology","United States",527.11,1428,TRUE,1,1073,80,0.0209854014598541,1,1
"TIAGZQ54","Lost",2017-01-04,2017-03-20,"2017-03","Cecily Lampkin","Dustin Brinkmann","Central","MG Advanced","MG",3393,"Genco Pura Olive Oil Company","retail","Italy",894.33,1635,TRUE,0,0,75,,1,1
"QM6VR1H5","Engaging",2017-01-04,,,"Daniell Hammack","Rocco Neubert","East","GTX Plus Pro","GTX",5482,"Unknown","Unknown","Unknown",,,FALSE,0,,,,0,0
"QR2BDRAI","Engaging",2017-01-04,,,"James Ascencio","Summer Sewald","West","MG Advanced","MG",3393,"Unknown","Unknown","Unknown",,,FALSE,0,,,,0,0
"Z75ND4JF","Engaging",2017-01-04,,,"Kary Hendrixson","Summer Sewald","West","GTX Basic","GTX",550,"Unknown","Unknown","Unknown",,,FALSE,0,,,,0,0
"CRX91A45","Won",2017-01-04,2017-03-16,"2017-03","Kary Hendrixson","Summer Sewald","West","GTX Basic","GTX",550,"Faxquote","telecommunications","United States",1825.82,5595,TRUE,1,586,71,-0.0654545454545454,1,1
"ZOQ8RC86","Won",2017-01-04,2017-05-05,"2017-05","Marty Freudenburg","Melvin Marxen","Central","GTX Pro","GTX",4821,"Treequote","telecommunications","United States",5266.09,8595,TRUE,1,4667,121,0.0319435801700892,1,1
"SV4SOO2K","Won",2017-01-04,2017-03-28,"2017-03","Vicki Laflamme","Celia Rouche","West","GTX Plus Basic","GTX",1096,"Hottechi","technology","Korea",8170.38,16499,TRUE,1,880,83,0.197080291970803,1,1
"ITHR5WLF","Won",2017-01-04,2017-03-12,"2017-03","Vicki Laflamme","Celia Rouche","West","MG Advanced","MG",3393,"Plexzap","retail","United States",2437.85,4874,TRUE,1,3676,67,-0.0834070144414971,1,1
"CGWJ1WHI","Engaging",2017-01-04,,,"Wilburn Farren","Cara Losch","East","MG Special","MG",55,"Unknown","Unknown","Unknown",,,FALSE,0,,,,0,0
"279625VN","Lost",2017-01-05,2017-03-25,"2017-03","Anna Snelling","Dustin Brinkmann","Central","MG Advanced","MG",3393,"Funholding","finance","United States",2819.5,7227,TRUE,0,0,79,,1,1
"M16D8PYH","Engaging",2017-01-05,,,"Daniell Hammack","Rocco Neubert","East","GTX Plus Pro","GTX",5482,"Unknown","Unknown","Unknown",,,FALSE,0,,,,0,0
"RK52YU8S","Lost",2017-01-05,2017-03-09,"2017-03","Darcel Schlecht","Melvin Marxen","Central","GTX Pro","GTX",4821,"Treequote","telecommunications","United States",5266.09,8595,TRUE,0,0,63,,1,1
"E8EY51IC","Lost",2017-01-05,2017-03-26,"2017-03","Garret Kinder","Cara Losch","East","GTX Plus Basic","GTX",1096,"Opentech","finance","United States",355.23,853,TRUE,0,0,80,,1,1
"HG07LMHI","Won",2017-01-05,2017-03-19,"2017-03","Jonathan Berthelot","Melvin Marxen","Central","GTX Pro","GTX",4821,"Treequote","telecommunications","United States",5266.09,8595,TRUE,1,4716,73,0.0217797137523336,1,1
"VPXW8RJS","Engaging",2017-01-05,,,"Kami Bicknell","Summer Sewald","West","MG Advanced","MG",3393,"Unknown","Unknown","Unknown",,,FALSE,0,,,,0,0
"85XNDIK1","Lost",2017-01-05,2017-03-30,"2017-03","Kary Hendrixson","Summer Sewald","West","GTX Basic","GTX",550,"Blackzim","retail","United States",497.11,1588,TRUE,0,0,84,,1,1
"2U54WYQ1","Won",2017-01-05,2017-03-23,"2017-03","Vicki Laflamme","Celia Rouche","West","GTX Pro","GTX",4821,"Goodsilron","marketing","United States",2952.73,5107,TRUE,1,4211,77,0.126529765608795,1,1
"VCA1WAB0","Lost",2017-01-06,2017-03-21,"2017-03","Anna Snelling","Dustin Brinkmann","Central","MG Advanced","MG",3393,"Funholding","finance","United States",2819.5,7227,TRUE,0,0,74,,1,1
"T7T1YIM7","Engaging",2017-01-06,,,"Boris Faz","Rocco Neubert","East","GTX Plus Pro","GTX",5482,"Unknown","Unknown","Unknown",,,FALSE,0,,,,0,0
"MXNVX2AM","Lost",2017-01-06,2017-03-18,"2017-03","Darcel Schlecht","Melvin Marxen","Central","GTX Pro","GTX",4821,"Codehow","software","United States",2714.9,2641,TRUE,0,0,71,,1,1
"1G866GH4","Won",2017-01-06,2017-03-17,"2017-03","Darcel Schlecht","Melvin Marxen","Central","MG Special","MG",55,"Toughzap","retail","United States",332.43,799,TRUE,1,56,70,-0.0181818181818181,1,1
"WDG0B1IR","Lost",2017-01-06,2017-03-23,"2017-03","Gladys Colclough","Melvin Marxen","Central","MG Special","MG",55,"Rundofase","technology","United States",1008.06,1238,TRUE,0,0,76,,1,1
"Q5CABPMO","Won",2017-01-06,2017-03-23,"2017-03","Gladys Colclough","Melvin Marxen","Central","MG Special","MG",55,"Funholding","finance","United States",2819.5,7227,TRUE,1,44,76,0.2,1,1
"HHBA93J5","Won",2017-01-06,2017-03-27,"2017-03","Kary Hendrixson","Summer Sewald","West","GTX Basic","GTX",550,"Konex","technology","United States",7708.38,13756,TRUE,1,532,80,0.0327272727272727,1,1
"R0W6A9BG","Lost",2017-01-06,2017-05-10,"2017-05","Lajuana Vencill","Dustin Brinkmann","Central","GTX Basic","GTX",550,"Treequote","telecommunications","United States",5266.09,8595,TRUE,0,0,124,,1,1
"P5EGQ0HI","Lost",2017-01-06,2017-03-20,"2017-03","Lajuana Vencill","Dustin Brinkmann","Central","GTX Basic","GTX",550,"Zumgoity","medical","United States",441.08,1210,TRUE,0,0,73,,1,1
"L1EJIE5L","Lost",2017-01-06,2017-03-17,"2017-03","Reed Clapper","Rocco Neubert","East","GTX Pro","GTX",4821,"Kinnamplus","retail","United States",702.72,1831,TRUE,0,0,70,,1,1
"S3XI6YB3","Lost",2017-01-06,2017-03-24,"2017-03","Versie Hillebrand","Dustin Brinkmann","Central","GTX Basic","GTX",550,"Domzoom","entertainment","United States",217.87,551,TRUE,0,0,77,,1,1
"BBC3JB3H","Won",2017-01-07,2017-03-08,"2017-03","Anna Snelling","Dustin Brinkmann","Central","GTX Basic","GTX",550,"Isdom","medical","United States",3178.24,4540,TRUE,1,622,60,-0.130909090909091,1,1
"4JHY98UG","Engaging",2017-01-07,,,"Cassey Cress","Rocco Neubert","East","GTX Basic","GTX",550,"Unknown","Unknown","Unknown",,,FALSE,0,,,,0,0
"7XVLKX8G","Lost",2017-01-07,2017-03-05,"2017-03","Cecily Lampkin","Dustin Brinkmann","Central","GTX Plus Pro","GTX",5482,"Cancity","retail","United States",718.62,2448,TRUE,0,0,57,,1,1
"G39V1X3G","Engaging",2017-01-07,,,"Corliss Cosme","Cara Losch","East","MG Special","MG",55,"Unknown","Unknown","Unknown",,,FALSE,0,,,,0,0
"OX4P78HP","Won",2017-01-07,2017-03-16,"2017-03","Corliss Cosme","Cara Losch","East","GTX Plus Basic","GTX",1096,"Xx-zobam","entertainment","United States",3838.39,8274,TRUE,1,1257,68,-0.146897810218978,1,1
"72LNJRY9","Won",2017-01-07,2017-03-25,"2017-03","Maureen Marcano","Summer Sewald","West","GTX Plus Basic","GTX",1096,"Lexiqvolax","medical","United States",1618.89,3889,TRUE,1,1135,77,-0.0355839416058394,1,1
"8C2WG2FB","Lost",2017-01-07,2017-03-28,"2017-03","Zane Levy","Summer Sewald","West","MG Advanced","MG",3393,"Hottechi","technology","Korea",8170.38,16499,TRUE,0,0,80,,1,1
"L0345WKB","Won",2017-01-07,2017-03-14,"2017-03","Zane Levy","Summer Sewald","West","GTX Pro","GTX",4821,"Newex","services","Germany",1012.72,3492,TRUE,1,4313,66,0.105372329392242,1,1
"S24L8LVR","Won",2017-01-08,2017-03-18,"2017-03","Anna Snelling","Dustin Brinkmann","Central","GTX Plus Pro","GTX",5482,"dambase","marketing","United States",2173.98,2928,TRUE,1,5210,69,0.0496169281284203,1,1
"JXWXEJXE","Won",2017-01-08,2017-03-27,"2017-03","Lajuana Vencill","Dustin Brinkmann","Central","MG Special","MG",55,"Ron-tech","medical","United States",3922.42,6837,TRUE,1,47,78,0.145454545454546,1,1
"W2JCRPLX","Won",2017-01-08,2017-03-22,"2017-03","Markita Hansen","Celia Rouche","West","MG Advanced","MG",3393,"Konex","technology","United States",7708.38,13756,TRUE,1,3220,73,0.0509873268493958,1,1
"EQCD7G7Q","Engaging",2017-01-08,,,"Rosalina Dieter","Celia Rouche","West","GTX Basic","GTX",550,"Initech","telecommunications","United States",6395.05,20275,FALSE,0,,,,1,1
"1M2I2NXQ","Won",2017-01-08,2017-03-26,"2017-03","Rosie Papadopoulos","Cara Losch","East","MG Special","MG",55,"Donware","marketing","United States",1197.44,2570,TRUE,1,47,77,0.145454545454546,1,1
"XYNTWPN1","Engaging",2017-01-08,,,"Violet Mclelland","Cara Losch","East","MG Special","MG",55,"Rundofase","technology","United States",1008.06,1238,FALSE,0,,,,1,1
"54EGR0AD","Won",2017-01-08,2017-03-25,"2017-03","Violet Mclelland","Cara Losch","East","MG Special","MG",55,"Yearin","retail","United States",2261.05,3851,TRUE,1,63,76,-0.145454545454546,1,1
"VT5Y73GX","Won",2017-01-09,2017-03-15,"2017-03","Anna Snelling","Dustin Brinkmann","Central","MG Special","MG",55,"Betatech","medical","Kenya",647.18,1185,TRUE,1,56,65,-0.0181818181818181,1,1
"8O9V7UOZ","Won",2017-01-09,2017-03-01,"2017-03","Anna Snelling","Dustin Brinkmann","Central","MG Special","MG",55,"Rundofase","technology","United States",1008.06,1238,TRUE,1,65,51,-0.181818181818182,1,1
"GIIC5H9X","Won",2017-01-09,2017-03-19,"2017-03","Boris Faz","Rocco Neubert","East","GTX Plus Pro","GTX",5482,"Donquadtech","technology","United States",1712.68,3194,TRUE,1,5743,69,-0.0476103611820504,1,1
"9WMU7YHD","Won",2017-01-09,2017-03-03,"2017-03","Cassey Cress","Rocco Neubert","East","MG Special","MG",55,"Mathtouch","marketing","Jordan",3027.46,9516,TRUE,1,53,53,0.0363636363636364,1,1
"8BQMFR86","Won",2017-01-09,2017-03-30,"2017-03","Corliss Cosme","Cara Losch","East","GTX Plus Pro","GTX",5482,"Betasoloin","medical","United States",251.41,495,TRUE,1,4974,80,0.0926669098869026,1,1
"DDCC6ZPK","Won",2017-01-09,2017-03-25,"2017-03","Donn Cantrell","Rocco Neubert","East","MG Advanced","MG",3393,"Ontomedia","employment","United States",882.12,2769,TRUE,1,3892,75,-0.147067491895078,1,1
"YMGWLEHY","Won",2017-01-09,2017-03-21,"2017-03","Garret Kinder","Cara Losch","East","GTX Pro","GTX",4821,"Betasoloin","medical","United States",251.41,495,TRUE,1,3822,71,0.207218419415059,1,1
"FKS9MVF6","Won",2017-01-09,2017-03-02,"2017-03","Jonathan Berthelot","Melvin Marxen","Central","GTX Basic","GTX",550,"Inity","marketing","United States",2403.58,8801,TRUE,1,504,52,0.0836363636363636,1,1
"6Q67ZUJ1","Engaging",2017-01-09,,,"Maureen Marcano","Summer Sewald","West","MG Special","MG",55,"Unknown","Unknown","Unknown",,,FALSE,0,,,,0,0
"HF8ABDF6","Won",2017-01-09,2017-03-29,"2017-03","Rosalina Dieter","Celia Rouche","West","MG Advanced","MG",3393,"Xx-holding","finance","United States",7537.24,20293,TRUE,1,3145,79,0.0730916592985559,1,1
"Y6UBZM6P","Engaging",2017-01-09,,,"Vicki Laflamme","Celia Rouche","West","GTX Plus Pro","GTX",5482,"Unknown","Unknown","Unknown",,,FALSE,0,,,,0,0
"SIRC44NM","Won",2017-01-09,2017-03-27,"2017-03","Vicki Laflamme","Celia Rouche","West","GTX Basic","GTX",550,"Finjob","employment","United States",2059.9,3644,TRUE,1,564,77,-0.0254545454545454,1,1
"7S6SHJJG","Won",2017-01-09,2017-03-14,"2017-03","Zane Levy","Summer Sewald","West","GTX Plus Basic","GTX",1096,"Fasehatice","retail","United States",4968.91,7523,TRUE,1,1117,64,-0.0191605839416058,1,1
"ZE84UHHB","Won",2017-01-10,2017-03-26,"2017-03","Anna Snelling","Dustin Brinkmann","Central","MG Special","MG",55,"Inity","marketing","United States",2403.58,8801,TRUE,1,59,75,-0.0727272727272728,1,1
"2R3ZA84D","Won",2017-01-10,2017-03-28,"2017-03","Darcel Schlecht","Melvin Marxen","Central","MG Special","MG",55,"Finhigh","finance","United States",1102.43,1759,TRUE,1,52,77,0.0545454545454546,1,1
"LTTYTAXA","Won",2017-01-10,2017-03-24,"2017-03","Donn Cantrell","Rocco Neubert","East","GTX Pro","GTX",4821,"Kan-code","software","United States",11698.03,34288,TRUE,1,4694,73,0.0263430823480606,1,1
"RIW4VWBW","Engaging",2017-01-10,,,"Hayden Neloms","Celia Rouche","West","GTX Plus Pro","GTX",5482,"Unknown","Unknown","Unknown",,,FALSE,0,,,,0,0
"ZWFPD71J","Won",2017-01-10,2017-03-06,"2017-03","Kami Bicknell","Summer Sewald","West","GTX Pro","GTX",4821,"Plusstrip","entertainment","United States",349.81,315,TRUE,1,5620,55,-0.165733250362995,1,1
"T5C527Z9","Won",2017-01-10,2017-03-08,"2017-03","Kary Hendrixson","Summer Sewald","West","GTX Plus Basic","GTX",1096,"Singletechno","retail","United States",2214.94,5374,TRUE,1,1095,57,0.000912408759124128,1,1
"XC4LTIEO","Lost",2017-01-10,2017-05-02,"2017-05","Lajuana Vencill","Dustin Brinkmann","Central","GTX Basic","GTX",550,"Conecom","technology","United States",1520.66,1806,TRUE,0,0,112,,1,1
"AEBF9M5T","Won",2017-01-10,2017-03-30,"2017-03","Lajuana Vencill","Dustin Brinkmann","Central","GTX Basic","GTX",550,"Ron-tech","medical","United States",3922.42,6837,TRUE,1,489,79,0.110909090909091,1,1
"DWUD4S0P","Engaging",2017-01-10,,,"Markita Hansen","Celia Rouche","West","GTX Basic","GTX",550,"Unknown","Unknown","Unknown",,,FALSE,0,,,,0,0
"MCE5DKD1","Engaging",2017-01-10,,,"Markita Hansen","Celia Rouche","West","MG Special","MG",55,"Bioholding","medical","Philipines",587.34,1356,FALSE,0,,,,1,1
"EV46ES18","Won",2017-01-10,2017-03-16,"2017-03","Markita Hansen","Celia Rouche","West","GTX Plus Pro","GTX",5482,"Golddex","finance","United States",52.5,165,TRUE,1,5908,65,-0.0777088653775995,1,1
"ID3IJHUS","Won",2017-01-10,2017-03-11,"2017-03","Markita Hansen","Celia Rouche","West","MG Advanced","MG",3393,"Xx-holding","finance","United States",7537.24,20293,TRUE,1,3820,60,-0.125847332743884,1,1
"YBJ72HKE","Lost",2017-01-10,2017-03-12,"2017-03","Maureen Marcano","Summer Sewald","West","GTX Plus Basic","GTX",1096,"Hottechi","technology","Korea",8170.38,16499,TRUE,0,0,61,,1,1
"RW39Y63V","Engaging",2017-01-10,,,"Vicki Laflamme","Celia Rouche","West","GTX Pro","GTX",4821,"Unknown","Unknown","Unknown",,,FALSE,0,,,,0,0
"5DEO8EDS","Won",2017-01-10,2017-03-20,"2017-03","Vicki Laflamme","Celia Rouche","West","GTX Basic","GTX",550,"Rantouch","telecommunications","United States",1188.42,3015,TRUE,1,581,69,-0.0563636363636364,1,1
"8LW65NDL","Engaging",2017-01-10,,,"Violet Mclelland","Cara Losch","East","GTX Plus Pro","GTX",5482,"Unknown","Unknown","Unknown",,,FALSE,0,,,,0,0
"CJ2ON1LV","Engaging",2017-01-11,,,"Corliss Cosme","Cara Losch","East","GTX Pro","GTX",4821,"Nam-zim","services","Brazil",405.59,1179,FALSE,0,,,,1,1
"4I8X7EMW","Engaging",2017-01-11,,,"Corliss Cosme","Cara Losch","East","GTX Pro","GTX",4821,"Unknown","Unknown","Unknown",,,FALSE,0,,,,0,0
"WPXAMXD2","Lost",2017-01-11,2017-03-10,"2017-03","Darcel Schlecht","Melvin Marxen","Central","GTX Plus Pro","GTX",5482,"Funholding","finance","United States",2819.5,7227,TRUE,0,0,58,,1,1
"A4BBDK82","Won",2017-01-11,2017-03-28,"2017-03","Jonathan Berthelot","Melvin Marxen","Central","GTX Basic","GTX",550,"Gogozoom","telecommunications","United States",86.68,187,TRUE,1,585,76,-0.0636363636363637,1,1
"LMOAYCUK","Engaging",2017-01-11,,,"Kami Bicknell","Summer Sewald","West","GTX Plus Basic","GTX",1096,"Plusstrip","entertainment","United States",349.81,315,FALSE,0,,,,1,1
"4XCJP60W","Won",2017-01-11,2017-05-06,"2017-05","Kami Bicknell","Summer Sewald","West","GTX Basic","GTX",550,"Nam-zim","services","Brazil",405.59,1179,TRUE,1,572,115,-0.04,1,1
"CDKX2A19","Won",2017-01-11,2017-03-12,"2017-03","Lajuana Vencill","Dustin Brinkmann","Central","MG Advanced","MG",3393,"Zumgoity","medical","United States",441.08,1210,TRUE,1,3669,60,-0.0813439434129088,1,1
"344I60EI","Won",2017-01-11,2017-03-16,"2017-03","Markita Hansen","Celia Rouche","West","GTX Plus Basic","GTX",1096,"Golddex","finance","United States",52.5,165,TRUE,1,1091,64,0.00456204379562042,1,1
"YI30GSB5","Lost",2017-01-11,2017-03-31,"2017-03","Marty Freudenburg","Melvin Marxen","Central","GTX Plus Basic","GTX",1096,"Rangreen","technology","Panama",2938.67,8775,TRUE,0,0,79,,1,1
"0IYQX303","Won",2017-01-11,2017-03-17,"2017-03","Reed Clapper","Rocco Neubert","East","GTX Pro","GTX",4821,"Donquadtech","technology","United States",1712.68,3194,TRUE,1,4905,65,-0.0174237710018668,1,1
"6IMUQYMN","Won",2017-01-12,2017-03-10,"2017-03","Corliss Cosme","Cara Losch","East","GTX Basic","GTX",550,"Vehement Capital Partners","finance","United States",646.1,883,TRUE,1,540,57,0.0181818181818182,1,1
"N9GAZ6B6","Won",2017-01-12,2017-03-20,"2017-03","Gladys Colclough","Melvin Marxen","Central","MG Special","MG",55,"Zumgoity","medical","United States",441.08,1210,TRUE,1,49,67,0.109090909090909,1,1
"8O3IYWSM","Won",2017-01-12,2017-05-17,"2017-05","Jonathan Berthelot","Melvin Marxen","Central","GTX Basic","GTX",550,"Globex Corporation","technology","Norway",1223.72,2497,TRUE,1,513,125,0.0672727272727273,1,1
"R3OR0J5C","Won",2017-01-12,2017-03-30,"2017-03","Lajuana Vencill","Dustin Brinkmann","Central","MG Special","MG",55,"Gogozoom","telecommunications","United States",86.68,187,TRUE,1,54,77,0.0181818181818182,1,1
"VCSHYIU8","Engaging",2017-01-12,,,"Maureen Marcano","Summer Sewald","West","GTX Plus Basic","GTX",1096,"Unknown","Unknown","Unknown",,,FALSE,0,,,,0,0
"0I6U3MQ6","Engaging",2017-01-12,,,"Violet Mclelland","Cara Losch","East","GTX Basic","GTX",550,"Funholding","finance","United States",2819.5,7227,FALSE,0,,,,1,1
"RXV4UXRE","Won",2017-01-12,2017-03-23,"2017-03","Violet Mclelland","Cara Losch","East","MG Special","MG",55,"Yearin","retail","United States",2261.05,3851,TRUE,1,56,70,-0.0181818181818181,1,1
"5AKGNKX1","Won",2017-01-13,2017-03-16,"2017-03","Anna Snelling","Dustin Brinkmann","Central","MG Special","MG",55,"Konmatfix","marketing","United States",375.43,1190,TRUE,1,58,62,-0.0545454545454545,1,1
"KNLMLTJH","Won",2017-01-13,2017-03-27,"2017-03","Anna Snelling","Dustin Brinkmann","Central","MG Special","MG",55,"Treequote","telecommunications","United States",5266.09,8595,TRUE,1,58,73,-0.0545454545454545,1,1
"WRUG19FZ","Engaging",2017-01-13,,,"Hayden Neloms","Celia Rouche","West","MG Advanced","MG",3393,"Vehement Capital Partners","finance","United States",646.1,883,FALSE,0,,,,1,1
"UQQE9ILV","Engaging",2017-01-13,,,"James Ascencio","Summer Sewald","West","GTX Pro","GTX",4821,"Iselectrics","technology","United States",527.11,1428,FALSE,0,,,,1,1
"G9GH5KV5","Won",2017-01-13,2017-03-21,"2017-03","Kami Bicknell","Summer Sewald","West","GTX Pro","GTX",4821,"Nam-zim","services","Brazil",405.59,1179,TRUE,1,4453,67,0.0763327110557975,1,1
"H06UZJH8","Lost",2017-01-13,2017-05-08,"2017-05","Kary Hendrixson","Summer Sewald","West","MG Special","MG",55,"Plusstrip","entertainment","United States",349.81,315,TRUE,0,0,115,,1,1
"K1RXVUG9","Won",2017-01-13,2017-03-14,"2017-03","Kary Hendrixson","Summer Sewald","West","GTX Basic","GTX",550,"Nam-zim","services","Brazil",405.59,1179,TRUE,1,619,60,-0.125454545454545,1,1
"1QT3STIA","Won",2017-01-13,2017-05-14,"2017-05","Maureen Marcano","Summer Sewald","West","GTX Plus Pro","GTX",5482,"Xx-holding","finance","United States",7537.24,20293,TRUE,1,5163,121,0.0581904414447282,1,1
"070M5M6X","Won",2017-01-13,2017-03-25,"2017-03","Maureen Marcano","Summer Sewald","West","GTX Pro","GTX",4821,"Green-Plus","services","United States",692.19,1922,TRUE,1,4071,71,0.15556938394524,1,1
"DFTR2O9K","Won",2017-01-13,2017-05-08,"2017-05","Reed Clapper","Rocco Neubert","East","MG Special","MG",55,"Donquadtech","technology","United States",1712.68,3194,TRUE,1,56,115,-0.0181818181818181,1,1
"W8CXDBQN","Engaging",2017-01-13,,,"Vicki Laflamme","Celia Rouche","West","MG Special","MG",55,"Unknown","Unknown","Unknown",,,FALSE,0,,,,0,0
"S9MECO24","Lost",2017-01-13,2017-03-31,"2017-03","Violet Mclelland","Cara Losch","East","MG Advanced","MG",3393,"Sumace","retail","Romania",167.89,493,TRUE,0,0,77,,1,1
"EJSFO67U","Won",2017-01-14,2017-03-29,"2017-03","Donn Cantrell","Rocco Neubert","East","GTX Pro","GTX",4821,"Zotware","software","United States",4478.47,13809,TRUE,1,4375,74,0.0925119269861024,1,1
"VKT0UN11","Engaging",2017-01-14,,,"James Ascencio","Summer Sewald","West","MG Advanced","MG",3393,"Codehow","software","United States",2714.9,2641,FALSE,0,,,,1,1
"SKTD4GGU","Won",2017-01-14,2017-03-28,"2017-03","Kami Bicknell","Summer Sewald","West","GTX Basic","GTX",550,"Golddex","finance","United States",52.5,165,TRUE,1,610,73,-0.109090909090909,1,1
"JIACLB24","Engaging",2017-01-14,,,"Vicki Laflamme","Celia Rouche","West","GTX Basic","GTX",550,"Scottech","marketing","United States",45.39,100,FALSE,0,,,,1,1
"SNAPG5KC","Lost",2017-01-14,2017-05-05,"2017-05","Vicki Laflamme","Celia Rouche","West","MG Advanced","MG",3393,"Hatfan","services","United States",792.46,1299,TRUE,0,0,111,,1,1
"561707V4","Won",2017-01-14,2017-03-17,"2017-03","Vicki Laflamme","Celia Rouche","West","GTX Pro","GTX",4821,"Xx-holding","finance","United States",7537.24,20293,TRUE,1,4554,62,0.0553827006845052,1,1
"J28ZRO9G","Won",2017-01-14,2017-05-18,"2017-05","Wilburn Farren","Cara Losch","East","MG Advanced","MG",3393,"Konex","technology","United States",7708.38,13756,TRUE,1,2880,124,0.151193633952255,1,1
"5VYJCJAE","Engaging",2017-01-15,,,"Corliss Cosme","Cara Losch","East","GTX Plus Pro","GTX",5482,"Zoomit","entertainment","United States",324.19,978,FALSE,0,,,,1,1
"BTUG5VDL","Engaging",2017-01-15,,,"Corliss Cosme","Cara Losch","East","GTX Pro","GTX",4821,"Inity","marketing","United States",2403.58,8801,FALSE,0,,,,1,1
"KZ8Q0AFX","Lost",2017-01-15,2017-05-02,"2017-05","Corliss Cosme","Cara Losch","East","GTX Plus Basic","GTX",1096,"Initech","telecommunications","United States",6395.05,20275,TRUE,0,0,107,,1,1
"CT3HBBI2","Engaging",2017-01-15,,,"Elease Gluck","Celia Rouche","West","MG Special","MG",55,"Mathtouch","marketing","Jordan",3027.46,9516,FALSE,0,,,,1,1
"AOOFHH6F","Won",2017-01-15,2017-05-18,"2017-05","Markita Hansen","Celia Rouche","West","MG Special","MG",55,"Scotfind","software","United States",6354.87,16780,TRUE,1,60,123,-0.0909090909090908,1,1
"5U9Y1P87","Won",2017-01-15,2017-03-21,"2017-03","Maureen Marcano","Summer Sewald","West","GTX Basic","GTX",550,"Condax","medical","United States",4.54,9,TRUE,1,688,65,-0.250909090909091,1,1
"J0Y91LUA","Won",2017-01-15,2017-03-22,"2017-03","Maureen Marcano","Summer Sewald","West","GTX Plus Pro","GTX",5482,"Goodsilron","marketing","United States",2952.73,5107,TRUE,1,6142,66,-0.120394016782196,1,1
"YBRZQFEO","Won",2017-01-15,2017-03-31,"2017-03","Maureen Marcano","Summer Sewald","West","GTX Pro","GTX",4821,"Green-Plus","services","United States",692.19,1922,TRUE,1,4939,75,-0.0244762497407176,1,1
"PHR8KB1Y","Won",2017-01-15,2017-05-15,"2017-05","Niesha Huffines","Melvin Marxen","Central","GTX Plus Pro","GTX",5482,"Warephase","services","United States",2041.73,5276,TRUE,1,6270,120,-0.143743159430865,1,1
"GR2X90DZ","Engaging",2017-01-15,,,"Vicki Laflamme","Celia Rouche","West","GTX Basic","GTX",550,"Unknown","Unknown","Unknown",,,FALSE,0,,,,0,0
"TBZMXKH4","Won",2017-01-15,2017-03-29,"2017-03","Wilburn Farren","Cara Losch","East","MG Advanced","MG",3393,"Acme Corporation","technology","United States",1100.04,2822,TRUE,1,3833,73,-0.129678750368406,1,1
"WNXZ1FGS","Lost",2017-01-16,2017-03-28,"2017-03","Daniell Hammack","Rocco Neubert","East","GTX Plus Basic","GTX",1096,"Bubba Gump","software","United States",987.39,2253,TRUE,0,0,71,,1,1
"S3W6Q07M","Engaging",2017-01-16,,,"Kami Bicknell","Summer Sewald","West","GTX Plus Pro","GTX",5482,"Acme Corporation","technology","United States",1100.04,2822,FALSE,0,,,,1,1
"K64TY8LU","Engaging",2017-01-16,,,"Maureen Marcano","Summer Sewald","West","MG Special","MG",55,"Unknown","Unknown","Unknown",,,FALSE,0,,,,0,0
"6389JY2H","Won",2017-01-16,2017-06-02,"2017-06","Moses Frase","Dustin Brinkmann","Central","MG Special","MG",55,"Hottechi","technology","Korea",8170.38,16499,TRUE,1,57,137,-0.0363636363636364,1,1
"SZ81H1PM","Won",2017-01-16,2017-03-17,"2017-03","Versie Hillebrand","Dustin Brinkmann","Central","MG Special","MG",55,"Cancity","retail","United States",718.62,2448,TRUE,1,47,60,0.145454545454546,1,1
"M842E8JB","Lost",2017-01-16,2017-03-13,"2017-03","Violet Mclelland","Cara Losch","East","MG Special","MG",55,"Donware","marketing","United States",1197.44,2570,TRUE,0,0,56,,1,1
"JRJ7DBW5","Lost",2017-01-17,2017-03-19,"2017-03","Daniell Hammack","Rocco Neubert","East","MG Advanced","MG",3393,"Plussunin","retail","United States",1419.98,4018,TRUE,0,0,61,,1,1
"N9C0OCYY","Won",2017-01-17,2017-05-04,"2017-05","Gladys Colclough","Melvin Marxen","Central","MG Special","MG",55,"Inity","marketing","United States",2403.58,8801,TRUE,1,57,107,-0.0363636363636364,1,1
"0OESOJNN","Engaging",2017-01-17,,,"James Ascencio","Summer Sewald","West","GTX Plus Basic","GTX",1096,"Warephase","services","United States",2041.73,5276,FALSE,0,,,,1,1
"R7XZAIWS","Won",2017-01-17,2017-03-14,"2017-03","Jonathan Berthelot","Melvin Marxen","Central","MG Advanced","MG",3393,"Genco Pura Olive Oil Company","retail","Italy",894.33,1635,TRUE,1,3257,56,0.0400825228411436,1,1
"FFO5WOHT","Won",2017-01-17,2017-05-08,"2017-05","Kami Bicknell","Summer Sewald","West","GTX Basic","GTX",550,"Sunnamplex","marketing","Poland",894.37,1593,TRUE,1,511,111,0.0709090909090909,1,1
"XHHJ48MJ","Won",2017-01-17,2017-03-14,"2017-03","Kami Bicknell","Summer Sewald","West","GTX Basic","GTX",550,"Y-corporation","employment","United States",2871.35,9561,TRUE,1,607,56,-0.103636363636364,1,1
"YAR5GGA4","Won",2017-01-17,2017-03-29,"2017-03","Markita Hansen","Celia Rouche","West","GTX Plus Pro","GTX",5482,"Cheers","entertainment","United States",4269.9,6472,TRUE,1,5120,71,0.0660342940532652,1,1
"NOVPMLOV","Won",2017-01-17,2017-03-23,"2017-03","Niesha Huffines","Melvin Marxen","Central","GTX Plus Basic","GTX",1096,"Hottechi","technology","Korea",8170.38,16499,TRUE,1,1343,65,-0.22536496350365,1,1
"UPHN2I1Q","Won",2017-01-17,2017-05-14,"2017-05","Niesha Huffines","Melvin Marxen","Central","MG Special","MG",55,"Rundofase","technology","United States",1008.06,1238,TRUE,1,55,117,0,1,1
"NN9R2Y4W","Won",2017-01-17,2017-03-30,"2017-03","Vicki Laflamme","Celia Rouche","West","MG Special","MG",55,"Faxquote","telecommunications","United States",1825.82,5595,TRUE,1,49,72,0.109090909090909,1,1
"977FJ9QQ","Lost",2017-01-18,2017-03-29,"2017-03","Boris Faz","Rocco Neubert","East","GTX Basic","GTX",550,"The New York Inquirer","medical","United States",439.21,792,TRUE,0,0,70,,1,1
"DZ57QIQN","Engaging",2017-01-18,,,"Daniell Hammack","Rocco Neubert","East","GTX Plus Pro","GTX",5482,"Unknown","Unknown","Unknown",,,FALSE,0,,,,0,0
"A6Y1V5Z0","Won",2017-01-18,2017-06-04,"2017-06","Garret Kinder","Cara Losch","East","GTX Pro","GTX",4821,"Zotware","software","United States",4478.47,13809,TRUE,1,4426,137,0.0819332088778262,1,1
"NU8LWEWU","Won",2017-01-18,2017-05-03,"2017-05","James Ascencio","Summer Sewald","West","GTX Plus Pro","GTX",5482,"Groovestreet","retail","United States",223.8,299,TRUE,1,5264,105,0.0397665085735133,1,1
"PFHS80CR","Lost",2017-01-18,2017-05-20,"2017-05","Jonathan Berthelot","Melvin Marxen","Central","GTX Pro","GTX",4821,"Conecom","technology","United States",1520.66,1806,TRUE,0,0,122,,1,1
"OZ5S8NCK","Engaging",2017-01-18,,,"Kary Hendrixson","Summer Sewald","West","GTX Pro","GTX",4821,"Unknown","Unknown","Unknown",,,FALSE,0,,,,0,0
"904203D6","Won",2017-01-18,2017-03-29,"2017-03","Moses Frase","Dustin Brinkmann","Central","MG Special","MG",55,"Dontechi","software","United States",4618,10083,TRUE,1,59,70,-0.0727272727272728,1,1
"Z0TSV030","Won",2017-01-19,2017-03-30,"2017-03","Garret Kinder","Cara Losch","East","GTX Basic","GTX",550,"Opentech","finance","United States",355.23,853,TRUE,1,617,70,-0.121818181818182,1,1
"8C4QM1X6","Won",2017-01-19,2017-06-04,"2017-06","Gladys Colclough","Melvin Marxen","Central","GTX Basic","GTX",550,"Codehow","software","United States",2714.9,2641,TRUE,1,565,136,-0.0272727272727273,1,1
"NOPI41RP","Won",2017-01-19,2017-03-01,"2017-03","James Ascencio","Summer Sewald","West","GTX Basic","GTX",550,"Sonron","telecommunications","United States",1699.85,5108,TRUE,1,511,41,0.0709090909090909,1,1
"2536CW3V","Lost",2017-01-19,2017-05-08,"2017-05","Kami Bicknell","Summer Sewald","West","GTX Plus Basic","GTX",1096,"Rantouch","telecommunications","United States",1188.42,3015,TRUE,0,0,109,,1,1
"AC5YXLIR","Won",2017-01-19,2017-03-30,"2017-03","Kary Hendrixson","Summer Sewald","West","MG Special","MG",55,"Faxquote","telecommunications","United States",1825.82,5595,TRUE,1,60,70,-0.0909090909090908,1,1
"HSGJKH6U","Won",2017-01-19,2017-03-29,"2017-03","Kary Hendrixson","Summer Sewald","West","MG Advanced","MG",3393,"Plexzap","retail","United States",2437.85,4874,TRUE,1,3407,69,-0.00412614205717654,1,1
"4TZF9N1D","Won",2017-01-19,2017-03-28,"2017-03","Kary Hendrixson","Summer Sewald","West","MG Advanced","MG",3393,"Xx-holding","finance","United States",7537.24,20293,TRUE,1,3273,68,0.035366931918656,1,1
"HNKZ2IC6","Lost",2017-01-19,2017-03-26,"2017-03","Markita Hansen","Celia Rouche","West","GTX Plus Basic","GTX",1096,"Y-corporation","employment","United States",2871.35,9561,TRUE,0,0,66,,1,1
"BB6TCH8B","Lost",2017-01-19,2017-05-05,"2017-05","Markita Hansen","Celia Rouche","West","MG Special","MG",55,"Sunnamplex","marketing","Poland",894.37,1593,TRUE,0,0,106,,1,1
"IMTPZV7J","Won",2017-01-19,2017-05-01,"2017-05","Moses Frase","Dustin Brinkmann","Central","MG Advanced","MG",3393,"Gogozoom","telecommunications","United States",86.68,187,TRUE,1,3363,102,0.00884173297966406,1,1
"A4JROIDO","Engaging",2017-01-19,,,"Vicki Laflamme","Celia Rouche","West","MG Special","MG",55,"Unknown","Unknown","Unknown",,,FALSE,0,,,,0,0
"6NXY7144","Won",2017-01-19,2017-03-31,"2017-03","Vicki Laflamme","Celia Rouche","West","GTX Basic","GTX",550,"Xx-holding","finance","United States",7537.24,20293,TRUE,1,365,71,0.336363636363636,1,1
"KBKHKULU","Won",2017-01-19,2017-03-18,"2017-03","Zane Levy","Summer Sewald","West","GTX Plus Pro","GTX",5482,"Lexiqvolax","medical","United States",1618.89,3889,TRUE,1,4869,58,0.111820503465888,1,1
"INMJIFTF","Won",2017-01-20,2017-06-06,"2017-06","Corliss Cosme","Cara Losch","East","GTX Basic","GTX",550,"Ontomedia","employment","United States",882.12,2769,TRUE,1,599,137,-0.0890909090909091,1,1
"FUVQ5UKB","Won",2017-01-20,2017-05-20,"2017-05","Daniell Hammack","Rocco Neubert","East","MG Advanced","MG",3393,"Konex","technology","United States",7708.38,13756,TRUE,1,3194,120,0.058650162098438,1,1
"O462ARMZ","Won",2017-01-20,2017-06-05,"2017-06","Garret Kinder","Cara Losch","East","GTX Plus Pro","GTX",5482,"Condax","medical","United States",4.54,9,TRUE,1,5429,136,0.00966800437796422,1,1
"6DCKCXDC","Won",2017-01-20,2017-05-05,"2017-05","Jonathan Berthelot","Melvin Marxen","Central","GTX Pro","GTX",4821,"Hottechi","technology","Korea",8170.38,16499,TRUE,1,5008,105,-0.0387886330636797,1,1
"QVF0JRM5","Won",2017-01-20,2017-03-28,"2017-03","Jonathan Berthelot","Melvin Marxen","Central","MG Advanced","MG",3393,"Domzoom","entertainment","United States",217.87,551,TRUE,1,3459,67,-0.0194518125552607,1,1
"7QGG2LO3","Lost",2017-01-20,2017-05-25,"2017-05","Kary Hendrixson","Summer Sewald","West","GTX Pro","GTX",4821,"Xx-holding","finance","United States",7537.24,20293,TRUE,0,0,125,,1,1
"Y6HNPIIT","Won",2017-01-20,2017-03-07,"2017-03","Kary Hendrixson","Summer Sewald","West","GTX Pro","GTX",4821,"Hottechi","technology","Korea",8170.38,16499,TRUE,1,4559,46,0.0543455714582037,1,1
"IBKRO1AN","Won",2017-01-20,2017-03-28,"2017-03","Kary Hendrixson","Summer Sewald","West","GTX Pro","GTX",4821,"Labdrill","medical","United States",2741.37,9226,TRUE,1,4221,67,0.124455507156192,1,1
"3TDWLPMV","Lost",2017-01-20,2017-03-11,"2017-03","Lajuana Vencill","Dustin Brinkmann","Central","MG Advanced","MG",3393,"Warephase","services","United States",2041.73,5276,TRUE,0,0,50,,1,1
"JN1ZFD18","Won",2017-01-20,2017-03-06,"2017-03","Lajuana Vencill","Dustin Brinkmann","Central","MG Special","MG",55,"Domzoom","entertainment","United States",217.87,551,TRUE,1,56,45,-0.0181818181818181,1,1
"ZE7ILYKB","Won",2017-01-20,2017-05-03,"2017-05","Markita Hansen","Celia Rouche","West","GTX Pro","GTX",4821,"Nam-zim","services","Brazil",405.59,1179,TRUE,1,5508,103,-0.142501555693839,1,1
"SRFVQ0HG","Lost",2017-01-20,2017-03-24,"2017-03","Moses Frase","Dustin Brinkmann","Central","GTX Plus Basic","GTX",1096,"Codehow","software","United States",2714.9,2641,TRUE,0,0,63,,1,1
"D7H1EGS9","Lost",2017-01-20,2017-03-20,"2017-03","Zane Levy","Summer Sewald","West","GTX Basic","GTX",550,"Lexiqvolax","medical","United States",1618.89,3889,TRUE,0,0,59,,1,1
"1DDW2GQW","Lost",2017-01-21,2017-03-09,"2017-03","Anna Snelling","Dustin Brinkmann","Central","MG Advanced","MG",3393,"Cancity","retail","United States",718.62,2448,TRUE,0,0,47,,1,1
"PMEENWD5","Engaging",2017-01-21,,,"Corliss Cosme","Cara Losch","East","GTX Pro","GTX",4821,"Globex Corporation","technology","Norway",1223.72,2497,FALSE,0,,,,1,1
"WPGTHV8V","Won",2017-01-21,2017-03-19,"2017-03","Darcel Schlecht","Melvin Marxen","Central","GTX Basic","GTX",550,"Ron-tech","medical","United States",3922.42,6837,TRUE,1,657,57,-0.194545454545455,1,1
"Z1WLLL1H","Engaging",2017-01-21,,,"Kami Bicknell","Summer Sewald","West","GTX Basic","GTX",550,"Unknown","Unknown","Unknown",,,FALSE,0,,,,0,0
"6GNJMYMO","Lost",2017-01-21,2017-05-05,"2017-05","Kami Bicknell","Summer Sewald","West","GTX Pro","GTX",4821,"J-Texon","retail","United States",1388.67,3583,TRUE,0,0,104,,1,1
"GWAT8UWK","Won",2017-01-21,2017-03-25,"2017-03","Lajuana Vencill","Dustin Brinkmann","Central","GTX Basic","GTX",550,"Scottech","marketing","United States",45.39,100,TRUE,1,638,63,-0.16,1,1
"ETZKANFZ","Engaging",2017-01-21,,,"Markita Hansen","Celia Rouche","West","GTX Basic","GTX",550,"Unknown","Unknown","Unknown",,,FALSE,0,,,,0,0
"IZD69C5Q","Won",2017-01-21,2017-06-06,"2017-06","Marty Freudenburg","Melvin Marxen","Central","MG Special","MG",55,"Betatech","medical","Kenya",647.18,1185,TRUE,1,41,136,0.254545454545455,1,1
"QFU565JJ","Won",2017-01-21,2017-05-07,"2017-05","Rosie Papadopoulos","Cara Losch","East","GTX Plus Pro","GTX",5482,"Initech","telecommunications","United States",6395.05,20275,TRUE,1,5582,106,-0.0182415176942721,1,1
"Z5BCBTAO","Won",2017-01-21,2017-05-20,"2017-05","Versie Hillebrand","Dustin Brinkmann","Central","MG Special","MG",55,"Konmatfix","marketing","United States",375.43,1190,TRUE,1,60,119,-0.0909090909090908,1,1
"2KKRRM1G","Won",2017-01-21,2017-05-03,"2017-05","Zane Levy","Summer Sewald","West","GTX Plus Basic","GTX",1096,"Y-corporation","employment","United States",2871.35,9561,TRUE,1,1036,102,0.0547445255474452,1,1
"RLUGVSNV","Won",2017-01-22,2017-05-12,"2017-05","Darcel Schlecht","Melvin Marxen","Central","GTX Plus Basic","GTX",1096,"Funholding","finance","United States",2819.5,7227,TRUE,1,943,110,0.139598540145985,1,1
"ZKSJ1DOK","Won",2017-01-22,2017-06-07,"2017-06","Elease Gluck","Celia Rouche","West","GTX Basic","GTX",550,"Kan-code","software","United States",11698.03,34288,TRUE,1,581,136,-0.0563636363636364,1,1
"K8RQWTP4","Lost",2017-01-22,2017-05-15,"2017-05","Jonathan Berthelot","Melvin Marxen","Central","MG Special","MG",55,"Codehow","software","United States",2714.9,2641,TRUE,0,0,113,,1,1
"RSZC6BMW","Won",2017-01-22,2017-05-07,"2017-05","Moses Frase","Dustin Brinkmann","Central","GTX Basic","GTX",550,"Toughzap","retail","United States",332.43,799,TRUE,1,538,105,0.0218181818181818,1,1
"O7YNBRX0","Won",2017-01-22,2017-03-28,"2017-03","Reed Clapper","Rocco Neubert","East","GTX Plus Basic","GTX",1096,"Donquadtech","technology","United States",1712.68,3194,TRUE,1,1100,65,-0.00364963503649629,1,1
"PK1PS0KR","Engaging",2017-01-22,,,"Rosie Papadopoulos","Cara Losch","East","MG Advanced","MG",3393,"Unknown","Unknown","Unknown",,,FALSE,0,,,,0,0
"AAYV8GV4","Lost",2017-01-23,2017-05-05,"2017-05","Anna Snelling","Dustin Brinkmann","Central","MG Advanced","MG",3393,"Inity","marketing","United States",2403.58,8801,TRUE,0,0,102,,1,1
"EDEBWIOX","Lost",2017-01-23,2017-05-28,"2017-05","Cecily Lampkin","Dustin Brinkmann","Central","MG Advanced","MG",3393,"Finhigh","finance","United States",1102.43,1759,TRUE,0,0,125,,1,1
"VAH6Y3F6","Won",2017-01-23,2017-05-17,"2017-05","Jonathan Berthelot","Melvin Marxen","Central","GTX Plus Basic","GTX",1096,"Hottechi","technology","Korea",8170.38,16499,TRUE,1,1039,114,0.052007299270073,1,1
"4U431MNA","Lost",2017-01-23,2017-05-11,"2017-05","Lajuana Vencill","Dustin Brinkmann","Central","MG Special","MG",55,"dambase","marketing","United States",2173.98,2928,TRUE,0,0,108,,1,1
"5HKAT5GS","Won",2017-01-23,2017-05-10,"2017-05","Reed Clapper","Rocco Neubert","East","GTX Plus Basic","GTX",1096,"Umbrella Corporation","finance","United States",2022.14,5113,TRUE,1,1076,107,0.0182481751824818,1,1
"F5VDTC4M","Lost",2017-01-23,2017-05-06,"2017-05","Rosalina Dieter","Celia Rouche","West","MG Special","MG",55,"Konex","technology","United States",7708.38,13756,TRUE,0,0,103,,1,1
"UO4KXDBC","Lost",2017-01-23,2017-05-23,"2017-05","Rosalina Dieter","Celia Rouche","West","MG Special","MG",55,"Rantouch","telecommunications","United States",1188.42,3015,TRUE,0,0,120,,1,1
"TBIW957T","Won",2017-01-23,2017-03-16,"2017-03","Versie Hillebrand","Dustin Brinkmann","Central","MG Special","MG",55,"Rundofase","technology","United States",1008.06,1238,TRUE,1,53,52,0.0363636363636364,1,1
"MSEIIH95","Won",2017-01-23,2017-03-23,"2017-03","Versie Hillebrand","Dustin Brinkmann","Central","MG Advanced","MG",3393,"Statholdings","employment","United States",291.27,586,TRUE,1,3046,59,0.102269378131447,1,1
"RPONINLM","Engaging",2017-01-23,,,"Vicki Laflamme","Celia Rouche","West","GTX Plus Basic","GTX",1096,"Unknown","Unknown","Unknown",,,FALSE,0,,,,0,0
"V4324HG4","Lost",2017-01-23,2017-05-06,"2017-05","Violet Mclelland","Cara Losch","East","MG Special","MG",55,"Acme Corporation","technology","United States",1100.04,2822,TRUE,0,0,103,,1,1
"N852D2Z8","Lost",2017-01-23,2017-03-30,"2017-03","Zane Levy","Summer Sewald","West","GTX Basic","GTX",550,"Scotfind","software","United States",6354.87,16780,TRUE,0,0,66,,1,1
"CF1CSNPX","Won",2017-01-24,2017-03-31,"2017-03","Daniell Hammack","Rocco Neubert","East","GTX Pro","GTX",4821,"Kan-code","software","United States",11698.03,34288,TRUE,1,5140,66,-0.066168844638042,1,1
"NOXNFJ2L","Won",2017-01-24,2017-05-17,"2017-05","Darcel Schlecht","Melvin Marxen","Central","GTX Plus Basic","GTX",1096,"Warephase","services","United States",2041.73,5276,TRUE,1,1067,113,0.0264598540145985,1,1
"F569KUVC","Engaging",2017-01-24,,,"Kami Bicknell","Summer Sewald","West","GTX Basic","GTX",550,"Unknown","Unknown","Unknown",,,FALSE,0,,,,0,0
"PKDJTR06","Engaging",2017-01-24,,,"Kami Bicknell","Summer Sewald","West","GTX Plus Basic","GTX",1096,"Hatfan","services","United States",792.46,1299,FALSE,0,,,,1,1
"VYPYVO8V","Engaging",2017-01-24,,,"Vicki Laflamme","Celia Rouche","West","GTX Basic","GTX",550,"Unknown","Unknown","Unknown",,,FALSE,0,,,,0,0
"3LJAJVHR","Lost",2017-01-25,2017-05-29,"2017-05","Cassey Cress","Rocco Neubert","East","GTX Pro","GTX",4821,"Opentech","finance","United States",355.23,853,TRUE,0,0,124,,1,1
"NN6CSUWT","Won",2017-01-25,2017-03-21,"2017-03","Daniell Hammack","Rocco Neubert","East","GTX Plus Basic","GTX",1096,"Zathunicon","retail","United States",71.12,144,TRUE,1,1065,55,0.0282846715328468,1,1
"X69POZIN","Won",2017-01-25,2017-05-06,"2017-05","Kary Hendrixson","Summer Sewald","West","GTX Basic","GTX",550,"Lexiqvolax","medical","United States",1618.89,3889,TRUE,1,481,101,0.125454545454545,1,1
"4FAEDB16","Lost",2017-01-25,2017-05-22,"2017-05","Markita Hansen","Celia Rouche","West","GTX Basic","GTX",550,"J-Texon","retail","United States",1388.67,3583,TRUE,0,0,117,,1,1
"CPGCT81C","Won",2017-01-25,2017-03-06,"2017-03","Maureen Marcano","Summer Sewald","West","GTX Basic","GTX",550,"Dalttechnology","software","United States",98.79,96,TRUE,1,499,40,0.0927272727272728,1,1
"TK9T01QM","Lost",2017-01-25,2017-05-07,"2017-05","Reed Clapper","Rocco Neubert","East","GTX Pro","GTX",4821,"Acme Corporation","technology","United States",1100.04,2822,TRUE,0,0,102,,1,1
"P13DDOTM","Won",2017-01-25,2017-03-08,"2017-03","Rosie Papadopoulos","Cara Losch","East","MG Special","MG",55,"Bioplex","medical","United States",326.82,1016,TRUE,1,59,42,-0.0727272727272728,1,1
"1PN7TVPX","Lost",2017-01-25,2017-05-01,"2017-05","Vicki Laflamme","Celia Rouche","West","MG Special","MG",55,"Hottechi","technology","Korea",8170.38,16499,TRUE,0,0,96,,1,1
"9ZKORPL2","Won",2017-01-25,2017-05-09,"2017-05","Violet Mclelland","Cara Losch","East","MG Special","MG",55,"Initech","telecommunications","United States",6395.05,20275,TRUE,1,45,104,0.181818181818182,1,1
"1D54L027","Engaging",2017-01-25,,,"Wilburn Farren","Cara Losch","East","MG Advanced","MG",3393,"Unknown","Unknown","Unknown",,,FALSE,0,,,,0,0
"1ZCOKNNI","Won",2017-01-25,2017-05-14,"2017-05","Zane Levy","Summer Sewald","West","GTX Pro","GTX",4821,"Sonron","telecommunications","United States",1699.85,5108,TRUE,1,5743,109,-0.191246629330015,1,1
"BVYMJ6TD","Won",2017-01-26,2017-05-13,"2017-05","Cassey Cress","Rocco Neubert","East","GTX Plus Pro","GTX",5482,"Vehement Capital Partners","finance","United States",646.1,883,TRUE,1,6117,107,-0.115833637358628,1,1
"W5ADQ9SH","Lost",2017-01-26,2017-05-26,"2017-05","Darcel Schlecht","Melvin Marxen","Central","GTX Pro","GTX",4821,"Domzoom","entertainment","United States",217.87,551,TRUE,0,0,120,,1,1
"VXX8GJGY","Won",2017-01-26,2017-03-19,"2017-03","Donn Cantrell","Rocco Neubert","East","GTX Plus Basic","GTX",1096,"The New York Inquirer","medical","United States",439.21,792,TRUE,1,1158,52,-0.0565693430656935,1,1
"ES9L0DXE","Won",2017-01-26,2017-05-22,"2017-05","Garret Kinder","Cara Losch","East","MG Special","MG",55,"Kinnamplus","retail","United States",702.72,1831,TRUE,1,59,116,-0.0727272727272728,1,1
"AANB25RH","Lost",2017-01-26,2017-05-24,"2017-05","Kami Bicknell","Summer Sewald","West","GTX Plus Basic","GTX",1096,"Dalttechnology","software","United States",98.79,96,TRUE,0,0,118,,1,1
"36PTGLTW","Won",2017-01-26,2017-03-24,"2017-03","Maureen Marcano","Summer Sewald","West","MG Advanced","MG",3393,"Xx-holding","finance","United States",7537.24,20293,TRUE,1,3106,57,0.0845859121721191,1,1
"6WTNSL1T","Won",2017-01-26,2017-03-19,"2017-03","Rosalina Dieter","Celia Rouche","West","MG Advanced","MG",3393,"Newex","services","Germany",1012.72,3492,TRUE,1,2982,52,0.121131741821397,1,1
"PV1DISEC","Won",2017-01-26,2017-03-16,"2017-03","Zane Levy","Summer Sewald","West","GTX Plus Pro","GTX",5482,"Hottechi","technology","Korea",8170.38,16499,TRUE,1,6101,49,-0.112914994527545,1,1
"S6BG03TB","Won",2017-01-27,2017-05-08,"2017-05","Anna Snelling","Dustin Brinkmann","Central","GTX Plus Pro","GTX",5482,"Treequote","telecommunications","United States",5266.09,8595,TRUE,1,5883,101,-0.0731484859540315,1,1
"2YOW2BI0","Won",2017-01-27,2017-05-22,"2017-05","Corliss Cosme","Cara Losch","East","GTX Plus Pro","GTX",5482,"Xx-zobam","entertainment","United States",3838.39,8274,TRUE,1,5051,115,0.078620941262313,1,1
"IQ9KYZCG","Won",2017-01-27,2017-05-11,"2017-05","Darcel Schlecht","Melvin Marxen","Central","GTX Plus Basic","GTX",1096,"Statholdings","employment","United States",291.27,586,TRUE,1,1155,104,-0.0538321167883211,1,1
"AWDOKG69","Lost",2017-01-27,2017-05-10,"2017-05","Garret Kinder","Cara Losch","East","GTX Basic","GTX",550,"Bluth Company","technology","United States",1242.32,3027,TRUE,0,0,103,,1,1
"C4AFMVFM","Won",2017-01-27,2017-03-06,"2017-03","James Ascencio","Summer Sewald","West","GTX Plus Pro","GTX",5482,"Cheers","entertainment","United States",4269.9,6472,TRUE,1,5616,38,-0.0244436337103247,1,1
"WK6ERCGR","Won",2017-01-27,2017-06-06,"2017-06","James Ascencio","Summer Sewald","West","GTX Plus Pro","GTX",5482,"Golddex","finance","United States",52.5,165,TRUE,1,5116,130,0.0667639547610361,1,1
"64DJ954O","Won",2017-01-27,2017-03-30,"2017-03","Kary Hendrixson","Summer Sewald","West","GTX Plus Basic","GTX",1096,"Condax","medical","United States",4.54,9,TRUE,1,1136,62,-0.0364963503649636,1,1
"84V18DBW","Won",2017-01-28,2017-06-01,"2017-06","Anna Snelling","Dustin Brinkmann","Central","GTX Plus Basic","GTX",1096,"Finhigh","finance","United States",1102.43,1759,TRUE,1,1216,124,-0.10948905109489,1,1
"WFY0S4WW","Won",2017-01-28,2017-05-02,"2017-05","Anna Snelling","Dustin Brinkmann","Central","GTX Plus Basic","GTX",1096,"Hottechi","technology","Korea",8170.38,16499,TRUE,1,1089,94,0.00638686131386856,1,1
"HA1KXAIS","Won",2017-01-28,2017-06-04,"2017-06","Cassey Cress","Rocco Neubert","East","MG Advanced","MG",3393,"Condax","medical","United States",4.54,9,TRUE,1,3908,127,-0.151783082817565,1,1
"CENVLTFH","Engaging",2017-01-28,,,"Corliss Cosme","Cara Losch","East","GTX Plus Basic","GTX",1096,"Toughzap","retail","United States",332.43,799,FALSE,0,,,,1,1
"EAYD98X2","Lost",2017-01-28,2017-05-27,"2017-05","Darcel Schlecht","Melvin Marxen","Central","GTX Pro","GTX",4821,"Dontechi","software","United States",4618,10083,TRUE,0,0,119,,1,1
"YR4W59KS","Lost",2017-01-28,2017-05-18,"2017-05","Darcel Schlecht","Melvin Marxen","Central","GTX Pro","GTX",4821,"Finhigh","finance","United States",1102.43,1759,TRUE,0,0,110,,1,1
"SNFW1FD7","Won",2017-01-28,2017-05-07,"2017-05","Darcel Schlecht","Melvin Marxen","Central","MG Advanced","MG",3393,"Streethex","retail","Belgium",1376.8,1165,TRUE,1,3369,99,0.00707338638373123,1,1
"4NGSQODD","Engaging",2017-01-28,,,"James Ascencio","Summer Sewald","West","GTX Pro","GTX",4821,"Blackzim","retail","United States",497.11,1588,FALSE,0,,,,1,1
"2EOF1QCY","Won",2017-01-28,2017-05-20,"2017-05","James Ascencio","Summer Sewald","West","GTX Plus Pro","GTX",5482,"J-Texon","retail","United States",1388.67,3583,TRUE,1,5259,112,0.0406785844582269,1,1
"5BE27MLY","Engaging",2017-01-28,,,"Maureen Marcano","Summer Sewald","West","GTX Pro","GTX",4821,"Unknown","Unknown","Unknown",,,FALSE,0,,,,0,0
"O5O4ZAAC","Lost",2017-01-28,2017-05-08,"2017-05","Maureen Marcano","Summer Sewald","West","GTX Plus Basic","GTX",1096,"Y-corporation","employment","United States",2871.35,9561,TRUE,0,0,100,,1,1
"YBAKNQ8Z","Lost",2017-01-28,2017-03-30,"2017-03","Reed Clapper","Rocco Neubert","East","MG Advanced","MG",3393,"Bubba Gump","software","United States",987.39,2253,TRUE,0,0,61,,1,1
"N5UIZYIV","Engaging",2017-01-28,,,"Zane Levy","Summer Sewald","West","MG Special","MG",55,"Konmatfix","marketing","United States",375.43,1190,FALSE,0,,,,1,1
"QY6HCHDH","Won",2017-01-29,2017-05-25,"2017-05","Anna Snelling","Dustin Brinkmann","Central","MG Special","MG",55,"Condax","medical","United States",4.54,9,TRUE,1,52,116,0.0545454545454546,1,1
"CZ3XOD03","Won",2017-01-29,2017-05-11,"2017-05","Boris Faz","Rocco Neubert","East","GTX Plus Pro","GTX",5482,"Acme Corporation","technology","United States",1100.04,2822,TRUE,1,5772,102,-0.0529004013133894,1,1
"LQ44KCMI","Lost",2017-01-29,2017-03-13,"2017-03","Cassey Cress","Rocco Neubert","East","GTX Pro","GTX",4821,"Umbrella Corporation","finance","United States",2022.14,5113,TRUE,0,0,43,,1,1
"WVJBVA61","Won",2017-01-29,2017-03-21,"2017-03","Cecily Lampkin","Dustin Brinkmann","Central","MG Advanced","MG",3393,"Domzoom","entertainment","United States",217.87,551,TRUE,1,3496,51,-0.0303566165635132,1,1
"MV9AO6WU","Won",2017-01-29,2017-03-12,"2017-03","Elease Gluck","Celia Rouche","West","MG Advanced","MG",3393,"Finjob","employment","United States",2059.9,3644,TRUE,1,3602,42,-0.0615974064249927,1,1
"VS2G74XQ","Won",2017-01-29,2017-03-09,"2017-03","Garret Kinder","Cara Losch","East","MG Special","MG",55,"Yearin","retail","United States",2261.05,3851,TRUE,1,57,39,-0.0363636363636364,1,1
"Q37IWCG1","Won",2017-01-29,2017-05-11,"2017-05","Gladys Colclough","Melvin Marxen","Central","MG Special","MG",55,"Funholding","finance","United States",2819.5,7227,TRUE,1,51,102,0.0727272727272728,1,1
"CUR03RXO","Won",2017-01-29,2017-06-14,"2017-06","Hayden Neloms","Celia Rouche","West","MG Advanced","MG",3393,"Sonron","telecommunications","United States",1699.85,5108,TRUE,1,3689,136,-0.0872384320660182,1,1
"81APSLDP","Won",2017-01-29,2017-05-03,"2017-05","James Ascencio","Summer Sewald","West","GTX Plus Basic","GTX",1096,"Xx-holding","finance","United States",7537.24,20293,TRUE,1,1170,94,-0.0675182481751824,1,1
"RBXWRHBJ","Lost",2017-01-29,2017-03-06,"2017-03","Jonathan Berthelot","Melvin Marxen","Central","GTX Basic","GTX",550,"Rundofase","technology","United States",1008.06,1238,TRUE,0,0,36,,1,1
"G2GU9DYX","Won",2017-01-29,2017-05-06,"2017-05","Jonathan Berthelot","Melvin Marxen","Central","GTX Pro","GTX",4821,"Rangreen","technology","Panama",2938.67,8775,TRUE,1,4736,97,0.0176311968471271,1,1
"KBR253C0","Engaging",2017-01-29,,,"Kami Bicknell","Summer Sewald","West","MG Advanced","MG",3393,"Unknown","Unknown","Unknown",,,FALSE,0,,,,0,0
"379DUF2N","Engaging",2017-01-29,,,"Markita Hansen","Celia Rouche","West","GTX Basic","GTX",550,"Unknown","Unknown","Unknown",,,FALSE,0,,,,0,0
"67IKZGGJ","Engaging",2017-01-29,,,"Maureen Marcano","Summer Sewald","West","GTX Plus Basic","GTX",1096,"Unknown","Unknown","Unknown",,,FALSE,0,,,,0,0
"05DTWSVC","Lost",2017-01-29,2017-05-05,"2017-05","Niesha Huffines","Melvin Marxen","Central","MG Special","MG",55,"Genco Pura Olive Oil Company","retail","Italy",894.33,1635,TRUE,0,0,96,,1,1
"2YQHHWJ3","Lost",2017-01-29,2017-05-22,"2017-05","Versie Hillebrand","Dustin Brinkmann","Central","MG Special","MG",55,"Zumgoity","medical","United States",441.08,1210,TRUE,0,0,113,,1,1
"ZW58VIDI","Won",2017-01-29,2017-05-25,"2017-05","Vicki Laflamme","Celia Rouche","West","MG Special","MG",55,"Hatfan","services","United States",792.46,1299,TRUE,1,64,116,-0.163636363636364,1,1
"Q7IIF1IP","Won",2017-01-29,2017-06-05,"2017-06","Vicki Laflamme","Celia Rouche","West","MG Special","MG",55,"J-Texon","retail","United States",1388.67,3583,TRUE,1,55,127,0,1,1
"AALARPLH","Won",2017-01-29,2017-03-13,"2017-03","Vicki Laflamme","Celia Rouche","West","MG Advanced","MG",3393,"Goodsilron","marketing","United States",2952.73,5107,TRUE,1,2970,43,0.124668435013263,1,1
"8YIANRVX","Engaging",2017-01-29,,,"Zane Levy","Summer Sewald","West","GTX Pro","GTX",4821,"Unknown","Unknown","Unknown",,,FALSE,0,,,,0,0
"5FFY13G5","Lost",2017-01-30,2017-05-19,"2017-05","Cecily Lampkin","Dustin Brinkmann","Central","MG Special","MG",55,"Scottech","marketing","United States",45.39,100,TRUE,0,0,109,,1,1
"01X8H9SO","Won",2017-01-30,2017-05-13,"2017-05","Corliss Cosme","Cara Losch","East","GTX Pro","GTX",4821,"Bubba Gump","software","United States",987.39,2253,TRUE,1,5035,103,-0.0443891308857083,1,1
"VLADQZ43","Lost",2017-01-30,2017-05-31,"2017-05","Darcel Schlecht","Melvin Marxen","Central","GTX Pro","GTX",4821,"Domzoom","entertainment","United States",217.87,551,TRUE,0,0,121,,1,1
"N9VYMV3W","Won",2017-01-30,2017-03-10,"2017-03","Darcel Schlecht","Melvin Marxen","Central","GTX Pro","GTX",4821,"Funholding","finance","United States",2819.5,7227,TRUE,1,4774,39,0.00974901472723499,1,1
"A7SA2L21","Engaging",2017-01-30,,,"Elease Gluck","Celia Rouche","West","GTK 500","GTK",26768,"Unknown","Unknown","Unknown",,,FALSE,0,,,,0,0
"2FTB6A7I","Won",2017-01-30,2017-05-16,"2017-05","James Ascencio","Summer Sewald","West","GTX Plus Pro","GTX",5482,"Kan-code","software","United States",11698.03,34288,TRUE,1,5390,106,0.0167821962787303,1,1
"7V9A9TXZ","Won",2017-01-30,2017-06-06,"2017-06","Marty Freudenburg","Melvin Marxen","Central","GTX Plus Basic","GTX",1096,"Codehow","software","United States",2714.9,2641,TRUE,1,1190,127,-0.0857664233576643,1,1
"HWDRCUYU","Won",2017-01-30,2017-05-14,"2017-05","Moses Frase","Dustin Brinkmann","Central","GTX Plus Pro","GTX",5482,"Betatech","medical","Kenya",647.18,1185,TRUE,1,5755,104,-0.049799343305363,1,1
"GFV4W89I","Won",2017-01-30,2017-06-13,"2017-06","Rosalina Dieter","Celia Rouche","West","GTX Pro","GTX",4821,"Scotfind","software","United States",6354.87,16780,TRUE,1,4933,134,-0.0232316946691558,1,1
"7A4AC5BC","Won",2017-01-30,2017-06-04,"2017-06","Versie Hillebrand","Dustin Brinkmann","Central","MG Advanced","MG",3393,"Ron-tech","medical","United States",3922.42,6837,TRUE,1,3642,125,-0.0733863837312114,1,1
"3B6HWK65","Lost",2017-01-30,2017-05-07,"2017-05","Vicki Laflamme","Celia Rouche","West","MG Special","MG",55,"Blackzim","retail","United States",497.11,1588,TRUE,0,0,97,,1,1
"A3BK99P6","Won",2017-01-31,2017-03-17,"2017-03","Cassey Cress","Rocco Neubert","East","MG Advanced","MG",3393,"Kan-code","software","United States",11698.03,34288,TRUE,1,2923,45,0.13852048334807,1,1
"9W7PFSNX","Engaging",2017-01-31,,,"Corliss Cosme","Cara Losch","East","GTX Basic","GTX",550,"Unknown","Unknown","Unknown",,,FALSE,0,,,,0,0
"XYLNH45V","Engaging",2017-01-31,,,"Daniell Hammack","Rocco Neubert","East","GTX Plus Basic","GTX",1096,"Zathunicon","retail","United States",71.12,144,FALSE,0,,,,1,1
"GVBWTDI3","Engaging",2017-01-31,,,"Daniell Hammack","Rocco Neubert","East","GTX Plus Basic","GTX",1096,"Unknown","Unknown","Unknown",,,FALSE,0,,,,0,0
"NY21X16G","Won",2017-01-31,2017-03-10,"2017-03","Darcel Schlecht","Melvin Marxen","Central","GTX Pro","GTX",4821,"Zumgoity","medical","United States",441.08,1210,TRUE,1,5035,38,-0.0443891308857083,1,1
"O5BC64NW","Lost",2017-01-31,2017-05-26,"2017-05","Maureen Marcano","Summer Sewald","West","GTX Pro","GTX",4821,"Zoomit","entertainment","United States",324.19,978,TRUE,0,0,115,,1,1
"4DW2FDX4","Won",2017-01-31,2017-05-20,"2017-05","Versie Hillebrand","Dustin Brinkmann","Central","MG Special","MG",55,"dambase","marketing","United States",2173.98,2928,TRUE,1,54,109,0.0181818181818182,1,1
"A66X4Q2J","Won",2017-01-31,2017-05-01,"2017-05","Versie Hillebrand","Dustin Brinkmann","Central","MG Special","MG",55,"Konmatfix","marketing","United States",375.43,1190,TRUE,1,54,90,0.0181818181818182,1,1
"VFEV5XBS","Engaging",2017-01-31,,,"Violet Mclelland","Cara Losch","East","GTX Plus Basic","GTX",1096,"Unknown","Unknown","Unknown",,,FALSE,0,,,,0,0
"IT9YW5RP","Won",2017-01-31,2017-05-26,"2017-05","Wilburn Farren","Cara Losch","East","GTX Basic","GTX",550,"Initech","telecommunications","United States",6395.05,20275,TRUE,1,592,115,-0.0763636363636364,1,1
"7IZ2GMYK","Won",2017-02-01,2017-05-16,"2017-05","Darcel Schlecht","Melvin Marxen","Central","GTX Basic","GTX",550,"Toughzap","retail","United States",332.43,799,TRUE,1,640,104,-0.163636363636364,1,1
"TTY0X4TG","Won",2017-02-01,2017-05-05,"2017-05","Darcel Schlecht","Melvin Marxen","Central","GTX Pro","GTX",4821,"Dontechi","software","United States",4618,10083,TRUE,1,5127,93,-0.0634723086496578,1,1
"L8D22SSW","Won",2017-02-01,2017-06-17,"2017-06","Darcel Schlecht","Melvin Marxen","Central","MG Advanced","MG",3393,"Betatech","medical","Kenya",647.18,1185,TRUE,1,3822,136,-0.126436781609195,1,1
"ZDDZ64A2","Lost",2017-02-01,2017-06-17,"2017-06","Gladys Colclough","Melvin Marxen","Central","MG Advanced","MG",3393,"Dontechi","software","United States",4618,10083,TRUE,0,0,136,,1,1
"RDJFZGM9","Lost",2017-02-01,2017-06-13,"2017-06","Kami Bicknell","Summer Sewald","West","MG Special","MG",55,"Blackzim","retail","United States",497.11,1588,TRUE,0,0,132,,1,1
"4563ENEB","Won",2017-02-01,2017-05-02,"2017-05","Lajuana Vencill","Dustin Brinkmann","Central","GTX Basic","GTX",550,"Gogozoom","telecommunications","United States",86.68,187,TRUE,1,574,90,-0.0436363636363637,1,1
"4WP0VJAS","Won",2017-02-01,2017-06-18,"2017-06","Lajuana Vencill","Dustin Brinkmann","Central","MG Advanced","MG",3393,"Codehow","software","United States",2714.9,2641,TRUE,1,2525,137,0.255820807544946,1,1
"60UOBOEM","Won",2017-02-01,2017-06-07,"2017-06","Rosalina Dieter","Celia Rouche","West","GTK 500","GTK",26768,"Groovestreet","retail","United States",223.8,299,TRUE,1,30288,126,-0.131500298864316,1,1
"AJZB6F22","Lost",2017-02-01,2017-05-18,"2017-05","Vicki Laflamme","Celia Rouche","West","GTX Plus Pro","GTX",5482,"Goodsilron","marketing","United States",2952.73,5107,TRUE,0,0,106,,1,1
"W4K39GNG","Lost",2017-02-01,2017-03-29,"2017-03","Zane Levy","Summer Sewald","West","GTX Basic","GTX",550,"Scotfind","software","United States",6354.87,16780,TRUE,0,0,56,,1,1
"VN8LKQN3","Engaging",2017-02-02,,,"Boris Faz","Rocco Neubert","East","GTX Plus Basic","GTX",1096,"Unknown","Unknown","Unknown",,,FALSE,0,,,,0,0
"IXOHJYRM","Lost",2017-02-02,2017-05-09,"2017-05","Elease Gluck","Celia Rouche","West","GTK 500","GTK",26768,"Cheers","entertainment","United States",4269.9,6472,TRUE,0,0,96,,1,1
"RMNHSNW9","Lost",2017-02-02,2017-05-01,"2017-05","Elease Gluck","Celia Rouche","West","MG Special","MG",55,"Kan-code","software","United States",11698.03,34288,TRUE,0,0,88,,1,1
"QPFNQYMV","Won",2017-02-02,2017-05-14,"2017-05","Gladys Colclough","Melvin Marxen","Central","MG Advanced","MG",3393,"Inity","marketing","United States",2403.58,8801,TRUE,1,3581,101,-0.0554081933392279,1,1
"D77SFTS4","Lost",2017-02-02,2017-03-12,"2017-03","Jonathan Berthelot","Melvin Marxen","Central","GTX Plus Basic","GTX",1096,"Warephase","services","United States",2041.73,5276,TRUE,0,0,38,,1,1
"ZHY9C8OO","Engaging",2017-02-02,,,"Kami Bicknell","Summer Sewald","West","GTX Plus Basic","GTX",1096,"Unknown","Unknown","Unknown",,,FALSE,0,,,,0,0
"WRBWZRFD","Lost",2017-02-02,2017-05-05,"2017-05","Niesha Huffines","Melvin Marxen","Central","GTX Pro","GTX",4821,"Conecom","technology","United States",1520.66,1806,TRUE,0,0,92,,1,1
"031BBF1I","Won",2017-02-02,2017-03-30,"2017-03","Versie Hillebrand","Dustin Brinkmann","Central","MG Special","MG",55,"Finhigh","finance","United States",1102.43,1759,TRUE,1,54,56,0.0181818181818182,1,1
"H2MC2E7K","Engaging",2017-02-02,,,"Vicki Laflamme","Celia Rouche","West","GTX Plus Basic","GTX",1096,"Condax","medical","United States",4.54,9,FALSE,0,,,,1,1
"O11S2R63","Won",2017-02-03,2017-06-03,"2017-06","Boris Faz","Rocco Neubert","East","GTX Plus Basic","GTX",1096,"Konex","technology","United States",7708.38,13756,TRUE,1,1121,120,-0.0228102189781021,1,1
"G13DD850","Won",2017-02-03,2017-06-04,"2017-06","Cassey Cress","Rocco Neubert","East","GTX Basic","GTX",550,"Silis","medical","United States",2818.38,6290,TRUE,1,477,121,0.132727272727273,1,1
"WZU2OHYU","Won",2017-02-03,2017-05-05,"2017-05","Corliss Cosme","Cara Losch","East","GTX Basic","GTX",550,"Condax","medical","United States",4.54,9,TRUE,1,515,91,0.0636363636363636,1,1
"HVODWXRO","Lost",2017-02-03,2017-05-01,"2017-05","Daniell Hammack","Rocco Neubert","East","MG Special","MG",55,"Ganjaflex","retail","Japan",5158.71,17479,TRUE,0,0,87,,1,1
"N3JIVUNY","Lost",2017-02-03,2017-05-11,"2017-05","Donn Cantrell","Rocco Neubert","East","MG Advanced","MG",3393,"Umbrella Corporation","finance","United States",2022.14,5113,TRUE,0,0,97,,1,1
"RGCH6CUF","Won",2017-02-03,2017-06-20,"2017-06","Hayden Neloms","Celia Rouche","West","GTX Plus Basic","GTX",1096,"Goodsilron","marketing","United States",2952.73,5107,TRUE,1,975,137,0.110401459854015,1,1
"JX7WZ9UP","Won",2017-02-03,2017-05-01,"2017-05","Hayden Neloms","Celia Rouche","West","MG Advanced","MG",3393,"Sunnamplex","marketing","Poland",894.37,1593,TRUE,1,3376,87,0.00501031535514296,1,1
"FDCEBWRI","Won",2017-02-03,2017-03-12,"2017-03","James Ascencio","Summer Sewald","West","GTX Basic","GTX",550,"Fasehatice","retail","United States",4968.91,7523,TRUE,1,458,37,0.167272727272727,1,1
"ZL6TJDPG","Lost",2017-02-03,2017-05-16,"2017-05","Jonathan Berthelot","Melvin Marxen","Central","GTX Basic","GTX",550,"Globex Corporation","technology","Norway",1223.72,2497,TRUE,0,0,102,,1,1
"DWBSHB8M","Lost",2017-02-03,2017-05-23,"2017-05","Kami Bicknell","Summer Sewald","West","GTX Basic","GTX",550,"Golddex","finance","United States",52.5,165,TRUE,0,0,109,,1,1
"0AJ6LTZ0","Won",2017-02-03,2017-03-14,"2017-03","Kami Bicknell","Summer Sewald","West","GTX Basic","GTX",550,"Golddex","finance","United States",52.5,165,TRUE,1,622,39,-0.130909090909091,1,1
"SVMB8M7E","Won",2017-02-03,2017-06-09,"2017-06","Kami Bicknell","Summer Sewald","West","GTX Basic","GTX",550,"Lexiqvolax","medical","United States",1618.89,3889,TRUE,1,441,126,0.198181818181818,1,1
"6AWEAWCM","Lost",2017-02-03,2017-05-15,"2017-05","Kary Hendrixson","Summer Sewald","West","GTX Pro","GTX",4821,"Konex","technology","United States",7708.38,13756,TRUE,0,0,101,,1,1
"4Q4NBPD6","Won",2017-02-03,2017-05-21,"2017-05","Marty Freudenburg","Melvin Marxen","Central","GTX Basic","GTX",550,"Ron-tech","medical","United States",3922.42,6837,TRUE,1,538,107,0.0218181818181818,1,1
"K8VSDOP8","Won",2017-02-03,2017-03-29,"2017-03","Maureen Marcano","Summer Sewald","West","GTX Plus Pro","GTX",5482,"Goodsilron","marketing","United States",2952.73,5107,TRUE,1,4667,54,0.148668369208318,1,1
"YNP9PI1X","Won",2017-02-03,2017-06-15,"2017-06","Niesha Huffines","Melvin Marxen","Central","GTX Plus Basic","GTX",1096,"Codehow","software","United States",2714.9,2641,TRUE,1,1018,132,0.0711678832116789,1,1
"3XVY4LEU","Won",2017-02-03,2017-05-09,"2017-05","Reed Clapper","Rocco Neubert","East","GTX Pro","GTX",4821,"Bluth Company","technology","United States",1242.32,3027,TRUE,1,4671,95,0.0311138767890479,1,1
"OCGXWE8H","Engaging",2017-02-03,,,"Vicki Laflamme","Celia Rouche","West","MG Special","MG",55,"Unknown","Unknown","Unknown",,,FALSE,0,,,,0,0
"8K1OGB0R","Won",2017-02-03,2017-05-16,"2017-05","Violet Mclelland","Cara Losch","East","GTX Pro","GTX",4821,"Bubba Gump","software","United States",987.39,2253,TRUE,1,4634,102,0.0387886330636797,1,1
"RTKUPEX7","Lost",2017-02-03,2017-06-10,"2017-06","Zane Levy","Summer Sewald","West","GTX Plus Basic","GTX",1096,"J-Texon","retail","United States",1388.67,3583,TRUE,0,0,127,,1,1
"QQDO45YR","Won",2017-02-04,2017-05-09,"2017-05","Cecily Lampkin","Dustin Brinkmann","Central","MG Advanced","MG",3393,"Warephase","services","United States",2041.73,5276,TRUE,1,3470,94,-0.022693781314471,1,1
"USVLKDF4","Engaging",2017-02-04,,,"Corliss Cosme","Cara Losch","East","GTX Basic","GTX",550,"Dontechi","software","United States",4618,10083,FALSE,0,,,,1,1
"HT25XIAV","Lost",2017-02-04,2017-05-18,"2017-05","Daniell Hammack","Rocco Neubert","East","GTX Plus Basic","GTX",1096,"Silis","medical","United States",2818.38,6290,TRUE,0,0,103,,1,1
"88KUDE6J","Won",2017-02-04,2017-05-30,"2017-05","Donn Cantrell","Rocco Neubert","East","GTX Plus Pro","GTX",5482,"Acme Corporation","technology","United States",1100.04,2822,TRUE,1,5366,115,0.0211601605253557,1,1
"AOOD3MWW","Lost",2017-02-04,2017-05-26,"2017-05","Gladys Colclough","Melvin Marxen","Central","GTX Plus Basic","GTX",1096,"Rundofase","technology","United States",1008.06,1238,TRUE,0,0,111,,1,1
"JCPQZ2SN","Engaging",2017-02-04,,,"Hayden Neloms","Celia Rouche","West","GTX Plus Basic","GTX",1096,"Cheers","entertainment","United States",4269.9,6472,FALSE,0,,,,1,1
"HZIU2NOT","Engaging",2017-02-04,,,"Kary Hendrixson","Summer Sewald","West","GTX Plus Pro","GTX",5482,"Unknown","Unknown","Unknown",,,FALSE,0,,,,0,0
"RZ2PUH86","Won",2017-02-04,2017-05-17,"2017-05","Kary Hendrixson","Summer Sewald","West","GTX Basic","GTX",550,"Groovestreet","retail","United States",223.8,299,TRUE,1,582,102,-0.0581818181818181,1,1
"GLVSDQQT","Won",2017-02-04,2017-05-02,"2017-05","Kary Hendrixson","Summer Sewald","West","GTX Basic","GTX",550,"Sunnamplex","marketing","Poland",894.37,1593,TRUE,1,583,87,-0.0600000000000001,1,1
"107BPCAS","Lost",2017-02-04,2017-05-16,"2017-05","Niesha Huffines","Melvin Marxen","Central","GTX Basic","GTX",550,"dambase","marketing","United States",2173.98,2928,TRUE,0,0,101,,1,1
"OCLEO3CD","Won",2017-02-04,2017-05-19,"2017-05","Vicki Laflamme","Celia Rouche","West","GTX Plus Pro","GTX",5482,"Fasehatice","retail","United States",4968.91,7523,TRUE,1,6079,104,-0.108901860634805,1,1
"FTVCNH87","Lost",2017-02-04,2017-05-07,"2017-05","Zane Levy","Summer Sewald","West","GTX Plus Basic","GTX",1096,"Fasehatice","retail","United States",4968.91,7523,TRUE,0,0,92,,1,1
"GQCRMEIL","Won",2017-02-04,2017-06-02,"2017-06","Zane Levy","Summer Sewald","West","GTX Plus Basic","GTX",1096,"Konex","technology","United States",7708.38,13756,TRUE,1,1068,118,0.0255474452554745,1,1
"UK2JIE61","Won",2017-02-05,2017-05-04,"2017-05","Anna Snelling","Dustin Brinkmann","Central","MG Special","MG",55,"Cancity","retail","United States",718.62,2448,TRUE,1,55,88,0,1,1
"YM8DBAFV","Engaging",2017-02-05,,,"Cassey Cress","Rocco Neubert","East","GTX Basic","GTX",550,"Sumace","retail","Romania",167.89,493,FALSE,0,,,,1,1
"AEDL7EC6","Lost",2017-02-05,2017-05-02,"2017-05","Cassey Cress","Rocco Neubert","East","MG Advanced","MG",3393,"Yearin","retail","United States",2261.05,3851,TRUE,0,0,86,,1,1
"OV5X3O5I","Won",2017-02-05,2017-03-27,"2017-03","Cassey Cress","Rocco Neubert","East","GTX Basic","GTX",550,"Betasoloin","medical","United States",251.41,495,TRUE,1,493,50,0.103636363636364,1,1
"MMWX1A4H","Lost",2017-02-05,2017-06-20,"2017-06","Darcel Schlecht","Melvin Marxen","Central","GTX Plus Basic","GTX",1096,"Ron-tech","medical","United States",3922.42,6837,TRUE,0,0,135,,1,1
"LSVMMUJ0","Won",2017-02-05,2017-03-25,"2017-03","Darcel Schlecht","Melvin Marxen","Central","GTX Pro","GTX",4821,"Condax","medical","United States",4.54,9,TRUE,1,5559,48,-0.153080273802116,1,1
"RP7KA6HS","Engaging",2017-02-05,,,"Elease Gluck","Celia Rouche","West","MG Special","MG",55,"Mathtouch","marketing","Jordan",3027.46,9516,FALSE,0,,,,1,1
"97KFQSX1","Won",2017-02-05,2017-05-09,"2017-05","Elease Gluck","Celia Rouche","West","MG Advanced","MG",3393,"Scotfind","software","United States",6354.87,16780,TRUE,1,3351,93,0.0123784261715296,1,1
"08APB75Q","Won",2017-02-05,2017-05-13,"2017-05","Lajuana Vencill","Dustin Brinkmann","Central","GTX Basic","GTX",550,"Isdom","medical","United States",3178.24,4540,TRUE,1,501,97,0.0890909090909091,1,1
"P9PFSLS6","Engaging",2017-02-05,,,"Maureen Marcano","Summer Sewald","West","MG Special","MG",55,"Unknown","Unknown","Unknown",,,FALSE,0,,,,0,0
"6RL97BR9","Lost",2017-02-05,2017-05-08,"2017-05","Moses Frase","Dustin Brinkmann","Central","MG Special","MG",55,"Inity","marketing","United States",2403.58,8801,TRUE,0,0,92,,1,1
"TPVFA5B8","Won",2017-02-05,2017-05-07,"2017-05","Reed Clapper","Rocco Neubert","East","GTX Basic","GTX",550,"Mathtouch","marketing","Jordan",3027.46,9516,TRUE,1,532,91,0.0327272727272727,1,1
"FHLOUD3V","Lost",2017-02-05,2017-05-24,"2017-05","Vicki Laflamme","Celia Rouche","West","MG Special","MG",55,"Sonron","telecommunications","United States",1699.85,5108,TRUE,0,0,108,,1,1
"4E01ALB0","Won",2017-02-05,2017-05-04,"2017-05","Vicki Laflamme","Celia Rouche","West","MG Advanced","MG",3393,"Green-Plus","services","United States",692.19,1922,TRUE,1,3103,88,0.0854700854700855,1,1
"E4THD359","Engaging",2017-02-05,,,"Wilburn Farren","Cara Losch","East","GTX Basic","GTX",550,"Unknown","Unknown","Unknown",,,FALSE,0,,,,0,0
"K4HVGBVH","Won",2017-02-06,2017-05-22,"2017-05","Corliss Cosme","Cara Losch","East","GTX Plus Pro","GTX",5482,"Gekko & Co","retail","United States",2520.83,3502,TRUE,1,5505,105,-0.00419554906968256,1,1
"6VIK2VX8","Engaging",2017-02-06,,,"Hayden Neloms","Celia Rouche","West","MG Special","MG",55,"Isdom","medical","United States",3178.24,4540,FALSE,0,,,,1,1
"30R81VZX","Engaging",2017-02-06,,,"Kami Bicknell","Summer Sewald","West","GTX Pro","GTX",4821,"Zoomit","entertainment","United States",324.19,978,FALSE,0,,,,1,1
"XDLQ71X4","Lost",2017-02-06,2017-05-22,"2017-05","Kami Bicknell","Summer Sewald","West","GTX Plus Basic","GTX",1096,"Y-corporation","employment","United States",2871.35,9561,TRUE,0,0,105,,1,1
"TH9RV79M","Engaging",2017-02-06,,,"Maureen Marcano","Summer Sewald","West","MG Special","MG",55,"Unknown","Unknown","Unknown",,,FALSE,0,,,,0,0
"L33YUX9V","Won",2017-02-06,2017-05-15,"2017-05","Moses Frase","Dustin Brinkmann","Central","GTX Plus Basic","GTX",1096,"Rangreen","technology","Panama",2938.67,8775,TRUE,1,1068,98,0.0255474452554745,1,1
"QT7LRWTN","Won",2017-02-06,2017-05-04,"2017-05","Vicki Laflamme","Celia Rouche","West","MG Advanced","MG",3393,"Cheers","entertainment","United States",4269.9,6472,TRUE,1,3357,87,0.0106100795755968,1,1
"Q1JKHY7H","Lost",2017-02-06,2017-05-06,"2017-05","Violet Mclelland","Cara Losch","East","MG Special","MG",55,"Mathtouch","marketing","Jordan",3027.46,9516,TRUE,0,0,89,,1,1
"BY0O646G","Lost",2017-02-06,2017-05-27,"2017-05","Zane Levy","Summer Sewald","West","GTX Basic","GTX",550,"Sonron","telecommunications","United States",1699.85,5108,TRUE,0,0,110,,1,1
"5831YZMT","Won",2017-02-06,2017-06-23,"2017-06","Zane Levy","Summer Sewald","West","GTX Basic","GTX",550,"Finjob","employment","United States",2059.9,3644,TRUE,1,532,137,0.0327272727272727,1,1
"7VOW7BUJ","Engaging",2017-02-07,,,"Cassey Cress","Rocco Neubert","East","GTX Pro","GTX",4821,"Unknown","Unknown","Unknown",,,FALSE,0,,,,0,0
"2J5E145N","Engaging",2017-02-07,,,"Daniell Hammack","Rocco Neubert","East","GTX Pro","GTX",4821,"Unknown","Unknown","Unknown",,,FALSE,0,,,,0,0
"AZUBCO7L","Lost",2017-02-07,2017-05-06,"2017-05","Daniell Hammack","Rocco Neubert","East","MG Advanced","MG",3393,"Condax","medical","United States",4.54,9,TRUE,0,0,88,,1,1
"FOWAY95L","Won",2017-02-07,2017-05-05,"2017-05","Darcel Schlecht","Melvin Marxen","Central","GTX Plus Pro","GTX",5482,"Funholding","finance","United States",2819.5,7227,TRUE,1,5786,87,-0.0554542137905873,1,1
"YFB7Y92U","Engaging",2017-02-07,,,"Elease Gluck","Celia Rouche","West","GTK 500","GTK",26768,"Unknown","Unknown","Unknown",,,FALSE,0,,,,0,0
"KGZL60NI","Lost",2017-02-07,2017-05-11,"2017-05","Hayden Neloms","Celia Rouche","West","GTX Plus Basic","GTX",1096,"Sonron","telecommunications","United States",1699.85,5108,TRUE,0,0,93,,1,1
"SRZMNS79","Won",2017-02-07,2017-05-19,"2017-05","Jonathan Berthelot","Melvin Marxen","Central","GTX Plus Basic","GTX",1096,"Streethex","retail","Belgium",1376.8,1165,TRUE,1,1131,101,-0.0319343065693432,1,1
"S6645YWA","Engaging",2017-02-07,,,"Kami Bicknell","Summer Sewald","West","GTX Basic","GTX",550,"Y-corporation","employment","United States",2871.35,9561,FALSE,0,,,,1,1
"B5A1BERF","Engaging",2017-02-07,,,"Kami Bicknell","Summer Sewald","West","GTX Pro","GTX",4821,"Umbrella Corporation","finance","United States",2022.14,5113,FALSE,0,,,,1,1
"0XMB83YO","Won",2017-02-07,2017-05-15,"2017-05","Kami Bicknell","Summer Sewald","West","GTX Plus Pro","GTX",5482,"Scotfind","software","United States",6354.87,16780,TRUE,1,5401,97,0.0147756293323604,1,1
"4TEO0LE1","Won",2017-02-07,2017-03-28,"2017-03","Marty Freudenburg","Melvin Marxen","Central","GTX Plus Basic","GTX",1096,"Konmatfix","marketing","United States",375.43,1190,TRUE,1,1062,49,0.031021897810219,1,1
"IEAPJ5X1","Engaging",2017-02-07,,,"Maureen Marcano","Summer Sewald","West","GTX Plus Basic","GTX",1096,"Unknown","Unknown","Unknown",,,FALSE,0,,,,0,0
"5P82H5AA","Won",2017-02-07,2017-03-23,"2017-03","Reed Clapper","Rocco Neubert","East","MG Advanced","MG",3393,"Zotware","software","United States",4478.47,13809,TRUE,1,3695,44,-0.0890067786619511,1,1
"BN8UTT8O","Lost",2017-02-07,2017-06-04,"2017-06","Rosie Papadopoulos","Cara Losch","East","MG Special","MG",55,"Condax","medical","United States",4.54,9,TRUE,0,0,117,,1,1
"V751HK8R","Won",2017-02-07,2017-06-03,"2017-06","Versie Hillebrand","Dustin Brinkmann","Central","MG Special","MG",55,"Finhigh","finance","United States",1102.43,1759,TRUE,1,60,116,-0.0909090909090908,1,1
"H4TBCR80","Lost",2017-02-07,2017-05-28,"2017-05","Vicki Laflamme","Celia Rouche","West","GTX Pro","GTX",4821,"Groovestreet","retail","United States",223.8,299,TRUE,0,0,110,,1,1
"QWL218JV","Won",2017-02-07,2017-06-13,"2017-06","Vicki Laflamme","Celia Rouche","West","MG Advanced","MG",3393,"Singletechno","retail","United States",2214.94,5374,TRUE,1,2919,126,0.139699381078691,1,1
"L2S4T3VA","Engaging",2017-02-08,,,"Cassey Cress","Rocco Neubert","East","GTX Plus Pro","GTX",5482,"Unknown","Unknown","Unknown",,,FALSE,0,,,,0,0
"AF8NG5JC","Engaging",2017-02-08,,,"Cassey Cress","Rocco Neubert","East","MG Special","MG",55,"Betatech","medical","Kenya",647.18,1185,FALSE,0,,,,1,1
"IVJP36UT","Engaging",2017-02-08,,,"Cassey Cress","Rocco Neubert","East","MG Advanced","MG",3393,"Unknown","Unknown","Unknown",,,FALSE,0,,,,0,0
"12M4HB7G","Won",2017-02-08,2017-05-01,"2017-05","Cassey Cress","Rocco Neubert","East","GTX Basic","GTX",550,"Plussunin","retail","United States",1419.98,4018,TRUE,1,623,82,-0.132727272727273,1,1
"1XVTUE5J","Lost",2017-02-08,2017-03-31,"2017-03","Corliss Cosme","Cara Losch","East","MG Special","MG",55,"Umbrella Corporation","finance","United States",2022.14,5113,TRUE,0,0,51,,1,1
"3VKO28KR","Lost",2017-02-08,2017-05-04,"2017-05","Darcel Schlecht","Melvin Marxen","Central","MG Advanced","MG",3393,"Scottech","marketing","United States",45.39,100,TRUE,0,0,85,,1,1
"9A9E1KPG","Engaging",2017-02-08,,,"Elease Gluck","Celia Rouche","West","GTX Basic","GTX",550,"Genco Pura Olive Oil Company","retail","Italy",894.33,1635,FALSE,0,,,,1,1
"5IES0B4B","Won",2017-02-08,2017-05-04,"2017-05","James Ascencio","Summer Sewald","West","MG Special","MG",55,"Scotfind","software","United States",6354.87,16780,TRUE,1,49,85,0.109090909090909,1,1
"HUFYU0AT","Lost",2017-02-08,2017-05-24,"2017-05","Jonathan Berthelot","Melvin Marxen","Central","GTX Basic","GTX",550,"Stanredtax","finance","United States",1698.2,3798,TRUE,0,0,105,,1,1
"GMI6XZ4O","Won",2017-02-08,2017-05-04,"2017-05","Jonathan Berthelot","Melvin Marxen","Central","GTX Basic","GTX",550,"Codehow","software","United States",2714.9,2641,TRUE,1,612,85,-0.112727272727273,1,1
"TF19VML9","Engaging",2017-02-08,,,"Kami Bicknell","Summer Sewald","West","GTX Plus Basic","GTX",1096,"Unknown","Unknown","Unknown",,,FALSE,0,,,,0,0
"YOQCQ4UO","Won",2017-02-08,2017-03-18,"2017-03","Kami Bicknell","Summer Sewald","West","GTX Basic","GTX",550,"Hottechi","technology","Korea",8170.38,16499,TRUE,1,534,38,0.0290909090909091,1,1
"KOZTDBJ5","Won",2017-02-08,2017-06-07,"2017-06","Kami Bicknell","Summer Sewald","West","GTX Plus Basic","GTX",1096,"Condax","medical","United States",4.54,9,TRUE,1,1103,119,-0.00638686131386867,1,1
"ZHXIDZNI","Engaging",2017-02-08,,,"Kary Hendrixson","Summer Sewald","West","GTX Pro","GTX",4821,"Unknown","Unknown","Unknown",,,FALSE,0,,,,0,0
"8NMPO9K3","Won",2017-02-08,2017-05-10,"2017-05","Lajuana Vencill","Dustin Brinkmann","Central","GTX Basic","GTX",550,"Conecom","technology","United States",1520.66,1806,TRUE,1,582,91,-0.0581818181818181,1,1
"PU7GV4MK","Lost",2017-02-08,2017-05-13,"2017-05","Marty Freudenburg","Melvin Marxen","Central","MG Advanced","MG",3393,"Condax","medical","United States",4.54,9,TRUE,0,0,94,,1,1
"RCQDGE4W","Won",2017-02-08,2017-05-04,"2017-05","Marty Freudenburg","Melvin Marxen","Central","GTX Plus Pro","GTX",5482,"Cancity","retail","United States",718.62,2448,TRUE,1,6292,85,-0.147756293323605,1,1
"ZT832XIR","Lost",2017-02-08,2017-06-25,"2017-06","Niesha Huffines","Melvin Marxen","Central","MG Special","MG",55,"Funholding","finance","United States",2819.5,7227,TRUE,0,0,137,,1,1
"I995O4XJ","Won",2017-02-08,2017-05-24,"2017-05","Rosalina Dieter","Celia Rouche","West","MG Special","MG",55,"Groovestreet","retail","United States",223.8,299,TRUE,1,63,105,-0.145454545454546,1,1
"EOXZGSX9","Won",2017-02-08,2017-05-13,"2017-05","Versie Hillebrand","Dustin Brinkmann","Central","MG Advanced","MG",3393,"Globex Corporation","technology","Norway",1223.72,2497,TRUE,1,3522,94,-0.0380194518125552,1,1
"PW5OGY78","Lost",2017-02-08,2017-05-29,"2017-05","Vicki Laflamme","Celia Rouche","West","MG Special","MG",55,"Konex","technology","United States",7708.38,13756,TRUE,0,0,110,,1,1
"NJCSG7MX","Won",2017-02-08,2017-05-04,"2017-05","Vicki Laflamme","Celia Rouche","West","GTX Basic","GTX",550,"Plexzap","retail","United States",2437.85,4874,TRUE,1,532,85,0.0327272727272727,1,1
"ZYRF768H","Lost",2017-02-08,2017-05-04,"2017-05","Violet Mclelland","Cara Losch","East","MG Special","MG",55,"Iselectrics","technology","United States",527.11,1428,TRUE,0,0,85,,1,1
"5Q8BQ64R","Won",2017-02-08,2017-05-22,"2017-05","Wilburn Farren","Cara Losch","East","MG Advanced","MG",3393,"Kinnamplus","retail","United States",702.72,1831,TRUE,1,3645,103,-0.0742705570291777,1,1
"ZNNBFAKF","Lost",2017-02-08,2017-05-10,"2017-05","Zane Levy","Summer Sewald","West","GTX Pro","GTX",4821,"Y-corporation","employment","United States",2871.35,9561,TRUE,0,0,91,,1,1
"L47EPGVT","Won",2017-02-09,2017-03-01,"2017-03","Anna Snelling","Dustin Brinkmann","Central","GTX Plus Pro","GTX",5482,"Gogozoom","telecommunications","United States",86.68,187,TRUE,1,4760,20,0.131703757752645,1,1
"9GENDMWA","Won",2017-02-09,2017-05-25,"2017-05","Corliss Cosme","Cara Losch","East","GTX Basic","GTX",550,"Betasoloin","medical","United States",251.41,495,TRUE,1,603,105,-0.0963636363636364,1,1
"DHACLHPS","Lost",2017-02-09,2017-05-22,"2017-05","Daniell Hammack","Rocco Neubert","East","GTX Basic","GTX",550,"Bioplex","medical","United States",326.82,1016,TRUE,0,0,102,,1,1
"GKLE0CDI","Won",2017-02-09,2017-03-02,"2017-03","Daniell Hammack","Rocco Neubert","East","MG Advanced","MG",3393,"Yearin","retail","United States",2261.05,3851,TRUE,1,3249,21,0.0424403183023873,1,1
"E9DJS1D8","Lost",2017-02-09,2017-03-17,"2017-03","Darcel Schlecht","Melvin Marxen","Central","GTX Pro","GTX",4821,"Dontechi","software","United States",4618,10083,TRUE,0,0,36,,1,1
"22ZJM20V","Lost",2017-02-09,2017-05-18,"2017-05","Darcel Schlecht","Melvin Marxen","Central","GTX Pro","GTX",4821,"Statholdings","employment","United States",291.27,586,TRUE,0,0,98,,1,1
"C47Z92AG","Lost",2017-02-09,2017-05-09,"2017-05","Darcel Schlecht","Melvin Marxen","Central","GTX Pro","GTX",4821,"Zumgoity","medical","United States",441.08,1210,TRUE,0,0,89,,1,1
"XT9YNOV2","Won",2017-02-09,2017-06-11,"2017-06","Donn Cantrell","Rocco Neubert","East","GTX Plus Pro","GTX",5482,"Acme Corporation","technology","United States",1100.04,2822,TRUE,1,5724,122,-0.0441444728201386,1,1
"TMZQX7F8","Lost",2017-02-09,2017-05-02,"2017-05","Hayden Neloms","Celia Rouche","West","GTX Plus Basic","GTX",1096,"Groovestreet","retail","United States",223.8,299,TRUE,0,0,82,,1,1
"5JHSTFEZ","Lost",2017-02-09,2017-05-11,"2017-05","Hayden Neloms","Celia Rouche","West","GTX Plus Basic","GTX",1096,"Plexzap","retail","United States",2437.85,4874,TRUE,0,0,91,,1,1
"BAOSO1I2","Won",2017-02-09,2017-05-02,"2017-05","Kary Hendrixson","Summer Sewald","West","GTX Basic","GTX",550,"Faxquote","telecommunications","United States",1825.82,5595,TRUE,1,516,82,0.0618181818181818,1,1
"IZDF2RTL","Won",2017-02-09,2017-05-27,"2017-05","Marty Freudenburg","Melvin Marxen","Central","GTX Plus Basic","GTX",1096,"Rangreen","technology","Panama",2938.67,8775,TRUE,1,1050,107,0.041970802919708,1,1
"F61DLVRS","Won",2017-02-09,2017-05-23,"2017-05","Maureen Marcano","Summer Sewald","West","GTX Plus Pro","GTX",5482,"Plexzap","retail","United States",2437.85,4874,TRUE,1,4519,103,0.175665815395841,1,1
"80F0J70G","Lost",2017-02-09,2017-05-25,"2017-05","Niesha Huffines","Melvin Marxen","Central","GTX Basic","GTX",550,"Funholding","finance","United States",2819.5,7227,TRUE,0,0,105,,1,1
"S9W53L4L","Won",2017-02-09,2017-06-05,"2017-06","Niesha Huffines","Melvin Marxen","Central","GTX Basic","GTX",550,"Dontechi","software","United States",4618,10083,TRUE,1,672,116,-0.221818181818182,1,1
"12OQKSVK","Won",2017-02-09,2017-03-20,"2017-03","Reed Clapper","Rocco Neubert","East","GTX Plus Basic","GTX",1096,"Mathtouch","marketing","Jordan",3027.46,9516,TRUE,1,896,39,0.182481751824818,1,1
"VC94R5H8","Won",2017-02-09,2017-03-23,"2017-03","Vicki Laflamme","Celia Rouche","West","GTX Basic","GTX",550,"Konex","technology","United States",7708.38,13756,TRUE,1,587,42,-0.0672727272727274,1,1
"XTKIX6I4","Won",2017-02-09,2017-06-13,"2017-06","Vicki Laflamme","Celia Rouche","West","MG Advanced","MG",3393,"Sonron","telecommunications","United States",1699.85,5108,TRUE,1,3426,124,-0.00972590627763048,1,1
"5P3NH791","Engaging",2017-02-10,,,"Boris Faz","Rocco Neubert","East","MG Advanced","MG",3393,"Golddex","finance","United States",52.5,165,FALSE,0,,,,1,1
"MSE1UXKU","Won",2017-02-10,2017-03-20,"2017-03","Cassey Cress","Rocco Neubert","East","GTX Pro","GTX",4821,"Ontomedia","employment","United States",882.12,2769,TRUE,1,5021,38,-0.0414851690520639,1,1
"HM334UL2","Won",2017-02-10,2017-03-30,"2017-03","Darcel Schlecht","Melvin Marxen","Central","GTX Plus Basic","GTX",1096,"Rangreen","technology","Panama",2938.67,8775,TRUE,1,1126,48,-0.0273722627737227,1,1
"L4124UJG","Won",2017-02-10,2017-05-15,"2017-05","Donn Cantrell","Rocco Neubert","East","GTX Pro","GTX",4821,"Umbrella Corporation","finance","United States",2022.14,5113,TRUE,1,5473,94,-0.135241651109728,1,1
"DR2QE1RW","Lost",2017-02-10,2017-05-30,"2017-05","Elease Gluck","Celia Rouche","West","MG Special","MG",55,"Sunnamplex","marketing","Poland",894.37,1593,TRUE,0,0,109,,1,1
"FD8YL177","Won",2017-02-10,2017-05-09,"2017-05","Elease Gluck","Celia Rouche","West","MG Special","MG",55,"Rantouch","telecommunications","United States",1188.42,3015,TRUE,1,51,88,0.0727272727272728,1,1
"X3ZSQCH8","Engaging",2017-02-10,,,"Kami Bicknell","Summer Sewald","West","GTX Basic","GTX",550,"Scotfind","software","United States",6354.87,16780,FALSE,0,,,,1,1
"UU21EYFN","Won",2017-02-10,2017-03-06,"2017-03","Kami Bicknell","Summer Sewald","West","GTX Basic","GTX",550,"Sonron","telecommunications","United States",1699.85,5108,TRUE,1,563,24,-0.0236363636363637,1,1
"OBDRD0AD","Lost",2017-02-10,2017-05-26,"2017-05","Lajuana Vencill","Dustin Brinkmann","Central","GTX Basic","GTX",550,"Isdom","medical","United States",3178.24,4540,TRUE,0,0,105,,1,1
"NSGEM06J","Lost",2017-02-10,2017-05-14,"2017-05","Reed Clapper","Rocco Neubert","East","GTX Basic","GTX",550,"Opentech","finance","United States",355.23,853,TRUE,0,0,93,,1,1
"QSQ42Q6M","Won",2017-02-10,2017-06-15,"2017-06","Reed Clapper","Rocco Neubert","East","MG Advanced","MG",3393,"Kan-code","software","United States",11698.03,34288,TRUE,1,2928,125,0.137046861184792,1,1
"PCBA3KAV","Won",2017-02-10,2017-06-05,"2017-06","Reed Clapper","Rocco Neubert","East","MG Advanced","MG",3393,"Zathunicon","retail","United States",71.12,144,TRUE,1,3618,115,-0.0663129973474801,1,1
"ZBBMGEV4","Won",2017-02-11,2017-05-16,"2017-05","Darcel Schlecht","Melvin Marxen","Central","GTX Plus Basic","GTX",1096,"Inity","marketing","United States",2403.58,8801,TRUE,1,1189,94,-0.0848540145985401,1,1
"TYSORYA9","Lost",2017-02-11,2017-05-07,"2017-05","Donn Cantrell","Rocco Neubert","East","GTX Basic","GTX",550,"Donquadtech","technology","United States",1712.68,3194,TRUE,0,0,85,,1,1
"ULVXOPG3","Won",2017-02-11,2017-05-22,"2017-05","Elease Gluck","Celia Rouche","West","MG Special","MG",55,"Hatfan","services","United States",792.46,1299,TRUE,1,60,100,-0.0909090909090908,1,1
"5BXUKFPR","Engaging",2017-02-11,,,"James Ascencio","Summer Sewald","West","GTX Plus Pro","GTX",5482,"Unknown","Unknown","Unknown",,,FALSE,0,,,,0,0
"G0R305KO","Lost",2017-02-11,2017-05-11,"2017-05","Jonathan Berthelot","Melvin Marxen","Central","GTX Plus Basic","GTX",1096,"Statholdings","employment","United States",291.27,586,TRUE,0,0,89,,1,1
"ZDZGCWX7","Won",2017-02-11,2017-06-22,"2017-06","Kami Bicknell","Summer Sewald","West","GTX Basic","GTX",550,"Cheers","entertainment","United States",4269.9,6472,TRUE,1,545,131,0.00909090909090904,1,1
"PQJZ5Z3R","Won",2017-02-11,2017-05-12,"2017-05","Kami Bicknell","Summer Sewald","West","MG Advanced","MG",3393,"Labdrill","medical","United States",2741.37,9226,TRUE,1,3035,90,0.105511346890657,1,1
"8AJG1YLJ","Engaging",2017-02-11,,,"Kary Hendrixson","Summer Sewald","West","GTX Basic","GTX",550,"Unknown","Unknown","Unknown",,,FALSE,0,,,,0,0
"7KXTF2Q6","Won",2017-02-11,2017-06-23,"2017-06","Kary Hendrixson","Summer Sewald","West","GTX Basic","GTX",550,"Konex","technology","United States",7708.38,13756,TRUE,1,584,132,-0.0618181818181818,1,1
"WZVE1NTM","Lost",2017-02-11,2017-05-15,"2017-05","Markita Hansen","Celia Rouche","West","MG Special","MG",55,"Scotfind","software","United States",6354.87,16780,TRUE,0,0,93,,1,1
"M6UEZLOQ","Won",2017-02-11,2017-06-23,"2017-06","Maureen Marcano","Summer Sewald","West","GTX Plus Basic","GTX",1096,"Cheers","entertainment","United States",4269.9,6472,TRUE,1,1069,132,0.0246350364963503,1,1
"D6T5MM04","Won",2017-02-11,2017-06-22,"2017-06","Maureen Marcano","Summer Sewald","West","GTX Plus Basic","GTX",1096,"Xx-holding","finance","United States",7537.24,20293,TRUE,1,1035,131,0.0556569343065694,1,1
"5RNWV17L","Engaging",2017-02-11,,,"Rosalina Dieter","Celia Rouche","West","MG Advanced","MG",3393,"Golddex","finance","United States",52.5,165,FALSE,0,,,,1,1
"9GCJGVY7","Lost",2017-02-11,2017-03-02,"2017-03","Rosie Papadopoulos","Cara Losch","East","GTX Pro","GTX",4821,"Ganjaflex","retail","Japan",5158.71,17479,TRUE,0,0,19,,1,1
"5QBQMEY5","Won",2017-02-11,2017-03-24,"2017-03","Vicki Laflamme","Celia Rouche","West","GTX Pro","GTX",4821,"Scotfind","software","United States",6354.87,16780,TRUE,1,4510,41,0.0645094378759593,1,1
"9JKVM4BK","Lost",2017-02-11,2017-06-05,"2017-06","Violet Mclelland","Cara Losch","East","GTX Plus Basic","GTX",1096,"Vehement Capital Partners","finance","United States",646.1,883,TRUE,0,0,114,,1,1
"14PBBHSE","Won",2017-02-11,2017-05-08,"2017-05","Violet Mclelland","Cara Losch","East","MG Special","MG",55,"Zotware","software","United States",4478.47,13809,TRUE,1,49,86,0.109090909090909,1,1
"P1KS5YFX","Won",2017-02-12,2017-06-07,"2017-06","Anna Snelling","Dustin Brinkmann","Central","MG Special","MG",55,"Rundofase","technology","United States",1008.06,1238,TRUE,1,59,115,-0.0727272727272728,1,1
"7R4VL3Q8","Won",2017-02-12,2017-03-04,"2017-03","Cassey Cress","Rocco Neubert","East","GTX Pro","GTX",4821,"Kan-code","software","United States",11698.03,34288,TRUE,1,4705,20,0.024061398050197,1,1
"3MNZF5ZK","Won",2017-02-12,2017-06-03,"2017-06","Cecily Lampkin","Dustin Brinkmann","Central","GTX Plus Pro","GTX",5482,"Zumgoity","medical","United States",441.08,1210,TRUE,1,5148,111,0.060926669098869,1,1
"52SANIGE","Won",2017-02-12,2017-05-08,"2017-05","Corliss Cosme","Cara Losch","East","GTX Pro","GTX",4821,"Ganjaflex","retail","Japan",5158.71,17479,TRUE,1,4833,85,-0.00248911014312392,1,1
"73SY9EU8","Won",2017-02-12,2017-05-31,"2017-05","Daniell Hammack","Rocco Neubert","East","GTX Pro","GTX",4821,"Mathtouch","marketing","Jordan",3027.46,9516,TRUE,1,4664,108,0.0325658577058702,1,1
"HVM656P3","Won",2017-02-12,2017-05-12,"2017-05","Donn Cantrell","Rocco Neubert","East","GTX Basic","GTX",550,"Plussunin","retail","United States",1419.98,4018,TRUE,1,475,89,0.136363636363636,1,1
"LXM6CTMS","Engaging",2017-02-12,,,"Hayden Neloms","Celia Rouche","West","GTX Plus Basic","GTX",1096,"Unknown","Unknown","Unknown",,,FALSE,0,,,,0,0
"U2SW8DT1","Won",2017-02-12,2017-06-13,"2017-06","Hayden Neloms","Celia Rouche","West","MG Advanced","MG",3393,"Labdrill","medical","United States",2741.37,9226,TRUE,1,3807,121,-0.122015915119363,1,1
"VXMFL425","Engaging",2017-02-12,,,"James Ascencio","Summer Sewald","West","GTX Basic","GTX",550,"Faxquote","telecommunications","United States",1825.82,5595,FALSE,0,,,,1,1
"XMH4CH4Q","Won",2017-02-12,2017-05-21,"2017-05","Jonathan Berthelot","Melvin Marxen","Central","GTX Basic","GTX",550,"Stanredtax","finance","United States",1698.2,3798,TRUE,1,518,98,0.0581818181818182,1,1
"UNLIS3RY","Won",2017-02-12,2017-05-09,"2017-05","Kami Bicknell","Summer Sewald","West","GTX Plus Basic","GTX",1096,"Dalttechnology","software","United States",98.79,96,TRUE,1,1050,86,0.041970802919708,1,1
"GVFQXZLL","Won",2017-02-12,2017-05-24,"2017-05","Maureen Marcano","Summer Sewald","West","GTX Pro","GTX",4821,"Y-corporation","employment","United States",2871.35,9561,TRUE,1,4596,101,0.0466708151835719,1,1
"E887HZT1","Engaging",2017-02-12,,,"Rosalina Dieter","Celia Rouche","West","MG Advanced","MG",3393,"Cheers","entertainment","United States",4269.9,6472,FALSE,0,,,,1,1
"CGJ7NRZH","Engaging",2017-02-12,,,"Violet Mclelland","Cara Losch","East","MG Special","MG",55,"Unknown","Unknown","Unknown",,,FALSE,0,,,,0,0
"NRYC7T45","Won",2017-02-12,2017-05-05,"2017-05","Zane Levy","Summer Sewald","West","GTX Basic","GTX",550,"Y-corporation","employment","United States",2871.35,9561,TRUE,1,618,82,-0.123636363636364,1,1
"ZVR3I3F0","Won",2017-02-12,2017-05-02,"2017-05","Zane Levy","Summer Sewald","West","MG Advanced","MG",3393,"Singletechno","retail","United States",2214.94,5374,TRUE,1,3460,79,-0.0197465369879164,1,1
"2TKQ8B78","Won",2017-02-13,2017-05-21,"2017-05","Daniell Hammack","Rocco Neubert","East","GTX Plus Pro","GTX",5482,"Ontomedia","employment","United States",882.12,2769,TRUE,1,5751,97,-0.049069682597592,1,1
"OZ5O64KJ","Won",2017-02-13,2017-05-28,"2017-05","Darcel Schlecht","Melvin Marxen","Central","GTX Plus Pro","GTX",5482,"Konmatfix","marketing","United States",375.43,1190,TRUE,1,5639,104,-0.0286391827800072,1,1
"WXCW16QT","Lost",2017-02-13,2017-06-02,"2017-06","Donn Cantrell","Rocco Neubert","East","GTX Plus Pro","GTX",5482,"Bioplex","medical","United States",326.82,1016,TRUE,0,0,109,,1,1
"UCXCUP1U","Won",2017-02-13,2017-05-18,"2017-05","Garret Kinder","Cara Losch","East","GTX Plus Pro","GTX",5482,"Zencorporation","technology","China",40.79,142,TRUE,1,4766,94,0.130609266690989,1,1
"SWJ9OOZU","Engaging",2017-02-13,,,"Hayden Neloms","Celia Rouche","West","MG Advanced","MG",3393,"Opentech","finance","United States",355.23,853,FALSE,0,,,,1,1
"9ERRIZKG","Lost",2017-02-13,2017-05-09,"2017-05","Kami Bicknell","Summer Sewald","West","GTX Plus Basic","GTX",1096,"Scotfind","software","United States",6354.87,16780,TRUE,0,0,85,,1,1
"CKLYIFLY","Won",2017-02-13,2017-05-11,"2017-05","Kary Hendrixson","Summer Sewald","West","GTX Basic","GTX",550,"Singletechno","retail","United States",2214.94,5374,TRUE,1,589,87,-0.0709090909090908,1,1
"6VDLCBYU","Lost",2017-02-13,2017-05-31,"2017-05","Marty Freudenburg","Melvin Marxen","Central","GTX Plus Pro","GTX",5482,"Finhigh","finance","United States",1102.43,1759,TRUE,0,0,107,,1,1
"XYBPUC2H","Lost",2017-02-13,2017-05-16,"2017-05","Moses Frase","Dustin Brinkmann","Central","GTX Basic","GTX",550,"Hottechi","technology","Korea",8170.38,16499,TRUE,0,0,92,,1,1
"B06D1F9M","Engaging",2017-02-13,,,"Vicki Laflamme","Celia Rouche","West","GTX Pro","GTX",4821,"Faxquote","telecommunications","United States",1825.82,5595,FALSE,0,,,,1,1
"OZ761BUJ","Engaging",2017-02-13,,,"Violet Mclelland","Cara Losch","East","GTX Basic","GTX",550,"Unknown","Unknown","Unknown",,,FALSE,0,,,,0,0
"I3MC9XZC","Won",2017-02-13,2017-05-18,"2017-05","Violet Mclelland","Cara Losch","East","GTX Basic","GTX",550,"Massive Dynamic","entertainment","United States",665.06,1095,TRUE,1,533,94,0.0309090909090909,1,1
"L5T2HKKO","Lost",2017-02-14,2017-05-05,"2017-05","Anna Snelling","Dustin Brinkmann","Central","GTX Basic","GTX",550,"Conecom","technology","United States",1520.66,1806,TRUE,0,0,80,,1,1
"6CEEGQ8I","Won",2017-02-14,2017-05-30,"2017-05","Anna Snelling","Dustin Brinkmann","Central","MG Special","MG",55,"Domzoom","entertainment","United States",217.87,551,TRUE,1,63,105,-0.145454545454546,1,1
"P2LY9NFN","Won",2017-02-14,2017-05-08,"2017-05","Cassey Cress","Rocco Neubert","East","GTX Pro","GTX",4821,"Bioplex","medical","United States",326.82,1016,TRUE,1,4942,83,-0.0250985272764987,1,1
"94GCWI08","Won",2017-02-14,2017-06-12,"2017-06","Darcel Schlecht","Melvin Marxen","Central","GTX Pro","GTX",4821,"dambase","marketing","United States",2173.98,2928,TRUE,1,4650,118,0.0354698195395147,1,1
"GUMQTC3J","Won",2017-02-14,2017-06-16,"2017-06","Darcel Schlecht","Melvin Marxen","Central","GTX Pro","GTX",4821,"Konmatfix","marketing","United States",375.43,1190,TRUE,1,4829,122,-0.00165940676208254,1,1
"U64RT0UF","Won",2017-02-14,2017-05-29,"2017-05","Donn Cantrell","Rocco Neubert","East","GTX Plus Basic","GTX",1096,"Betasoloin","medical","United States",251.41,495,TRUE,1,987,104,0.0994525547445255,1,1
"RWGSCFHR","Won",2017-02-14,2017-03-02,"2017-03","Donn Cantrell","Rocco Neubert","East","GTX Plus Pro","GTX",5482,"Gekko & Co","retail","United States",2520.83,3502,TRUE,1,4246,16,0.225465158701204,1,1
"GEBVQH17","Won",2017-02-14,2017-05-06,"2017-05","Donn Cantrell","Rocco Neubert","East","GTX Plus Pro","GTX",5482,"Iselectrics","technology","United States",527.11,1428,TRUE,1,5702,81,-0.0401313389273987,1,1
"3OVJXUSB","Won",2017-02-14,2017-06-14,"2017-06","Donn Cantrell","Rocco Neubert","East","MG Advanced","MG",3393,"Silis","medical","United States",2818.38,6290,TRUE,1,2981,120,0.121426466254053,1,1
"KQPY8LLI","Lost",2017-02-14,2017-05-13,"2017-05","Gladys Colclough","Melvin Marxen","Central","MG Advanced","MG",3393,"Hottechi","technology","Korea",8170.38,16499,TRUE,0,0,88,,1,1
"DC7COE9W","Won",2017-02-14,2017-05-01,"2017-05","Hayden Neloms","Celia Rouche","West","MG Advanced","MG",3393,"Konex","technology","United States",7708.38,13756,TRUE,1,2873,76,0.153256704980843,1,1
"3LED0EK3","Lost",2017-02-14,2017-05-11,"2017-05","Jonathan Berthelot","Melvin Marxen","Central","MG Advanced","MG",3393,"Treequote","telecommunications","United States",5266.09,8595,TRUE,0,0,86,,1,1
"SCS5H8V1","Engaging",2017-02-14,,,"Markita Hansen","Celia Rouche","West","GTK 500","GTK",26768,"Vehement Capital Partners","finance","United States",646.1,883,FALSE,0,,,,1,1
"81MXE1H7","Engaging",2017-02-14,,,"Markita Hansen","Celia Rouche","West","MG Advanced","MG",3393,"Bioholding","medical","Philipines",587.34,1356,FALSE,0,,,,1,1
"G4MKT3AE","Lost",2017-02-14,2017-05-07,"2017-05","Rosie Papadopoulos","Cara Losch","East","MG Special","MG",55,"The New York Inquirer","medical","United States",439.21,792,TRUE,0,0,82,,1,1
"GQ125FX0","Won",2017-02-14,2017-06-03,"2017-06","Versie Hillebrand","Dustin Brinkmann","Central","GTX Basic","GTX",550,"Gogozoom","telecommunications","United States",86.68,187,TRUE,1,528,109,0.04,1,1
"JO52QXJ0","Won",2017-02-14,2017-06-18,"2017-06","Versie Hillebrand","Dustin Brinkmann","Central","GTX Plus Basic","GTX",1096,"Scottech","marketing","United States",45.39,100,TRUE,1,1199,124,-0.093978102189781,1,1
"PQ2VF873","Lost",2017-02-14,2017-03-01,"2017-03","Zane Levy","Summer Sewald","West","GTX Pro","GTX",4821,"Zoomit","entertainment","United States",324.19,978,TRUE,0,0,15,,1,1
"N6H58J55","Lost",2017-02-15,2017-05-13,"2017-05","Anna Snelling","Dustin Brinkmann","Central","GTX Basic","GTX",550,"Streethex","retail","Belgium",1376.8,1165,TRUE,0,0,87,,1,1
"W24IDMVV","Engaging",2017-02-15,,,"Corliss Cosme","Cara Losch","East","GTX Plus Pro","GTX",5482,"Unknown","Unknown","Unknown",,,FALSE,0,,,,0,0
"WR6Q2X53","Lost",2017-02-15,2017-05-08,"2017-05","Darcel Schlecht","Melvin Marxen","Central","GTX Plus Pro","GTX",5482,"Streethex","retail","Belgium",1376.8,1165,TRUE,0,0,82,,1,1
"8O1WNJBA","Lost",2017-02-15,2017-03-23,"2017-03","Garret Kinder","Cara Losch","East","GTX Basic","GTX",550,"Bluth Company","technology","United States",1242.32,3027,TRUE,0,0,36,,1,1
"X1LAD57Y","Lost",2017-02-15,2017-03-04,"2017-03","Garret Kinder","Cara Losch","East","GTX Plus Pro","GTX",5482,"Ontomedia","employment","United States",882.12,2769,TRUE,0,0,17,,1,1
"E2NXQUWO","Won",2017-02-15,2017-03-06,"2017-03","Garret Kinder","Cara Losch","East","MG Advanced","MG",3393,"Ganjaflex","retail","Japan",5158.71,17479,TRUE,1,3507,19,-0.0335985853227232,1,1
"MEZLJGRB","Lost",2017-02-15,2017-05-20,"2017-05","James Ascencio","Summer Sewald","West","GTX Basic","GTX",550,"Fasehatice","retail","United States",4968.91,7523,TRUE,0,0,94,,1,1
"M1QKPX6R","Won",2017-02-15,2017-05-21,"2017-05","James Ascencio","Summer Sewald","West","GTX Pro","GTX",4821,"Green-Plus","services","United States",692.19,1922,TRUE,1,4542,95,0.0578718108276292,1,1
"X6LO8WPD","Won",2017-02-15,2017-05-28,"2017-05","Jonathan Berthelot","Melvin Marxen","Central","GTX Basic","GTX",550,"Globex Corporation","technology","Norway",1223.72,2497,TRUE,1,505,102,0.0818181818181818,1,1
"JQA8H6M5","Engaging",2017-02-15,,,"Kami Bicknell","Summer Sewald","West","GTX Plus Pro","GTX",5482,"Unknown","Unknown","Unknown",,,FALSE,0,,,,0,0
"92G1TO7L","Engaging",2017-02-15,,,"Kary Hendrixson","Summer Sewald","West","GTX Basic","GTX",550,"Unknown","Unknown","Unknown",,,FALSE,0,,,,0,0
"S8WV5MUC","Lost",2017-02-15,2017-05-07,"2017-05","Kary Hendrixson","Summer Sewald","West","GTX Plus Basic","GTX",1096,"Cheers","entertainment","United States",4269.9,6472,TRUE,0,0,81,,1,1
"FW2XJG9S","Engaging",2017-02-15,,,"Markita Hansen","Celia Rouche","West","GTX Plus Basic","GTX",1096,"Unknown","Unknown","Unknown",,,FALSE,0,,,,0,0
"R7JI95HZ","Lost",2017-02-15,2017-05-31,"2017-05","Markita Hansen","Celia Rouche","West","GTX Pro","GTX",4821,"Sonron","telecommunications","United States",1699.85,5108,TRUE,0,0,105,,1,1
"SVCKI631","Engaging",2017-02-15,,,"Maureen Marcano","Summer Sewald","West","GTX Basic","GTX",550,"Unknown","Unknown","Unknown",,,FALSE,0,,,,0,0
"VJ5QGP8Z","Engaging",2017-02-15,,,"Maureen Marcano","Summer Sewald","West","MG Advanced","MG",3393,"Unknown","Unknown","Unknown",,,FALSE,0,,,,0,0
"CVKLHZEO","Won",2017-02-15,2017-05-13,"2017-05","Moses Frase","Dustin Brinkmann","Central","GTX Basic","GTX",550,"Genco Pura Olive Oil Company","retail","Italy",894.33,1635,TRUE,1,455,87,0.172727272727273,1,1
"8KJZJFJ1","Won",2017-02-15,2017-03-03,"2017-03","Reed Clapper","Rocco Neubert","East","GTX Basic","GTX",550,"Initech","telecommunications","United States",6395.05,20275,TRUE,1,537,16,0.0236363636363637,1,1
"W560QFJL","Won",2017-02-15,2017-03-04,"2017-03","Reed Clapper","Rocco Neubert","East","GTX Plus Basic","GTX",1096,"Opentech","finance","United States",355.23,853,TRUE,1,1090,17,0.00547445255474455,1,1
"TA3PW6ZQ","Lost",2017-02-15,2017-05-24,"2017-05","Versie Hillebrand","Dustin Brinkmann","Central","MG Advanced","MG",3393,"Stanredtax","finance","United States",1698.2,3798,TRUE,0,0,98,,1,1
"2DVE0XCM","Won",2017-02-15,2017-03-17,"2017-03","Versie Hillebrand","Dustin Brinkmann","Central","MG Special","MG",55,"Genco Pura Olive Oil Company","retail","Italy",894.33,1635,TRUE,1,60,30,-0.0909090909090908,1,1
"L3UMWAX7","Lost",2017-02-15,2017-05-17,"2017-05","Vicki Laflamme","Celia Rouche","West","GTX Plus Basic","GTX",1096,"Faxquote","telecommunications","United States",1825.82,5595,TRUE,0,0,91,,1,1
"R2W96FGX","Engaging",2017-02-15,,,"Zane Levy","Summer Sewald","West","GTX Basic","GTX",550,"Unknown","Unknown","Unknown",,,FALSE,0,,,,0,0
"VOTOT8MK","Won",2017-02-16,2017-06-15,"2017-06","Cassey Cress","Rocco Neubert","East","GTX Plus Pro","GTX",5482,"Plussunin","retail","United States",1419.98,4018,TRUE,1,6509,119,-0.187340386720175,1,1
"Y3ULGUD8","Won",2017-02-16,2017-05-18,"2017-05","Cecily Lampkin","Dustin Brinkmann","Central","GTX Plus Basic","GTX",1096,"Ron-tech","medical","United States",3922.42,6837,TRUE,1,1079,91,0.0155109489051095,1,1
"7350YGG4","Won",2017-02-16,2017-05-29,"2017-05","Corliss Cosme","Cara Losch","East","GTX Plus Basic","GTX",1096,"Silis","medical","United States",2818.38,6290,TRUE,1,1111,102,-0.0136861313868613,1,1
"2J16RN99","Lost",2017-02-16,2017-05-21,"2017-05","Donn Cantrell","Rocco Neubert","East","GTX Pro","GTX",4821,"Mathtouch","marketing","Jordan",3027.46,9516,TRUE,0,0,94,,1,1
"BRQRF65L","Won",2017-02-16,2017-03-02,"2017-03","Donn Cantrell","Rocco Neubert","East","GTX Basic","GTX",550,"Donquadtech","technology","United States",1712.68,3194,TRUE,1,462,14,0.16,1,1
"LB6XW39X","Won",2017-02-16,2017-03-04,"2017-03","Donn Cantrell","Rocco Neubert","East","GTX Basic","GTX",550,"Xx-zobam","entertainment","United States",3838.39,8274,TRUE,1,555,16,-0.00909090909090904,1,1
"WS9CXY7E","Won",2017-02-16,2017-03-01,"2017-03","Gladys Colclough","Melvin Marxen","Central","GTX Plus Pro","GTX",5482,"Conecom","technology","United States",1520.66,1806,TRUE,1,6719,13,-0.225647573878147,1,1
"CK0MDHHM","Won",2017-02-16,2017-06-02,"2017-06","Hayden Neloms","Celia Rouche","West","MG Advanced","MG",3393,"Faxquote","telecommunications","United States",1825.82,5595,TRUE,1,3281,106,0.0330091364574123,1,1
"KM1D04JS","Engaging",2017-02-16,,,"James Ascencio","Summer Sewald","West","GTX Plus Basic","GTX",1096,"Unknown","Unknown","Unknown",,,FALSE,0,,,,0,0
"RNUH1SI8","Won",2017-02-16,2017-05-07,"2017-05","James Ascencio","Summer Sewald","West","MG Advanced","MG",3393,"Kan-code","software","United States",11698.03,34288,TRUE,1,3398,80,-0.0014736221632774,1,1
"BNY8MJ6L","Engaging",2017-02-16,,,"Kary Hendrixson","Summer Sewald","West","GTX Basic","GTX",550,"Labdrill","medical","United States",2741.37,9226,FALSE,0,,,,1,1
"INBGKE14","Engaging",2017-02-16,,,"Kary Hendrixson","Summer Sewald","West","GTX Pro","GTX",4821,"Unknown","Unknown","Unknown",,,FALSE,0,,,,0,0
"D54HETSI","Lost",2017-02-16,2017-05-14,"2017-05","Kary Hendrixson","Summer Sewald","West","GTX Pro","GTX",4821,"Hottechi","technology","Korea",8170.38,16499,TRUE,0,0,87,,1,1
"JOQQZ5RH","Won",2017-02-16,2017-03-01,"2017-03","Marty Freudenburg","Melvin Marxen","Central","GTX Basic","GTX",550,"Domzoom","entertainment","United States",217.87,551,TRUE,1,608,13,-0.105454545454545,1,1
"90V75MDV","Lost",2017-02-16,2017-05-17,"2017-05","Niesha Huffines","Melvin Marxen","Central","GTX Pro","GTX",4821,"Globex Corporation","technology","Norway",1223.72,2497,TRUE,0,0,90,,1,1
"LIIBOUUQ","Won",2017-02-16,2017-05-30,"2017-05","Reed Clapper","Rocco Neubert","East","GTX Plus Basic","GTX",1096,"Donquadtech","technology","United States",1712.68,3194,TRUE,1,1187,103,-0.0830291970802919,1,1
"5KK2SSSB","Engaging",2017-02-16,,,"Rosie Papadopoulos","Cara Losch","East","GTX Basic","GTX",550,"Unknown","Unknown","Unknown",,,FALSE,0,,,,0,0
"UDYSM42B","Won",2017-02-16,2017-06-22,"2017-06","Violet Mclelland","Cara Losch","East","GTX Plus Pro","GTX",5482,"Initech","telecommunications","United States",6395.05,20275,TRUE,1,5855,126,-0.0680408609996352,1,1
"V3HVIJLL","Engaging",2017-02-16,,,"Zane Levy","Summer Sewald","West","GTX Basic","GTX",550,"Unknown","Unknown","Unknown",,,FALSE,0,,,,0,0
"F835LA4P","Won",2017-02-17,2017-05-10,"2017-05","Darcel Schlecht","Melvin Marxen","Central","GTX Pro","GTX",4821,"Cancity","retail","United States",718.62,2448,TRUE,1,5068,82,-0.0512341837792989,1,1
"75Q82XU7","Lost",2017-02-17,2017-06-13,"2017-06","Donn Cantrell","Rocco Neubert","East","GTX Plus Basic","GTX",1096,"Gekko & Co","retail","United States",2520.83,3502,TRUE,0,0,116,,1,1
"AMNKCM1H","Engaging",2017-02-17,,,"Elease Gluck","Celia Rouche","West","MG Special","MG",55,"Betasoloin","medical","United States",251.41,495,FALSE,0,,,,1,1
"2U6QQHCC","Won",2017-02-17,2017-06-19,"2017-06","James Ascencio","Summer Sewald","West","GTX Plus Pro","GTX",5482,"J-Texon","retail","United States",1388.67,3583,TRUE,1,4066,122,0.258299890550894,1,1
"MMKMJ0WC","Won",2017-02-17,2017-06-07,"2017-06","Jonathan Berthelot","Melvin Marxen","Central","GTX Pro","GTX",4821,"Isdom","medical","United States",3178.24,4540,TRUE,1,4494,110,0.0678282514001245,1,1
"CZIXINO2","Lost",2017-02-17,2017-05-04,"2017-05","Kami Bicknell","Summer Sewald","West","GTX Basic","GTX",550,"Finjob","employment","United States",2059.9,3644,TRUE,0,0,76,,1,1
"HV7Y6184","Lost",2017-02-17,2017-05-28,"2017-05","Kami Bicknell","Summer Sewald","West","GTX Pro","GTX",4821,"Nam-zim","services","Brazil",405.59,1179,TRUE,0,0,100,,1,1
"KIHC1QJQ","Won",2017-02-17,2017-05-09,"2017-05","Kami Bicknell","Summer Sewald","West","GTX Basic","GTX",550,"Plexzap","retail","United States",2437.85,4874,TRUE,1,540,81,0.0181818181818182,1,1
"VBWQO6BM","Lost",2017-02-17,2017-05-14,"2017-05","Niesha Huffines","Melvin Marxen","Central","MG Advanced","MG",3393,"Conecom","technology","United States",1520.66,1806,TRUE,0,0,86,,1,1
"LTZCN1RA","Won",2017-02-17,2017-05-19,"2017-05","Versie Hillebrand","Dustin Brinkmann","Central","MG Special","MG",55,"Domzoom","entertainment","United States",217.87,551,TRUE,1,54,91,0.0181818181818182,1,1
"84LN84VM","Engaging",2017-02-17,,,"Vicki Laflamme","Celia Rouche","West","MG Advanced","MG",3393,"Unknown","Unknown","Unknown",,,FALSE,0,,,,0,0
"YO32O3T9","Lost",2017-02-17,2017-05-28,"2017-05","Zane Levy","Summer Sewald","West","GTX Pro","GTX",4821,"Lexiqvolax","medical","United States",1618.89,3889,TRUE,0,0,100,,1,1
"MU7JWTP6","Engaging",2017-02-18,,,"Cassey Cress","Rocco Neubert","East","MG Special","MG",55,"Unknown","Unknown","Unknown",,,FALSE,0,,,,0,0
"8638OV6W","Lost",2017-02-18,2017-05-26,"2017-05","Corliss Cosme","Cara Losch","East","MG Special","MG",55,"Zathunicon","retail","United States",71.12,144,TRUE,0,0,97,,1,1
"TTJXSO57","Lost",2017-02-18,2017-05-20,"2017-05","Darcel Schlecht","Melvin Marxen","Central","GTX Pro","GTX",4821,"Hottechi","technology","Korea",8170.38,16499,TRUE,0,0,91,,1,1
"K4VP5HK4","Won",2017-02-18,2017-05-08,"2017-05","Donn Cantrell","Rocco Neubert","East","MG Advanced","MG",3393,"Betasoloin","medical","United States",251.41,495,TRUE,1,3602,79,-0.0615974064249927,1,1
"10R46CSK","Won",2017-02-18,2017-05-07,"2017-05","Lajuana Vencill","Dustin Brinkmann","Central","MG Advanced","MG",3393,"Betatech","medical","Kenya",647.18,1185,TRUE,1,2904,78,0.144120247568523,1,1
"VBA34LWX","Won",2017-02-18,2017-05-31,"2017-05","Markita Hansen","Celia Rouche","West","GTX Basic","GTX",550,"Sonron","telecommunications","United States",1699.85,5108,TRUE,1,571,102,-0.0381818181818181,1,1
"DLJN7WG0","Lost",2017-02-18,2017-05-30,"2017-05","Marty Freudenburg","Melvin Marxen","Central","MG Special","MG",55,"Genco Pura Olive Oil Company","retail","Italy",894.33,1635,TRUE,0,0,101,,1,1
"FJCCTOPN","Won",2017-02-18,2017-06-18,"2017-06","Reed Clapper","Rocco Neubert","East","GTX Basic","GTX",550,"Zathunicon","retail","United States",71.12,144,TRUE,1,492,120,0.105454545454545,1,1
"LR6USOHL","Won",2017-02-18,2017-05-27,"2017-05","Reed Clapper","Rocco Neubert","East","GTX Pro","GTX",4821,"Zathunicon","retail","United States",71.12,144,TRUE,1,4545,98,0.0572495332918481,1,1
"5VAV2TUY","Won",2017-02-18,2017-03-25,"2017-03","Versie Hillebrand","Dustin Brinkmann","Central","GTX Plus Pro","GTX",5482,"Cancity","retail","United States",718.62,2448,TRUE,1,5614,35,-0.0240788033564392,1,1
"HTD2ME9C","Won",2017-02-19,2017-06-12,"2017-06","Anna Snelling","Dustin Brinkmann","Central","GTX Plus Pro","GTX",5482,"Betatech","medical","Kenya",647.18,1185,TRUE,1,5370,113,0.0204304998175848,1,1
"GHUCMUPL","Won",2017-02-19,2017-05-02,"2017-05","Boris Faz","Rocco Neubert","East","GTX Basic","GTX",550,"Zencorporation","technology","China",40.79,142,TRUE,1,550,72,0,1,1
"1LKY3B4X","Won",2017-02-19,2017-03-02,"2017-03","Cassey Cress","Rocco Neubert","East","GTX Plus Basic","GTX",1096,"Yearin","retail","United States",2261.05,3851,TRUE,1,1011,11,0.0775547445255474,1,1
"7Y5E0RDL","Won",2017-02-19,2017-06-18,"2017-06","Corliss Cosme","Cara Losch","East","MG Special","MG",55,"Sumace","retail","Romania",167.89,493,TRUE,1,56,119,-0.0181818181818181,1,1
"9HRMW8SL","Engaging",2017-02-19,,,"Daniell Hammack","Rocco Neubert","East","MG Special","MG",55,"Unknown","Unknown","Unknown",,,FALSE,0,,,,0,0
"BEQIZZ7W","Won",2017-02-19,2017-03-04,"2017-03","Darcel Schlecht","Melvin Marxen","Central","GTX Plus Basic","GTX",1096,"Codehow","software","United States",2714.9,2641,TRUE,1,1217,13,-0.110401459854015,1,1
"44F8ZE41","Lost",2017-02-19,2017-05-19,"2017-05","Donn Cantrell","Rocco Neubert","East","GTX Basic","GTX",550,"Bubba Gump","software","United States",987.39,2253,TRUE,0,0,89,,1,1
"YJIH415V","Won",2017-02-19,2017-05-10,"2017-05","Donn Cantrell","Rocco Neubert","East","MG Advanced","MG",3393,"Kan-code","software","United States",11698.03,34288,TRUE,1,3222,80,0.0503978779840849,1,1
"K3DQJ796","Lost",2017-02-19,2017-05-14,"2017-05","Garret Kinder","Cara Losch","East","GTX Basic","GTX",550,"Bioplex","medical","United States",326.82,1016,TRUE,0,0,84,,1,1
"6QF3D2RI","Lost",2017-02-19,2017-05-05,"2017-05","Garret Kinder","Cara Losch","East","GTX Basic","GTX",550,"Massive Dynamic","entertainment","United States",665.06,1095,TRUE,0,0,75,,1,1
"G9565UWZ","Won",2017-02-19,2017-03-01,"2017-03","Garret Kinder","Cara Losch","East","MG Advanced","MG",3393,"Opentech","finance","United States",355.23,853,TRUE,1,3348,10,0.013262599469496,1,1
"RFKIN7FG","Lost",2017-02-19,2017-05-25,"2017-05","Jonathan Berthelot","Melvin Marxen","Central","GTX Basic","GTX",550,"Conecom","technology","United States",1520.66,1806,TRUE,0,0,95,,1,1
"WJQ8VD51","Engaging",2017-02-19,,,"Kami Bicknell","Summer Sewald","West","GTX Basic","GTX",550,"Faxquote","telecommunications","United States",1825.82,5595,FALSE,0,,,,1,1
"2BWZLXZ8","Won",2017-02-19,2017-03-05,"2017-03","Kami Bicknell","Summer Sewald","West","GTX Pro","GTX",4821,"Newex","services","Germany",1012.72,3492,TRUE,1,4216,14,0.125492636382493,1,1
"1WHXI2RW","Engaging",2017-02-19,,,"Markita Hansen","Celia Rouche","West","GTX Plus Basic","GTX",1096,"Unknown","Unknown","Unknown",,,FALSE,0,,,,0,0
"G5JP0G7Q","Engaging",2017-02-19,,,"Markita Hansen","Celia Rouche","West","MG Advanced","MG",3393,"Unknown","Unknown","Unknown",,,FALSE,0,,,,0,0
"2QHRL8CW","Won",2017-02-19,2017-05-28,"2017-05","Moses Frase","Dustin Brinkmann","Central","GTX Basic","GTX",550,"Stanredtax","finance","United States",1698.2,3798,TRUE,1,404,98,0.265454545454545,1,1
"RFYAI0WA","Lost",2017-02-19,2017-06-08,"2017-06","Rosie Papadopoulos","Cara Losch","East","GTX Plus Pro","GTX",5482,"Initech","telecommunications","United States",6395.05,20275,TRUE,0,0,109,,1,1
"WH0DJCGL","Lost",2017-02-19,2017-06-14,"2017-06","Rosie Papadopoulos","Cara Losch","East","MG Special","MG",55,"Zathunicon","retail","United States",71.12,144,TRUE,0,0,115,,1,1
"LCW83256","Won",2017-02-19,2017-03-04,"2017-03","Rosie Papadopoulos","Cara Losch","East","GTX Pro","GTX",4821,"Sumace","retail","Romania",167.89,493,TRUE,1,5260,13,-0.0910599460692803,1,1
"RVH3UUKY","Engaging",2017-02-19,,,"Vicki Laflamme","Celia Rouche","West","MG Advanced","MG",3393,"Unknown","Unknown","Unknown",,,FALSE,0,,,,0,0
"IHFM8QXN","Lost",2017-02-19,2017-03-07,"2017-03","Vicki Laflamme","Celia Rouche","West","GTX Plus Basic","GTX",1096,"Kan-code","software","United States",11698.03,34288,TRUE,0,0,16,,1,1
"QCY951QA","Won",2017-02-19,2017-05-06,"2017-05","Violet Mclelland","Cara Losch","East","MG Special","MG",55,"Donquadtech","technology","United States",1712.68,3194,TRUE,1,51,76,0.0727272727272728,1,1
"CG9VXPV1","Engaging",2017-02-19,,,"Zane Levy","Summer Sewald","West","GTX Basic","GTX",550,"Unknown","Unknown","Unknown",,,FALSE,0,,,,0,0
"09BVA55J","Won",2017-02-19,2017-06-25,"2017-06","Zane Levy","Summer Sewald","West","GTX Basic","GTX",550,"Scotfind","software","United States",6354.87,16780,TRUE,1,598,126,-0.0872727272727272,1,1
"2R9HXKXT","Lost",2017-02-20,2017-05-25,"2017-05","Boris Faz","Rocco Neubert","East","GTX Plus Basic","GTX",1096,"Konex","technology","United States",7708.38,13756,TRUE,0,0,94,,1,1
"JLK8KCNN","Won",2017-02-20,2017-05-24,"2017-05","Boris Faz","Rocco Neubert","East","MG Special","MG",55,"Zathunicon","retail","United States",71.12,144,TRUE,1,42,93,0.236363636363636,1,1
"SZQUBIMH","Won",2017-02-20,2017-06-07,"2017-06","Cassey Cress","Rocco Neubert","East","GTX Pro","GTX",4821,"Vehement Capital Partners","finance","United States",646.1,883,TRUE,1,4689,107,0.0273802115743622,1,1
"8ZYVKQ27","Won",2017-02-20,2017-06-26,"2017-06","Cecily Lampkin","Dustin Brinkmann","Central","GTX Plus Pro","GTX",5482,"Statholdings","employment","United States",291.27,586,TRUE,1,5154,126,0.0598321780372127,1,1
"25A51PWG","Lost",2017-02-20,2017-05-16,"2017-05","Darcel Schlecht","Melvin Marxen","Central","GTX Pro","GTX",4821,"Gogozoom","telecommunications","United States",86.68,187,TRUE,0,0,85,,1,1
"4B4XCPHT","Won",2017-02-20,2017-05-05,"2017-05","Donn Cantrell","Rocco Neubert","East","GTX Pro","GTX",4821,"Zencorporation","technology","China",40.79,142,TRUE,1,5010,74,-0.0392034847542004,1,1
"5JFOA4XC","Won",2017-02-20,2017-06-14,"2017-06","Gladys Colclough","Melvin Marxen","Central","MG Advanced","MG",3393,"Finhigh","finance","United States",1102.43,1759,TRUE,1,3215,114,0.0524609490126732,1,1
"N5FOEJZ9","Lost",2017-02-20,2017-06-03,"2017-06","Kami Bicknell","Summer Sewald","West","GTX Basic","GTX",550,"Nam-zim","services","Brazil",405.59,1179,TRUE,0,0,103,,1,1
"CYWZJ2AI","Engaging",2017-02-20,,,"Kary Hendrixson","Summer Sewald","West","GTX Plus Basic","GTX",1096,"Donquadtech","technology","United States",1712.68,3194,FALSE,0,,,,1,1
"QTNPGKJ7","Won",2017-02-20,2017-06-26,"2017-06","Kary Hendrixson","Summer Sewald","West","GTX Pro","GTX",4821,"Hatfan","services","United States",792.46,1299,TRUE,1,3169,126,0.342667496370048,1,1
"EBRWSMI0","Lost",2017-02-20,2017-06-27,"2017-06","Markita Hansen","Celia Rouche","West","GTX Plus Basic","GTX",1096,"Scotfind","software","United States",6354.87,16780,TRUE,0,0,127,,1,1
"4PKHDQOQ","Won",2017-02-20,2017-06-03,"2017-06","Marty Freudenburg","Melvin Marxen","Central","GTX Plus Pro","GTX",5482,"Funholding","finance","United States",2819.5,7227,TRUE,1,5015,103,0.085187887632251,1,1
"3Y9SB2QK","Won",2017-02-20,2017-03-01,"2017-03","Maureen Marcano","Summer Sewald","West","GTX Basic","GTX",550,"Dalttechnology","software","United States",98.79,96,TRUE,1,571,9,-0.0381818181818181,1,1
"5MZ0O77T","Won",2017-02-20,2017-05-16,"2017-05","Reed Clapper","Rocco Neubert","East","GTX Pro","GTX",4821,"Bubba Gump","software","United States",987.39,2253,TRUE,1,4839,85,-0.00373366521468577,1,1
"2EILEDKF","Won",2017-02-20,2017-03-05,"2017-03","Reed Clapper","Rocco Neubert","East","MG Advanced","MG",3393,"Massive Dynamic","entertainment","United States",665.06,1095,TRUE,1,3315,13,0.0229885057471264,1,1
"J4NX9TK5","Won",2017-02-20,2017-05-24,"2017-05","Versie Hillebrand","Dustin Brinkmann","Central","MG Special","MG",55,"Warephase","services","United States",2041.73,5276,TRUE,1,60,93,-0.0909090909090908,1,1
"Y7N97FW8","Engaging",2017-02-20,,,"Vicki Laflamme","Celia Rouche","West","GTX Pro","GTX",4821,"Unknown","Unknown","Unknown",,,FALSE,0,,,,0,0
"0IO43YMS","Engaging",2017-02-20,,,"Wilburn Farren","Cara Losch","East","MG Advanced","MG",3393,"Unknown","Unknown","Unknown",,,FALSE,0,,,,0,0
"5ITSLO0E","Won",2017-02-21,2017-03-04,"2017-03","Anna Snelling","Dustin Brinkmann","Central","GTX Plus Basic","GTX",1096,"Treequote","telecommunications","United States",5266.09,8595,TRUE,1,999,11,0.0885036496350365,1,1
"6HG76L6U","Engaging",2017-02-21,,,"Boris Faz","Rocco Neubert","East","GTX Pro","GTX",4821,"Unknown","Unknown","Unknown",,,FALSE,0,,,,0,0
"QGW0TI1U","Lost",2017-02-21,2017-06-11,"2017-06","Darcel Schlecht","Melvin Marxen","Central","GTX Basic","GTX",550,"Statholdings","employment","United States",291.27,586,TRUE,0,0,110,,1,1
"WJC5J533","Won",2017-02-21,2017-06-04,"2017-06","Lajuana Vencill","Dustin Brinkmann","Central","GTX Plus Pro","GTX",5482,"Finhigh","finance","United States",1102.43,1759,TRUE,1,5401,103,0.0147756293323604,1,1
"9SLINQY5","Engaging",2017-02-21,,,"Markita Hansen","Celia Rouche","West","MG Advanced","MG",3393,"Newex","services","Germany",1012.72,3492,FALSE,0,,,,1,1
"1GIP77EP","Engaging",2017-02-21,,,"Maureen Marcano","Summer Sewald","West","GTX Plus Pro","GTX",5482,"Unknown","Unknown","Unknown",,,FALSE,0,,,,0,0
"XGLMCTLG","Won",2017-02-21,2017-06-18,"2017-06","Moses Frase","Dustin Brinkmann","Central","GTX Basic","GTX",550,"Rundofase","technology","United States",1008.06,1238,TRUE,1,551,117,-0.00181818181818172,1,1
"X6RLT30X","Lost",2017-02-21,2017-05-23,"2017-05","Reed Clapper","Rocco Neubert","East","GTX Plus Pro","GTX",5482,"Mathtouch","marketing","Jordan",3027.46,9516,TRUE,0,0,91,,1,1
"IVT0S1N1","Won",2017-02-21,2017-03-20,"2017-03","Vicki Laflamme","Celia Rouche","West","GTX Basic","GTX",550,"Faxquote","telecommunications","United States",1825.82,5595,TRUE,1,600,27,-0.0909090909090908,1,1
"NOLCZMV6","Engaging",2017-02-21,,,"Violet Mclelland","Cara Losch","East","GTX Pro","GTX",4821,"Goodsilron","marketing","United States",2952.73,5107,FALSE,0,,,,1,1
"JEPGSQC9","Lost",2017-02-21,2017-05-05,"2017-05","Violet Mclelland","Cara Losch","East","GTX Plus Pro","GTX",5482,"Bioplex","medical","United States",326.82,1016,TRUE,0,0,73,,1,1
"EEDHCEVZ","Lost",2017-02-22,2017-05-22,"2017-05","Boris Faz","Rocco Neubert","East","MG Special","MG",55,"The New York Inquirer","medical","United States",439.21,792,TRUE,0,0,89,,1,1
"NHDTSMX2","Won",2017-02-22,2017-03-02,"2017-03","Cassey Cress","Rocco Neubert","East","GTX Pro","GTX",4821,"Sumace","retail","Romania",167.89,493,TRUE,1,4711,8,0.0228168429786352,1,1
"E36CR33F","Lost",2017-02-22,2017-06-08,"2017-06","Corliss Cosme","Cara Losch","East","MG Advanced","MG",3393,"Vehement Capital Partners","finance","United States",646.1,883,TRUE,0,0,106,,1,1
"PNL17RE9","Won",2017-02-22,2017-06-28,"2017-06","Corliss Cosme","Cara Losch","East","GTX Pro","GTX",4821,"Zencorporation","technology","China",40.79,142,TRUE,1,5133,126,-0.0647168637212197,1,1
"B4SIVH1O","Engaging",2017-02-22,,,"Daniell Hammack","Rocco Neubert","East","GTX Basic","GTX",550,"Fasehatice","retail","United States",4968.91,7523,FALSE,0,,,,1,1
"VMEVOJVL","Lost",2017-02-22,2017-05-17,"2017-05","Daniell Hammack","Rocco Neubert","East","GTX Plus Pro","GTX",5482,"Sumace","retail","Romania",167.89,493,TRUE,0,0,84,,1,1
"5EKN0BFN","Won",2017-02-22,2017-05-15,"2017-05","Daniell Hammack","Rocco Neubert","East","GTX Plus Pro","GTX",5482,"Zathunicon","retail","United States",71.12,144,TRUE,1,4848,82,0.115651222181686,1,1
"R4LH95QS","Won",2017-02-22,2017-03-03,"2017-03","Daniell Hammack","Rocco Neubert","East","GTX Pro","GTX",4821,"Mathtouch","marketing","Jordan",3027.46,9516,TRUE,1,4475,9,0.0717693424600705,1,1
"52CROFH2","Lost",2017-02-22,2017-03-05,"2017-03","Darcel Schlecht","Melvin Marxen","Central","GTX Basic","GTX",550,"Betatech","medical","Kenya",647.18,1185,TRUE,0,0,11,,1,1
"REDGEUCP","Won",2017-02-22,2017-03-10,"2017-03","Darcel Schlecht","Melvin Marxen","Central","GTX Pro","GTX",4821,"Genco Pura Olive Oil Company","retail","Italy",894.33,1635,TRUE,1,3763,16,0.219456544285418,1,1
"6KT5HAR6","Won",2017-02-22,2017-03-05,"2017-03","Darcel Schlecht","Melvin Marxen","Central","GTX Pro","GTX",4821,"Ron-tech","medical","United States",3922.42,6837,TRUE,1,5006,11,-0.0383737813731591,1,1
"48AJ0X9E","Won",2017-02-22,2017-06-15,"2017-06","Gladys Colclough","Melvin Marxen","Central","GTX Pro","GTX",4821,"Toughzap","retail","United States",332.43,799,TRUE,1,4498,113,0.0669985480190832,1,1
"RA1UBXY9","Won",2017-02-22,2017-03-24,"2017-03","Gladys Colclough","Melvin Marxen","Central","GTX Pro","GTX",4821,"Warephase","services","United States",2041.73,5276,TRUE,1,4375,30,0.0925119269861024,1,1
"ESZY10SI","Engaging",2017-02-22,,,"Hayden Neloms","Celia Rouche","West","MG Advanced","MG",3393,"Unknown","Unknown","Unknown",,,FALSE,0,,,,0,0
"WGI2GSKJ","Lost",2017-02-22,2017-05-27,"2017-05","Hayden Neloms","Celia Rouche","West","GTX Plus Basic","GTX",1096,"J-Texon","retail","United States",1388.67,3583,TRUE,0,0,94,,1,1
"W4BNO6UL","Won",2017-02-22,2017-06-04,"2017-06","Hayden Neloms","Celia Rouche","West","MG Advanced","MG",3393,"Fasehatice","retail","United States",4968.91,7523,TRUE,1,3763,102,-0.109048040082523,1,1
"S50A0C2S","Lost",2017-02-22,2017-03-14,"2017-03","Kami Bicknell","Summer Sewald","West","GTX Pro","GTX",4821,"J-Texon","retail","United States",1388.67,3583,TRUE,0,0,20,,1,1
"3H80RIHV","Won",2017-02-22,2017-05-10,"2017-05","Kami Bicknell","Summer Sewald","West","GTX Plus Pro","GTX",5482,"Sonron","telecommunications","United States",1699.85,5108,TRUE,1,5491,77,-0.00164173659248457,1,1
"KATNS4R4","Lost",2017-02-22,2017-05-22,"2017-05","Lajuana Vencill","Dustin Brinkmann","Central","GTX Basic","GTX",550,"Bioholding","medical","Philipines",587.34,1356,TRUE,0,0,89,,1,1
"L5U7OT6O","Won",2017-02-22,2017-06-17,"2017-06","Markita Hansen","Celia Rouche","West","GTX Plus Pro","GTX",5482,"Y-corporation","employment","United States",2871.35,9561,TRUE,1,5503,115,-0.0038307187157971,1,1
"QKVUGRN9","Lost",2017-02-22,2017-05-30,"2017-05","Moses Frase","Dustin Brinkmann","Central","GTX Plus Basic","GTX",1096,"Rangreen","technology","Panama",2938.67,8775,TRUE,0,0,97,,1,1
"FNY6F0KF","Won",2017-02-22,2017-05-15,"2017-05","Moses Frase","Dustin Brinkmann","Central","MG Special","MG",55,"Statholdings","employment","United States",291.27,586,TRUE,1,58,82,-0.0545454545454545,1,1
"1W23LEWK","Won",2017-02-22,2017-05-27,"2017-05","Niesha Huffines","Melvin Marxen","Central","GTX Plus Basic","GTX",1096,"Genco Pura Olive Oil Company","retail","Italy",894.33,1635,TRUE,1,1051,94,0.041058394160584,1,1
"JHJEQ1U3","Won",2017-02-22,2017-03-07,"2017-03","Niesha Huffines","Melvin Marxen","Central","GTX Plus Pro","GTX",5482,"Conecom","technology","United States",1520.66,1806,TRUE,1,5604,13,-0.0222546515870121,1,1
"CPJAA632","Won",2017-02-22,2017-05-15,"2017-05","Reed Clapper","Rocco Neubert","East","MG Advanced","MG",3393,"Xx-zobam","entertainment","United States",3838.39,8274,TRUE,1,3273,82,0.035366931918656,1,1
"Y3CYQGPH","Engaging",2017-02-22,,,"Rosalina Dieter","Celia Rouche","West","GTX Basic","GTX",550,"Unknown","Unknown","Unknown",,,FALSE,0,,,,0,0
"Q19RWR17","Engaging",2017-02-22,,,"Vicki Laflamme","Celia Rouche","West","GTX Basic","GTX",550,"Rundofase","technology","United States",1008.06,1238,FALSE,0,,,,1,1
"GVC0RLQE","Lost",2017-02-22,2017-05-11,"2017-05","Vicki Laflamme","Celia Rouche","West","GTX Plus Basic","GTX",1096,"Scotfind","software","United States",6354.87,16780,TRUE,0,0,78,,1,1
"9OLYBVNE","Won",2017-02-22,2017-06-02,"2017-06","Zane Levy","Summer Sewald","West","GTX Plus Basic","GTX",1096,"Scotfind","software","United States",6354.87,16780,TRUE,1,1220,100,-0.113138686131387,1,1
"R8N49PHN","Won",2017-02-22,2017-03-02,"2017-03","Zane Levy","Summer Sewald","West","GTX Plus Pro","GTX",5482,"Singletechno","retail","United States",2214.94,5374,TRUE,1,5497,8,-0.00273622765414072,1,1
"P5EVJUKQ","Won",2017-02-23,2017-06-10,"2017-06","Anna Snelling","Dustin Brinkmann","Central","GTX Plus Basic","GTX",1096,"Conecom","technology","United States",1520.66,1806,TRUE,1,1056,107,0.0364963503649635,1,1
"XF4648CO","Lost",2017-02-23,2017-06-16,"2017-06","Boris Faz","Rocco Neubert","East","GTX Basic","GTX",550,"Kan-code","software","United States",11698.03,34288,TRUE,0,0,113,,1,1
"24UTFDPK","Won",2017-02-23,2017-03-12,"2017-03","Cassey Cress","Rocco Neubert","East","GTX Basic","GTX",550,"Massive Dynamic","entertainment","United States",665.06,1095,TRUE,1,572,17,-0.04,1,1
"ERYLM04D","Won",2017-02-23,2017-05-23,"2017-05","Cecily Lampkin","Dustin Brinkmann","Central","MG Advanced","MG",3393,"Funholding","finance","United States",2819.5,7227,TRUE,1,3668,89,-0.0810492189802534,1,1
"6PW6ZQEE","Engaging",2017-02-23,,,"Corliss Cosme","Cara Losch","East","GTX Basic","GTX",550,"Unknown","Unknown","Unknown",,,FALSE,0,,,,0,0
"IQ9W1X36","Won",2017-02-23,2017-03-02,"2017-03","Corliss Cosme","Cara Losch","East","MG Special","MG",55,"Kinnamplus","retail","United States",702.72,1831,TRUE,1,50,7,0.0909090909090909,1,1
"GSR9PIF0","Won",2017-02-23,2017-05-22,"2017-05","Daniell Hammack","Rocco Neubert","East","MG Advanced","MG",3393,"Silis","medical","United States",2818.38,6290,TRUE,1,3509,88,-0.0341880341880343,1,1
"8477482V","Won",2017-02-23,2017-06-28,"2017-06","Darcel Schlecht","Melvin Marxen","Central","GTX Pro","GTX",4821,"Gogozoom","telecommunications","United States",86.68,187,TRUE,1,5643,125,-0.170504044803983,1,1
"VFZOL6CB","Won",2017-02-23,2017-03-10,"2017-03","Elease Gluck","Celia Rouche","West","MG Special","MG",55,"Dalttechnology","software","United States",98.79,96,TRUE,1,47,15,0.145454545454546,1,1
"75ZOJ3O7","Won",2017-02-23,2017-03-08,"2017-03","Hayden Neloms","Celia Rouche","West","MG Advanced","MG",3393,"Finjob","employment","United States",2059.9,3644,TRUE,1,3312,13,0.0238726790450928,1,1
"1QQR82TP","Lost",2017-02-23,2017-06-23,"2017-06","James Ascencio","Summer Sewald","West","GTX Plus Pro","GTX",5482,"Goodsilron","marketing","United States",2952.73,5107,TRUE,0,0,120,,1,1
"4E5A84H1","Engaging",2017-02-23,,,"Kami Bicknell","Summer Sewald","West","MG Advanced","MG",3393,"Unknown","Unknown","Unknown",,,FALSE,0,,,,0,0
"DR6MQSWL","Won",2017-02-23,2017-03-11,"2017-03","Kami Bicknell","Summer Sewald","West","GTX Basic","GTX",550,"Labdrill","medical","United States",2741.37,9226,TRUE,1,480,16,0.127272727272727,1,1
"KAV5TU8X","Won",2017-02-23,2017-05-06,"2017-05","Kami Bicknell","Summer Sewald","West","MG Advanced","MG",3393,"Nam-zim","services","Brazil",405.59,1179,TRUE,1,3208,72,0.0545240200412614,1,1
"UQ86UOWY","Lost",2017-02-23,2017-05-04,"2017-05","Kary Hendrixson","Summer Sewald","West","GTX Basic","GTX",550,"Y-corporation","employment","United States",2871.35,9561,TRUE,0,0,70,,1,1
"A82DG6R5","Won",2017-02-23,2017-05-04,"2017-05","Kary Hendrixson","Summer Sewald","West","GTX Plus Pro","GTX",5482,"Kan-code","software","United States",11698.03,34288,TRUE,1,5782,70,-0.0547245530828164,1,1
"37FKT2ZP","Won",2017-02-23,2017-05-23,"2017-05","Lajuana Vencill","Dustin Brinkmann","Central","GTX Plus Pro","GTX",5482,"Rangreen","technology","Panama",2938.67,8775,TRUE,1,5827,89,-0.062933236045239,1,1
"03VCDZEE","Engaging",2017-02-23,,,"Maureen Marcano","Summer Sewald","West","GTX Pro","GTX",4821,"Unknown","Unknown","Unknown",,,FALSE,0,,,,0,0
"MVXB9PS5","Lost",2017-02-23,2017-06-17,"2017-06","Maureen Marcano","Summer Sewald","West","GTX Basic","GTX",550,"Newex","services","Germany",1012.72,3492,TRUE,0,0,114,,1,1
"M2TZSYTN","Won",2017-02-23,2017-06-16,"2017-06","Moses Frase","Dustin Brinkmann","Central","GTX Basic","GTX",550,"Bioholding","medical","Philipines",587.34,1356,TRUE,1,516,113,0.0618181818181818,1,1
"KGJL5GHX","Won",2017-02-23,2017-06-06,"2017-06","Moses Frase","Dustin Brinkmann","Central","GTX Plus Basic","GTX",1096,"Condax","medical","United States",4.54,9,TRUE,1,956,103,0.127737226277372,1,1
"IF7DSONM","Won",2017-02-23,2017-03-15,"2017-03","Moses Frase","Dustin Brinkmann","Central","MG Special","MG",55,"Stanredtax","finance","United States",1698.2,3798,TRUE,1,52,20,0.0545454545454546,1,1
"RR4FWSVB","Won",2017-02-23,2017-05-11,"2017-05","Moses Frase","Dustin Brinkmann","Central","MG Advanced","MG",3393,"Toughzap","retail","United States",332.43,799,TRUE,1,3025,77,0.108458591217212,1,1
"C5IWM5VJ","Won",2017-02-23,2017-06-10,"2017-06","Reed Clapper","Rocco Neubert","East","GTX Pro","GTX",4821,"The New York Inquirer","medical","United States",439.21,792,TRUE,1,5618,107,-0.165318398672475,1,1
"9WZ3I1TF","Won",2017-02-23,2017-05-09,"2017-05","Rosie Papadopoulos","Cara Losch","East","GTX Pro","GTX",4821,"Umbrella Corporation","finance","United States",2022.14,5113,TRUE,1,4867,75,-0.00954158888197476,1,1
"IO4GTLAB","Won",2017-02-23,2017-03-14,"2017-03","Zane Levy","Summer Sewald","West","GTX Plus Basic","GTX",1096,"Kan-code","software","United States",11698.03,34288,TRUE,1,929,19,0.152372262773723,1,1
"7ONH55WT","Engaging",2017-02-24,,,"Cassey Cress","Rocco Neubert","East","GTX Basic","GTX",550,"Unknown","Unknown","Unknown",,,FALSE,0,,,,0,0
"06T2UPDG","Lost",2017-02-24,2017-06-05,"2017-06","Cecily Lampkin","Dustin Brinkmann","Central","MG Special","MG",55,"dambase","marketing","United States",2173.98,2928,TRUE,0,0,101,,1,1
"CMKXOOJQ","Engaging",2017-02-24,,,"Corliss Cosme","Cara Losch","East","GTX Basic","GTX",550,"Unknown","Unknown","Unknown",,,FALSE,0,,,,0,0
"9L6ADU5C","Lost",2017-02-24,2017-05-11,"2017-05","Corliss Cosme","Cara Losch","East","MG Advanced","MG",3393,"Xx-zobam","entertainment","United States",3838.39,8274,TRUE,0,0,76,,1,1
"U185INDA","Won",2017-02-24,2017-05-05,"2017-05","Darcel Schlecht","Melvin Marxen","Central","GTX Pro","GTX",4821,"Toughzap","retail","United States",332.43,799,TRUE,1,5010,70,-0.0392034847542004,1,1
"2AGLONC4","Won",2017-02-24,2017-05-15,"2017-05","Donn Cantrell","Rocco Neubert","East","GTX Pro","GTX",4821,"Bluth Company","technology","United States",1242.32,3027,TRUE,1,5621,80,-0.165940676208256,1,1
"TBDUMBLA","Won",2017-02-24,2017-05-02,"2017-05","Donn Cantrell","Rocco Neubert","East","MG Advanced","MG",3393,"Iselectrics","technology","United States",527.11,1428,TRUE,1,3233,67,0.0471559092248748,1,1
"0AXGVKN8","Won",2017-02-24,2017-05-28,"2017-05","Garret Kinder","Cara Losch","East","MG Special","MG",55,"Acme Corporation","technology","United States",1100.04,2822,TRUE,1,55,93,0,1,1
"TAPNNL1W","Won",2017-02-24,2017-03-07,"2017-03","Garret Kinder","Cara Losch","East","MG Advanced","MG",3393,"Bioplex","medical","United States",326.82,1016,TRUE,1,3278,11,0.0338933097553787,1,1
"R9ZAKBFE","Won",2017-02-24,2017-03-10,"2017-03","Gladys Colclough","Melvin Marxen","Central","GTX Plus Basic","GTX",1096,"Domzoom","entertainment","United States",217.87,551,TRUE,1,1155,14,-0.0538321167883211,1,1
"Y40ADYX7","Won",2017-02-24,2017-03-11,"2017-03","Hayden Neloms","Celia Rouche","West","MG Advanced","MG",3393,"Goodsilron","marketing","United States",2952.73,5107,TRUE,1,3550,15,-0.0462717359269083,1,1
"R7GVZT8J","Lost",2017-02-24,2017-05-10,"2017-05","Jonathan Berthelot","Melvin Marxen","Central","MG Advanced","MG",3393,"Stanredtax","finance","United States",1698.2,3798,TRUE,0,0,75,,1,1
"RSEDY99J","Won",2017-02-24,2017-06-16,"2017-06","Jonathan Berthelot","Melvin Marxen","Central","GTX Plus Basic","GTX",1096,"Hottechi","technology","Korea",8170.38,16499,TRUE,1,1055,112,0.0374087591240876,1,1
"NR947OAB","Engaging",2017-02-24,,,"Kami Bicknell","Summer Sewald","West","GTX Pro","GTX",4821,"Unknown","Unknown","Unknown",,,FALSE,0,,,,0,0
"LMKNU8IZ","Engaging",2017-02-24,,,"Markita Hansen","Celia Rouche","West","GTX Pro","GTX",4821,"Unknown","Unknown","Unknown",,,FALSE,0,,,,0,0
"D5NZQIWU","Lost",2017-02-24,2017-06-20,"2017-06","Markita Hansen","Celia Rouche","West","GTX Plus Basic","GTX",1096,"Sonron","telecommunications","United States",1699.85,5108,TRUE,0,0,116,,1,1
"Z0BGG6IJ","Won",2017-02-24,2017-05-05,"2017-05","Markita Hansen","Celia Rouche","West","GTX Basic","GTX",550,"Y-corporation","employment","United States",2871.35,9561,TRUE,1,595,70,-0.0818181818181818,1,1
"ZCA1IRGD","Won",2017-02-24,2017-05-06,"2017-05","Moses Frase","Dustin Brinkmann","Central","MG Advanced","MG",3393,"Warephase","services","United States",2041.73,5276,TRUE,1,3063,71,0.0972590627763041,1,1
"NPB8ZLEO","Lost",2017-02-24,2017-05-13,"2017-05","Vicki Laflamme","Celia Rouche","West","MG Advanced","MG",3393,"Konex","technology","United States",7708.38,13756,TRUE,0,0,78,,1,1
"HJIO57TA","Won",2017-02-24,2017-06-06,"2017-06","Violet Mclelland","Cara Losch","East","MG Advanced","MG",3393,"Massive Dynamic","entertainment","United States",665.06,1095,TRUE,1,3246,102,0.0433244916003537,1,1
"U6N053E1","Won",2017-02-25,2017-03-02,"2017-03","Anna Snelling","Dustin Brinkmann","Central","GTX Basic","GTX",550,"Scottech","marketing","United States",45.39,100,TRUE,1,423,5,0.230909090909091,1,1
"R5RSH4JV","Engaging",2017-02-25,,,"Boris Faz","Rocco Neubert","East","GTX Plus Pro","GTX",5482,"Unknown","Unknown","Unknown",,,FALSE,0,,,,0,0
"MTKCJVFO","Won",2017-02-25,2017-06-18,"2017-06","Cassey Cress","Rocco Neubert","East","GTX Basic","GTX",550,"Initech","telecommunications","United States",6395.05,20275,TRUE,1,542,113,0.0145454545454545,1,1
"KIP060D0","Won",2017-02-25,2017-03-08,"2017-03","Cassey Cress","Rocco Neubert","East","GTX Pro","GTX",4821,"Ontomedia","employment","United States",882.12,2769,TRUE,1,5040,11,-0.0454262601120099,1,1
"YOISPUC6","Lost",2017-02-25,2017-05-21,"2017-05","Corliss Cosme","Cara Losch","East","GTX Plus Basic","GTX",1096,"Kan-code","software","United States",11698.03,34288,TRUE,0,0,85,,1,1
"2MHTTXX0","Lost",2017-02-25,2017-06-17,"2017-06","Darcel Schlecht","Melvin Marxen","Central","GTX Plus Pro","GTX",5482,"Rangreen","technology","Panama",2938.67,8775,TRUE,0,0,112,,1,1
"QU4FNKZL","Won",2017-02-25,2017-05-09,"2017-05","Darcel Schlecht","Melvin Marxen","Central","GTX Pro","GTX",4821,"Statholdings","employment","United States",291.27,586,TRUE,1,5423,73,-0.124870358846712,1,1
"GZUKDP7F","Won",2017-02-25,2017-06-13,"2017-06","Darcel Schlecht","Melvin Marxen","Central","MG Advanced","MG",3393,"Cancity","retail","United States",718.62,2448,TRUE,1,3295,108,0.0288829944002358,1,1
"S519S1EK","Won",2017-02-25,2017-06-02,"2017-06","Donn Cantrell","Rocco Neubert","East","GTX Basic","GTX",550,"Plussunin","retail","United States",1419.98,4018,TRUE,1,568,97,-0.0327272727272727,1,1
"AL554AUI","Won",2017-02-25,2017-05-26,"2017-05","Donn Cantrell","Rocco Neubert","East","GTX Basic","GTX",550,"Xx-zobam","entertainment","United States",3838.39,8274,TRUE,1,640,90,-0.163636363636364,1,1
"MCWDHOBT","Won",2017-02-25,2017-05-19,"2017-05","Elease Gluck","Celia Rouche","West","GTX Pro","GTX",4821,"Plusstrip","entertainment","United States",349.81,315,TRUE,1,4612,83,0.0433520016594068,1,1
"GDZV8N5W","Lost",2017-02-25,2017-05-26,"2017-05","Gladys Colclough","Melvin Marxen","Central","GTX Pro","GTX",4821,"Domzoom","entertainment","United States",217.87,551,TRUE,0,0,90,,1,1
"X1D1HYMM","Engaging",2017-02-25,,,"James Ascencio","Summer Sewald","West","GTX Plus Pro","GTX",5482,"Unknown","Unknown","Unknown",,,FALSE,0,,,,0,0
"F4FLJ0WW","Lost",2017-02-25,2017-05-26,"2017-05","James Ascencio","Summer Sewald","West","GTX Plus Basic","GTX",1096,"Goodsilron","marketing","United States",2952.73,5107,TRUE,0,0,90,,1,1
"P3VM7655","Won",2017-02-25,2017-05-06,"2017-05","Jonathan Berthelot","Melvin Marxen","Central","MG Advanced","MG",3393,"Dontechi","software","United States",4618,10083,TRUE,1,3281,70,0.0330091364574123,1,1
"5QU60VGE","Lost",2017-02-25,2017-03-12,"2017-03","Kami Bicknell","Summer Sewald","West","GTX Basic","GTX",550,"Finjob","employment","United States",2059.9,3644,TRUE,0,0,15,,1,1
"3CLBPMYZ","Lost",2017-02-25,2017-03-08,"2017-03","Kami Bicknell","Summer Sewald","West","GTX Plus Basic","GTX",1096,"Labdrill","medical","United States",2741.37,9226,TRUE,0,0,11,,1,1
"G17JEA75","Won",2017-02-25,2017-03-11,"2017-03","Kami Bicknell","Summer Sewald","West","MG Special","MG",55,"Rantouch","telecommunications","United States",1188.42,3015,TRUE,1,59,14,-0.0727272727272728,1,1
"BGU0JJ9X","Won",2017-02-25,2017-06-30,"2017-06","Marty Freudenburg","Melvin Marxen","Central","GTX Plus Basic","GTX",1096,"Scottech","marketing","United States",45.39,100,TRUE,1,1081,125,0.0136861313868614,1,1
"U02OIJGK","Won",2017-02-25,2017-05-09,"2017-05","Marty Freudenburg","Melvin Marxen","Central","GTX Plus Basic","GTX",1096,"Zumgoity","medical","United States",441.08,1210,TRUE,1,962,73,0.122262773722628,1,1
"3N7ZXGMF","Won",2017-02-25,2017-03-06,"2017-03","Niesha Huffines","Melvin Marxen","Central","GTX Plus Basic","GTX",1096,"Codehow","software","United States",2714.9,2641,TRUE,1,1123,9,-0.0246350364963503,1,1
"0QHI3KG5","Won",2017-02-25,2017-06-10,"2017-06","Reed Clapper","Rocco Neubert","East","MG Advanced","MG",3393,"Xx-zobam","entertainment","United States",3838.39,8274,TRUE,1,3075,105,0.0937223695844386,1,1
"0WWDVOM3","Won",2017-02-25,2017-05-09,"2017-05","Rosalina Dieter","Celia Rouche","West","MG Special","MG",55,"Condax","medical","United States",4.54,9,TRUE,1,50,73,0.0909090909090909,1,1
"QPPUCKFM","Won",2017-02-25,2017-03-06,"2017-03","Rosalina Dieter","Celia Rouche","West","MG Special","MG",55,"Dalttechnology","software","United States",98.79,96,TRUE,1,47,9,0.145454545454546,1,1
"VGE4M1C9","Lost",2017-02-25,2017-03-08,"2017-03","Versie Hillebrand","Dustin Brinkmann","Central","MG Special","MG",55,"Globex Corporation","technology","Norway",1223.72,2497,TRUE,0,0,11,,1,1
"56XQOTXV","Won",2017-02-25,2017-05-17,"2017-05","Versie Hillebrand","Dustin Brinkmann","Central","GTX Plus Pro","GTX",5482,"Betatech","medical","Kenya",647.18,1185,TRUE,1,4494,81,0.180226194819409,1,1
"1JC9DMNJ","Lost",2017-02-25,2017-05-06,"2017-05","Vicki Laflamme","Celia Rouche","West","MG Special","MG",55,"Hottechi","technology","Korea",8170.38,16499,TRUE,0,0,70,,1,1
"AK2LRFXF","Won",2017-02-25,2017-03-11,"2017-03","Vicki Laflamme","Celia Rouche","West","MG Special","MG",55,"Singletechno","retail","United States",2214.94,5374,TRUE,1,61,14,-0.109090909090909,1,1
"UCK7JRXG","Won",2017-02-25,2017-05-13,"2017-05","Vicki Laflamme","Celia Rouche","West","MG Advanced","MG",3393,"Goodsilron","marketing","United States",2952.73,5107,TRUE,1,3418,77,-0.00736811081638677,1,1
"GVYF29NM","Engaging",2017-02-25,,,"Violet Mclelland","Cara Losch","East","MG Advanced","MG",3393,"Unknown","Unknown","Unknown",,,FALSE,0,,,,0,0
"DN6SG3US","Engaging",2017-02-25,,,"Wilburn Farren","Cara Losch","East","GTX Plus Pro","GTX",5482,"Unknown","Unknown","Unknown",,,FALSE,0,,,,0,0
"WM30CUBE","Won",2017-02-25,2017-06-02,"2017-06","Wilburn Farren","Cara Losch","East","MG Advanced","MG",3393,"Konex","technology","United States",7708.38,13756,TRUE,1,3336,97,0.0167992926613616,1,1
"EW28ZONV","Engaging",2017-02-25,,,"Zane Levy","Summer Sewald","West","GTX Plus Basic","GTX",1096,"Unknown","Unknown","Unknown",,,FALSE,0,,,,0,0
"8DWOWB6Y","Lost",2017-02-26,2017-03-16,"2017-03","Anna Snelling","Dustin Brinkmann","Central","GTX Basic","GTX",550,"Betatech","medical","Kenya",647.18,1185,TRUE,0,0,18,,1,1
"BGNB966A","Won",2017-02-26,2017-03-13,"2017-03","Boris Faz","Rocco Neubert","East","GTX Plus Pro","GTX",5482,"Mathtouch","marketing","Jordan",3027.46,9516,TRUE,1,4766,15,0.130609266690989,1,1
"4Q4CLZCH","Lost",2017-02-26,2017-06-10,"2017-06","Corliss Cosme","Cara Losch","East","MG Advanced","MG",3393,"Plussunin","retail","United States",1419.98,4018,TRUE,0,0,104,,1,1
"YQ24IWRQ","Won",2017-02-26,2017-05-27,"2017-05","Daniell Hammack","Rocco Neubert","East","GTX Basic","GTX",550,"Ganjaflex","retail","Japan",5158.71,17479,TRUE,1,592,90,-0.0763636363636364,1,1
"Z30RS0CL","Lost",2017-02-26,2017-06-01,"2017-06","Donn Cantrell","Rocco Neubert","East","GTX Basic","GTX",550,"Iselectrics","technology","United States",527.11,1428,TRUE,0,0,95,,1,1
"FRB34F3W","Lost",2017-02-26,2017-05-24,"2017-05","Elease Gluck","Celia Rouche","West","MG Special","MG",55,"Green-Plus","services","United States",692.19,1922,TRUE,0,0,87,,1,1
"CGEHFK9N","Lost",2017-02-26,2017-05-29,"2017-05","Gladys Colclough","Melvin Marxen","Central","GTX Pro","GTX",4821,"Treequote","telecommunications","United States",5266.09,8595,TRUE,0,0,92,,1,1
"4A189ZAB","Won",2017-02-26,2017-06-08,"2017-06","Gladys Colclough","Melvin Marxen","Central","GTX Pro","GTX",4821,"Dontechi","software","United States",4618,10083,TRUE,1,5142,102,-0.0665836963285626,1,1
"0HELH2Q0","Lost",2017-02-26,2017-05-29,"2017-05","James Ascencio","Summer Sewald","West","GTX Plus Basic","GTX",1096,"Cheers","entertainment","United States",4269.9,6472,TRUE,0,0,92,,1,1
"9E8A7MQ8","Engaging",2017-02-26,,,"Kary Hendrixson","Summer Sewald","West","GTX Plus Pro","GTX",5482,"Blackzim","retail","United States",497.11,1588,FALSE,0,,,,1,1
"HG5P21RO","Lost",2017-02-26,2017-05-08,"2017-05","Lajuana Vencill","Dustin Brinkmann","Central","MG Advanced","MG",3393,"Gogozoom","telecommunications","United States",86.68,187,TRUE,0,0,71,,1,1
"MGP9HCUL","Lost",2017-02-26,2017-06-16,"2017-06","Markita Hansen","Celia Rouche","West","GTX Plus Basic","GTX",1096,"Plexzap","retail","United States",2437.85,4874,TRUE,0,0,110,,1,1
"HVZMZW96","Engaging",2017-02-26,,,"Maureen Marcano","Summer Sewald","West","GTX Plus Basic","GTX",1096,"Unknown","Unknown","Unknown",,,FALSE,0,,,,0,0
"1H1YDS7C","Engaging",2017-02-26,,,"Maureen Marcano","Summer Sewald","West","GTX Plus Basic","GTX",1096,"Unknown","Unknown","Unknown",,,FALSE,0,,,,0,0
"FZC2J90W","Engaging",2017-02-26,,,"Maureen Marcano","Summer Sewald","West","MG Advanced","MG",3393,"Bluth Company","technology","United States",1242.32,3027,FALSE,0,,,,1,1
"XX84TIMO","Lost",2017-02-26,2017-06-26,"2017-06","Maureen Marcano","Summer Sewald","West","GTX Plus Basic","GTX",1096,"Faxquote","telecommunications","United States",1825.82,5595,TRUE,0,0,120,,1,1
"2JFS8EGS","Lost",2017-02-26,2017-05-03,"2017-05","Maureen Marcano","Summer Sewald","West","MG Special","MG",55,"Nam-zim","services","Brazil",405.59,1179,TRUE,0,0,66,,1,1
"GBMHNLRO","Won",2017-02-26,2017-03-15,"2017-03","Moses Frase","Dustin Brinkmann","Central","GTX Basic","GTX",550,"Dontechi","software","United States",4618,10083,TRUE,1,660,17,-0.2,1,1
"NAVG0P26","Won",2017-02-26,2017-05-26,"2017-05","Moses Frase","Dustin Brinkmann","Central","GTX Basic","GTX",550,"Rundofase","technology","United States",1008.06,1238,TRUE,1,443,89,0.194545454545455,1,1
"DK955UBP","Lost",2017-02-26,2017-05-20,"2017-05","Niesha Huffines","Melvin Marxen","Central","MG Special","MG",55,"Codehow","software","United States",2714.9,2641,TRUE,0,0,83,,1,1
"0OOZE4GN","Lost",2017-02-26,2017-03-03,"2017-03","Rosie Papadopoulos","Cara Losch","East","GTX Plus Pro","GTX",5482,"Zotware","software","United States",4478.47,13809,TRUE,0,0,5,,1,1
"3P0T15VX","Lost",2017-02-26,2017-05-18,"2017-05","Rosie Papadopoulos","Cara Losch","East","MG Special","MG",55,"The New York Inquirer","medical","United States",439.21,792,TRUE,0,0,81,,1,1
"GK0A4IQW","Won",2017-02-26,2017-06-18,"2017-06","Versie Hillebrand","Dustin Brinkmann","Central","MG Special","MG",55,"Domzoom","entertainment","United States",217.87,551,TRUE,1,61,112,-0.109090909090909,1,1
"UI3DE2C4","Engaging",2017-02-26,,,"Zane Levy","Summer Sewald","West","GTX Plus Basic","GTX",1096,"Unknown","Unknown","Unknown",,,FALSE,0,,,,0,0
"UXJSIAVS","Won",2017-02-26,2017-03-14,"2017-03","Zane Levy","Summer Sewald","West","GTX Plus Pro","GTX",5482,"Y-corporation","employment","United States",2871.35,9561,TRUE,1,4846,16,0.116016052535571,1,1
"KR4K652E","Won",2017-02-27,2017-06-04,"2017-06","Anna Snelling","Dustin Brinkmann","Central","GTX Basic","GTX",550,"dambase","marketing","United States",2173.98,2928,TRUE,1,574,97,-0.0436363636363637,1,1
"J2SR2H1Y","Lost",2017-02-27,2017-06-18,"2017-06","Cassey Cress","Rocco Neubert","East","GTX Basic","GTX",550,"Ganjaflex","retail","Japan",5158.71,17479,TRUE,0,0,111,,1,1
"4U5VTUJL","Lost",2017-02-27,2017-05-22,"2017-05","Cassey Cress","Rocco Neubert","East","GTX Pro","GTX",4821,"Sumace","retail","Romania",167.89,493,TRUE,0,0,84,,1,1
"VTT447YT","Won",2017-02-27,2017-05-03,"2017-05","Cecily Lampkin","Dustin Brinkmann","Central","GTX Basic","GTX",550,"Conecom","technology","United States",1520.66,1806,TRUE,1,497,65,0.0963636363636363,1,1
"8JJY9B08","Lost",2017-02-27,2017-05-04,"2017-05","Corliss Cosme","Cara Losch","East","GTX Basic","GTX",550,"Xx-zobam","entertainment","United States",3838.39,8274,TRUE,0,0,66,,1,1
"STTAXKIU","Won",2017-02-27,2017-05-30,"2017-05","Corliss Cosme","Cara Losch","East","GTX Plus Pro","GTX",5482,"Konex","technology","United States",7708.38,13756,TRUE,1,5159,92,0.0589201021524991,1,1
"25FUROM1","Engaging",2017-02-27,,,"Daniell Hammack","Rocco Neubert","East","GTX Plus Basic","GTX",1096,"Y-corporation","employment","United States",2871.35,9561,FALSE,0,,,,1,1
"PX4OW5SC","Lost",2017-02-27,2017-05-02,"2017-05","Darcel Schlecht","Melvin Marxen","Central","MG Special","MG",55,"Codehow","software","United States",2714.9,2641,TRUE,0,0,64,,1,1
"87MEZS8G","Won",2017-02-27,2017-05-13,"2017-05","Darcel Schlecht","Melvin Marxen","Central","GTX Pro","GTX",4821,"Conecom","technology","United States",1520.66,1806,TRUE,1,4311,75,0.105787181082763,1,1
"SLIWHUIM","Won",2017-02-27,2017-05-22,"2017-05","Donn Cantrell","Rocco Neubert","East","GTX Basic","GTX",550,"Ganjaflex","retail","Japan",5158.71,17479,TRUE,1,609,84,-0.107272727272727,1,1
"XBVFZ1IR","Won",2017-02-27,2017-06-24,"2017-06","Gladys Colclough","Melvin Marxen","Central","GTX Plus Basic","GTX",1096,"Cancity","retail","United States",718.62,2448,TRUE,1,1008,117,0.0802919708029197,1,1
"7B3J333S","Won",2017-02-27,2017-06-22,"2017-06","Gladys Colclough","Melvin Marxen","Central","GTX Pro","GTX",4821,"Zumgoity","medical","United States",441.08,1210,TRUE,1,4458,115,0.0752955818294959,1,1
"9X2S0K15","Engaging",2017-02-27,,,"Hayden Neloms","Celia Rouche","West","MG Advanced","MG",3393,"Unknown","Unknown","Unknown",,,FALSE,0,,,,0,0
"3N9I1WH7","Won",2017-02-27,2017-05-26,"2017-05","Hayden Neloms","Celia Rouche","West","MG Advanced","MG",3393,"Plexzap","retail","United States",2437.85,4874,TRUE,1,2964,88,0.126436781609195,1,1
"TMW4J6NA","Lost",2017-02-27,2017-06-04,"2017-06","James Ascencio","Summer Sewald","West","GTX Plus Pro","GTX",5482,"Lexiqvolax","medical","United States",1618.89,3889,TRUE,0,0,97,,1,1
"ZI1MPYF3","Won",2017-02-27,2017-06-05,"2017-06","James Ascencio","Summer Sewald","West","MG Advanced","MG",3393,"Dalttechnology","software","United States",98.79,96,TRUE,1,3813,98,-0.123784261715296,1,1
"L6KOBEBZ","Won",2017-02-27,2017-05-27,"2017-05","Jonathan Berthelot","Melvin Marxen","Central","GTX Basic","GTX",550,"Rundofase","technology","United States",1008.06,1238,TRUE,1,528,89,0.04,1,1
"Z2S4KUPO","Won",2017-02-27,2017-03-10,"2017-03","Kary Hendrixson","Summer Sewald","West","GTX Plus Basic","GTX",1096,"Rantouch","telecommunications","United States",1188.42,3015,TRUE,1,1173,11,-0.0702554744525548,1,1
"GIW1PN4L","Won",2017-02-27,2017-06-19,"2017-06","Kary Hendrixson","Summer Sewald","West","GTX Pro","GTX",4821,"Kan-code","software","United States",11698.03,34288,TRUE,1,3893,112,0.192491184401576,1,1
"E57F5Z2K","Won",2017-02-27,2017-03-15,"2017-03","Kary Hendrixson","Summer Sewald","West","GTX Pro","GTX",4821,"Sonron","telecommunications","United States",1699.85,5108,TRUE,1,4678,16,0.0296618958722257,1,1
"38KKSE72","Won",2017-02-27,2017-06-01,"2017-06","Lajuana Vencill","Dustin Brinkmann","Central","GTX Basic","GTX",550,"Bioholding","medical","Philipines",587.34,1356,TRUE,1,530,94,0.0363636363636364,1,1
"0GJ586J0","Lost",2017-02-27,2017-03-14,"2017-03","Markita Hansen","Celia Rouche","West","MG Special","MG",55,"Sunnamplex","marketing","Poland",894.37,1593,TRUE,0,0,15,,1,1
"4V0S4BA3","Won",2017-02-27,2017-06-27,"2017-06","Markita Hansen","Celia Rouche","West","GTK 500","GTK",26768,"Goodsilron","marketing","United States",2952.73,5107,TRUE,1,29617,120,-0.106433054393305,1,1
"1LTD5TKV","Won",2017-02-27,2017-05-09,"2017-05","Marty Freudenburg","Melvin Marxen","Central","GTX Plus Basic","GTX",1096,"Isdom","medical","United States",3178.24,4540,TRUE,1,1028,71,0.0620437956204379,1,1
"VBM56CIF","Won",2017-02-27,2017-06-28,"2017-06","Marty Freudenburg","Melvin Marxen","Central","MG Advanced","MG",3393,"Domzoom","entertainment","United States",217.87,551,TRUE,1,2863,121,0.156203949307398,1,1
"XRZVJPD5","Engaging",2017-02-27,,,"Maureen Marcano","Summer Sewald","West","GTX Plus Basic","GTX",1096,"Unknown","Unknown","Unknown",,,FALSE,0,,,,0,0
"PDH2NPE1","Won",2017-02-27,2017-06-28,"2017-06","Moses Frase","Dustin Brinkmann","Central","MG Advanced","MG",3393,"Codehow","software","United States",2714.9,2641,TRUE,1,4109,121,-0.211022693781314,1,1
"OV60VIBB","Lost",2017-02-27,2017-05-08,"2017-05","Niesha Huffines","Melvin Marxen","Central","GTX Basic","GTX",550,"Betatech","medical","Kenya",647.18,1185,TRUE,0,0,70,,1,1
"2OAIXF3A","Won",2017-02-27,2017-03-13,"2017-03","Reed Clapper","Rocco Neubert","East","GTX Plus Basic","GTX",1096,"Kan-code","software","United States",11698.03,34288,TRUE,1,1106,14,-0.00912408759124084,1,1
"QDGUWTLU","Engaging",2017-02-27,,,"Rosalina Dieter","Celia Rouche","West","MG Special","MG",55,"Unknown","Unknown","Unknown",,,FALSE,0,,,,0,0
"FBSEA94D","Won",2017-02-27,2017-06-30,"2017-06","Rosie Papadopoulos","Cara Losch","East","MG Special","MG",55,"Bubba Gump","software","United States",987.39,2253,TRUE,1,53,123,0.0363636363636364,1,1
"EOB01PRO","Won",2017-02-27,2017-05-14,"2017-05","Versie Hillebrand","Dustin Brinkmann","Central","MG Special","MG",55,"Globex Corporation","technology","Norway",1223.72,2497,TRUE,1,47,76,0.145454545454546,1,1
"5QC9H4C2","Won",2017-02-27,2017-05-23,"2017-05","Violet Mclelland","Cara Losch","East","MG Advanced","MG",3393,"Kan-code","software","United States",11698.03,34288,TRUE,1,3749,85,-0.104921898025346,1,1
"3HGQ3BOY","Won",2017-02-27,2017-05-27,"2017-05","Violet Mclelland","Cara Losch","East","MG Advanced","MG",3393,"Ontomedia","employment","United States",882.12,2769,TRUE,1,4204,89,-0.239021514883584,1,1
"CO6ZPH1W","Won",2017-02-28,2017-06-15,"2017-06","Cassey Cress","Rocco Neubert","East","MG Advanced","MG",3393,"Umbrella Corporation","finance","United States",2022.14,5113,TRUE,1,3986,107,-0.174771588564692,1,1
"M3WTE943","Won",2017-02-28,2017-06-05,"2017-06","Daniell Hammack","Rocco Neubert","East","GTX Pro","GTX",4821,"Donquadtech","technology","United States",1712.68,3194,TRUE,1,5105,97,-0.0589089400539307,1,1
"X914SMX7","Won",2017-02-28,2017-06-22,"2017-06","Darcel Schlecht","Melvin Marxen","Central","GTX Basic","GTX",550,"Genco Pura Olive Oil Company","retail","Italy",894.33,1635,TRUE,1,516,114,0.0618181818181818,1,1
"1MCE2AOV","Won",2017-02-28,2017-06-02,"2017-06","Darcel Schlecht","Melvin Marxen","Central","GTX Pro","GTX",4821,"Rundofase","technology","United States",1008.06,1238,TRUE,1,4407,94,0.0858742999377723,1,1
"8061HKKB","Won",2017-02-28,2017-06-19,"2017-06","Donn Cantrell","Rocco Neubert","East","MG Advanced","MG",3393,"Zathunicon","retail","United States",71.12,144,TRUE,1,3087,111,0.0901856763925729,1,1
"T1HIH384","Won",2017-02-28,2017-05-15,"2017-05","Gladys Colclough","Melvin Marxen","Central","GTX Plus Pro","GTX",5482,"Inity","marketing","United States",2403.58,8801,TRUE,1,5331,76,0.0275446917183509,1,1
"FM2NX2GB","Won",2017-02-28,2017-05-05,"2017-05","Hayden Neloms","Celia Rouche","West","MG Advanced","MG",3393,"Condax","medical","United States",4.54,9,TRUE,1,4069,66,-0.199233716475096,1,1
"JSZZN48S","Engaging",2017-02-28,,,"James Ascencio","Summer Sewald","West","GTX Plus Pro","GTX",5482,"Unknown","Unknown","Unknown",,,FALSE,0,,,,0,0
"SJ45HNHM","Won",2017-02-28,2017-06-29,"2017-06","James Ascencio","Summer Sewald","West","GTX Basic","GTX",550,"Hatfan","services","United States",792.46,1299,TRUE,1,463,121,0.158181818181818,1,1
"NYGZJYCJ","Won",2017-02-28,2017-05-26,"2017-05","James Ascencio","Summer Sewald","West","GTX Plus Pro","GTX",5482,"Faxquote","telecommunications","United States",1825.82,5595,TRUE,1,5625,87,-0.0260853703028092,1,1
"6MMFIIGE","Won",2017-02-28,2017-06-15,"2017-06","Lajuana Vencill","Dustin Brinkmann","Central","GTX Basic","GTX",550,"Rundofase","technology","United States",1008.06,1238,TRUE,1,524,107,0.0472727272727272,1,1
"IJ817GQJ","Lost",2017-02-28,2017-05-12,"2017-05","Markita Hansen","Celia Rouche","West","GTX Basic","GTX",550,"Cheers","entertainment","United States",4269.9,6472,TRUE,0,0,73,,1,1
"F2B62IW4","Engaging",2017-02-28,,,"Maureen Marcano","Summer Sewald","West","MG Special","MG",55,"Bioplex","medical","United States",326.82,1016,FALSE,0,,,,1,1
"PCRRS6JP","Lost",2017-02-28,2017-05-28,"2017-05","Moses Frase","Dustin Brinkmann","Central","MG Special","MG",55,"Genco Pura Olive Oil Company","retail","Italy",894.33,1635,TRUE,0,0,89,,1,1
"NKL5SWX3","Won",2017-02-28,2017-06-01,"2017-06","Reed Clapper","Rocco Neubert","East","GTX Plus Basic","GTX",1096,"Zencorporation","technology","China",40.79,142,TRUE,1,1161,93,-0.0593065693430657,1,1
"WVG1CIHX","Won",2017-02-28,2017-06-03,"2017-06","Reed Clapper","Rocco Neubert","East","GTX Plus Pro","GTX",5482,"Mathtouch","marketing","Jordan",3027.46,9516,TRUE,1,6046,95,-0.102882159795695,1,1
"7GRNFO6D","Won",2017-02-28,2017-05-18,"2017-05","Versie Hillebrand","Dustin Brinkmann","Central","MG Special","MG",55,"Dontechi","software","United States",4618,10083,TRUE,1,49,79,0.109090909090909,1,1
"G0QKNVIJ","Won",2017-03-01,2017-05-28,"2017-05","Anna Snelling","Dustin Brinkmann","Central","MG Special","MG",55,"Conecom","technology","United States",1520.66,1806,TRUE,1,51,88,0.0727272727272728,1,1
"6HRIX06M","Won",2017-03-01,2017-06-26,"2017-06","Anna Snelling","Dustin Brinkmann","Central","MG Advanced","MG",3393,"Hottechi","technology","Korea",8170.38,16499,TRUE,1,3415,117,-0.00648393751842025,1,1
"DEHQTB8B","Engaging",2017-03-01,,,"Boris Faz","Rocco Neubert","East","MG Special","MG",55,"Kinnamplus","retail","United States",702.72,1831,FALSE,0,,,,1,1
"AM5YTMH3","Won",2017-03-01,2017-03-10,"2017-03","Boris Faz","Rocco Neubert","East","GTX Plus Basic","GTX",1096,"Kan-code","software","United States",11698.03,34288,TRUE,1,1053,9,0.0392335766423357,1,1
"2L5ZWLI7","Lost",2017-03-01,2017-05-25,"2017-05","Cassey Cress","Rocco Neubert","East","GTX Plus Basic","GTX",1096,"Betasoloin","medical","United States",251.41,495,TRUE,0,0,85,,1,1
"6B6Q8C5S","Won",2017-03-01,2017-03-15,"2017-03","Cassey Cress","Rocco Neubert","East","GTX Pro","GTX",4821,"Donquadtech","technology","United States",1712.68,3194,TRUE,1,5068,14,-0.0512341837792989,1,1
"DF4KYH5H","Won",2017-03-01,2017-06-30,"2017-06","Cassey Cress","Rocco Neubert","East","GTX Pro","GTX",4821,"Massive Dynamic","entertainment","United States",665.06,1095,TRUE,1,4256,121,0.117195602572081,1,1
"KVR52YDI","Engaging",2017-03-01,,,"Corliss Cosme","Cara Losch","East","GTX Pro","GTX",4821,"Unknown","Unknown","Unknown",,,FALSE,0,,,,0,0
"JTDV6H65","Lost",2017-03-01,2017-05-08,"2017-05","Darcel Schlecht","Melvin Marxen","Central","MG Advanced","MG",3393,"Treequote","telecommunications","United States",5266.09,8595,TRUE,0,0,68,,1,1
"O8JF46GT","Won",2017-03-01,2017-03-12,"2017-03","Darcel Schlecht","Melvin Marxen","Central","GTX Basic","GTX",550,"Genco Pura Olive Oil Company","retail","Italy",894.33,1635,TRUE,1,657,11,-0.194545454545455,1,1
"RK5Y67V6","Won",2017-03-01,2017-03-08,"2017-03","Darcel Schlecht","Melvin Marxen","Central","MG Special","MG",55,"Stanredtax","finance","United States",1698.2,3798,TRUE,1,60,7,-0.0909090909090908,1,1
"COWOZH43","Lost",2017-03-01,2017-05-29,"2017-05","Donn Cantrell","Rocco Neubert","East","GTX Basic","GTX",550,"Opentech","finance","United States",355.23,853,TRUE,0,0,89,,1,1
"DGIYD342","Lost",2017-03-01,2017-05-10,"2017-05","Elease Gluck","Celia Rouche","West","GTX Plus Pro","GTX",5482,"Hottechi","technology","Korea",8170.38,16499,TRUE,0,0,70,,1,1
"JSSGVBVS","Lost",2017-03-01,2017-05-05,"2017-05","Garret Kinder","Cara Losch","East","GTX Basic","GTX",550,"Silis","medical","United States",2818.38,6290,TRUE,0,0,65,,1,1
"V28NVD6A","Won",2017-03-01,2017-05-01,"2017-05","Garret Kinder","Cara Losch","East","GTX Basic","GTX",550,"Plussunin","retail","United States",1419.98,4018,TRUE,1,629,61,-0.143636363636364,1,1
"I1IAVDQM","Lost",2017-03-01,2017-05-23,"2017-05","Gladys Colclough","Melvin Marxen","Central","MG Advanced","MG",3393,"Hottechi","technology","Korea",8170.38,16499,TRUE,0,0,83,,1,1
"4MC584U5","Won",2017-03-01,2017-06-02,"2017-06","Gladys Colclough","Melvin Marxen","Central","MG Advanced","MG",3393,"Treequote","telecommunications","United States",5266.09,8595,TRUE,1,4082,93,-0.203065134099617,1,1
"MCYLHUCZ","Won",2017-03-01,2017-05-31,"2017-05","Lajuana Vencill","Dustin Brinkmann","Central","GTX Plus Basic","GTX",1096,"Rundofase","technology","United States",1008.06,1238,TRUE,1,1044,91,0.0474452554744526,1,1
"5E4DTWHV","Lost",2017-03-01,2017-06-11,"2017-06","Marty Freudenburg","Melvin Marxen","Central","MG Advanced","MG",3393,"Inity","marketing","United States",2403.58,8801,TRUE,0,0,102,,1,1
"1VUBYV53","Won",2017-03-01,2017-03-21,"2017-03","Maureen Marcano","Summer Sewald","West","GTX Plus Basic","GTX",1096,"Rantouch","telecommunications","United States",1188.42,3015,TRUE,1,1025,20,0.0647810218978102,1,1
"W03CXYET","Won",2017-03-01,2017-06-17,"2017-06","Moses Frase","Dustin Brinkmann","Central","GTX Basic","GTX",550,"Streethex","retail","Belgium",1376.8,1165,TRUE,1,465,108,0.154545454545455,1,1
"LZVFFQLN","Won",2017-03-01,2017-06-14,"2017-06","Moses Frase","Dustin Brinkmann","Central","MG Special","MG",55,"Konmatfix","marketing","United States",375.43,1190,TRUE,1,50,105,0.0909090909090909,1,1
"MFV0C5RN","Won",2017-03-01,2017-03-09,"2017-03","Reed Clapper","Rocco Neubert","East","GTX Plus Pro","GTX",5482,"Vehement Capital Partners","finance","United States",646.1,883,TRUE,1,5548,8,-0.0120394016782197,1,1
"A1WZEK7U","Won",2017-03-01,2017-06-03,"2017-06","Reed Clapper","Rocco Neubert","East","MG Advanced","MG",3393,"Kan-code","software","United States",11698.03,34288,TRUE,1,3558,94,-0.0486295313881522,1,1
"516FJUNB","Won",2017-03-01,2017-03-07,"2017-03","Rosalina Dieter","Celia Rouche","West","MG Advanced","MG",3393,"Singletechno","retail","United States",2214.94,5374,TRUE,1,3959,6,-0.166814028882994,1,1
"PE8DK02A","Won",2017-03-01,2017-03-17,"2017-03","Versie Hillebrand","Dustin Brinkmann","Central","MG Special","MG",55,"Ron-tech","medical","United States",3922.42,6837,TRUE,1,49,16,0.109090909090909,1,1
"10NTPQUY","Won",2017-03-01,2017-06-16,"2017-06","Versie Hillebrand","Dustin Brinkmann","Central","MG Special","MG",55,"Warephase","services","United States",2041.73,5276,TRUE,1,50,107,0.0909090909090909,1,1
"X2EXSMPR","Won",2017-03-01,2017-03-08,"2017-03","Vicki Laflamme","Celia Rouche","West","GTX Basic","GTX",550,"Xx-holding","finance","United States",7537.24,20293,TRUE,1,523,7,0.0490909090909091,1,1
"JCFQVIEG","Won",2017-03-01,2017-06-01,"2017-06","Vicki Laflamme","Celia Rouche","West","GTX Plus Basic","GTX",1096,"Zoomit","entertainment","United States",324.19,978,TRUE,1,1086,92,0.00912408759124084,1,1
"XIWKGJOW","Won",2017-03-01,2017-03-09,"2017-03","Vicki Laflamme","Celia Rouche","West","GTX Pro","GTX",4821,"Goodsilron","marketing","United States",2952.73,5107,TRUE,1,4445,8,0.0779921178178801,1,1
"STT3X4NB","Engaging",2017-03-01,,,"Violet Mclelland","Cara Losch","East","GTX Basic","GTX",550,"Xx-holding","finance","United States",7537.24,20293,FALSE,0,,,,1,1
"DHGLWIDZ","Won",2017-03-01,2017-06-24,"2017-06","Violet Mclelland","Cara Losch","East","GTX Pro","GTX",4821,"Umbrella Corporation","finance","United States",2022.14,5113,TRUE,1,4756,115,0.0134826799419208,1,1
"74VGCEEW","Won",2017-03-01,2017-06-19,"2017-06","Violet Mclelland","Cara Losch","East","MG Special","MG",55,"Gekko & Co","retail","United States",2520.83,3502,TRUE,1,67,110,-0.218181818181818,1,1
"MXTAIS4Q","Won",2017-03-01,2017-06-09,"2017-06","Wilburn Farren","Cara Losch","East","MG Advanced","MG",3393,"Iselectrics","technology","United States",527.11,1428,TRUE,1,3783,100,-0.114942528735632,1,1
"XRDF1NAB","Engaging",2017-03-01,,,"Zane Levy","Summer Sewald","West","GTX Pro","GTX",4821,"Unknown","Unknown","Unknown",,,FALSE,0,,,,0,0
"YP8QKKEZ","Lost",2017-03-01,2017-05-31,"2017-05","Zane Levy","Summer Sewald","West","GTX Basic","GTX",550,"Doncon","technology","United States",587.72,1501,TRUE,0,0,91,,1,1
"3TSOEM5K","Lost",2017-03-01,2017-06-27,"2017-06","Zane Levy","Summer Sewald","West","GTX Plus Pro","GTX",5482,"Rantouch","telecommunications","United States",1188.42,3015,TRUE,0,0,118,,1,1
"G7RCJBVL","Lost",2017-03-02,2017-05-31,"2017-05","Anna Snelling","Dustin Brinkmann","Central","MG Advanced","MG",3393,"Dontechi","software","United States",4618,10083,TRUE,0,0,90,,1,1
"G20IQSA3","Won",2017-03-02,2017-03-12,"2017-03","Anna Snelling","Dustin Brinkmann","Central","GTX Basic","GTX",550,"Conecom","technology","United States",1520.66,1806,TRUE,1,522,10,0.0509090909090909,1,1
"Q16BQCEL","Won",2017-03-02,2017-03-18,"2017-03","Boris Faz","Rocco Neubert","East","GTX Plus Basic","GTX",1096,"Kinnamplus","retail","United States",702.72,1831,TRUE,1,1001,16,0.0866788321167883,1,1
"9924I5ZF","Won",2017-03-02,2017-05-25,"2017-05","Cecily Lampkin","Dustin Brinkmann","Central","GTX Plus Pro","GTX",5482,"Betatech","medical","Kenya",647.18,1185,TRUE,1,5728,84,-0.0448741335279095,1,1
"SLLJT3T1","Won",2017-03-02,2017-06-19,"2017-06","Darcel Schlecht","Melvin Marxen","Central","GTX Plus Pro","GTX",5482,"Codehow","software","United States",2714.9,2641,TRUE,1,4856,109,0.114191900766144,1,1
"AAEUN73V","Won",2017-03-02,2017-05-26,"2017-05","Darcel Schlecht","Melvin Marxen","Central","GTX Pro","GTX",4821,"Cancity","retail","United States",718.62,2448,TRUE,1,5570,85,-0.155361958099979,1,1
"32LY2D1K","Won",2017-03-02,2017-05-26,"2017-05","Darcel Schlecht","Melvin Marxen","Central","MG Advanced","MG",3393,"Conecom","technology","United States",1520.66,1806,TRUE,1,3647,85,-0.0748600058944886,1,1
"S2UWELRW","Won",2017-03-02,2017-06-11,"2017-06","Donn Cantrell","Rocco Neubert","East","GTX Basic","GTX",550,"Mathtouch","marketing","Jordan",3027.46,9516,TRUE,1,487,101,0.114545454545455,1,1
"5VQRLIEZ","Won",2017-03-02,2017-06-12,"2017-06","Donn Cantrell","Rocco Neubert","East","GTX Plus Basic","GTX",1096,"Donquadtech","technology","United States",1712.68,3194,TRUE,1,1166,102,-0.0638686131386861,1,1
"WUNMIJW9","Engaging",2017-03-02,,,"Elease Gluck","Celia Rouche","West","MG Advanced","MG",3393,"Unknown","Unknown","Unknown",,,FALSE,0,,,,0,0
"6U0CT07B","Won",2017-03-02,2017-06-06,"2017-06","Jonathan Berthelot","Melvin Marxen","Central","GTX Basic","GTX",550,"Scottech","marketing","United States",45.39,100,TRUE,1,595,96,-0.0818181818181818,1,1
"DFN1V29L","Won",2017-03-02,2017-06-04,"2017-06","Kami Bicknell","Summer Sewald","West","MG Special","MG",55,"Condax","medical","United States",4.54,9,TRUE,1,49,94,0.109090909090909,1,1
"VBZ862OS","Won",2017-03-02,2017-03-19,"2017-03","Kary Hendrixson","Summer Sewald","West","GTX Basic","GTX",550,"Xx-holding","finance","United States",7537.24,20293,TRUE,1,599,17,-0.0890909090909091,1,1
"VFKKSJT2","Won",2017-03-02,2017-05-15,"2017-05","Kary Hendrixson","Summer Sewald","West","GTX Pro","GTX",4821,"Kan-code","software","United States",11698.03,34288,TRUE,1,4506,74,0.0653391412570006,1,1
"FJMFXCTD","Won",2017-03-02,2017-05-06,"2017-05","Kary Hendrixson","Summer Sewald","West","GTX Pro","GTX",4821,"Sunnamplex","marketing","Poland",894.37,1593,TRUE,1,4512,65,0.0640945861854387,1,1
"LGLIB8TR","Lost",2017-03-02,2017-05-01,"2017-05","Lajuana Vencill","Dustin Brinkmann","Central","GTX Basic","GTX",550,"Gogozoom","telecommunications","United States",86.68,187,TRUE,0,0,60,,1,1
"JREGYB42","Won",2017-03-02,2017-05-06,"2017-05","Maureen Marcano","Summer Sewald","West","GTX Plus Basic","GTX",1096,"Nam-zim","services","Brazil",405.59,1179,TRUE,1,1102,65,-0.00547445255474455,1,1
"4V9NMGEA","Engaging",2017-03-02,,,"Rosalina Dieter","Celia Rouche","West","GTX Basic","GTX",550,"Unknown","Unknown","Unknown",,,FALSE,0,,,,0,0
"9PWM6RYC","Lost",2017-03-02,2017-06-10,"2017-06","Rosalina Dieter","Celia Rouche","West","GTX Basic","GTX",550,"Rantouch","telecommunications","United States",1188.42,3015,TRUE,0,0,100,,1,1
"EMUA57Q2","Won",2017-03-02,2017-05-12,"2017-05","Versie Hillebrand","Dustin Brinkmann","Central","MG Special","MG",55,"Condax","medical","United States",4.54,9,TRUE,1,54,71,0.0181818181818182,1,1
"DB3N4CHN","Won",2017-03-02,2017-03-17,"2017-03","Versie Hillebrand","Dustin Brinkmann","Central","MG Special","MG",55,"Hottechi","technology","Korea",8170.38,16499,TRUE,1,62,15,-0.127272727272727,1,1
"4CXUC4VR","Engaging",2017-03-02,,,"Vicki Laflamme","Celia Rouche","West","GTX Basic","GTX",550,"Rantouch","telecommunications","United States",1188.42,3015,FALSE,0,,,,1,1
"79EHWR35","Engaging",2017-03-02,,,"Vicki Laflamme","Celia Rouche","West","GTX Basic","GTX",550,"Unknown","Unknown","Unknown",,,FALSE,0,,,,0,0
"L0GMLGRR","Engaging",2017-03-02,,,"Vicki Laflamme","Celia Rouche","West","MG Special","MG",55,"Unknown","Unknown","Unknown",,,FALSE,0,,,,0,0
"OF7GY5F4","Won",2017-03-02,2017-03-09,"2017-03","Violet Mclelland","Cara Losch","East","MG Special","MG",55,"The New York Inquirer","medical","United States",439.21,792,TRUE,1,61,7,-0.109090909090909,1,1
"D3ZC338T","Engaging",2017-03-02,,,"Zane Levy","Summer Sewald","West","GTX Basic","GTX",550,"Unknown","Unknown","Unknown",,,FALSE,0,,,,0,0
"CVFJUYPM","Lost",2017-03-02,2017-05-23,"2017-05","Zane Levy","Summer Sewald","West","GTX Pro","GTX",4821,"Singletechno","retail","United States",2214.94,5374,TRUE,0,0,82,,1,1
"L5807I4N","Won",2017-03-02,2017-03-16,"2017-03","Zane Levy","Summer Sewald","West","GTX Pro","GTX",4821,"Labdrill","medical","United States",2741.37,9226,TRUE,1,4277,14,0.112839659821614,1,1
"Q1ZKBGV5","Won",2017-03-03,2017-05-23,"2017-05","Anna Snelling","Dustin Brinkmann","Central","MG Special","MG",55,"Globex Corporation","technology","Norway",1223.72,2497,TRUE,1,46,81,0.163636363636364,1,1
"9JKODCAU","Won",2017-03-03,2017-06-22,"2017-06","Anna Snelling","Dustin Brinkmann","Central","MG Special","MG",55,"Rundofase","technology","United States",1008.06,1238,TRUE,1,54,111,0.0181818181818182,1,1
"LELWKXDX","Won",2017-03-03,2017-06-08,"2017-06","Boris Faz","Rocco Neubert","East","GTX Plus Pro","GTX",5482,"Donquadtech","technology","United States",1712.68,3194,TRUE,1,6173,97,-0.126048887267421,1,1
"QRQ8C6MQ","Engaging",2017-03-03,,,"Cassey Cress","Rocco Neubert","East","GTX Pro","GTX",4821,"Globex Corporation","technology","Norway",1223.72,2497,FALSE,0,,,,1,1
"DA95Q0VE","Lost",2017-03-03,2017-03-21,"2017-03","Cassey Cress","Rocco Neubert","East","MG Advanced","MG",3393,"Ganjaflex","retail","Japan",5158.71,17479,TRUE,0,0,18,,1,1
"5HMZH1Z9","Lost",2017-03-03,2017-06-11,"2017-06","Daniell Hammack","Rocco Neubert","East","GTX Pro","GTX",4821,"Sumace","retail","Romania",167.89,493,TRUE,0,0,100,,1,1
"05QMFSF0","Lost",2017-03-03,2017-05-16,"2017-05","Darcel Schlecht","Melvin Marxen","Central","GTX Pro","GTX",4821,"Toughzap","retail","United States",332.43,799,TRUE,0,0,74,,1,1
"JE245P8R","Won",2017-03-03,2017-05-28,"2017-05","Darcel Schlecht","Melvin Marxen","Central","GTX Plus Basic","GTX",1096,"Konmatfix","marketing","United States",375.43,1190,TRUE,1,1149,86,-0.0483576642335766,1,1
"SFQMEZIW","Lost",2017-03-03,2017-05-04,"2017-05","Garret Kinder","Cara Losch","East","GTX Basic","GTX",550,"Silis","medical","United States",2818.38,6290,TRUE,0,0,62,,1,1
"B8RR21XP","Lost",2017-03-03,2017-03-16,"2017-03","Jonathan Berthelot","Melvin Marxen","Central","GTX Plus Basic","GTX",1096,"Dontechi","software","United States",4618,10083,TRUE,0,0,13,,1,1
"ZG8WPG99","Engaging",2017-03-03,,,"Kary Hendrixson","Summer Sewald","West","GTX Pro","GTX",4821,"Unknown","Unknown","Unknown",,,FALSE,0,,,,0,0
"U85VV1BU","Won",2017-03-03,2017-05-22,"2017-05","Kary Hendrixson","Summer Sewald","West","GTX Basic","GTX",550,"Goodsilron","marketing","United States",2952.73,5107,TRUE,1,568,80,-0.0327272727272727,1,1
"V6HB68BL","Won",2017-03-03,2017-05-30,"2017-05","Kary Hendrixson","Summer Sewald","West","GTX Basic","GTX",550,"J-Texon","retail","United States",1388.67,3583,TRUE,1,567,88,-0.030909090909091,1,1
"H9JPB7GW","Won",2017-03-03,2017-03-09,"2017-03","Lajuana Vencill","Dustin Brinkmann","Central","GTX Basic","GTX",550,"Genco Pura Olive Oil Company","retail","Italy",894.33,1635,TRUE,1,542,6,0.0145454545454545,1,1
"8LFNU39A","Lost",2017-03-03,2017-05-28,"2017-05","Marty Freudenburg","Melvin Marxen","Central","GTX Basic","GTX",550,"Conecom","technology","United States",1520.66,1806,TRUE,0,0,86,,1,1
"SWPTTVQZ","Won",2017-03-03,2017-03-16,"2017-03","Marty Freudenburg","Melvin Marxen","Central","GTX Plus Basic","GTX",1096,"Funholding","finance","United States",2819.5,7227,TRUE,1,1062,13,0.031021897810219,1,1
"GKJLM1UR","Won",2017-03-03,2017-03-13,"2017-03","Maureen Marcano","Summer Sewald","West","GTX Plus Basic","GTX",1096,"Fasehatice","retail","United States",4968.91,7523,TRUE,1,1057,10,0.0355839416058394,1,1
"8L1ZHTPL","Won",2017-03-03,2017-06-01,"2017-06","Moses Frase","Dustin Brinkmann","Central","GTX Plus Basic","GTX",1096,"Globex Corporation","technology","Norway",1223.72,2497,TRUE,1,1020,90,0.0693430656934306,1,1
"U7M26UZV","Engaging",2017-03-03,,,"Vicki Laflamme","Celia Rouche","West","MG Special","MG",55,"Unknown","Unknown","Unknown",,,FALSE,0,,,,0,0
"TV300INP","Engaging",2017-03-03,,,"Wilburn Farren","Cara Losch","East","GTX Plus Pro","GTX",5482,"Unknown","Unknown","Unknown",,,FALSE,0,,,,0,0
"KBQ16F1I","Engaging",2017-03-03,,,"Zane Levy","Summer Sewald","West","GTX Basic","GTX",550,"Unknown","Unknown","Unknown",,,FALSE,0,,,,0,0
"4XX690SP","Won",2017-03-03,2017-05-11,"2017-05","Zane Levy","Summer Sewald","West","GTX Basic","GTX",550,"Green-Plus","services","United States",692.19,1922,TRUE,1,535,69,0.0272727272727272,1,1
"JSDGELLK","Won",2017-03-04,2017-06-13,"2017-06","Anna Snelling","Dustin Brinkmann","Central","GTX Basic","GTX",550,"Codehow","software","United States",2714.9,2641,TRUE,1,522,101,0.0509090909090909,1,1
"LV1754PS","Won",2017-03-04,2017-05-14,"2017-05","Anna Snelling","Dustin Brinkmann","Central","GTX Basic","GTX",550,"Rangreen","technology","Panama",2938.67,8775,TRUE,1,544,71,0.0109090909090909,1,1
"JIYYV11P","Won",2017-03-04,2017-06-07,"2017-06","Anna Snelling","Dustin Brinkmann","Central","MG Advanced","MG",3393,"Genco Pura Olive Oil Company","retail","Italy",894.33,1635,TRUE,1,3081,95,0.0919540229885057,1,1
"FYN7C0CV","Engaging",2017-03-04,,,"Cassey Cress","Rocco Neubert","East","MG Advanced","MG",3393,"Unknown","Unknown","Unknown",,,FALSE,0,,,,0,0
"6TB7XA83","Won",2017-03-04,2017-05-18,"2017-05","Cecily Lampkin","Dustin Brinkmann","Central","MG Special","MG",55,"dambase","marketing","United States",2173.98,2928,TRUE,1,51,75,0.0727272727272728,1,1
"U5UM9W8V","Lost",2017-03-04,2017-05-09,"2017-05","Corliss Cosme","Cara Losch","East","GTX Plus Basic","GTX",1096,"Zencorporation","technology","China",40.79,142,TRUE,0,0,66,,1,1
"5JDWBOLS","Engaging",2017-03-04,,,"Daniell Hammack","Rocco Neubert","East","GTX Basic","GTX",550,"Unknown","Unknown","Unknown",,,FALSE,0,,,,0,0
"POB32WHJ","Lost",2017-03-04,2017-05-06,"2017-05","Daniell Hammack","Rocco Neubert","East","GTX Plus Basic","GTX",1096,"Acme Corporation","technology","United States",1100.04,2822,TRUE,0,0,63,,1,1
"4T8KR12S","Won",2017-03-04,2017-03-20,"2017-03","Darcel Schlecht","Melvin Marxen","Central","GTX Plus Basic","GTX",1096,"Streethex","retail","Belgium",1376.8,1165,TRUE,1,1076,16,0.0182481751824818,1,1
"JA0D4V57","Won",2017-03-04,2017-05-09,"2017-05","James Ascencio","Summer Sewald","West","MG Advanced","MG",3393,"Y-corporation","employment","United States",2871.35,9561,TRUE,1,3685,66,-0.0860595343353965,1,1
"6CKB8I8U","Lost",2017-03-04,2017-05-13,"2017-05","Jonathan Berthelot","Melvin Marxen","Central","GTX Plus Basic","GTX",1096,"Hottechi","technology","Korea",8170.38,16499,TRUE,0,0,70,,1,1
"HKBAON9X","Won",2017-03-04,2017-05-18,"2017-05","Kami Bicknell","Summer Sewald","West","GTX Pro","GTX",4821,"Golddex","finance","United States",52.5,165,TRUE,1,3997,75,0.170918896494503,1,1
"7S1N6QHI","Won",2017-03-04,2017-03-18,"2017-03","Kami Bicknell","Summer Sewald","West","MG Special","MG",55,"Y-corporation","employment","United States",2871.35,9561,TRUE,1,51,14,0.0727272727272728,1,1
"CHI2T3IH","Won",2017-03-04,2017-03-21,"2017-03","Kami Bicknell","Summer Sewald","West","MG Advanced","MG",3393,"Sunnamplex","marketing","Poland",894.37,1593,TRUE,1,3164,17,0.0674918950781019,1,1
"X7HK448T","Won",2017-03-04,2017-06-22,"2017-06","Lajuana Vencill","Dustin Brinkmann","Central","GTX Basic","GTX",550,"Funholding","finance","United States",2819.5,7227,TRUE,1,496,110,0.0981818181818181,1,1
"1YYN3PBU","Lost",2017-03-04,2017-05-13,"2017-05","Markita Hansen","Celia Rouche","West","MG Advanced","MG",3393,"Faxquote","telecommunications","United States",1825.82,5595,TRUE,0,0,70,,1,1
"R4L36Y0P","Won",2017-03-04,2017-03-26,"2017-03","Marty Freudenburg","Melvin Marxen","Central","GTX Basic","GTX",550,"Stanredtax","finance","United States",1698.2,3798,TRUE,1,579,22,-0.0527272727272727,1,1
"CPTEPYPZ","Lost",2017-03-04,2017-05-20,"2017-05","Maureen Marcano","Summer Sewald","West","GTX Basic","GTX",550,"Xx-holding","finance","United States",7537.24,20293,TRUE,0,0,77,,1,1
"AJJ7VJWA","Lost",2017-03-04,2017-05-02,"2017-05","Niesha Huffines","Melvin Marxen","Central","GTX Pro","GTX",4821,"Bioholding","medical","Philipines",587.34,1356,TRUE,0,0,59,,1,1
"8BR6E4S6","Lost",2017-03-04,2017-05-27,"2017-05","Niesha Huffines","Melvin Marxen","Central","GTX Pro","GTX",4821,"Treequote","telecommunications","United States",5266.09,8595,TRUE,0,0,84,,1,1
"YNKWBEEN","Won",2017-03-04,2017-06-27,"2017-06","Reed Clapper","Rocco Neubert","East","GTX Basic","GTX",550,"Kan-code","software","United States",11698.03,34288,TRUE,1,521,115,0.0527272727272727,1,1
"SARVIBLS","Won",2017-03-04,2017-03-07,"2017-03","Reed Clapper","Rocco Neubert","East","MG Advanced","MG",3393,"Gekko & Co","retail","United States",2520.83,3502,TRUE,1,3889,3,-0.146183318597112,1,1
"M4ZNQTEQ","Won",2017-03-04,2017-03-12,"2017-03","Rosie Papadopoulos","Cara Losch","East","MG Advanced","MG",3393,"Plussunin","retail","United States",1419.98,4018,TRUE,1,3340,8,0.0156203949307397,1,1
"K0GWTWYL","Lost",2017-03-04,2017-03-20,"2017-03","Versie Hillebrand","Dustin Brinkmann","Central","MG Special","MG",55,"Finhigh","finance","United States",1102.43,1759,TRUE,0,0,16,,1,1
"TCSQO748","Lost",2017-03-04,2017-05-11,"2017-05","Vicki Laflamme","Celia Rouche","West","GTX Pro","GTX",4821,"Cheers","entertainment","United States",4269.9,6472,TRUE,0,0,68,,1,1
"7TI1WTV9","Engaging",2017-03-04,,,"Zane Levy","Summer Sewald","West","GTX Pro","GTX",4821,"Acme Corporation","technology","United States",1100.04,2822,FALSE,0,,,,1,1
"01EH41WA","Engaging",2017-03-04,,,"Zane Levy","Summer Sewald","West","GTX Pro","GTX",4821,"Unknown","Unknown","Unknown",,,FALSE,0,,,,0,0
"ITCY8YV0","Won",2017-03-04,2017-06-11,"2017-06","Zane Levy","Summer Sewald","West","GTX Pro","GTX",4821,"Blackzim","retail","United States",497.11,1588,TRUE,1,5876,99,-0.218834266749637,1,1
"SAUAOZVO","Won",2017-03-05,2017-05-29,"2017-05","Anna Snelling","Dustin Brinkmann","Central","GTX Plus Pro","GTX",5482,"Toughzap","retail","United States",332.43,799,TRUE,1,5092,85,0.0711419190076614,1,1
"1XHLB0Q5","Lost",2017-03-05,2017-05-09,"2017-05","Boris Faz","Rocco Neubert","East","GTX Plus Basic","GTX",1096,"Massive Dynamic","entertainment","United States",665.06,1095,TRUE,0,0,65,,1,1
"71GQNH5T","Engaging",2017-03-05,,,"Cassey Cress","Rocco Neubert","East","MG Advanced","MG",3393,"Unknown","Unknown","Unknown",,,FALSE,0,,,,0,0
"LSA39JBG","Engaging",2017-03-05,,,"Daniell Hammack","Rocco Neubert","East","GTX Basic","GTX",550,"Unknown","Unknown","Unknown",,,FALSE,0,,,,0,0
"OJVA8ZEK","Won",2017-03-05,2017-06-08,"2017-06","Daniell Hammack","Rocco Neubert","East","GTX Plus Basic","GTX",1096,"Acme Corporation","technology","United States",1100.04,2822,TRUE,1,966,95,0.118613138686131,1,1
"UAX3F7D4","Won",2017-03-05,2017-03-21,"2017-03","Daniell Hammack","Rocco Neubert","East","GTX Plus Pro","GTX",5482,"Opentech","finance","United States",355.23,853,TRUE,1,6024,16,-0.0988690259029552,1,1
"7PDUWDGT","Won",2017-03-05,2017-03-14,"2017-03","Daniell Hammack","Rocco Neubert","East","MG Advanced","MG",3393,"Condax","medical","United States",4.54,9,TRUE,1,3759,9,-0.107869142351901,1,1
"QWJ2TRQM","Lost",2017-03-05,2017-05-24,"2017-05","Darcel Schlecht","Melvin Marxen","Central","GTX Pro","GTX",4821,"Streethex","retail","Belgium",1376.8,1165,TRUE,0,0,80,,1,1
"3AU5SZ3V","Won",2017-03-05,2017-03-23,"2017-03","Donn Cantrell","Rocco Neubert","East","GTX Pro","GTX",4821,"Donquadtech","technology","United States",1712.68,3194,TRUE,1,4443,18,0.0784069695084008,1,1
"BVOO33UA","Won",2017-03-05,2017-06-28,"2017-06","Hayden Neloms","Celia Rouche","West","MG Advanced","MG",3393,"Cheers","entertainment","United States",4269.9,6472,TRUE,1,3397,115,-0.00117889773062196,1,1
"SC7XGQVA","Lost",2017-03-05,2017-03-15,"2017-03","James Ascencio","Summer Sewald","West","GTX Plus Pro","GTX",5482,"Singletechno","retail","United States",2214.94,5374,TRUE,0,0,10,,1,1
"UY45Y7AM","Lost",2017-03-05,2017-05-14,"2017-05","James Ascencio","Summer Sewald","West","MG Special","MG",55,"Sunnamplex","marketing","Poland",894.37,1593,TRUE,0,0,70,,1,1
"M92Y63Q3","Won",2017-03-05,2017-05-05,"2017-05","Jonathan Berthelot","Melvin Marxen","Central","MG Special","MG",55,"Domzoom","entertainment","United States",217.87,551,TRUE,1,59,61,-0.0727272727272728,1,1
"AKTPC3M1","Engaging",2017-03-05,,,"Kami Bicknell","Summer Sewald","West","GTX Basic","GTX",550,"Unknown","Unknown","Unknown",,,FALSE,0,,,,0,0
"JXAYTFNI","Lost",2017-03-05,2017-05-12,"2017-05","Lajuana Vencill","Dustin Brinkmann","Central","GTX Basic","GTX",550,"Cancity","retail","United States",718.62,2448,TRUE,0,0,68,,1,1
"BMM5D5R4","Lost",2017-03-05,2017-05-21,"2017-05","Lajuana Vencill","Dustin Brinkmann","Central","GTX Basic","GTX",550,"dambase","marketing","United States",2173.98,2928,TRUE,0,0,77,,1,1
"PSGTTYUT","Won",2017-03-05,2017-06-06,"2017-06","Lajuana Vencill","Dustin Brinkmann","Central","GTX Basic","GTX",550,"Rangreen","technology","Panama",2938.67,8775,TRUE,1,494,93,0.101818181818182,1,1
"JRC2PMKX","Won",2017-03-05,2017-05-16,"2017-05","Lajuana Vencill","Dustin Brinkmann","Central","GTX Plus Basic","GTX",1096,"Codehow","software","United States",2714.9,2641,TRUE,1,1060,72,0.0328467153284672,1,1
"JA5G7YBO","Engaging",2017-03-05,,,"Markita Hansen","Celia Rouche","West","MG Special","MG",55,"Blackzim","retail","United States",497.11,1588,FALSE,0,,,,1,1
"6M5LV1ZE","Lost",2017-03-05,2017-05-26,"2017-05","Marty Freudenburg","Melvin Marxen","Central","MG Special","MG",55,"Scottech","marketing","United States",45.39,100,TRUE,0,0,82,,1,1
"CZ8PPZTC","Engaging",2017-03-05,,,"Rosie Papadopoulos","Cara Losch","East","MG Special","MG",55,"Bioplex","medical","United States",326.82,1016,FALSE,0,,,,1,1
"IBZQBCSU","Lost",2017-03-05,2017-05-19,"2017-05","Rosie Papadopoulos","Cara Losch","East","MG Special","MG",55,"Vehement Capital Partners","finance","United States",646.1,883,TRUE,0,0,75,,1,1
"YABTM1G5","Lost",2017-03-05,2017-05-30,"2017-05","Versie Hillebrand","Dustin Brinkmann","Central","GTX Basic","GTX",550,"Domzoom","entertainment","United States",217.87,551,TRUE,0,0,86,,1,1
"FPTH6URQ","Won",2017-03-05,2017-05-11,"2017-05","Vicki Laflamme","Celia Rouche","West","GTX Basic","GTX",550,"Faxquote","telecommunications","United States",1825.82,5595,TRUE,1,624,67,-0.134545454545455,1,1
"S3XE14XP","Won",2017-03-05,2017-05-08,"2017-05","Vicki Laflamme","Celia Rouche","West","GTX Basic","GTX",550,"Goodsilron","marketing","United States",2952.73,5107,TRUE,1,565,64,-0.0272727272727273,1,1
"U6Q0T9KV","Won",2017-03-05,2017-06-14,"2017-06","Vicki Laflamme","Celia Rouche","West","GTX Basic","GTX",550,"Konex","technology","United States",7708.38,13756,TRUE,1,642,101,-0.167272727272727,1,1
"YQ0Y0YQS","Engaging",2017-03-05,,,"Violet Mclelland","Cara Losch","East","MG Advanced","MG",3393,"Newex","services","Germany",1012.72,3492,FALSE,0,,,,1,1
"HRWHRCH8","Won",2017-03-05,2017-03-14,"2017-03","Violet Mclelland","Cara Losch","East","MG Special","MG",55,"Betasoloin","medical","United States",251.41,495,TRUE,1,48,9,0.127272727272727,1,1
"8B29CRQL","Won",2017-03-05,2017-05-19,"2017-05","Violet Mclelland","Cara Losch","East","MG Special","MG",55,"Donware","marketing","United States",1197.44,2570,TRUE,1,60,75,-0.0909090909090908,1,1
"3KM8WN7L","Won",2017-03-06,2017-05-18,"2017-05","Boris Faz","Rocco Neubert","East","GTX Basic","GTX",550,"Kan-code","software","United States",11698.03,34288,TRUE,1,522,73,0.0509090909090909,1,1
"5Z8S8UHK","Engaging",2017-03-06,,,"Cassey Cress","Rocco Neubert","East","GTX Basic","GTX",550,"Unknown","Unknown","Unknown",,,FALSE,0,,,,0,0
"S0XILDHQ","Won",2017-03-06,2017-03-18,"2017-03","Cassey Cress","Rocco Neubert","East","GTX Plus Pro","GTX",5482,"Umbrella Corporation","finance","United States",2022.14,5113,TRUE,1,4701,12,0.142466253192266,1,1
"ZVR3CS7N","Lost",2017-03-06,2017-05-20,"2017-05","Darcel Schlecht","Melvin Marxen","Central","GTX Plus Pro","GTX",5482,"Scottech","marketing","United States",45.39,100,TRUE,0,0,75,,1,1
"AZH0INTS","Won",2017-03-06,2017-03-13,"2017-03","Elease Gluck","Celia Rouche","West","GTX Pro","GTX",4821,"Singletechno","retail","United States",2214.94,5374,TRUE,1,4987,7,-0.0344326903132131,1,1
"9AMJKJX6","Won",2017-03-06,2017-05-31,"2017-05","Jonathan Berthelot","Melvin Marxen","Central","GTX Basic","GTX",550,"Inity","marketing","United States",2403.58,8801,TRUE,1,579,86,-0.0527272727272727,1,1
"NMKAJZJ4","Engaging",2017-03-06,,,"Kary Hendrixson","Summer Sewald","West","MG Special","MG",55,"Unknown","Unknown","Unknown",,,FALSE,0,,,,0,0
"3NQBMKOK","Won",2017-03-06,2017-06-29,"2017-06","Kary Hendrixson","Summer Sewald","West","GTX Basic","GTX",550,"Kan-code","software","United States",11698.03,34288,TRUE,1,494,115,0.101818181818182,1,1
"VBG91TQH","Won",2017-03-06,2017-06-11,"2017-06","Marty Freudenburg","Melvin Marxen","Central","GTX Basic","GTX",550,"Isdom","medical","United States",3178.24,4540,TRUE,1,545,97,0.00909090909090904,1,1
"QZE24X2H","Won",2017-03-06,2017-06-01,"2017-06","Maureen Marcano","Summer Sewald","West","GTX Basic","GTX",550,"Y-corporation","employment","United States",2871.35,9561,TRUE,1,584,87,-0.0618181818181818,1,1
"WSPBQ5YR","Won",2017-03-06,2017-06-09,"2017-06","Moses Frase","Dustin Brinkmann","Central","MG Advanced","MG",3393,"dambase","marketing","United States",2173.98,2928,TRUE,1,3714,95,-0.094606542882405,1,1
"YJJ1BLPQ","Won",2017-03-06,2017-05-15,"2017-05","Niesha Huffines","Melvin Marxen","Central","MG Advanced","MG",3393,"Finhigh","finance","United States",1102.43,1759,TRUE,1,3423,70,-0.00884173297966395,1,1
"XUGTSB00","Won",2017-03-06,2017-03-19,"2017-03","Niesha Huffines","Melvin Marxen","Central","MG Advanced","MG",3393,"Ron-tech","medical","United States",3922.42,6837,TRUE,1,3167,13,0.0666077217801355,1,1
"3DKK3JF3","Lost",2017-03-06,2017-05-29,"2017-05","Reed Clapper","Rocco Neubert","East","GTX Basic","GTX",550,"Acme Corporation","technology","United States",1100.04,2822,TRUE,0,0,84,,1,1
"I0TSIELX","Won",2017-03-06,2017-05-29,"2017-05","Rosalina Dieter","Celia Rouche","West","GTX Plus Basic","GTX",1096,"Xx-holding","finance","United States",7537.24,20293,TRUE,1,987,84,0.0994525547445255,1,1
"SX0SSL0H","Engaging",2017-03-06,,,"Rosie Papadopoulos","Cara Losch","East","GTX Plus Basic","GTX",1096,"Unknown","Unknown","Unknown",,,FALSE,0,,,,0,0
"420PORSF","Lost",2017-03-06,2017-06-06,"2017-06","Rosie Papadopoulos","Cara Losch","East","MG Advanced","MG",3393,"Konex","technology","United States",7708.38,13756,TRUE,0,0,92,,1,1
"DVCPCBMJ","Lost",2017-03-06,2017-05-21,"2017-05","Versie Hillebrand","Dustin Brinkmann","Central","MG Advanced","MG",3393,"Domzoom","entertainment","United States",217.87,551,TRUE,0,0,76,,1,1
"UMZ986GC","Won",2017-03-06,2017-05-24,"2017-05","Versie Hillebrand","Dustin Brinkmann","Central","MG Advanced","MG",3393,"Dontechi","software","United States",4618,10083,TRUE,1,3428,79,-0.0103153551429414,1,1
"I7BWM5O0","Engaging",2017-03-06,,,"Violet Mclelland","Cara Losch","East","MG Special","MG",55,"Warephase","services","United States",2041.73,5276,FALSE,0,,,,1,1
"UPQRP36U","Lost",2017-03-06,2017-05-22,"2017-05","Violet Mclelland","Cara Losch","East","MG Special","MG",55,"Gekko & Co","retail","United States",2520.83,3502,TRUE,0,0,77,,1,1
"RZI9HX5X","Won",2017-03-06,2017-05-31,"2017-05","Zane Levy","Summer Sewald","West","GTX Plus Basic","GTX",1096,"Hottechi","technology","Korea",8170.38,16499,TRUE,1,1149,86,-0.0483576642335766,1,1
"WFJPWN9O","Won",2017-03-07,2017-06-11,"2017-06","Anna Snelling","Dustin Brinkmann","Central","GTX Plus Pro","GTX",5482,"Globex Corporation","technology","Norway",1223.72,2497,TRUE,1,6023,96,-0.0986866107260125,1,1
"6F79VYH8","Engaging",2017-03-07,,,"Boris Faz","Rocco Neubert","East","GTX Basic","GTX",550,"Unknown","Unknown","Unknown",,,FALSE,0,,,,0,0
"ZQ4QTT1Z","Engaging",2017-03-07,,,"Boris Faz","Rocco Neubert","East","GTX Plus Basic","GTX",1096,"Unknown","Unknown","Unknown",,,FALSE,0,,,,0,0
"2WH4NUR9","Lost",2017-03-07,2017-06-04,"2017-06","Cassey Cress","Rocco Neubert","East","GTX Basic","GTX",550,"Bluth Company","technology","United States",1242.32,3027,TRUE,0,0,89,,1,1
"S93L97VV","Won",2017-03-07,2017-03-17,"2017-03","Cecily Lampkin","Dustin Brinkmann","Central","MG Special","MG",55,"Scottech","marketing","United States",45.39,100,TRUE,1,47,10,0.145454545454546,1,1
"HRU8FNE1","Won",2017-03-07,2017-03-10,"2017-03","Corliss Cosme","Cara Losch","East","GTX Basic","GTX",550,"Donquadtech","technology","United States",1712.68,3194,TRUE,1,542,3,0.0145454545454545,1,1
"JDFN8AZI","Won",2017-03-07,2017-03-16,"2017-03","Corliss Cosme","Cara Losch","East","GTX Pro","GTX",4821,"Xx-zobam","entertainment","United States",3838.39,8274,TRUE,1,4980,9,-0.0329807093963908,1,1
"11EK1VP7","Won",2017-03-07,2017-05-28,"2017-05","Darcel Schlecht","Melvin Marxen","Central","GTX Pro","GTX",4821,"Funholding","finance","United States",2819.5,7227,TRUE,1,4978,82,-0.0325658577058701,1,1
"50HQRWGJ","Won",2017-03-07,2017-06-10,"2017-06","Donn Cantrell","Rocco Neubert","East","GTX Pro","GTX",4821,"Vehement Capital Partners","finance","United States",646.1,883,TRUE,1,5256,95,-0.0902302426882389,1,1
"N90VSHI2","Won",2017-03-07,2017-06-07,"2017-06","Elease Gluck","Celia Rouche","West","GTX Pro","GTX",4821,"Hottechi","technology","Korea",8170.38,16499,TRUE,1,4327,92,0.102468367558598,1,1
"21PRD9FN","Won",2017-03-07,2017-05-15,"2017-05","Garret Kinder","Cara Losch","East","GTX Pro","GTX",4821,"Donware","marketing","United States",1197.44,2570,TRUE,1,5022,69,-0.0416925948973241,1,1
"ITIQJARB","Won",2017-03-07,2017-03-11,"2017-03","Gladys Colclough","Melvin Marxen","Central","GTX Plus Pro","GTX",5482,"Bioholding","medical","Philipines",587.34,1356,TRUE,1,4887,4,0.108537030280919,1,1
"EAUV9J9L","Won",2017-03-07,2017-03-21,"2017-03","Gladys Colclough","Melvin Marxen","Central","MG Advanced","MG",3393,"Stanredtax","finance","United States",1698.2,3798,TRUE,1,3724,14,-0.0975537872089596,1,1
"9A4H9IAC","Engaging",2017-03-07,,,"James Ascencio","Summer Sewald","West","GTX Plus Basic","GTX",1096,"Unknown","Unknown","Unknown",,,FALSE,0,,,,0,0
"XWEZ1WNK","Won",2017-03-07,2017-03-11,"2017-03","James Ascencio","Summer Sewald","West","GTX Basic","GTX",550,"Y-corporation","employment","United States",2871.35,9561,TRUE,1,535,4,0.0272727272727272,1,1
"ZTLLHCBU","Engaging",2017-03-07,,,"Kary Hendrixson","Summer Sewald","West","GTX Basic","GTX",550,"Dontechi","software","United States",4618,10083,FALSE,0,,,,1,1
"JTSUYWUD","Lost",2017-03-07,2017-05-24,"2017-05","Kary Hendrixson","Summer Sewald","West","GTX Plus Pro","GTX",5482,"Blackzim","retail","United States",497.11,1588,TRUE,0,0,78,,1,1
"CJ5U6GX3","Won",2017-03-07,2017-03-15,"2017-03","Markita Hansen","Celia Rouche","West","MG Advanced","MG",3393,"Singletechno","retail","United States",2214.94,5374,TRUE,1,3969,8,-0.169761273209549,1,1
"SLYFFVBE","Engaging",2017-03-07,,,"Maureen Marcano","Summer Sewald","West","GTX Plus Basic","GTX",1096,"Blackzim","retail","United States",497.11,1588,FALSE,0,,,,1,1
"HDUV7VJN","Won",2017-03-07,2017-03-13,"2017-03","Moses Frase","Dustin Brinkmann","Central","GTX Plus Pro","GTX",5482,"Toughzap","retail","United States",332.43,799,TRUE,1,6805,6,-0.241335279095221,1,1
"5OCY2XME","Won",2017-03-07,2017-06-12,"2017-06","Niesha Huffines","Melvin Marxen","Central","GTX Plus Basic","GTX",1096,"Isdom","medical","United States",3178.24,4540,TRUE,1,1190,97,-0.0857664233576643,1,1
"1YB00UYY","Won",2017-03-07,2017-05-29,"2017-05","Rosie Papadopoulos","Cara Losch","East","GTX Plus Pro","GTX",5482,"Condax","medical","United States",4.54,9,TRUE,1,4821,83,0.120576431959139,1,1
"NCMT5KK3","Engaging",2017-03-07,,,"Vicki Laflamme","Celia Rouche","West","GTX Basic","GTX",550,"Dalttechnology","software","United States",98.79,96,FALSE,0,,,,1,1
"Y23HQJRG","Won",2017-03-07,2017-05-06,"2017-05","Violet Mclelland","Cara Losch","East","MG Special","MG",55,"Kinnamplus","retail","United States",702.72,1831,TRUE,1,53,60,0.0363636363636364,1,1
"81FNO0VM","Engaging",2017-03-07,,,"Wilburn Farren","Cara Losch","East","GTX Plus Basic","GTX",1096,"Unknown","Unknown","Unknown",,,FALSE,0,,,,0,0
"RFQP9VCW","Engaging",2017-03-07,,,"Wilburn Farren","Cara Losch","East","MG Advanced","MG",3393,"Unknown","Unknown","Unknown",,,FALSE,0,,,,0,0
"NGCM47PC","Engaging",2017-03-07,,,"Zane Levy","Summer Sewald","West","GTX Pro","GTX",4821,"Unknown","Unknown","Unknown",,,FALSE,0,,,,0,0
"9HXSC391","Won",2017-03-08,2017-05-22,"2017-05","Cassey Cress","Rocco Neubert","East","MG Advanced","MG",3393,"Vehement Capital Partners","finance","United States",646.1,883,TRUE,1,3087,75,0.0901856763925729,1,1
"ENOMNCOJ","Won",2017-03-08,2017-06-03,"2017-06","Cecily Lampkin","Dustin Brinkmann","Central","MG Special","MG",55,"Bioholding","medical","Philipines",587.34,1356,TRUE,1,59,87,-0.0727272727272728,1,1
"CG4TWLUR","Won",2017-03-08,2017-06-02,"2017-06","Corliss Cosme","Cara Losch","East","GTX Plus Basic","GTX",1096,"Bubba Gump","software","United States",987.39,2253,TRUE,1,857,86,0.218065693430657,1,1
"0FIG6ZP2","Won",2017-03-08,2017-06-27,"2017-06","Daniell Hammack","Rocco Neubert","East","GTX Plus Basic","GTX",1096,"Massive Dynamic","entertainment","United States",665.06,1095,TRUE,1,1142,111,-0.0419708029197081,1,1
"IA62KQBO","Won",2017-03-08,2017-05-14,"2017-05","Donn Cantrell","Rocco Neubert","East","GTX Basic","GTX",550,"Ganjaflex","retail","Japan",5158.71,17479,TRUE,1,566,67,-0.0290909090909091,1,1
"C54ZXDLT","Won",2017-03-08,2017-03-18,"2017-03","Garret Kinder","Cara Losch","East","MG Advanced","MG",3393,"Xx-zobam","entertainment","United States",3838.39,8274,TRUE,1,4291,10,-0.264662540524609,1,1
"X96MMTCI","Won",2017-03-08,2017-06-16,"2017-06","Hayden Neloms","Celia Rouche","West","GTX Plus Basic","GTX",1096,"Rantouch","telecommunications","United States",1188.42,3015,TRUE,1,1039,100,0.052007299270073,1,1
"P4RDU8QM","Won",2017-03-08,2017-05-19,"2017-05","Hayden Neloms","Celia Rouche","West","MG Advanced","MG",3393,"Xx-holding","finance","United States",7537.24,20293,TRUE,1,3151,72,0.071323312702623,1,1
"7C9Q2ZA3","Won",2017-03-08,2017-03-24,"2017-03","Jonathan Berthelot","Melvin Marxen","Central","GTX Basic","GTX",550,"Gogozoom","telecommunications","United States",86.68,187,TRUE,1,590,16,-0.0727272727272728,1,1
"YZ1EYM3Y","Won",2017-03-08,2017-03-18,"2017-03","Jonathan Berthelot","Melvin Marxen","Central","MG Advanced","MG",3393,"Ron-tech","medical","United States",3922.42,6837,TRUE,1,3217,10,0.0518715001473622,1,1
"M7J5BV9Q","Won",2017-03-08,2017-03-11,"2017-03","Kami Bicknell","Summer Sewald","West","GTX Basic","GTX",550,"Zoomit","entertainment","United States",324.19,978,TRUE,1,597,3,-0.0854545454545454,1,1
"MDRX39D8","Won",2017-03-08,2017-05-11,"2017-05","Kary Hendrixson","Summer Sewald","West","GTX Pro","GTX",4821,"Newex","services","Germany",1012.72,3492,TRUE,1,4918,64,-0.0201203069902509,1,1
"7GRFWF1U","Won",2017-03-08,2017-03-19,"2017-03","Kary Hendrixson","Summer Sewald","West","GTX Pro","GTX",4821,"Scotfind","software","United States",6354.87,16780,TRUE,1,5266,11,-0.0923045011408421,1,1
"EHP6OQ69","Lost",2017-03-08,2017-05-14,"2017-05","Lajuana Vencill","Dustin Brinkmann","Central","MG Advanced","MG",3393,"Finhigh","finance","United States",1102.43,1759,TRUE,0,0,67,,1,1
"JDXSS1HT","Engaging",2017-03-08,,,"Markita Hansen","Celia Rouche","West","GTX Basic","GTX",550,"Silis","medical","United States",2818.38,6290,FALSE,0,,,,1,1
"4R1NMA9E","Lost",2017-03-08,2017-05-17,"2017-05","Markita Hansen","Celia Rouche","West","GTX Basic","GTX",550,"Singletechno","retail","United States",2214.94,5374,TRUE,0,0,70,,1,1
"CDA8Y12G","Won",2017-03-08,2017-05-07,"2017-05","Markita Hansen","Celia Rouche","West","MG Special","MG",55,"Blackzim","retail","United States",497.11,1588,TRUE,1,61,60,-0.109090909090909,1,1
"RYLLRATF","Won",2017-03-08,2017-05-31,"2017-05","Markita Hansen","Celia Rouche","West","MG Advanced","MG",3393,"Faxquote","telecommunications","United States",1825.82,5595,TRUE,1,3470,84,-0.022693781314471,1,1
"KEF5O2Q6","Lost",2017-03-08,2017-06-26,"2017-06","Moses Frase","Dustin Brinkmann","Central","GTX Basic","GTX",550,"Betatech","medical","Kenya",647.18,1185,TRUE,0,0,110,,1,1
"Y38ULZPM","Won",2017-03-08,2017-05-28,"2017-05","Rosalina Dieter","Celia Rouche","West","MG Special","MG",55,"Newex","services","Germany",1012.72,3492,TRUE,1,48,81,0.127272727272727,1,1
"YFP8IZ98","Won",2017-03-08,2017-06-22,"2017-06","Rosie Papadopoulos","Cara Losch","East","MG Special","MG",55,"Acme Corporation","technology","United States",1100.04,2822,TRUE,1,61,106,-0.109090909090909,1,1
"U9CDTLZM","Lost",2017-03-08,2017-05-26,"2017-05","Vicki Laflamme","Celia Rouche","West","MG Special","MG",55,"Blackzim","retail","United States",497.11,1588,TRUE,0,0,79,,1,1
"V5AN4BZF","Lost",2017-03-08,2017-05-29,"2017-05","Violet Mclelland","Cara Losch","East","GTX Basic","GTX",550,"Silis","medical","United States",2818.38,6290,TRUE,0,0,82,,1,1
"58J6HCYK","Lost",2017-03-08,2017-06-05,"2017-06","Zane Levy","Summer Sewald","West","GTX Basic","GTX",550,"Y-corporation","employment","United States",2871.35,9561,TRUE,0,0,89,,1,1
"GDGR4C37","Lost",2017-03-08,2017-05-27,"2017-05","Zane Levy","Summer Sewald","West","GTX Plus Basic","GTX",1096,"Plusstrip","entertainment","United States",349.81,315,TRUE,0,0,80,,1,1
"COOYICXU","Lost",2017-03-09,2017-05-22,"2017-05","Anna Snelling","Dustin Brinkmann","Central","GTX Basic","GTX",550,"Inity","marketing","United States",2403.58,8801,TRUE,0,0,74,,1,1
"UALNIVAY","Lost",2017-03-09,2017-05-11,"2017-05","Anna Snelling","Dustin Brinkmann","Central","GTX Plus Pro","GTX",5482,"Hottechi","technology","Korea",8170.38,16499,TRUE,0,0,63,,1,1
"E5UW8AGQ","Won",2017-03-09,2017-06-11,"2017-06","Anna Snelling","Dustin Brinkmann","Central","GTX Basic","GTX",550,"Streethex","retail","Belgium",1376.8,1165,TRUE,1,595,94,-0.0818181818181818,1,1
"EWA9JFBA","Won",2017-03-09,2017-06-01,"2017-06","Anna Snelling","Dustin Brinkmann","Central","MG Special","MG",55,"Zumgoity","medical","United States",441.08,1210,TRUE,1,51,84,0.0727272727272728,1,1
"99DK6OHX","Lost",2017-03-09,2017-06-08,"2017-06","Boris Faz","Rocco Neubert","East","MG Special","MG",55,"Opentech","finance","United States",355.23,853,TRUE,0,0,91,,1,1
"MK57PHV1","Won",2017-03-09,2017-05-25,"2017-05","Cassey Cress","Rocco Neubert","East","GTX Pro","GTX",4821,"Kan-code","software","United States",11698.03,34288,TRUE,1,4624,77,0.040862891516283,1,1
"T1F2I8ED","Engaging",2017-03-09,,,"Corliss Cosme","Cara Losch","East","GTX Plus Basic","GTX",1096,"Unknown","Unknown","Unknown",,,FALSE,0,,,,0,0
"26CH1NDR","Engaging",2017-03-09,,,"Daniell Hammack","Rocco Neubert","East","GTX Basic","GTX",550,"Mathtouch","marketing","Jordan",3027.46,9516,FALSE,0,,,,1,1
"ISAWVDYZ","Engaging",2017-03-09,,,"Daniell Hammack","Rocco Neubert","East","GTX Basic","GTX",550,"Unknown","Unknown","Unknown",,,FALSE,0,,,,0,0
"ZGZSYIJV","Lost",2017-03-09,2017-05-15,"2017-05","Darcel Schlecht","Melvin Marxen","Central","GTX Plus Basic","GTX",1096,"Finhigh","finance","United States",1102.43,1759,TRUE,0,0,67,,1,1
"6LI7FXQT","Lost",2017-03-09,2017-05-28,"2017-05","Darcel Schlecht","Melvin Marxen","Central","MG Special","MG",55,"Bioholding","medical","Philipines",587.34,1356,TRUE,0,0,80,,1,1
"D01U0UR8","Won",2017-03-09,2017-06-17,"2017-06","Darcel Schlecht","Melvin Marxen","Central","GTX Basic","GTX",550,"Funholding","finance","United States",2819.5,7227,TRUE,1,571,100,-0.0381818181818181,1,1
"9LFX3HBC","Won",2017-03-09,2017-03-25,"2017-03","Elease Gluck","Celia Rouche","West","MG Advanced","MG",3393,"Lexiqvolax","medical","United States",1618.89,3889,TRUE,1,3333,16,0.017683465959328,1,1
"JP3IMU5X","Won",2017-03-09,2017-05-16,"2017-05","Gladys Colclough","Melvin Marxen","Central","GTX Plus Pro","GTX",5482,"Isdom","medical","United States",3178.24,4540,TRUE,1,4853,68,0.114739146296972,1,1
"5I8WOI8P","Won",2017-03-09,2017-06-08,"2017-06","Gladys Colclough","Melvin Marxen","Central","MG Special","MG",55,"Toughzap","retail","United States",332.43,799,TRUE,1,51,91,0.0727272727272728,1,1
"LJBQ7P0V","Engaging",2017-03-09,,,"James Ascencio","Summer Sewald","West","MG Special","MG",55,"Zotware","software","United States",4478.47,13809,FALSE,0,,,,1,1
"ZRYPU2QW","Engaging",2017-03-09,,,"James Ascencio","Summer Sewald","West","MG Advanced","MG",3393,"Unknown","Unknown","Unknown",,,FALSE,0,,,,0,0
"7C9BUYV0","Lost",2017-03-09,2017-05-23,"2017-05","James Ascencio","Summer Sewald","West","GTX Basic","GTX",550,"Cheers","entertainment","United States",4269.9,6472,TRUE,0,0,75,,1,1
"GMVW87C4","Won",2017-03-09,2017-06-17,"2017-06","Kami Bicknell","Summer Sewald","West","GTX Pro","GTX",4821,"Cheers","entertainment","United States",4269.9,6472,TRUE,1,5035,100,-0.0443891308857083,1,1
"NY9ARKRE","Won",2017-03-09,2017-06-01,"2017-06","Marty Freudenburg","Melvin Marxen","Central","MG Special","MG",55,"Codehow","software","United States",2714.9,2641,TRUE,1,51,84,0.0727272727272728,1,1
"XO3XXR9X","Won",2017-03-09,2017-06-09,"2017-06","Maureen Marcano","Summer Sewald","West","GTX Pro","GTX",4821,"Dalttechnology","software","United States",98.79,96,TRUE,1,4342,92,0.0993569798796931,1,1
"8QBIFURM","Lost",2017-03-09,2017-03-13,"2017-03","Versie Hillebrand","Dustin Brinkmann","Central","MG Advanced","MG",3393,"Codehow","software","United States",2714.9,2641,TRUE,0,0,4,,1,1
"0A1LN7GB","Engaging",2017-03-09,,,"Violet Mclelland","Cara Losch","East","MG Special","MG",55,"Unknown","Unknown","Unknown",,,FALSE,0,,,,0,0
"ZWAJWK40","Won",2017-03-09,2017-06-22,"2017-06","Violet Mclelland","Cara Losch","East","MG Special","MG",55,"Vehement Capital Partners","finance","United States",646.1,883,TRUE,1,48,105,0.127272727272727,1,1
"WQ0C723A","Won",2017-03-09,2017-05-18,"2017-05","Zane Levy","Summer Sewald","West","GTX Plus Pro","GTX",5482,"Kan-code","software","United States",11698.03,34288,TRUE,1,5215,70,0.0487048522437067,1,1
"RCQ32MXL","Lost",2017-03-10,2017-05-12,"2017-05","Anna Snelling","Dustin Brinkmann","Central","GTX Plus Basic","GTX",1096,"Streethex","retail","Belgium",1376.8,1165,TRUE,0,0,63,,1,1
"396WP6JS","Won",2017-03-10,2017-03-19,"2017-03","Anna Snelling","Dustin Brinkmann","Central","MG Special","MG",55,"Gogozoom","telecommunications","United States",86.68,187,TRUE,1,58,9,-0.0545454545454545,1,1
"57689GK9","Won",2017-03-10,2017-03-20,"2017-03","Cecily Lampkin","Dustin Brinkmann","Central","MG Advanced","MG",3393,"Finhigh","finance","United States",1102.43,1759,TRUE,1,3587,10,-0.0571765399351607,1,1
"S2WDGIHL","Won",2017-03-10,2017-05-29,"2017-05","Cecily Lampkin","Dustin Brinkmann","Central","MG Advanced","MG",3393,"Warephase","services","United States",2041.73,5276,TRUE,1,2915,80,0.140878278809313,1,1
"8VG88HMH","Won",2017-03-10,2017-06-28,"2017-06","Daniell Hammack","Rocco Neubert","East","GTX Pro","GTX",4821,"Konex","technology","United States",7708.38,13756,TRUE,1,4762,110,0.0122381248703588,1,1
"TF7HCU69","Won",2017-03-10,2017-06-12,"2017-06","Garret Kinder","Cara Losch","East","GTX Plus Basic","GTX",1096,"Gekko & Co","retail","United States",2520.83,3502,TRUE,1,1062,94,0.031021897810219,1,1
"0EX7ML4W","Lost",2017-03-10,2017-05-10,"2017-05","Gladys Colclough","Melvin Marxen","Central","GTX Plus Pro","GTX",5482,"Finhigh","finance","United States",1102.43,1759,TRUE,0,0,61,,1,1
"1B27CZ2M","Engaging",2017-03-10,,,"James Ascencio","Summer Sewald","West","GTX Plus Pro","GTX",5482,"Unknown","Unknown","Unknown",,,FALSE,0,,,,0,0
"839AMI93","Engaging",2017-03-10,,,"Kary Hendrixson","Summer Sewald","West","GTX Basic","GTX",550,"Unknown","Unknown","Unknown",,,FALSE,0,,,,0,0
"BFGASJAW","Engaging",2017-03-10,,,"Kary Hendrixson","Summer Sewald","West","GTX Basic","GTX",550,"Unknown","Unknown","Unknown",,,FALSE,0,,,,0,0
"5BSHJG7W","Lost",2017-03-10,2017-05-30,"2017-05","Kary Hendrixson","Summer Sewald","West","GTX Basic","GTX",550,"Kan-code","software","United States",11698.03,34288,TRUE,0,0,81,,1,1
"HW38EMKM","Lost",2017-03-10,2017-03-20,"2017-03","Maureen Marcano","Summer Sewald","West","GTX Plus Pro","GTX",5482,"Kan-code","software","United States",11698.03,34288,TRUE,0,0,10,,1,1
"5XPYFICK","Engaging",2017-03-10,,,"Rosie Papadopoulos","Cara Losch","East","MG Special","MG",55,"Inity","marketing","United States",2403.58,8801,FALSE,0,,,,1,1
"B5QCN9H7","Lost",2017-03-10,2017-05-29,"2017-05","Violet Mclelland","Cara Losch","East","MG Special","MG",55,"Massive Dynamic","entertainment","United States",665.06,1095,TRUE,0,0,80,,1,1
"X7M4GO0J","Won",2017-03-10,2017-06-28,"2017-06","Violet Mclelland","Cara Losch","East","GTX Plus Basic","GTX",1096,"Zencorporation","technology","China",40.79,142,TRUE,1,1074,110,0.0200729927007299,1,1
"JYI35PPE","Lost",2017-03-10,2017-05-05,"2017-05","Zane Levy","Summer Sewald","West","MG Special","MG",55,"Newex","services","Germany",1012.72,3492,TRUE,0,0,56,,1,1
"6XHE52MV","Lost",2017-03-11,2017-05-30,"2017-05","Anna Snelling","Dustin Brinkmann","Central","MG Special","MG",55,"Inity","marketing","United States",2403.58,8801,TRUE,0,0,80,,1,1
"0YN6EALP","Won",2017-03-11,2017-03-17,"2017-03","Anna Snelling","Dustin Brinkmann","Central","MG Special","MG",55,"Scottech","marketing","United States",45.39,100,TRUE,1,57,6,-0.0363636363636364,1,1
"A4LUP6W6","Won",2017-03-11,2017-05-22,"2017-05","Cassey Cress","Rocco Neubert","East","GTX Basic","GTX",550,"Zotware","software","United States",4478.47,13809,TRUE,1,586,72,-0.0654545454545454,1,1
"KUK2H5MD","Won",2017-03-11,2017-06-13,"2017-06","Cecily Lampkin","Dustin Brinkmann","Central","GTX Plus Basic","GTX",1096,"Rundofase","technology","United States",1008.06,1238,TRUE,1,1184,94,-0.0802919708029197,1,1
"HTW9348H","Lost",2017-03-11,2017-05-19,"2017-05","Donn Cantrell","Rocco Neubert","East","GTX Basic","GTX",550,"Silis","medical","United States",2818.38,6290,TRUE,0,0,69,,1,1
"ILR33OAV","Engaging",2017-03-11,,,"James Ascencio","Summer Sewald","West","MG Advanced","MG",3393,"Unknown","Unknown","Unknown",,,FALSE,0,,,,0,0
"A6CE8BHR","Lost",2017-03-11,2017-06-08,"2017-06","James Ascencio","Summer Sewald","West","GTX Plus Basic","GTX",1096,"Lexiqvolax","medical","United States",1618.89,3889,TRUE,0,0,89,,1,1
"UI1UION3","Won",2017-03-11,2017-06-10,"2017-06","James Ascencio","Summer Sewald","West","GTX Basic","GTX",550,"J-Texon","retail","United States",1388.67,3583,TRUE,1,526,91,0.0436363636363636,1,1
"ZPX96Q40","Won",2017-03-11,2017-06-12,"2017-06","James Ascencio","Summer Sewald","West","GTX Plus Pro","GTX",5482,"Condax","medical","United States",4.54,9,TRUE,1,5344,93,0.0251732944180956,1,1
"I0CYLPNE","Won",2017-03-11,2017-05-22,"2017-05","James Ascencio","Summer Sewald","West","GTX Pro","GTX",4821,"Konex","technology","United States",7708.38,13756,TRUE,1,4125,72,0.144368388301182,1,1
"FGH181PC","Won",2017-03-11,2017-06-06,"2017-06","Kami Bicknell","Summer Sewald","West","GTX Basic","GTX",550,"Dalttechnology","software","United States",98.79,96,TRUE,1,528,87,0.04,1,1
"8OBC9CQE","Won",2017-03-11,2017-03-26,"2017-03","Kami Bicknell","Summer Sewald","West","MG Advanced","MG",3393,"Singletechno","retail","United States",2214.94,5374,TRUE,1,3254,15,0.04096669613911,1,1
"G3KFZ8KX","Lost",2017-03-11,2017-05-07,"2017-05","Kary Hendrixson","Summer Sewald","West","GTX Pro","GTX",4821,"Green-Plus","services","United States",692.19,1922,TRUE,0,0,57,,1,1
"2Y84YR3K","Won",2017-03-11,2017-05-24,"2017-05","Kary Hendrixson","Summer Sewald","West","GTX Basic","GTX",550,"J-Texon","retail","United States",1388.67,3583,TRUE,1,516,74,0.0618181818181818,1,1
"97QHOOWD","Won",2017-03-11,2017-03-27,"2017-03","Kary Hendrixson","Summer Sewald","West","GTX Basic","GTX",550,"Y-corporation","employment","United States",2871.35,9561,TRUE,1,538,16,0.0218181818181818,1,1
"YL7XWUYO","Won",2017-03-11,2017-06-17,"2017-06","Lajuana Vencill","Dustin Brinkmann","Central","GTX Basic","GTX",550,"Codehow","software","United States",2714.9,2641,TRUE,1,459,98,0.165454545454545,1,1
"VO8TFB31","Lost",2017-03-11,2017-06-26,"2017-06","Maureen Marcano","Summer Sewald","West","GTX Basic","GTX",550,"Cheers","entertainment","United States",4269.9,6472,TRUE,0,0,107,,1,1
"Q949MQ5W","Won",2017-03-11,2017-05-22,"2017-05","Maureen Marcano","Summer Sewald","West","GTX Pro","GTX",4821,"Sunnamplex","marketing","Poland",894.37,1593,TRUE,1,5137,72,-0.065546567102261,1,1
"HZU0L5GS","Won",2017-03-11,2017-06-04,"2017-06","Moses Frase","Dustin Brinkmann","Central","MG Advanced","MG",3393,"Konmatfix","marketing","United States",375.43,1190,TRUE,1,3330,85,0.0185676392572944,1,1
"8RF8XVYF","Won",2017-03-11,2017-05-10,"2017-05","Versie Hillebrand","Dustin Brinkmann","Central","GTX Basic","GTX",550,"Conecom","technology","United States",1520.66,1806,TRUE,1,589,60,-0.0709090909090908,1,1
"ZILYYA1V","Won",2017-03-11,2017-03-30,"2017-03","Vicki Laflamme","Celia Rouche","West","MG Special","MG",55,"Goodsilron","marketing","United States",2952.73,5107,TRUE,1,45,19,0.181818181818182,1,1
"BY2L60V1","Engaging",2017-03-11,,,"Zane Levy","Summer Sewald","West","MG Special","MG",55,"Unknown","Unknown","Unknown",,,FALSE,0,,,,0,0
"NH0WGTR4","Lost",2017-03-12,2017-05-25,"2017-05","Anna Snelling","Dustin Brinkmann","Central","MG Special","MG",55,"Funholding","finance","United States",2819.5,7227,TRUE,0,0,74,,1,1
"73HO9OZC","Engaging",2017-03-12,,,"Cassey Cress","Rocco Neubert","East","GTX Basic","GTX",550,"Finjob","employment","United States",2059.9,3644,FALSE,0,,,,1,1
"WBJX6O2D","Won",2017-03-12,2017-06-11,"2017-06","Cassey Cress","Rocco Neubert","East","GTX Plus Pro","GTX",5482,"Opentech","finance","United States",355.23,853,TRUE,1,5664,91,-0.0331995622035752,1,1
"1IHNDN80","Lost",2017-03-12,2017-05-02,"2017-05","Cecily Lampkin","Dustin Brinkmann","Central","MG Advanced","MG",3393,"Streethex","retail","Belgium",1376.8,1165,TRUE,0,0,51,,1,1
"T14K7M5G","Won",2017-03-12,2017-06-11,"2017-06","Corliss Cosme","Cara Losch","East","GTX Plus Basic","GTX",1096,"Initech","telecommunications","United States",6395.05,20275,TRUE,1,1074,91,0.0200729927007299,1,1
"XPP2Q5WQ","Lost",2017-03-12,2017-05-02,"2017-05","Darcel Schlecht","Melvin Marxen","Central","GTX Plus Basic","GTX",1096,"Globex Corporation","technology","Norway",1223.72,2497,TRUE,0,0,51,,1,1
"FM4LX5O0","Lost",2017-03-12,2017-05-26,"2017-05","Darcel Schlecht","Melvin Marxen","Central","GTX Pro","GTX",4821,"Treequote","telecommunications","United States",5266.09,8595,TRUE,0,0,75,,1,1
"HG07756D","Won",2017-03-12,2017-03-31,"2017-03","Elease Gluck","Celia Rouche","West","GTX Basic","GTX",550,"Finjob","employment","United States",2059.9,3644,TRUE,1,481,19,0.125454545454545,1,1
"E7YSM99K","Won",2017-03-12,2017-06-02,"2017-06","Elease Gluck","Celia Rouche","West","GTX Plus Basic","GTX",1096,"Labdrill","medical","United States",2741.37,9226,TRUE,1,1101,82,-0.00456204379562042,1,1
"4D1FP59D","Won",2017-03-12,2017-06-23,"2017-06","Gladys Colclough","Melvin Marxen","Central","GTX Basic","GTX",550,"Warephase","services","United States",2041.73,5276,TRUE,1,522,103,0.0509090909090909,1,1
"3E4VTH6E","Engaging",2017-03-12,,,"Hayden Neloms","Celia Rouche","West","MG Special","MG",55,"Hatfan","services","United States",792.46,1299,FALSE,0,,,,1,1
"TK29F68V","Won",2017-03-12,2017-06-13,"2017-06","Hayden Neloms","Celia Rouche","West","MG Special","MG",55,"Y-corporation","employment","United States",2871.35,9561,TRUE,1,49,93,0.109090909090909,1,1
"QHJ3W8FW","Engaging",2017-03-12,,,"Kami Bicknell","Summer Sewald","West","GTX Pro","GTX",4821,"Unknown","Unknown","Unknown",,,FALSE,0,,,,0,0
"N3H82NHO","Won",2017-03-12,2017-06-02,"2017-06","Kami Bicknell","Summer Sewald","West","GTX Pro","GTX",4821,"Newex","services","Germany",1012.72,3492,TRUE,1,4865,82,-0.00912673719145407,1,1
"GTANESSU","Won",2017-03-12,2017-05-22,"2017-05","Lajuana Vencill","Dustin Brinkmann","Central","GTX Plus Basic","GTX",1096,"Isdom","medical","United States",3178.24,4540,TRUE,1,991,71,0.0958029197080292,1,1
"LA0O6BHX","Won",2017-03-12,2017-05-27,"2017-05","Lajuana Vencill","Dustin Brinkmann","Central","GTX Plus Pro","GTX",5482,"Dontechi","software","United States",4618,10083,TRUE,1,4509,76,0.177489967165268,1,1
"RRKQ0P07","Won",2017-03-12,2017-05-03,"2017-05","Markita Hansen","Celia Rouche","West","GTX Pro","GTX",4821,"Nam-zim","services","Brazil",405.59,1179,TRUE,1,5169,52,-0.0721841941505912,1,1
"J4V3VKQ5","Won",2017-03-12,2017-03-27,"2017-03","Maureen Marcano","Summer Sewald","West","GTX Basic","GTX",550,"Sonron","telecommunications","United States",1699.85,5108,TRUE,1,491,15,0.107272727272727,1,1
"17U8549G","Won",2017-03-12,2017-06-15,"2017-06","Maureen Marcano","Summer Sewald","West","GTX Pro","GTX",4821,"Labdrill","medical","United States",2741.37,9226,TRUE,1,4281,95,0.112009956440573,1,1
"G281LUYF","Lost",2017-03-12,2017-05-08,"2017-05","Niesha Huffines","Melvin Marxen","Central","GTX Plus Basic","GTX",1096,"Finhigh","finance","United States",1102.43,1759,TRUE,0,0,57,,1,1
"4NAK1XFV","Lost",2017-03-12,2017-05-18,"2017-05","Rosie Papadopoulos","Cara Losch","East","MG Special","MG",55,"Umbrella Corporation","finance","United States",2022.14,5113,TRUE,0,0,67,,1,1
"Y34MVXP3","Won",2017-03-12,2017-06-27,"2017-06","Rosie Papadopoulos","Cara Losch","East","MG Advanced","MG",3393,"Kinnamplus","retail","United States",702.72,1831,TRUE,1,3443,107,-0.0147362216327733,1,1
"N8G3G1UF","Won",2017-03-12,2017-05-29,"2017-05","Versie Hillebrand","Dustin Brinkmann","Central","MG Special","MG",55,"Gogozoom","telecommunications","United States",86.68,187,TRUE,1,60,78,-0.0909090909090908,1,1
"SDXZB8MC","Won",2017-03-12,2017-06-20,"2017-06","Versie Hillebrand","Dustin Brinkmann","Central","MG Special","MG",55,"Hottechi","technology","Korea",8170.38,16499,TRUE,1,53,100,0.0363636363636364,1,1
"PFUE2JYB","Won",2017-03-12,2017-05-26,"2017-05","Vicki Laflamme","Celia Rouche","West","MG Special","MG",55,"Finjob","employment","United States",2059.9,3644,TRUE,1,56,75,-0.0181818181818181,1,1
"4A8SFEJ2","Won",2017-03-12,2017-03-17,"2017-03","Zane Levy","Summer Sewald","West","GTX Basic","GTX",550,"Scotfind","software","United States",6354.87,16780,TRUE,1,665,5,-0.209090909090909,1,1
"HEG8WPQF","Won",2017-03-13,2017-05-09,"2017-05","Anna Snelling","Dustin Brinkmann","Central","GTX Plus Basic","GTX",1096,"Inity","marketing","United States",2403.58,8801,TRUE,1,1140,57,-0.0401459854014599,1,1
"0FST40LV","Won",2017-03-13,2017-05-25,"2017-05","Anna Snelling","Dustin Brinkmann","Central","MG Special","MG",55,"Streethex","retail","Belgium",1376.8,1165,TRUE,1,52,73,0.0545454545454546,1,1
"I7WERQ6B","Won",2017-03-13,2017-06-08,"2017-06","Anna Snelling","Dustin Brinkmann","Central","MG Special","MG",55,"Warephase","services","United States",2041.73,5276,TRUE,1,52,87,0.0545454545454546,1,1
"T7UYHDUN","Lost",2017-03-13,2017-03-24,"2017-03","Boris Faz","Rocco Neubert","East","GTX Plus Pro","GTX",5482,"Donquadtech","technology","United States",1712.68,3194,TRUE,0,0,11,,1,1
"Y28VHZKQ","Engaging",2017-03-13,,,"Cassey Cress","Rocco Neubert","East","MG Advanced","MG",3393,"Unknown","Unknown","Unknown",,,FALSE,0,,,,0,0
"V0EIMVES","Won",2017-03-13,2017-05-13,"2017-05","Cecily Lampkin","Dustin Brinkmann","Central","GTX Plus Pro","GTX",5482,"Konmatfix","marketing","United States",375.43,1190,TRUE,1,5121,61,0.0658518788763225,1,1
"DL4SZAGH","Won",2017-03-13,2017-03-31,"2017-03","Cecily Lampkin","Dustin Brinkmann","Central","MG Advanced","MG",3393,"Rundofase","technology","United States",1008.06,1238,TRUE,1,3611,18,-0.0642499263188918,1,1
"RVIU1YQ8","Won",2017-03-13,2017-03-24,"2017-03","Corliss Cosme","Cara Losch","East","MG Special","MG",55,"Massive Dynamic","entertainment","United States",665.06,1095,TRUE,1,50,11,0.0909090909090909,1,1
"ZNSWDHTJ","Won",2017-03-13,2017-05-15,"2017-05","Darcel Schlecht","Melvin Marxen","Central","GTX Basic","GTX",550,"Rundofase","technology","United States",1008.06,1238,TRUE,1,618,63,-0.123636363636364,1,1
"A2G8VYZY","Won",2017-03-13,2017-03-17,"2017-03","Darcel Schlecht","Melvin Marxen","Central","GTX Plus Basic","GTX",1096,"Globex Corporation","technology","Norway",1223.72,2497,TRUE,1,1247,4,-0.137773722627737,1,1
"F5I33E1I","Engaging",2017-03-13,,,"Elease Gluck","Celia Rouche","West","MG Special","MG",55,"Sumace","retail","Romania",167.89,493,FALSE,0,,,,1,1
"Y9B94N72","Won",2017-03-13,2017-05-03,"2017-05","Garret Kinder","Cara Losch","East","MG Special","MG",55,"Donware","marketing","United States",1197.44,2570,TRUE,1,55,51,0,1,1
"34MBPHRL","Won",2017-03-13,2017-06-17,"2017-06","Hayden Neloms","Celia Rouche","West","GTX Plus Basic","GTX",1096,"Singletechno","retail","United States",2214.94,5374,TRUE,1,1157,96,-0.0556569343065694,1,1
"K73K8IQ3","Won",2017-03-13,2017-05-22,"2017-05","Kary Hendrixson","Summer Sewald","West","GTX Basic","GTX",550,"Hottechi","technology","Korea",8170.38,16499,TRUE,1,537,70,0.0236363636363637,1,1
"8L5WBK75","Won",2017-03-13,2017-03-30,"2017-03","Kary Hendrixson","Summer Sewald","West","GTX Pro","GTX",4821,"Dalttechnology","software","United States",98.79,96,TRUE,1,4955,17,-0.0277950632648829,1,1
"Z1RN8D42","Won",2017-03-13,2017-06-02,"2017-06","Kary Hendrixson","Summer Sewald","West","GTX Pro","GTX",4821,"Singletechno","retail","United States",2214.94,5374,TRUE,1,5606,81,-0.162829288529351,1,1
"4IT33RBO","Engaging",2017-03-13,,,"Markita Hansen","Celia Rouche","West","GTX Basic","GTX",550,"Unknown","Unknown","Unknown",,,FALSE,0,,,,0,0
"JV1NCDKP","Won",2017-03-13,2017-05-11,"2017-05","Moses Frase","Dustin Brinkmann","Central","MG Special","MG",55,"Isdom","medical","United States",3178.24,4540,TRUE,1,57,59,-0.0363636363636364,1,1
"ECCVMNUZ","Won",2017-03-13,2017-05-20,"2017-05","Rosalina Dieter","Celia Rouche","West","MG Special","MG",55,"Sunnamplex","marketing","Poland",894.37,1593,TRUE,1,66,68,-0.2,1,1
"A3GVFKYP","Won",2017-03-13,2017-06-27,"2017-06","Zane Levy","Summer Sewald","West","GTX Pro","GTX",4821,"Dalttechnology","software","United States",98.79,96,TRUE,1,5113,106,-0.0605683468160132,1,1
"COTHR6F7","Won",2017-03-13,2017-05-22,"2017-05","Zane Levy","Summer Sewald","West","GTX Pro","GTX",4821,"Sunnamplex","marketing","Poland",894.37,1593,TRUE,1,4595,70,0.0468782410288322,1,1
"7VKQWIXD","Engaging",2017-03-14,,,"Boris Faz","Rocco Neubert","East","GTX Plus Basic","GTX",1096,"Unknown","Unknown","Unknown",,,FALSE,0,,,,0,0
"3OAEEV0S","Won",2017-03-14,2017-03-21,"2017-03","Cassey Cress","Rocco Neubert","East","MG Advanced","MG",3393,"Gekko & Co","retail","United States",2520.83,3502,TRUE,1,3503,7,-0.0324196875921015,1,1
"RTH5O6ZW","Won",2017-03-14,2017-06-13,"2017-06","Cassey Cress","Rocco Neubert","East","MG Advanced","MG",3393,"Mathtouch","marketing","Jordan",3027.46,9516,TRUE,1,3600,91,-0.0610079575596818,1,1
"V74O6XQT","Engaging",2017-03-14,,,"Daniell Hammack","Rocco Neubert","East","GTX Pro","GTX",4821,"Unknown","Unknown","Unknown",,,FALSE,0,,,,0,0
"GH6U8WWN","Won",2017-03-14,2017-03-19,"2017-03","Daniell Hammack","Rocco Neubert","East","GTX Basic","GTX",550,"Massive Dynamic","entertainment","United States",665.06,1095,TRUE,1,425,5,0.227272727272727,1,1
"GVNI96XB","Won",2017-03-14,2017-06-20,"2017-06","Darcel Schlecht","Melvin Marxen","Central","GTX Pro","GTX",4821,"Dontechi","software","United States",4618,10083,TRUE,1,4565,98,0.0531010163866418,1,1
"KC324LPK","Won",2017-03-14,2017-05-22,"2017-05","Darcel Schlecht","Melvin Marxen","Central","GTX Pro","GTX",4821,"Ron-tech","medical","United States",3922.42,6837,TRUE,1,4754,69,0.0138975316324415,1,1
"2Y2R082L","Won",2017-03-14,2017-05-06,"2017-05","Darcel Schlecht","Melvin Marxen","Central","MG Special","MG",55,"dambase","marketing","United States",2173.98,2928,TRUE,1,62,53,-0.127272727272727,1,1
"HALGOQ5D","Won",2017-03-14,2017-05-30,"2017-05","Donn Cantrell","Rocco Neubert","East","GTX Pro","GTX",4821,"Betasoloin","medical","United States",251.41,495,TRUE,1,4688,77,0.0275876374196224,1,1
"1R38Y0C1","Won",2017-03-14,2017-03-20,"2017-03","Elease Gluck","Celia Rouche","West","MG Advanced","MG",3393,"Golddex","finance","United States",52.5,165,TRUE,1,3386,6,0.00206307102858827,1,1
"3QQW8VJ2","Won",2017-03-14,2017-06-06,"2017-06","Garret Kinder","Cara Losch","East","GTX Pro","GTX",4821,"Xx-zobam","entertainment","United States",3838.39,8274,TRUE,1,3869,84,0.197469404687824,1,1
"8JS4BWQ7","Won",2017-03-14,2017-03-24,"2017-03","Gladys Colclough","Melvin Marxen","Central","GTX Basic","GTX",550,"Streethex","retail","Belgium",1376.8,1165,TRUE,1,615,10,-0.118181818181818,1,1
"78TOITP2","Won",2017-03-14,2017-05-18,"2017-05","Gladys Colclough","Melvin Marxen","Central","MG Special","MG",55,"Finhigh","finance","United States",1102.43,1759,TRUE,1,55,65,0,1,1
"MRCYKUX4","Engaging",2017-03-14,,,"Hayden Neloms","Celia Rouche","West","MG Advanced","MG",3393,"Unknown","Unknown","Unknown",,,FALSE,0,,,,0,0
"3PVNGGBX","Engaging",2017-03-14,,,"Markita Hansen","Celia Rouche","West","GTX Basic","GTX",550,"The New York Inquirer","medical","United States",439.21,792,FALSE,0,,,,1,1
"MN6E59H6","Engaging",2017-03-14,,,"Markita Hansen","Celia Rouche","West","GTX Plus Pro","GTX",5482,"Unknown","Unknown","Unknown",,,FALSE,0,,,,0,0
"BSA76OL5","Lost",2017-03-14,2017-05-17,"2017-05","Marty Freudenburg","Melvin Marxen","Central","GTX Basic","GTX",550,"Isdom","medical","United States",3178.24,4540,TRUE,0,0,64,,1,1
"YHNBSXPN","Won",2017-03-14,2017-03-25,"2017-03","Maureen Marcano","Summer Sewald","West","GTX Plus Basic","GTX",1096,"Hatfan","services","United States",792.46,1299,TRUE,1,1019,11,0.0702554744525548,1,1
"TW6D3KT4","Won",2017-03-14,2017-05-12,"2017-05","Maureen Marcano","Summer Sewald","West","MG Advanced","MG",3393,"Blackzim","retail","United States",497.11,1588,TRUE,1,2798,59,0.175361037430003,1,1
"Z8RI8RLU","Won",2017-03-14,2017-06-03,"2017-06","Moses Frase","Dustin Brinkmann","Central","GTX Basic","GTX",550,"Streethex","retail","Belgium",1376.8,1165,TRUE,1,502,81,0.0872727272727273,1,1
"FT0L8HZZ","Won",2017-03-14,2017-03-16,"2017-03","Moses Frase","Dustin Brinkmann","Central","MG Advanced","MG",3393,"Isdom","medical","United States",3178.24,4540,TRUE,1,3323,2,0.0206307102858827,1,1
"AW0GW33Q","Lost",2017-03-14,2017-06-11,"2017-06","Reed Clapper","Rocco Neubert","East","GTX Plus Basic","GTX",1096,"Condax","medical","United States",4.54,9,TRUE,0,0,89,,1,1
"IJLPV177","Lost",2017-03-14,2017-03-30,"2017-03","Rosalina Dieter","Celia Rouche","West","MG Special","MG",55,"Nam-zim","services","Brazil",405.59,1179,TRUE,0,0,16,,1,1
"9UVKASFY","Lost",2017-03-14,2017-05-27,"2017-05","Vicki Laflamme","Celia Rouche","West","GTX Plus Pro","GTX",5482,"Nam-zim","services","Brazil",405.59,1179,TRUE,0,0,74,,1,1
"KKSMEP2A","Lost",2017-03-14,2017-06-21,"2017-06","Vicki Laflamme","Celia Rouche","West","MG Advanced","MG",3393,"Finjob","employment","United States",2059.9,3644,TRUE,0,0,99,,1,1
"E96ZTKHC","Won",2017-03-14,2017-03-17,"2017-03","Vicki Laflamme","Celia Rouche","West","GTX Basic","GTX",550,"Scotfind","software","United States",6354.87,16780,TRUE,1,542,3,0.0145454545454545,1,1
"RZ08GKZY","Won",2017-03-14,2017-05-22,"2017-05","Zane Levy","Summer Sewald","West","GTX Pro","GTX",4821,"Faxquote","telecommunications","United States",1825.82,5595,TRUE,1,5172,69,-0.0728064716863721,1,1
"EK0ZZHKT","Lost",2017-03-15,2017-06-24,"2017-06","Cassey Cress","Rocco Neubert","East","MG Advanced","MG",3393,"Massive Dynamic","entertainment","United States",665.06,1095,TRUE,0,0,101,,1,1
"9U6RAS0M","Won",2017-03-15,2017-03-31,"2017-03","Cassey Cress","Rocco Neubert","East","GTX Basic","GTX",550,"Umbrella Corporation","finance","United States",2022.14,5113,TRUE,1,538,16,0.0218181818181818,1,1
"3S31RHE5","Won",2017-03-15,2017-05-18,"2017-05","Cassey Cress","Rocco Neubert","East","GTX Pro","GTX",4821,"Betasoloin","medical","United States",251.41,495,TRUE,1,4497,64,0.0672059738643435,1,1
"GOM8T4Y4","Won",2017-03-15,2017-05-09,"2017-05","Darcel Schlecht","Melvin Marxen","Central","GTX Plus Basic","GTX",1096,"Codehow","software","United States",2714.9,2641,TRUE,1,1178,55,-0.0748175182481752,1,1
"7Z5AVSH6","Won",2017-03-15,2017-06-21,"2017-06","Darcel Schlecht","Melvin Marxen","Central","GTX Pro","GTX",4821,"Treequote","telecommunications","United States",5266.09,8595,TRUE,1,4969,98,-0.0306990250985273,1,1
"E7OPE1O8","Won",2017-03-15,2017-03-20,"2017-03","Darcel Schlecht","Melvin Marxen","Central","MG Special","MG",55,"Rangreen","technology","Panama",2938.67,8775,TRUE,1,60,5,-0.0909090909090908,1,1
"647E6ED0","Won",2017-03-15,2017-06-05,"2017-06","Darcel Schlecht","Melvin Marxen","Central","MG Advanced","MG",3393,"Dontechi","software","United States",4618,10083,TRUE,1,2875,82,0.152667256115532,1,1
"V4XHHFO3","Engaging",2017-03-15,,,"Elease Gluck","Celia Rouche","West","GTX Basic","GTX",550,"Blackzim","retail","United States",497.11,1588,FALSE,0,,,,1,1
"PEX6S873","Lost",2017-03-15,2017-05-19,"2017-05","Elease Gluck","Celia Rouche","West","GTK 500","GTK",26768,"Cheers","entertainment","United States",4269.9,6472,TRUE,0,0,65,,1,1
"M9OTPNII","Won",2017-03-15,2017-05-20,"2017-05","Garret Kinder","Cara Losch","East","GTX Plus Pro","GTX",5482,"Donware","marketing","United States",1197.44,2570,TRUE,1,6177,66,-0.126778547975192,1,1
"EZRICI17","Lost",2017-03-15,2017-06-28,"2017-06","Gladys Colclough","Melvin Marxen","Central","MG Advanced","MG",3393,"Rundofase","technology","United States",1008.06,1238,TRUE,0,0,105,,1,1
"7PXJ92C5","Engaging",2017-03-15,,,"Kary Hendrixson","Summer Sewald","West","GTX Pro","GTX",4821,"Unknown","Unknown","Unknown",,,FALSE,0,,,,0,0
"BAXENBTS","Lost",2017-03-15,2017-05-06,"2017-05","Kary Hendrixson","Summer Sewald","West","GTX Pro","GTX",4821,"Finjob","employment","United States",2059.9,3644,TRUE,0,0,52,,1,1
"086279IX","Won",2017-03-15,2017-06-14,"2017-06","Kary Hendrixson","Summer Sewald","West","GTX Pro","GTX",4821,"Kan-code","software","United States",11698.03,34288,TRUE,1,4369,91,0.0937564820576644,1,1
"6EEC9HQQ","Won",2017-03-15,2017-05-21,"2017-05","Kary Hendrixson","Summer Sewald","West","GTX Pro","GTX",4821,"Y-corporation","employment","United States",2871.35,9561,TRUE,1,4878,67,-0.0118232731798382,1,1
"MHN0SWM2","Won",2017-03-15,2017-06-21,"2017-06","Lajuana Vencill","Dustin Brinkmann","Central","GTX Plus Pro","GTX",5482,"Genco Pura Olive Oil Company","retail","Italy",894.33,1635,TRUE,1,4527,98,0.174206493980299,1,1
"8SKE4TT5","Lost",2017-03-15,2017-05-30,"2017-05","Maureen Marcano","Summer Sewald","West","GTX Plus Basic","GTX",1096,"Xx-holding","finance","United States",7537.24,20293,TRUE,0,0,76,,1,1
"IGELOJ42","Won",2017-03-15,2017-06-03,"2017-06","Moses Frase","Dustin Brinkmann","Central","GTX Plus Pro","GTX",5482,"Cancity","retail","United States",718.62,2448,TRUE,1,6102,80,-0.113097409704487,1,1
"0LMA8GMJ","Won",2017-03-15,2017-05-10,"2017-05","Rosie Papadopoulos","Cara Losch","East","GTX Plus Pro","GTX",5482,"Bubba Gump","software","United States",987.39,2253,TRUE,1,4983,56,0.0910251732944181,1,1
"E40RN3MN","Won",2017-03-15,2017-03-25,"2017-03","Versie Hillebrand","Dustin Brinkmann","Central","MG Special","MG",55,"Isdom","medical","United States",3178.24,4540,TRUE,1,47,10,0.145454545454546,1,1
"093R7PK9","Won",2017-03-15,2017-06-11,"2017-06","Vicki Laflamme","Celia Rouche","West","MG Special","MG",55,"Zoomit","entertainment","United States",324.19,978,TRUE,1,52,88,0.0545454545454546,1,1
"I8A9OXP2","Won",2017-03-15,2017-06-25,"2017-06","Violet Mclelland","Cara Losch","East","GTX Pro","GTX",4821,"Gekko & Co","retail","United States",2520.83,3502,TRUE,1,5031,102,-0.0435594275046671,1,1
"7IFEKEMG","Won",2017-03-15,2017-06-06,"2017-06","Violet Mclelland","Cara Losch","East","MG Special","MG",55,"Bioplex","medical","United States",326.82,1016,TRUE,1,53,83,0.0363636363636364,1,1
"4XZ4RY1N","Engaging",2017-03-15,,,"Wilburn Farren","Cara Losch","East","GTX Plus Basic","GTX",1096,"Unknown","Unknown","Unknown",,,FALSE,0,,,,0,0
"K2KK9SW2","Won",2017-03-16,2017-05-02,"2017-05","Anna Snelling","Dustin Brinkmann","Central","GTX Basic","GTX",550,"Inity","marketing","United States",2403.58,8801,TRUE,1,550,47,0,1,1
"Z0RLNFVY","Engaging",2017-03-16,,,"Boris Faz","Rocco Neubert","East","GTX Plus Basic","GTX",1096,"Unknown","Unknown","Unknown",,,FALSE,0,,,,0,0
"8SIG4C8X","Won",2017-03-16,2017-06-06,"2017-06","Boris Faz","Rocco Neubert","East","GTX Pro","GTX",4821,"Donquadtech","technology","United States",1712.68,3194,TRUE,1,5223,82,-0.0833851897946485,1,1
"K4ETVW4H","Won",2017-03-16,2017-05-12,"2017-05","Boris Faz","Rocco Neubert","East","MG Special","MG",55,"Betasoloin","medical","United States",251.41,495,TRUE,1,53,57,0.0363636363636364,1,1
"YA2NDY1H","Won",2017-03-16,2017-05-17,"2017-05","Cassey Cress","Rocco Neubert","East","GTX Pro","GTX",4821,"Bluth Company","technology","United States",1242.32,3027,TRUE,1,4519,62,0.0626426052686164,1,1
"G6DYTQQE","Won",2017-03-16,2017-06-01,"2017-06","Corliss Cosme","Cara Losch","East","GTX Pro","GTX",4821,"Vehement Capital Partners","finance","United States",646.1,883,TRUE,1,4833,77,-0.00248911014312392,1,1
"RQULJHTU","Engaging",2017-03-16,,,"Daniell Hammack","Rocco Neubert","East","GTX Plus Pro","GTX",5482,"Unknown","Unknown","Unknown",,,FALSE,0,,,,0,0
"RZZ9K7UN","Won",2017-03-16,2017-06-29,"2017-06","Daniell Hammack","Rocco Neubert","East","GTX Plus Pro","GTX",5482,"Zencorporation","technology","China",40.79,142,TRUE,1,5407,105,0.0136811382707042,1,1
"3918OU6O","Lost",2017-03-16,2017-05-02,"2017-05","Darcel Schlecht","Melvin Marxen","Central","GTX Basic","GTX",550,"Rundofase","technology","United States",1008.06,1238,TRUE,0,0,47,,1,1
"YZ9ZKK3P","Won",2017-03-16,2017-05-08,"2017-05","Hayden Neloms","Celia Rouche","West","MG Special","MG",55,"Finjob","employment","United States",2059.9,3644,TRUE,1,56,53,-0.0181818181818181,1,1
"GK1NH8G7","Engaging",2017-03-16,,,"Kami Bicknell","Summer Sewald","West","GTX Basic","GTX",550,"Iselectrics","technology","United States",527.11,1428,FALSE,0,,,,1,1
"OPCLCCQH","Engaging",2017-03-16,,,"Kami Bicknell","Summer Sewald","West","GTX Plus Basic","GTX",1096,"Konex","technology","United States",7708.38,13756,FALSE,0,,,,1,1
"E1921PBZ","Won",2017-03-16,2017-05-23,"2017-05","Kary Hendrixson","Summer Sewald","West","GTX Basic","GTX",550,"Finjob","employment","United States",2059.9,3644,TRUE,1,468,68,0.149090909090909,1,1
"0E761F02","Won",2017-03-16,2017-05-02,"2017-05","Kary Hendrixson","Summer Sewald","West","GTX Basic","GTX",550,"Kan-code","software","United States",11698.03,34288,TRUE,1,579,47,-0.0527272727272727,1,1
"HDBNC8W1","Won",2017-03-16,2017-06-11,"2017-06","Lajuana Vencill","Dustin Brinkmann","Central","MG Advanced","MG",3393,"Treequote","telecommunications","United States",5266.09,8595,TRUE,1,3185,87,0.0613026819923371,1,1
"WFCEPHD3","Engaging",2017-03-16,,,"Markita Hansen","Celia Rouche","West","GTX Pro","GTX",4821,"Unknown","Unknown","Unknown",,,FALSE,0,,,,0,0
"KP6NOWM7","Won",2017-03-16,2017-06-03,"2017-06","Markita Hansen","Celia Rouche","West","MG Special","MG",55,"Cheers","entertainment","United States",4269.9,6472,TRUE,1,54,79,0.0181818181818182,1,1
"HPYLUU5P","Won",2017-03-16,2017-06-26,"2017-06","Maureen Marcano","Summer Sewald","West","MG Special","MG",55,"Newex","services","Germany",1012.72,3492,TRUE,1,62,102,-0.127272727272727,1,1
"I7AH5FW0","Lost",2017-03-16,2017-05-23,"2017-05","Moses Frase","Dustin Brinkmann","Central","GTX Basic","GTX",550,"dambase","marketing","United States",2173.98,2928,TRUE,0,0,68,,1,1
"RSFYKC1F","Won",2017-03-16,2017-06-25,"2017-06","Moses Frase","Dustin Brinkmann","Central","GTX Basic","GTX",550,"Betatech","medical","Kenya",647.18,1185,TRUE,1,619,101,-0.125454545454545,1,1
"RMW0TRSZ","Lost",2017-03-16,2017-05-20,"2017-05","Rosalina Dieter","Celia Rouche","West","MG Special","MG",55,"Golddex","finance","United States",52.5,165,TRUE,0,0,65,,1,1
"GNENBXRW","Lost",2017-03-16,2017-05-17,"2017-05","Rosalina Dieter","Celia Rouche","West","MG Special","MG",55,"Hatfan","services","United States",792.46,1299,TRUE,0,0,62,,1,1
"L20NI94X","Lost",2017-03-16,2017-06-05,"2017-06","Rosalina Dieter","Celia Rouche","West","MG Advanced","MG",3393,"Xx-holding","finance","United States",7537.24,20293,TRUE,0,0,81,,1,1
"AF7XJNED","Engaging",2017-03-16,,,"Rosie Papadopoulos","Cara Losch","East","GTX Plus Pro","GTX",5482,"Unknown","Unknown","Unknown",,,FALSE,0,,,,0,0
"CG65AS6X","Won",2017-03-16,2017-03-29,"2017-03","Vicki Laflamme","Celia Rouche","West","GTX Pro","GTX",4821,"Xx-holding","finance","United States",7537.24,20293,TRUE,1,4408,13,0.0856668740925119,1,1
"9XV6GX8D","Won",2017-03-16,2017-06-07,"2017-06","Zane Levy","Summer Sewald","West","GTX Basic","GTX",550,"Cheers","entertainment","United States",4269.9,6472,TRUE,1,605,83,-0.1,1,1
"IDIMBX0N","Won",2017-03-17,2017-03-26,"2017-03","Anna Snelling","Dustin Brinkmann","Central","GTX Plus Pro","GTX",5482,"Genco Pura Olive Oil Company","retail","Italy",894.33,1635,TRUE,1,6064,9,-0.106165632980664,1,1
"W75XU368","Won",2017-03-17,2017-06-17,"2017-06","Cassey Cress","Rocco Neubert","East","GTX Basic","GTX",550,"Plussunin","retail","United States",1419.98,4018,TRUE,1,641,92,-0.165454545454546,1,1
"WIY2Q0Q5","Won",2017-03-17,2017-05-17,"2017-05","Cassey Cress","Rocco Neubert","East","GTX Basic","GTX",550,"Vehement Capital Partners","finance","United States",646.1,883,TRUE,1,491,61,0.107272727272727,1,1
"EJDHOY6M","Engaging",2017-03-17,,,"Corliss Cosme","Cara Losch","East","GTX Basic","GTX",550,"Unknown","Unknown","Unknown",,,FALSE,0,,,,0,0
"DF1011UT","Engaging",2017-03-17,,,"Corliss Cosme","Cara Losch","East","GTX Plus Basic","GTX",1096,"Konmatfix","marketing","United States",375.43,1190,FALSE,0,,,,1,1
"7V1FQBL9","Lost",2017-03-17,2017-05-03,"2017-05","Corliss Cosme","Cara Losch","East","GTX Pro","GTX",4821,"Plussunin","retail","United States",1419.98,4018,TRUE,0,0,47,,1,1
"4PXSBQU8","Won",2017-03-17,2017-05-27,"2017-05","Darcel Schlecht","Melvin Marxen","Central","MG Special","MG",55,"Codehow","software","United States",2714.9,2641,TRUE,1,47,71,0.145454545454546,1,1
"QRKHWNRB","Won",2017-03-17,2017-06-25,"2017-06","Elease Gluck","Celia Rouche","West","MG Special","MG",55,"Faxquote","telecommunications","United States",1825.82,5595,TRUE,1,63,100,-0.145454545454546,1,1
"1YGNHE69","Won",2017-03-17,2017-05-18,"2017-05","Garret Kinder","Cara Losch","East","MG Advanced","MG",3393,"Sumace","retail","Romania",167.89,493,TRUE,1,3291,62,0.0300618921308576,1,1
"IBS3H6Z4","Engaging",2017-03-17,,,"Hayden Neloms","Celia Rouche","West","GTX Plus Basic","GTX",1096,"Unknown","Unknown","Unknown",,,FALSE,0,,,,0,0
"TAEUD0HP","Won",2017-03-17,2017-06-10,"2017-06","Hayden Neloms","Celia Rouche","West","GTX Plus Basic","GTX",1096,"Singletechno","retail","United States",2214.94,5374,TRUE,1,1188,85,-0.083941605839416,1,1
"04YGLJ3N","Engaging",2017-03-17,,,"Kary Hendrixson","Summer Sewald","West","GTX Plus Pro","GTX",5482,"Unknown","Unknown","Unknown",,,FALSE,0,,,,0,0
"72TBO2HA","Lost",2017-03-17,2017-05-08,"2017-05","Kary Hendrixson","Summer Sewald","West","GTX Basic","GTX",550,"Cheers","entertainment","United States",4269.9,6472,TRUE,0,0,52,,1,1
"FCW4SAAP","Won",2017-03-17,2017-06-11,"2017-06","Kary Hendrixson","Summer Sewald","West","GTX Basic","GTX",550,"Scotfind","software","United States",6354.87,16780,TRUE,1,478,86,0.130909090909091,1,1
"DEH0MYSO","Won",2017-03-17,2017-05-24,"2017-05","Kary Hendrixson","Summer Sewald","West","MG Special","MG",55,"Green-Plus","services","United States",692.19,1922,TRUE,1,60,68,-0.0909090909090908,1,1
"PEVJ6O6R","Won",2017-03-17,2017-03-27,"2017-03","Reed Clapper","Rocco Neubert","East","GTX Pro","GTX",4821,"Silis","medical","United States",2818.38,6290,TRUE,1,4064,10,0.157021364862062,1,1
"T02CX0BY","Won",2017-03-17,2017-03-31,"2017-03","Reed Clapper","Rocco Neubert","East","MG Advanced","MG",3393,"Ontomedia","employment","United States",882.12,2769,TRUE,1,2550,14,0.248452696728559,1,1
"IN9S33CD","Engaging",2017-03-17,,,"Rosalina Dieter","Celia Rouche","West","GTX Plus Pro","GTX",5482,"Finhigh","finance","United States",1102.43,1759,FALSE,0,,,,1,1
"SSX3QRTB","Lost",2017-03-17,2017-05-08,"2017-05","Rosie Papadopoulos","Cara Losch","East","MG Special","MG",55,"Bioplex","medical","United States",326.82,1016,TRUE,0,0,52,,1,1
"UBX7TMQG","Lost",2017-03-17,2017-05-10,"2017-05","Versie Hillebrand","Dustin Brinkmann","Central","GTX Plus Pro","GTX",5482,"Dontechi","software","United States",4618,10083,TRUE,0,0,54,,1,1
"RR5AMWPQ","Lost",2017-03-17,2017-05-16,"2017-05","Versie Hillebrand","Dustin Brinkmann","Central","MG Special","MG",55,"Genco Pura Olive Oil Company","retail","Italy",894.33,1635,TRUE,0,0,60,,1,1
"FHLNW3WH","Won",2017-03-17,2017-06-21,"2017-06","Versie Hillebrand","Dustin Brinkmann","Central","MG Advanced","MG",3393,"Statholdings","employment","United States",291.27,586,TRUE,1,3378,96,0.00442086648983198,1,1
"1GT10YJD","Engaging",2017-03-17,,,"Vicki Laflamme","Celia Rouche","West","GTX Plus Pro","GTX",5482,"Unknown","Unknown","Unknown",,,FALSE,0,,,,0,0
"4UZCVHEV","Engaging",2017-03-17,,,"Violet Mclelland","Cara Losch","East","GTX Basic","GTX",550,"Unknown","Unknown","Unknown",,,FALSE,0,,,,0,0
"DJH67UIZ","Engaging",2017-03-17,,,"Violet Mclelland","Cara Losch","East","MG Special","MG",55,"Unknown","Unknown","Unknown",,,FALSE,0,,,,0,0
"7VGJ2B7O","Engaging",2017-03-17,,,"Violet Mclelland","Cara Losch","East","MG Special","MG",55,"Unknown","Unknown","Unknown",,,FALSE,0,,,,0,0
"IAVMELUO","Won",2017-03-17,2017-05-30,"2017-05","Wilburn Farren","Cara Losch","East","GTX Pro","GTX",4821,"Gekko & Co","retail","United States",2520.83,3502,TRUE,1,6135,74,-0.27255756067206,1,1
"PRMMZX9O","Won",2017-03-17,2017-06-02,"2017-06","Zane Levy","Summer Sewald","West","GTX Plus Basic","GTX",1096,"Newex","services","Germany",1012.72,3492,TRUE,1,999,77,0.0885036496350365,1,1
"ZZFES7ID","Won",2017-03-17,2017-06-05,"2017-06","Zane Levy","Summer Sewald","West","MG Special","MG",55,"Singletechno","retail","United States",2214.94,5374,TRUE,1,52,80,0.0545454545454546,1,1
"G7PNQB9M","Lost",2017-03-18,2017-05-25,"2017-05","Anna Snelling","Dustin Brinkmann","Central","GTX Plus Basic","GTX",1096,"Warephase","services","United States",2041.73,5276,TRUE,0,0,68,,1,1
"Z0R5O2VW","Lost",2017-03-18,2017-05-24,"2017-05","Cassey Cress","Rocco Neubert","East","GTX Plus Pro","GTX",5482,"Donware","marketing","United States",1197.44,2570,TRUE,0,0,67,,1,1
"VS0TWECS","Won",2017-03-18,2017-06-18,"2017-06","Cassey Cress","Rocco Neubert","East","GTX Basic","GTX",550,"Plussunin","retail","United States",1419.98,4018,TRUE,1,530,92,0.0363636363636364,1,1
"XN7EV14M","Won",2017-03-18,2017-05-09,"2017-05","Cecily Lampkin","Dustin Brinkmann","Central","GTX Basic","GTX",550,"Konmatfix","marketing","United States",375.43,1190,TRUE,1,538,52,0.0218181818181818,1,1
"P5BRH80Z","Won",2017-03-18,2017-03-27,"2017-03","Cecily Lampkin","Dustin Brinkmann","Central","MG Special","MG",55,"Rundofase","technology","United States",1008.06,1238,TRUE,1,53,9,0.0363636363636364,1,1
"CQVDJR45","Won",2017-03-18,2017-06-12,"2017-06","Darcel Schlecht","Melvin Marxen","Central","GTX Pro","GTX",4821,"Scottech","marketing","United States",45.39,100,TRUE,1,5416,86,-0.12341837792989,1,1
"QUFCX2MF","Lost",2017-03-18,2017-05-27,"2017-05","Elease Gluck","Celia Rouche","West","MG Special","MG",55,"Scotfind","software","United States",6354.87,16780,TRUE,0,0,70,,1,1
"RW13VT8T","Won",2017-03-18,2017-05-11,"2017-05","Garret Kinder","Cara Losch","East","GTX Plus Pro","GTX",5482,"Mathtouch","marketing","Jordan",3027.46,9516,TRUE,1,4995,54,0.0888361911711054,1,1
"H2IOHZ8R","Engaging",2017-03-18,,,"James Ascencio","Summer Sewald","West","GTX Basic","GTX",550,"Unknown","Unknown","Unknown",,,FALSE,0,,,,0,0
"5LJ47CVS","Lost",2017-03-18,2017-06-22,"2017-06","James Ascencio","Summer Sewald","West","GTX Basic","GTX",550,"Sonron","telecommunications","United States",1699.85,5108,TRUE,0,0,96,,1,1
"87XTACKH","Won",2017-03-18,2017-05-26,"2017-05","Jonathan Berthelot","Melvin Marxen","Central","GTX Plus Basic","GTX",1096,"Bioholding","medical","Philipines",587.34,1356,TRUE,1,1137,69,-0.0374087591240877,1,1
"0Z2CQ0MQ","Won",2017-03-18,2017-03-28,"2017-03","Kami Bicknell","Summer Sewald","West","GTX Basic","GTX",550,"Sonron","telecommunications","United States",1699.85,5108,TRUE,1,453,10,0.176363636363636,1,1
"4SK6YLB0","Won",2017-03-18,2017-05-27,"2017-05","Kami Bicknell","Summer Sewald","West","GTX Plus Basic","GTX",1096,"Hottechi","technology","Korea",8170.38,16499,TRUE,1,1065,70,0.0282846715328468,1,1
"EVVX3PQ5","Won",2017-03-18,2017-05-04,"2017-05","Kami Bicknell","Summer Sewald","West","GTX Pro","GTX",4821,"Singletechno","retail","United States",2214.94,5374,TRUE,1,4373,47,0.0929267786766231,1,1
"9Y3JDP1B","Won",2017-03-18,2017-06-19,"2017-06","Kami Bicknell","Summer Sewald","West","MG Advanced","MG",3393,"Labdrill","medical","United States",2741.37,9226,TRUE,1,2560,93,0.245505452402004,1,1
"ACB3QZAY","Lost",2017-03-18,2017-06-04,"2017-06","Kary Hendrixson","Summer Sewald","West","GTX Pro","GTX",4821,"Singletechno","retail","United States",2214.94,5374,TRUE,0,0,78,,1,1
"COWC9H9T","Won",2017-03-18,2017-03-31,"2017-03","Markita Hansen","Celia Rouche","West","GTX Plus Basic","GTX",1096,"Groovestreet","retail","United States",223.8,299,TRUE,1,1171,13,-0.0684306569343065,1,1
"ZTHMJWYZ","Won",2017-03-18,2017-06-22,"2017-06","Markita Hansen","Celia Rouche","West","MG Special","MG",55,"Konex","technology","United States",7708.38,13756,TRUE,1,53,96,0.0363636363636364,1,1
"MMGWAWBA","Won",2017-03-18,2017-06-02,"2017-06","Marty Freudenburg","Melvin Marxen","Central","GTX Plus Pro","GTX",5482,"Treequote","telecommunications","United States",5266.09,8595,TRUE,1,6553,76,-0.195366654505655,1,1
"8LPO6YCO","Won",2017-03-18,2017-05-07,"2017-05","Marty Freudenburg","Melvin Marxen","Central","MG Advanced","MG",3393,"Betatech","medical","Kenya",647.18,1185,TRUE,1,3542,50,-0.0439139404656645,1,1
"I7MDOGGU","Engaging",2017-03-18,,,"Maureen Marcano","Summer Sewald","West","GTX Basic","GTX",550,"Unknown","Unknown","Unknown",,,FALSE,0,,,,0,0
"CDUIUYY2","Won",2017-03-18,2017-06-11,"2017-06","Moses Frase","Dustin Brinkmann","Central","MG Advanced","MG",3393,"Finhigh","finance","United States",1102.43,1759,TRUE,1,3619,85,-0.0666077217801355,1,1
"10IY4PV4","Engaging",2017-03-18,,,"Rosalina Dieter","Celia Rouche","West","MG Advanced","MG",3393,"Unknown","Unknown","Unknown",,,FALSE,0,,,,0,0
"A1TDRYHZ","Engaging",2017-03-18,,,"Rosie Papadopoulos","Cara Losch","East","MG Advanced","MG",3393,"Rangreen","technology","Panama",2938.67,8775,FALSE,0,,,,1,1
"2JY9SQ2L","Engaging",2017-03-18,,,"Vicki Laflamme","Celia Rouche","West","MG Special","MG",55,"Unknown","Unknown","Unknown",,,FALSE,0,,,,0,0
"9328IHHL","Won",2017-03-18,2017-05-18,"2017-05","Wilburn Farren","Cara Losch","East","MG Advanced","MG",3393,"Bluth Company","technology","United States",1242.32,3027,TRUE,1,3589,61,-0.0577659888004716,1,1
"ZFB7CBR6","Won",2017-03-18,2017-05-13,"2017-05","Zane Levy","Summer Sewald","West","GTX Plus Pro","GTX",5482,"Plexzap","retail","United States",2437.85,4874,TRUE,1,6262,56,-0.142283838015323,1,1
"3N3RAHXR","Engaging",2017-03-19,,,"Cassey Cress","Rocco Neubert","East","GTX Plus Basic","GTX",1096,"Nam-zim","services","Brazil",405.59,1179,FALSE,0,,,,1,1
"6RJE18RW","Won",2017-03-19,2017-03-24,"2017-03","Cassey Cress","Rocco Neubert","East","GTX Plus Basic","GTX",1096,"Acme Corporation","technology","United States",1100.04,2822,TRUE,1,1161,5,-0.0593065693430657,1,1
"GK86H0SK","Won",2017-03-19,2017-03-28,"2017-03","Cassey Cress","Rocco Neubert","East","GTX Pro","GTX",4821,"Umbrella Corporation","finance","United States",2022.14,5113,TRUE,1,4975,9,-0.0319435801700891,1,1
"QXU90OP8","Won",2017-03-19,2017-03-22,"2017-03","Corliss Cosme","Cara Losch","East","GTX Basic","GTX",550,"Zotware","software","United States",4478.47,13809,TRUE,1,586,3,-0.0654545454545454,1,1
"NXXSU27K","Won",2017-03-19,2017-03-25,"2017-03","Corliss Cosme","Cara Losch","East","MG Special","MG",55,"The New York Inquirer","medical","United States",439.21,792,TRUE,1,41,6,0.254545454545455,1,1
"RACLHBXN","Engaging",2017-03-19,,,"Daniell Hammack","Rocco Neubert","East","GTX Plus Basic","GTX",1096,"Unknown","Unknown","Unknown",,,FALSE,0,,,,0,0
"06YL7WVJ","Won",2017-03-19,2017-03-21,"2017-03","Darcel Schlecht","Melvin Marxen","Central","GTX Plus Basic","GTX",1096,"Ron-tech","medical","United States",3922.42,6837,TRUE,1,929,2,0.152372262773723,1,1
"K4Y8R0FX","Won",2017-03-19,2017-06-04,"2017-06","Darcel Schlecht","Melvin Marxen","Central","MG Special","MG",55,"Streethex","retail","Belgium",1376.8,1165,TRUE,1,65,77,-0.181818181818182,1,1
"F8O0IY28","Won",2017-03-19,2017-03-30,"2017-03","Donn Cantrell","Rocco Neubert","East","GTX Basic","GTX",550,"Zencorporation","technology","China",40.79,142,TRUE,1,574,11,-0.0436363636363637,1,1
"8T8J06EL","Lost",2017-03-19,2017-06-26,"2017-06","Gladys Colclough","Melvin Marxen","Central","GTX Pro","GTX",4821,"Condax","medical","United States",4.54,9,TRUE,0,0,99,,1,1
"3AE6GW2D","Lost",2017-03-19,2017-05-09,"2017-05","Gladys Colclough","Melvin Marxen","Central","GTX Pro","GTX",4821,"Streethex","retail","Belgium",1376.8,1165,TRUE,0,0,51,,1,1
"T0SEVT4K","Won",2017-03-19,2017-06-16,"2017-06","Hayden Neloms","Celia Rouche","West","MG Advanced","MG",3393,"Labdrill","medical","United States",2741.37,9226,TRUE,1,3028,89,0.107574417919245,1,1
"36VPT9RZ","Won",2017-03-19,2017-03-26,"2017-03","James Ascencio","Summer Sewald","West","GTX Basic","GTX",550,"Singletechno","retail","United States",2214.94,5374,TRUE,1,403,7,0.267272727272727,1,1
"R2RL1Y49","Lost",2017-03-19,2017-05-16,"2017-05","Kami Bicknell","Summer Sewald","West","GTX Basic","GTX",550,"Sonron","telecommunications","United States",1699.85,5108,TRUE,0,0,58,,1,1
"7Q7SA3EK","Won",2017-03-19,2017-06-07,"2017-06","Kami Bicknell","Summer Sewald","West","MG Advanced","MG",3393,"Kan-code","software","United States",11698.03,34288,TRUE,1,3290,80,0.0303566165635131,1,1
"THKCN7HU","Engaging",2017-03-19,,,"Kary Hendrixson","Summer Sewald","West","GTX Basic","GTX",550,"Unknown","Unknown","Unknown",,,FALSE,0,,,,0,0
"6JI36HIE","Lost",2017-03-19,2017-06-23,"2017-06","Kary Hendrixson","Summer Sewald","West","MG Advanced","MG",3393,"Sonron","telecommunications","United States",1699.85,5108,TRUE,0,0,96,,1,1
"B5CBSTM5","Won",2017-03-19,2017-03-29,"2017-03","Kary Hendrixson","Summer Sewald","West","MG Advanced","MG",3393,"Golddex","finance","United States",52.5,165,TRUE,1,3550,10,-0.0462717359269083,1,1
"SNBYNW8H","Won",2017-03-19,2017-06-23,"2017-06","Moses Frase","Dustin Brinkmann","Central","MG Advanced","MG",3393,"Rangreen","technology","Panama",2938.67,8775,TRUE,1,3657,96,-0.0778072502210434,1,1
"IEN6RBZI","Won",2017-03-19,2017-06-24,"2017-06","Reed Clapper","Rocco Neubert","East","GTX Plus Basic","GTX",1096,"Zotware","software","United States",4478.47,13809,TRUE,1,1046,97,0.0456204379562044,1,1
"9P026O47","Won",2017-03-19,2017-05-27,"2017-05","Versie Hillebrand","Dustin Brinkmann","Central","MG Special","MG",55,"Warephase","services","United States",2041.73,5276,TRUE,1,50,69,0.0909090909090909,1,1
"AJLNEUVY","Won",2017-03-19,2017-03-27,"2017-03","Versie Hillebrand","Dustin Brinkmann","Central","MG Advanced","MG",3393,"Funholding","finance","United States",2819.5,7227,TRUE,1,2871,8,0.153846153846154,1,1
"LJIAOC0Q","Won",2017-03-19,2017-06-04,"2017-06","Violet Mclelland","Cara Losch","East","MG Special","MG",55,"Bioplex","medical","United States",326.82,1016,TRUE,1,52,77,0.0545454545454546,1,1
"PD2198ZH","Engaging",2017-03-19,,,"Zane Levy","Summer Sewald","West","GTX Pro","GTX",4821,"Unknown","Unknown","Unknown",,,FALSE,0,,,,0,0
"2BYD4WQ7","Lost",2017-03-20,2017-05-19,"2017-05","Anna Snelling","Dustin Brinkmann","Central","MG Special","MG",55,"Funholding","finance","United States",2819.5,7227,TRUE,0,0,60,,1,1
"HP6DSCMH","Won",2017-03-20,2017-06-12,"2017-06","Boris Faz","Rocco Neubert","East","GTX Basic","GTX",550,"Kan-code","software","United States",11698.03,34288,TRUE,1,564,84,-0.0254545454545454,1,1
"FM4S93O6","Lost",2017-03-20,2017-05-23,"2017-05","Cassey Cress","Rocco Neubert","East","GTX Plus Pro","GTX",5482,"Donware","marketing","United States",1197.44,2570,TRUE,0,0,64,,1,1
"ALHQU8W8","Engaging",2017-03-20,,,"Corliss Cosme","Cara Losch","East","GTX Basic","GTX",550,"Plexzap","retail","United States",2437.85,4874,FALSE,0,,,,1,1
"GGPSSI5Q","Won",2017-03-20,2017-06-02,"2017-06","Daniell Hammack","Rocco Neubert","East","MG Advanced","MG",3393,"Ganjaflex","retail","Japan",5158.71,17479,TRUE,1,3780,74,-0.114058355437666,1,1
"4D95LU0H","Won",2017-03-20,2017-06-24,"2017-06","Darcel Schlecht","Melvin Marxen","Central","GTX Basic","GTX",550,"dambase","marketing","United States",2173.98,2928,TRUE,1,491,96,0.107272727272727,1,1
"KA79LTFF","Won",2017-03-20,2017-03-30,"2017-03","Darcel Schlecht","Melvin Marxen","Central","GTX Basic","GTX",550,"Dontechi","software","United States",4618,10083,TRUE,1,604,10,-0.0981818181818181,1,1
"OBBVVO9O","Lost",2017-03-20,2017-05-27,"2017-05","Elease Gluck","Celia Rouche","West","GTK 500","GTK",26768,"Singletechno","retail","United States",2214.94,5374,TRUE,0,0,68,,1,1
"83HX5CIJ","Lost",2017-03-20,2017-03-23,"2017-03","Kami Bicknell","Summer Sewald","West","GTX Basic","GTX",550,"Sonron","telecommunications","United States",1699.85,5108,TRUE,0,0,3,,1,1
"SGV1FR3O","Won",2017-03-20,2017-06-23,"2017-06","Kami Bicknell","Summer Sewald","West","GTX Basic","GTX",550,"Cheers","entertainment","United States",4269.9,6472,TRUE,1,568,95,-0.0327272727272727,1,1
"TJ6U9HZ3","Won",2017-03-20,2017-06-24,"2017-06","Kary Hendrixson","Summer Sewald","West","GTX Basic","GTX",550,"Singletechno","retail","United States",2214.94,5374,TRUE,1,601,96,-0.0927272727272728,1,1
"K72CEXGZ","Engaging",2017-03-20,,,"Maureen Marcano","Summer Sewald","West","GTX Plus Basic","GTX",1096,"Unknown","Unknown","Unknown",,,FALSE,0,,,,0,0
"1N99TLIA","Lost",2017-03-20,2017-06-02,"2017-06","Maureen Marcano","Summer Sewald","West","MG Advanced","MG",3393,"Blackzim","retail","United States",497.11,1588,TRUE,0,0,74,,1,1
"JYE2QFGE","Won",2017-03-20,2017-05-06,"2017-05","Niesha Huffines","Melvin Marxen","Central","GTX Plus Pro","GTX",5482,"Genco Pura Olive Oil Company","retail","Italy",894.33,1635,TRUE,1,5616,47,-0.0244436337103247,1,1
"IEOMRMWW","Lost",2017-03-20,2017-06-28,"2017-06","Reed Clapper","Rocco Neubert","East","GTX Pro","GTX",4821,"Zotware","software","United States",4478.47,13809,TRUE,0,0,100,,1,1
"ZW7N89K3","Lost",2017-03-20,2017-05-18,"2017-05","Rosalina Dieter","Celia Rouche","West","GTX Pro","GTX",4821,"Faxquote","telecommunications","United States",1825.82,5595,TRUE,0,0,59,,1,1
"MIU04JC2","Lost",2017-03-20,2017-06-21,"2017-06","Versie Hillebrand","Dustin Brinkmann","Central","MG Special","MG",55,"dambase","marketing","United States",2173.98,2928,TRUE,0,0,93,,1,1
"VF2OKZY5","Lost",2017-03-20,2017-06-12,"2017-06","Vicki Laflamme","Celia Rouche","West","MG Advanced","MG",3393,"Scotfind","software","United States",6354.87,16780,TRUE,0,0,84,,1,1
"QSBKLWSW","Won",2017-03-20,2017-06-29,"2017-06","Violet Mclelland","Cara Losch","East","GTX Basic","GTX",550,"Opentech","finance","United States",355.23,853,TRUE,1,542,101,0.0145454545454545,1,1
"0GTJE2VQ","Won",2017-03-20,2017-06-14,"2017-06","Wilburn Farren","Cara Losch","East","GTX Basic","GTX",550,"Gekko & Co","retail","United States",2520.83,3502,TRUE,1,497,86,0.0963636363636363,1,1
"H91G4MYP","Won",2017-03-20,2017-05-22,"2017-05","Zane Levy","Summer Sewald","West","GTX Pro","GTX",4821,"J-Texon","retail","United States",1388.67,3583,TRUE,1,5443,63,-0.129018875751919,1,1
"DDBH2FPP","Won",2017-03-21,2017-06-16,"2017-06","Anna Snelling","Dustin Brinkmann","Central","GTX Plus Basic","GTX",1096,"Rangreen","technology","Panama",2938.67,8775,TRUE,1,1037,87,0.0538321167883211,1,1
"P1SGQODJ","Engaging",2017-03-21,,,"Boris Faz","Rocco Neubert","East","GTX Plus Basic","GTX",1096,"Rangreen","technology","Panama",2938.67,8775,FALSE,0,,,,1,1
"N8F2PFQP","Won",2017-03-21,2017-04-03,"2017-04","Boris Faz","Rocco Neubert","East","GTX Plus Basic","GTX",1096,"Betasoloin","medical","United States",251.41,495,TRUE,1,992,13,0.0948905109489051,1,1
"WELHHO3U","Won",2017-03-21,2017-03-30,"2017-03","Cecily Lampkin","Dustin Brinkmann","Central","GTX Plus Basic","GTX",1096,"Stanredtax","finance","United States",1698.2,3798,TRUE,1,966,9,0.118613138686131,1,1
"CUAYGT78","Lost",2017-03-21,2017-06-26,"2017-06","Daniell Hammack","Rocco Neubert","East","MG Advanced","MG",3393,"Zotware","software","United States",4478.47,13809,TRUE,0,0,97,,1,1
"9KDR9PQX","Lost",2017-03-21,2017-04-01,"2017-04","Garret Kinder","Cara Losch","East","GTX Plus Pro","GTX",5482,"Vehement Capital Partners","finance","United States",646.1,883,TRUE,0,0,11,,1,1
"8A5HA974","Lost",2017-03-21,2017-04-01,"2017-04","Jonathan Berthelot","Melvin Marxen","Central","GTX Basic","GTX",550,"Warephase","services","United States",2041.73,5276,TRUE,0,0,11,,1,1
"M1L0IWB6","Won",2017-03-21,2017-05-11,"2017-05","Jonathan Berthelot","Melvin Marxen","Central","MG Advanced","MG",3393,"Ron-tech","medical","United States",3922.42,6837,TRUE,1,3232,51,0.0474506336575302,1,1
"I2U6MKUT","Won",2017-03-21,2017-05-29,"2017-05","Reed Clapper","Rocco Neubert","East","GTX Basic","GTX",550,"Ganjaflex","retail","Japan",5158.71,17479,TRUE,1,548,69,0.00363636363636366,1,1
"5C8HCDXT","Engaging",2017-03-21,,,"Wilburn Farren","Cara Losch","East","MG Advanced","MG",3393,"Unknown","Unknown","Unknown",,,FALSE,0,,,,0,0
"RK6UFTI8","Lost",2017-03-21,2017-03-26,"2017-03","Wilburn Farren","Cara Losch","East","MG Advanced","MG",3393,"Plussunin","retail","United States",1419.98,4018,TRUE,0,0,5,,1,1
"ECOU1XXZ","Won",2017-03-22,2017-05-30,"2017-05","Anna Snelling","Dustin Brinkmann","Central","MG Special","MG",55,"Ron-tech","medical","United States",3922.42,6837,TRUE,1,52,69,0.0545454545454546,1,1
"9FPDDSIJ","Engaging",2017-03-22,,,"Cassey Cress","Rocco Neubert","East","GTX Pro","GTX",4821,"Unknown","Unknown","Unknown",,,FALSE,0,,,,0,0
"4RDJBBB6","Engaging",2017-03-22,,,"Daniell Hammack","Rocco Neubert","East","MG Special","MG",55,"Unknown","Unknown","Unknown",,,FALSE,0,,,,0,0
"OTDDPHWJ","Lost",2017-03-22,2017-05-28,"2017-05","Darcel Schlecht","Melvin Marxen","Central","GTX Pro","GTX",4821,"Genco Pura Olive Oil Company","retail","Italy",894.33,1635,TRUE,0,0,67,,1,1
"20N9WSRC","Lost",2017-03-22,2017-05-23,"2017-05","Darcel Schlecht","Melvin Marxen","Central","GTX Pro","GTX",4821,"Globex Corporation","technology","Norway",1223.72,2497,TRUE,0,0,62,,1,1
"IJ4GXGCU","Won",2017-03-22,2017-03-30,"2017-03","Darcel Schlecht","Melvin Marxen","Central","GTX Pro","GTX",4821,"Isdom","medical","United States",3178.24,4540,TRUE,1,5109,8,-0.059738643434972,1,1
"GZCWM6GK","Engaging",2017-03-22,,,"Elease Gluck","Celia Rouche","West","MG Special","MG",55,"Statholdings","employment","United States",291.27,586,FALSE,0,,,,1,1
"U0G8KIPB","Won",2017-03-22,2017-06-21,"2017-06","Gladys Colclough","Melvin Marxen","Central","MG Special","MG",55,"Codehow","software","United States",2714.9,2641,TRUE,1,49,91,0.109090909090909,1,1
"2YVVZN5L","Lost",2017-03-22,2017-05-03,"2017-05","Jonathan Berthelot","Melvin Marxen","Central","GTX Plus Basic","GTX",1096,"Konmatfix","marketing","United States",375.43,1190,TRUE,0,0,42,,1,1
"3JUL12VK","Engaging",2017-03-22,,,"Kami Bicknell","Summer Sewald","West","GTX Basic","GTX",550,"Unknown","Unknown","Unknown",,,FALSE,0,,,,0,0
"TGW7OYMD","Won",2017-03-22,2017-06-25,"2017-06","Kami Bicknell","Summer Sewald","West","GTX Basic","GTX",550,"Kan-code","software","United States",11698.03,34288,TRUE,1,447,95,0.187272727272727,1,1
"XJ9RQU4K","Won",2017-03-22,2017-06-14,"2017-06","Lajuana Vencill","Dustin Brinkmann","Central","MG Advanced","MG",3393,"Isdom","medical","United States",3178.24,4540,TRUE,1,3430,84,-0.0109048040082522,1,1
"9Y85N0W5","Engaging",2017-03-22,,,"Markita Hansen","Celia Rouche","West","MG Advanced","MG",3393,"Unknown","Unknown","Unknown",,,FALSE,0,,,,0,0
"4TRMURKI","Lost",2017-03-22,2017-06-18,"2017-06","Niesha Huffines","Melvin Marxen","Central","GTX Basic","GTX",550,"Condax","medical","United States",4.54,9,TRUE,0,0,88,,1,1
"TJXY9DQG","Won",2017-03-22,2017-06-10,"2017-06","Reed Clapper","Rocco Neubert","East","MG Advanced","MG",3393,"Donquadtech","technology","United States",1712.68,3194,TRUE,1,3245,80,0.0436192160330091,1,1
"DV9ZB9KL","Lost",2017-03-22,2017-03-27,"2017-03","Versie Hillebrand","Dustin Brinkmann","Central","GTX Basic","GTX",550,"Bioholding","medical","Philipines",587.34,1356,TRUE,0,0,5,,1,1
"J712QVSG","Won",2017-03-22,2017-03-26,"2017-03","Versie Hillebrand","Dustin Brinkmann","Central","MG Special","MG",55,"Ron-tech","medical","United States",3922.42,6837,TRUE,1,61,4,-0.109090909090909,1,1
"LCBVIPRA","Won",2017-03-22,2017-06-29,"2017-06","Vicki Laflamme","Celia Rouche","West","MG Special","MG",55,"Golddex","finance","United States",52.5,165,TRUE,1,60,99,-0.0909090909090908,1,1
"8GE7FY98","Engaging",2017-03-22,,,"Violet Mclelland","Cara Losch","East","GTX Pro","GTX",4821,"Unknown","Unknown","Unknown",,,FALSE,0,,,,0,0
"88R08IL1","Lost",2017-03-22,2017-04-01,"2017-04","Violet Mclelland","Cara Losch","East","MG Special","MG",55,"Kan-code","software","United States",11698.03,34288,TRUE,0,0,10,,1,1
"4U9D1IZ5","Engaging",2017-03-22,,,"Zane Levy","Summer Sewald","West","GTX Basic","GTX",550,"Unknown","Unknown","Unknown",,,FALSE,0,,,,0,0
"WNMF0OHM","Won",2017-03-23,2017-04-01,"2017-04","Anna Snelling","Dustin Brinkmann","Central","GTX Plus Pro","GTX",5482,"dambase","marketing","United States",2173.98,2928,TRUE,1,5060,9,0.0769792046698285,1,1
"I0D1O3GX","Lost",2017-03-23,2017-04-01,"2017-04","Boris Faz","Rocco Neubert","East","GTX Basic","GTX",550,"Xx-zobam","entertainment","United States",3838.39,8274,TRUE,0,0,9,,1,1
"PO158L29","Engaging",2017-03-23,,,"Cassey Cress","Rocco Neubert","East","GTX Basic","GTX",550,"Blackzim","retail","United States",497.11,1588,FALSE,0,,,,1,1
"7LNGJB3S","Won",2017-03-23,2017-04-01,"2017-04","Cassey Cress","Rocco Neubert","East","GTX Basic","GTX",550,"Kan-code","software","United States",11698.03,34288,TRUE,1,585,9,-0.0636363636363637,1,1
"AVD2WQZY","Lost",2017-03-23,2017-06-11,"2017-06","Corliss Cosme","Cara Losch","East","GTX Pro","GTX",4821,"Sumace","retail","Romania",167.89,493,TRUE,0,0,80,,1,1
"UD9V38LV","Lost",2017-03-23,2017-05-19,"2017-05","Donn Cantrell","Rocco Neubert","East","GTX Pro","GTX",4821,"Betasoloin","medical","United States",251.41,495,TRUE,0,0,57,,1,1
"JMTO8BPQ","Lost",2017-03-23,2017-04-03,"2017-04","Gladys Colclough","Melvin Marxen","Central","GTX Pro","GTX",4821,"Hottechi","technology","Korea",8170.38,16499,TRUE,0,0,11,,1,1
"06YBVWXZ","Lost",2017-03-23,2017-04-03,"2017-04","Kami Bicknell","Summer Sewald","West","GTX Pro","GTX",4821,"Condax","medical","United States",4.54,9,TRUE,0,0,11,,1,1
"ODGKZEVV","Engaging",2017-03-23,,,"Kary Hendrixson","Summer Sewald","West","GTX Pro","GTX",4821,"Unknown","Unknown","Unknown",,,FALSE,0,,,,0,0
"1VCAS7FL","Lost",2017-03-23,2017-04-05,"2017-04","Lajuana Vencill","Dustin Brinkmann","Central","MG Special","MG",55,"Condax","medical","United States",4.54,9,TRUE,0,0,13,,1,1
"G2TASA8C","Lost",2017-03-23,2017-06-15,"2017-06","Lajuana Vencill","Dustin Brinkmann","Central","MG Special","MG",55,"Dontechi","software","United States",4618,10083,TRUE,0,0,84,,1,1
"CRW2CCMB","Won",2017-03-23,2017-06-05,"2017-06","Markita Hansen","Celia Rouche","West","GTX Basic","GTX",550,"Nam-zim","services","Brazil",405.59,1179,TRUE,1,572,74,-0.04,1,1
"7FER10E1","Won",2017-03-23,2017-06-08,"2017-06","Markita Hansen","Celia Rouche","West","MG Special","MG",55,"Golddex","finance","United States",52.5,165,TRUE,1,54,77,0.0181818181818182,1,1
"K96NUCWR","Lost",2017-03-23,2017-04-01,"2017-04","Moses Frase","Dustin Brinkmann","Central","GTX Basic","GTX",550,"Dontechi","software","United States",4618,10083,TRUE,0,0,9,,1,1
"SE609QTE","Won",2017-03-23,2017-05-05,"2017-05","Versie Hillebrand","Dustin Brinkmann","Central","MG Special","MG",55,"Stanredtax","finance","United States",1698.2,3798,TRUE,1,60,43,-0.0909090909090908,1,1
"CT9XECID","Won",2017-03-23,2017-04-01,"2017-04","Versie Hillebrand","Dustin Brinkmann","Central","MG Advanced","MG",3393,"Zumgoity","medical","United States",441.08,1210,TRUE,1,3251,9,0.0418508694370764,1,1
"SUO8VZQ8","Won",2017-03-23,2017-06-14,"2017-06","Vicki Laflamme","Celia Rouche","West","GTX Plus Pro","GTX",5482,"Lexiqvolax","medical","United States",1618.89,3889,TRUE,1,5930,83,-0.0817219992703393,1,1
"9LX9MAPU","Won",2017-03-23,2017-04-01,"2017-04","Violet Mclelland","Cara Losch","East","GTX Plus Basic","GTX",1096,"Mathtouch","marketing","Jordan",3027.46,9516,TRUE,1,941,9,0.141423357664234,1,1
"PHP5V833","Lost",2017-03-24,2017-05-18,"2017-05","Anna Snelling","Dustin Brinkmann","Central","GTX Basic","GTX",550,"Cancity","retail","United States",718.62,2448,TRUE,0,0,55,,1,1
"7XEB6TFB","Won",2017-03-24,2017-06-06,"2017-06","Anna Snelling","Dustin Brinkmann","Central","MG Special","MG",55,"Scottech","marketing","United States",45.39,100,TRUE,1,56,74,-0.0181818181818181,1,1
"KV9LW061","Won",2017-03-24,2017-04-04,"2017-04","Anna Snelling","Dustin Brinkmann","Central","MG Advanced","MG",3393,"Codehow","software","United States",2714.9,2641,TRUE,1,3445,11,-0.0153256704980842,1,1
"M41NS5DN","Engaging",2017-03-24,,,"Cassey Cress","Rocco Neubert","East","GTX Plus Pro","GTX",5482,"Unknown","Unknown","Unknown",,,FALSE,0,,,,0,0
"QIHWKCFK","Engaging",2017-03-24,,,"Cassey Cress","Rocco Neubert","East","MG Advanced","MG",3393,"Singletechno","retail","United States",2214.94,5374,FALSE,0,,,,1,1
"8RZ1A49O","Won",2017-03-24,2017-03-31,"2017-03","Cecily Lampkin","Dustin Brinkmann","Central","MG Special","MG",55,"Bioholding","medical","Philipines",587.34,1356,TRUE,1,54,7,0.0181818181818182,1,1
"GEJLL5L3","Engaging",2017-03-24,,,"Corliss Cosme","Cara Losch","East","GTX Basic","GTX",550,"Unknown","Unknown","Unknown",,,FALSE,0,,,,0,0
"V4EKF9RF","Won",2017-03-24,2017-03-31,"2017-03","Corliss Cosme","Cara Losch","East","MG Advanced","MG",3393,"Mathtouch","marketing","Jordan",3027.46,9516,TRUE,1,3498,7,-0.0309460654288241,1,1
"VJ1EK4A3","Won",2017-03-24,2017-04-02,"2017-04","Daniell Hammack","Rocco Neubert","East","GTX Basic","GTX",550,"Vehement Capital Partners","finance","United States",646.1,883,TRUE,1,540,9,0.0181818181818182,1,1
"65B8HSTW","Won",2017-03-24,2017-04-02,"2017-04","Daniell Hammack","Rocco Neubert","East","GTX Pro","GTX",4821,"Gekko & Co","retail","United States",2520.83,3502,TRUE,1,4986,9,-0.0342252644679526,1,1
"KIJB458K","Lost",2017-03-24,2017-04-03,"2017-04","Darcel Schlecht","Melvin Marxen","Central","GTX Plus Pro","GTX",5482,"Toughzap","retail","United States",332.43,799,TRUE,0,0,10,,1,1
"8PHJ7N4E","Won",2017-03-24,2017-05-15,"2017-05","Darcel Schlecht","Melvin Marxen","Central","GTX Plus Pro","GTX",5482,"Domzoom","entertainment","United States",217.87,551,TRUE,1,5214,52,0.0488872674206494,1,1
"EDAJ0YEW","Won",2017-03-24,2017-03-30,"2017-03","Darcel Schlecht","Melvin Marxen","Central","GTX Pro","GTX",4821,"Isdom","medical","United States",3178.24,4540,TRUE,1,4794,6,0.00560049782202865,1,1
"KMB8TJ0I","Engaging",2017-03-24,,,"Hayden Neloms","Celia Rouche","West","MG Advanced","MG",3393,"Unknown","Unknown","Unknown",,,FALSE,0,,,,0,0
"9X5HUUJ5","Lost",2017-03-24,2017-04-02,"2017-04","James Ascencio","Summer Sewald","West","GTX Plus Basic","GTX",1096,"Kan-code","software","United States",11698.03,34288,TRUE,0,0,9,,1,1
"CR6ZLEWC","Engaging",2017-03-24,,,"Kary Hendrixson","Summer Sewald","West","GTX Plus Pro","GTX",5482,"Unknown","Unknown","Unknown",,,FALSE,0,,,,0,0
"21S1ETXM","Lost",2017-03-24,2017-04-03,"2017-04","Kary Hendrixson","Summer Sewald","West","GTX Plus Basic","GTX",1096,"Scotfind","software","United States",6354.87,16780,TRUE,0,0,10,,1,1
"54JFGNXN","Won",2017-03-24,2017-05-27,"2017-05","Lajuana Vencill","Dustin Brinkmann","Central","GTX Basic","GTX",550,"Cancity","retail","United States",718.62,2448,TRUE,1,648,64,-0.178181818181818,1,1
"WLXPA3LB","Won",2017-03-24,2017-06-30,"2017-06","Lajuana Vencill","Dustin Brinkmann","Central","MG Advanced","MG",3393,"Dontechi","software","United States",4618,10083,TRUE,1,3040,98,0.10403772472738,1,1
"3WQMBMSN","Won",2017-03-24,2017-06-30,"2017-06","Marty Freudenburg","Melvin Marxen","Central","GTX Plus Basic","GTX",1096,"Treequote","telecommunications","United States",5266.09,8595,TRUE,1,1185,98,-0.0812043795620438,1,1
"XIKWT7HM","Won",2017-03-24,2017-03-26,"2017-03","Marty Freudenburg","Melvin Marxen","Central","MG Special","MG",55,"Finhigh","finance","United States",1102.43,1759,TRUE,1,48,2,0.127272727272727,1,1
"J9QQVBQX","Lost",2017-03-24,2017-04-01,"2017-04","Maureen Marcano","Summer Sewald","West","GTX Plus Basic","GTX",1096,"J-Texon","retail","United States",1388.67,3583,TRUE,0,0,8,,1,1
"I51MJ7PP","Won",2017-03-24,2017-06-30,"2017-06","Maureen Marcano","Summer Sewald","West","GTX Plus Basic","GTX",1096,"Cheers","entertainment","United States",4269.9,6472,TRUE,1,1021,98,0.0684306569343066,1,1
"V690FQG4","Won",2017-03-24,2017-05-26,"2017-05","Maureen Marcano","Summer Sewald","West","GTX Plus Basic","GTX",1096,"Scotfind","software","United States",6354.87,16780,TRUE,1,1264,63,-0.153284671532847,1,1
"OSB9S3PI","Lost",2017-03-24,2017-05-23,"2017-05","Moses Frase","Dustin Brinkmann","Central","MG Special","MG",55,"Zumgoity","medical","United States",441.08,1210,TRUE,0,0,60,,1,1
"JWRSTAU8","Won",2017-03-24,2017-06-12,"2017-06","Moses Frase","Dustin Brinkmann","Central","GTX Basic","GTX",550,"Ron-tech","medical","United States",3922.42,6837,TRUE,1,503,80,0.0854545454545454,1,1
"YYAZ4JBY","Won",2017-03-24,2017-04-03,"2017-04","Reed Clapper","Rocco Neubert","East","GTX Pro","GTX",4821,"Ganjaflex","retail","Japan",5158.71,17479,TRUE,1,4440,10,0.0790292470441817,1,1
"8SEGAAT7","Lost",2017-03-24,2017-04-03,"2017-04","Versie Hillebrand","Dustin Brinkmann","Central","GTX Plus Basic","GTX",1096,"Inity","marketing","United States",2403.58,8801,TRUE,0,0,10,,1,1
"4L36DJTM","Won",2017-03-24,2017-04-02,"2017-04","Versie Hillebrand","Dustin Brinkmann","Central","MG Special","MG",55,"Rangreen","technology","Panama",2938.67,8775,TRUE,1,52,9,0.0545454545454546,1,1
"YB20NWM1","Engaging",2017-03-24,,,"Vicki Laflamme","Celia Rouche","West","MG Special","MG",55,"Unknown","Unknown","Unknown",,,FALSE,0,,,,0,0
"7Z3S4XV9","Lost",2017-03-24,2017-04-03,"2017-04","Vicki Laflamme","Celia Rouche","West","GTX Basic","GTX",550,"Konex","technology","United States",7708.38,13756,TRUE,0,0,10,,1,1
"SQOW8W0G","Lost",2017-03-24,2017-05-05,"2017-05","Violet Mclelland","Cara Losch","East","GTX Basic","GTX",550,"Initech","telecommunications","United States",6395.05,20275,TRUE,0,0,42,,1,1
"W3LGBNI2","Lost",2017-03-24,2017-04-06,"2017-04","Violet Mclelland","Cara Losch","East","MG Special","MG",55,"Gekko & Co","retail","United States",2520.83,3502,TRUE,0,0,13,,1,1
"J2B3UZXA","Won",2017-03-24,2017-03-26,"2017-03","Violet Mclelland","Cara Losch","East","GTX Basic","GTX",550,"Gekko & Co","retail","United States",2520.83,3502,TRUE,1,499,2,0.0927272727272728,1,1
"43LFUTVM","Engaging",2017-03-24,,,"Zane Levy","Summer Sewald","West","GTX Plus Pro","GTX",5482,"Unknown","Unknown","Unknown",,,FALSE,0,,,,0,0
"VH78FLDN","Lost",2017-03-24,2017-04-03,"2017-04","Zane Levy","Summer Sewald","West","GTX Pro","GTX",4821,"Cheers","entertainment","United States",4269.9,6472,TRUE,0,0,10,,1,1
"KZKMLY96","Won",2017-03-24,2017-03-29,"2017-03","Zane Levy","Summer Sewald","West","GTX Plus Basic","GTX",1096,"Condax","medical","United States",4.54,9,TRUE,1,1159,5,-0.0574817518248176,1,1
"9BGKQZ3H","Lost",2017-03-25,2017-04-03,"2017-04","Anna Snelling","Dustin Brinkmann","Central","MG Special","MG",55,"Domzoom","entertainment","United States",217.87,551,TRUE,0,0,9,,1,1
"H6NJKV4F","Won",2017-03-25,2017-05-20,"2017-05","Boris Faz","Rocco Neubert","East","GTX Plus Pro","GTX",5482,"Betasoloin","medical","United States",251.41,495,TRUE,1,5479,56,0.000547245530828189,1,1
"CMS1HUGL","Engaging",2017-03-25,,,"Cassey Cress","Rocco Neubert","East","MG Advanced","MG",3393,"Unknown","Unknown","Unknown",,,FALSE,0,,,,0,0
"6R6S91WE","Engaging",2017-03-25,,,"Daniell Hammack","Rocco Neubert","East","GTX Pro","GTX",4821,"Unknown","Unknown","Unknown",,,FALSE,0,,,,0,0
"L69Q015M","Won",2017-03-25,2017-05-19,"2017-05","Daniell Hammack","Rocco Neubert","East","GTX Pro","GTX",4821,"Zotware","software","United States",4478.47,13809,TRUE,1,4555,55,0.055175274839245,1,1
"RX3F3VIU","Lost",2017-03-25,2017-04-02,"2017-04","Darcel Schlecht","Melvin Marxen","Central","MG Special","MG",55,"Hottechi","technology","Korea",8170.38,16499,TRUE,0,0,8,,1,1
"R5I9AAFG","Lost",2017-03-25,2017-05-25,"2017-05","Elease Gluck","Celia Rouche","West","MG Special","MG",55,"Fasehatice","retail","United States",4968.91,7523,TRUE,0,0,61,,1,1
"JQ3HJFNA","Won",2017-03-25,2017-03-28,"2017-03","Garret Kinder","Cara Losch","East","GTX Plus Basic","GTX",1096,"Initech","telecommunications","United States",6395.05,20275,TRUE,1,1026,3,0.0638686131386861,1,1
"XCC1C1GG","Won",2017-03-25,2017-04-03,"2017-04","Gladys Colclough","Melvin Marxen","Central","GTX Basic","GTX",550,"Stanredtax","finance","United States",1698.2,3798,TRUE,1,503,9,0.0854545454545454,1,1
"WI1HQSIS","Won",2017-03-25,2017-06-14,"2017-06","Gladys Colclough","Melvin Marxen","Central","GTX Plus Basic","GTX",1096,"Streethex","retail","Belgium",1376.8,1165,TRUE,1,1144,81,-0.0437956204379562,1,1
"LCTI4CFV","Won",2017-03-25,2017-06-16,"2017-06","Gladys Colclough","Melvin Marxen","Central","MG Special","MG",55,"Genco Pura Olive Oil Company","retail","Italy",894.33,1635,TRUE,1,55,83,0,1,1
"3T64Z7DB","Engaging",2017-03-25,,,"Kami Bicknell","Summer Sewald","West","GTX Basic","GTX",550,"Unknown","Unknown","Unknown",,,FALSE,0,,,,0,0
"3F2ZPCSL","Engaging",2017-03-25,,,"Kary Hendrixson","Summer Sewald","West","GTX Plus Basic","GTX",1096,"Unknown","Unknown","Unknown",,,FALSE,0,,,,0,0
"8GMDSXYY","Won",2017-03-25,2017-04-06,"2017-04","Markita Hansen","Celia Rouche","West","MG Advanced","MG",3393,"Kan-code","software","United States",11698.03,34288,TRUE,1,3181,12,0.062481579722959,1,1
"QLTDWAEM","Won",2017-03-25,2017-06-19,"2017-06","Marty Freudenburg","Melvin Marxen","Central","MG Special","MG",55,"Scottech","marketing","United States",45.39,100,TRUE,1,54,86,0.0181818181818182,1,1
"XFB1VXQY","Engaging",2017-03-25,,,"Maureen Marcano","Summer Sewald","West","MG Advanced","MG",3393,"Unknown","Unknown","Unknown",,,FALSE,0,,,,0,0
"UB8M6I5R","Won",2017-03-25,2017-06-30,"2017-06","Maureen Marcano","Summer Sewald","West","GTX Pro","GTX",4821,"Singletechno","retail","United States",2214.94,5374,TRUE,1,3959,97,0.178801078614395,1,1
"EBTJPEEY","Won",2017-03-25,2017-05-31,"2017-05","Niesha Huffines","Melvin Marxen","Central","GTX Basic","GTX",550,"Streethex","retail","Belgium",1376.8,1165,TRUE,1,571,67,-0.0381818181818181,1,1
"ATW70WX1","Lost",2017-03-25,2017-04-05,"2017-04","Reed Clapper","Rocco Neubert","East","GTX Pro","GTX",4821,"Donquadtech","technology","United States",1712.68,3194,TRUE,0,0,11,,1,1
"9DBMY3OF","Lost",2017-03-25,2017-04-04,"2017-04","Vicki Laflamme","Celia Rouche","West","GTX Basic","GTX",550,"Kan-code","software","United States",11698.03,34288,TRUE,0,0,10,,1,1
"HRV9DSYF","Won",2017-03-25,2017-04-03,"2017-04","Vicki Laflamme","Celia Rouche","West","GTX Basic","GTX",550,"Blackzim","retail","United States",497.11,1588,TRUE,1,545,9,0.00909090909090904,1,1
"MNC7Q3JJ","Won",2017-03-25,2017-06-21,"2017-06","Vicki Laflamme","Celia Rouche","West","GTX Basic","GTX",550,"Labdrill","medical","United States",2741.37,9226,TRUE,1,554,88,-0.00727272727272732,1,1
"TJ03NDNX","Engaging",2017-03-25,,,"Violet Mclelland","Cara Losch","East","MG Advanced","MG",3393,"Iselectrics","technology","United States",527.11,1428,FALSE,0,,,,1,1
"E3WWC6FJ","Won",2017-03-25,2017-04-02,"2017-04","Violet Mclelland","Cara Losch","East","MG Special","MG",55,"Yearin","retail","United States",2261.05,3851,TRUE,1,68,8,-0.236363636363636,1,1
"QKKZQJ46","Won",2017-03-25,2017-06-16,"2017-06","Violet Mclelland","Cara Losch","East","MG Special","MG",55,"Zencorporation","technology","China",40.79,142,TRUE,1,52,83,0.0545454545454546,1,1
"VRYR5A81","Engaging",2017-03-25,,,"Wilburn Farren","Cara Losch","East","GTX Basic","GTX",550,"Finhigh","finance","United States",1102.43,1759,FALSE,0,,,,1,1
"M52B4VC5","Lost",2017-03-26,2017-04-04,"2017-04","Anna Snelling","Dustin Brinkmann","Central","MG Special","MG",55,"Globex Corporation","technology","Norway",1223.72,2497,TRUE,0,0,9,,1,1
"Z72Y3C3C","Won",2017-03-26,2017-04-04,"2017-04","Anna Snelling","Dustin Brinkmann","Central","MG Special","MG",55,"Dontechi","software","United States",4618,10083,TRUE,1,54,9,0.0181818181818182,1,1
"FQPPZ9NQ","Won",2017-03-26,2017-05-25,"2017-05","Cassey Cress","Rocco Neubert","East","MG Advanced","MG",3393,"Donware","marketing","United States",1197.44,2570,TRUE,1,3822,60,-0.126436781609195,1,1
"DUHS8KVY","Won",2017-03-26,2017-04-05,"2017-04","Daniell Hammack","Rocco Neubert","East","GTX Plus Basic","GTX",1096,"The New York Inquirer","medical","United States",439.21,792,TRUE,1,971,10,0.114051094890511,1,1
"M72CT8RN","Won",2017-03-26,2017-04-05,"2017-04","Daniell Hammack","Rocco Neubert","East","GTX Plus Pro","GTX",5482,"Donware","marketing","United States",1197.44,2570,TRUE,1,6024,10,-0.0988690259029552,1,1
"XBFTCRLN","Won",2017-03-26,2017-04-04,"2017-04","Darcel Schlecht","Melvin Marxen","Central","GTX Pro","GTX",4821,"Stanredtax","finance","United States",1698.2,3798,TRUE,1,4820,9,0.000207425845260345,1,1
"3ZILMRQK","Lost",2017-03-26,2017-05-28,"2017-05","Donn Cantrell","Rocco Neubert","East","GTX Plus Pro","GTX",5482,"Kinnamplus","retail","United States",702.72,1831,TRUE,0,0,63,,1,1
"FZ72CGOI","Lost",2017-03-26,2017-06-25,"2017-06","Garret Kinder","Cara Losch","East","GTX Pro","GTX",4821,"Plussunin","retail","United States",1419.98,4018,TRUE,0,0,91,,1,1
"72HZ4LDT","Won",2017-03-26,2017-04-02,"2017-04","Garret Kinder","Cara Losch","East","MG Advanced","MG",3393,"Ganjaflex","retail","Japan",5158.71,17479,TRUE,1,2940,7,0.133510167992927,1,1
"J6OQS0AU","Engaging",2017-03-26,,,"Hayden Neloms","Celia Rouche","West","MG Advanced","MG",3393,"Unknown","Unknown","Unknown",,,FALSE,0,,,,0,0
"4X3LNCWH","Won",2017-03-26,2017-04-04,"2017-04","Hayden Neloms","Celia Rouche","West","MG Special","MG",55,"Doncon","technology","United States",587.72,1501,TRUE,1,49,9,0.109090909090909,1,1
"97PFKCPG","Engaging",2017-03-26,,,"James Ascencio","Summer Sewald","West","GTX Pro","GTX",4821,"Unknown","Unknown","Unknown",,,FALSE,0,,,,0,0
"FB9M4FR7","Engaging",2017-03-26,,,"James Ascencio","Summer Sewald","West","MG Special","MG",55,"Unknown","Unknown","Unknown",,,FALSE,0,,,,0,0
"CMPFB2PS","Lost",2017-03-26,2017-04-02,"2017-04","Jonathan Berthelot","Melvin Marxen","Central","GTX Basic","GTX",550,"Conecom","technology","United States",1520.66,1806,TRUE,0,0,7,,1,1
"61HW4ELT","Lost",2017-03-26,2017-05-31,"2017-05","Kami Bicknell","Summer Sewald","West","GTX Plus Basic","GTX",1096,"Finjob","employment","United States",2059.9,3644,TRUE,0,0,66,,1,1
"F481S8G3","Won",2017-03-26,2017-05-22,"2017-05","Kami Bicknell","Summer Sewald","West","GTX Basic","GTX",550,"J-Texon","retail","United States",1388.67,3583,TRUE,1,545,57,0.00909090909090904,1,1
"5G4I94TF","Engaging",2017-03-26,,,"Kary Hendrixson","Summer Sewald","West","GTX Plus Pro","GTX",5482,"Statholdings","employment","United States",291.27,586,FALSE,0,,,,1,1
"677XNEFB","Won",2017-03-26,2017-06-18,"2017-06","Markita Hansen","Celia Rouche","West","MG Special","MG",55,"Y-corporation","employment","United States",2871.35,9561,TRUE,1,58,84,-0.0545454545454545,1,1
"7L0S5EON","Lost",2017-03-26,2017-04-03,"2017-04","Marty Freudenburg","Melvin Marxen","Central","MG Advanced","MG",3393,"Streethex","retail","Belgium",1376.8,1165,TRUE,0,0,8,,1,1
"A3D8MRDX","Won",2017-03-26,2017-05-12,"2017-05","Niesha Huffines","Melvin Marxen","Central","GTX Pro","GTX",4821,"Dontechi","software","United States",4618,10083,TRUE,1,4280,47,0.112217382285833,1,1
"YE6R6I1K","Won",2017-03-26,2017-05-29,"2017-05","Reed Clapper","Rocco Neubert","East","MG Advanced","MG",3393,"Umbrella Corporation","finance","United States",2022.14,5113,TRUE,1,2880,64,0.151193633952255,1,1
"JXUXBANJ","Won",2017-03-26,2017-04-05,"2017-04","Rosalina Dieter","Celia Rouche","West","GTK 500","GTK",26768,"Y-corporation","employment","United States",2871.35,9561,TRUE,1,25288,10,0.0552898983861327,1,1
"UWPUJESS","Lost",2017-03-26,2017-05-25,"2017-05","Versie Hillebrand","Dustin Brinkmann","Central","MG Special","MG",55,"Hottechi","technology","Korea",8170.38,16499,TRUE,0,0,60,,1,1
"HSTXUOVW","Lost",2017-03-26,2017-05-06,"2017-05","Vicki Laflamme","Celia Rouche","West","MG Special","MG",55,"Hatfan","services","United States",792.46,1299,TRUE,0,0,41,,1,1
"2ZT298DY","Lost",2017-03-26,2017-04-04,"2017-04","Zane Levy","Summer Sewald","West","GTX Basic","GTX",550,"Goodsilron","marketing","United States",2952.73,5107,TRUE,0,0,9,,1,1
"Z769EPTS","Lost",2017-03-26,2017-05-14,"2017-05","Zane Levy","Summer Sewald","West","GTX Basic","GTX",550,"Hottechi","technology","Korea",8170.38,16499,TRUE,0,0,49,,1,1
"GOIVV4OG","Won",2017-03-27,2017-05-29,"2017-05","Cecily Lampkin","Dustin Brinkmann","Central","MG Advanced","MG",3393,"Zumgoity","medical","United States",441.08,1210,TRUE,1,3267,63,0.0371352785145889,1,1
"CJOU1RYX","Won",2017-03-27,2017-06-09,"2017-06","Daniell Hammack","Rocco Neubert","East","GTX Plus Pro","GTX",5482,"Betasoloin","medical","United States",251.41,495,TRUE,1,5182,74,0.0547245530828165,1,1
"5OVTFUNQ","Lost",2017-03-27,2017-04-05,"2017-04","Darcel Schlecht","Melvin Marxen","Central","GTX Pro","GTX",4821,"Cancity","retail","United States",718.62,2448,TRUE,0,0,9,,1,1
"0RNYAI6O","Lost",2017-03-27,2017-04-07,"2017-04","Darcel Schlecht","Melvin Marxen","Central","MG Special","MG",55,"Statholdings","employment","United States",291.27,586,TRUE,0,0,11,,1,1
"NSI9TMQ1","Lost",2017-03-27,2017-05-31,"2017-05","Garret Kinder","Cara Losch","East","GTX Pro","GTX",4821,"Zencorporation","technology","China",40.79,142,TRUE,0,0,65,,1,1
"2QQD7411","Won",2017-03-27,2017-05-25,"2017-05","James Ascencio","Summer Sewald","West","GTX Basic","GTX",550,"Y-corporation","employment","United States",2871.35,9561,TRUE,1,540,59,0.0181818181818182,1,1
"XR57MBVC","Won",2017-03-27,2017-05-01,"2017-05","James Ascencio","Summer Sewald","West","MG Advanced","MG",3393,"Finjob","employment","United States",2059.9,3644,TRUE,1,3492,35,-0.0291777188328912,1,1
"8BY9YRL9","Won",2017-03-27,2017-06-26,"2017-06","Jonathan Berthelot","Melvin Marxen","Central","GTX Plus Pro","GTX",5482,"dambase","marketing","United States",2173.98,2928,TRUE,1,5991,91,-0.0928493250638454,1,1
"7PWQUE7O","Lost",2017-03-27,2017-04-02,"2017-04","Markita Hansen","Celia Rouche","West","GTX Basic","GTX",550,"Lexiqvolax","medical","United States",1618.89,3889,TRUE,0,0,6,,1,1
"ELCQKUQU","Lost",2017-03-27,2017-04-06,"2017-04","Markita Hansen","Celia Rouche","West","MG Advanced","MG",3393,"Konex","technology","United States",7708.38,13756,TRUE,0,0,10,,1,1
"CVPH0J04","Won",2017-03-27,2017-06-26,"2017-06","Markita Hansen","Celia Rouche","West","GTX Pro","GTX",4821,"Sunnamplex","marketing","Poland",894.37,1593,TRUE,1,4968,91,-0.0304915992532671,1,1
"H8CLNRM2","Won",2017-03-27,2017-05-26,"2017-05","Maureen Marcano","Summer Sewald","West","GTX Pro","GTX",4821,"Konex","technology","United States",7708.38,13756,TRUE,1,5006,60,-0.0383737813731591,1,1
"MJBD6V39","Lost",2017-03-27,2017-05-01,"2017-05","Moses Frase","Dustin Brinkmann","Central","MG Special","MG",55,"Conecom","technology","United States",1520.66,1806,TRUE,0,0,35,,1,1
"GQQ01OO5","Lost",2017-03-27,2017-05-15,"2017-05","Reed Clapper","Rocco Neubert","East","GTX Plus Pro","GTX",5482,"Zotware","software","United States",4478.47,13809,TRUE,0,0,49,,1,1
"B85LVFR1","Won",2017-03-27,2017-04-05,"2017-04","Reed Clapper","Rocco Neubert","East","GTX Pro","GTX",4821,"Mathtouch","marketing","Jordan",3027.46,9516,TRUE,1,5363,9,-0.112424808131093,1,1
"U8XA7JCO","Won",2017-03-27,2017-06-28,"2017-06","Versie Hillebrand","Dustin Brinkmann","Central","MG Special","MG",55,"dambase","marketing","United States",2173.98,2928,TRUE,1,49,93,0.109090909090909,1,1
"0QPZIIPF","Engaging",2017-03-27,,,"Vicki Laflamme","Celia Rouche","West","GTX Plus Basic","GTX",1096,"Donware","marketing","United States",1197.44,2570,FALSE,0,,,,1,1
"2GR73FEV","Lost",2017-03-27,2017-04-03,"2017-04","Zane Levy","Summer Sewald","West","GTX Plus Basic","GTX",1096,"Fasehatice","retail","United States",4968.91,7523,TRUE,0,0,7,,1,1
"AV4ZPXE3","Won",2017-03-27,2017-04-03,"2017-04","Zane Levy","Summer Sewald","West","MG Advanced","MG",3393,"Doncon","technology","United States",587.72,1501,TRUE,1,4253,7,-0.253463012083702,1,1
"X8QV83G1","Lost",2017-03-28,2017-04-08,"2017-04","Anna Snelling","Dustin Brinkmann","Central","MG Special","MG",55,"Codehow","software","United States",2714.9,2641,TRUE,0,0,11,,1,1
"T1ZYZ70B","Lost",2017-03-28,2017-06-08,"2017-06","Anna Snelling","Dustin Brinkmann","Central","MG Special","MG",55,"Codehow","software","United States",2714.9,2641,TRUE,0,0,72,,1,1
"RO6QLRCX","Won",2017-03-28,2017-05-30,"2017-05","Cassey Cress","Rocco Neubert","East","GTX Basic","GTX",550,"Plussunin","retail","United States",1419.98,4018,TRUE,1,422,63,0.232727272727273,1,1
"6FT804V9","Lost",2017-03-28,2017-04-06,"2017-04","Cecily Lampkin","Dustin Brinkmann","Central","GTX Basic","GTX",550,"Hottechi","technology","Korea",8170.38,16499,TRUE,0,0,9,,1,1
"SKTAI2GS","Won",2017-03-28,2017-04-08,"2017-04","Cecily Lampkin","Dustin Brinkmann","Central","GTX Plus Basic","GTX",1096,"Codehow","software","United States",2714.9,2641,TRUE,1,1056,11,0.0364963503649635,1,1
"YIGSYPWD","Lost",2017-03-28,2017-04-07,"2017-04","Corliss Cosme","Cara Losch","East","GTX Pro","GTX",4821,"Bioplex","medical","United States",326.82,1016,TRUE,0,0,10,,1,1
"9IP0C0IR","Lost",2017-03-28,2017-05-28,"2017-05","Corliss Cosme","Cara Losch","East","GTX Pro","GTX",4821,"Ganjaflex","retail","Japan",5158.71,17479,TRUE,0,0,61,,1,1
"E06J9PDT","Lost",2017-03-28,2017-04-06,"2017-04","Darcel Schlecht","Melvin Marxen","Central","GTX Pro","GTX",4821,"Dontechi","software","United States",4618,10083,TRUE,0,0,9,,1,1
"3OLESA9M","Lost",2017-03-28,2017-04-03,"2017-04","Darcel Schlecht","Melvin Marxen","Central","MG Advanced","MG",3393,"Inity","marketing","United States",2403.58,8801,TRUE,0,0,6,,1,1
"3O7PIS8O","Won",2017-03-28,2017-04-09,"2017-04","Darcel Schlecht","Melvin Marxen","Central","MG Advanced","MG",3393,"Warephase","services","United States",2041.73,5276,TRUE,1,3665,12,-0.0801650456822871,1,1
"FAV4HHP4","Won",2017-03-28,2017-06-03,"2017-06","Donn Cantrell","Rocco Neubert","East","GTX Pro","GTX",4821,"Donquadtech","technology","United States",1712.68,3194,TRUE,1,4329,67,0.102053515868077,1,1
"LOMFB71Q","Lost",2017-03-28,2017-04-03,"2017-04","Gladys Colclough","Melvin Marxen","Central","MG Special","MG",55,"Finhigh","finance","United States",1102.43,1759,TRUE,0,0,6,,1,1
"C334XDK8","Won",2017-03-28,2017-04-08,"2017-04","Hayden Neloms","Celia Rouche","West","MG Special","MG",55,"Goodsilron","marketing","United States",2952.73,5107,TRUE,1,58,11,-0.0545454545454545,1,1
"R707GGNA","Won",2017-03-28,2017-06-26,"2017-06","James Ascencio","Summer Sewald","West","GTX Plus Pro","GTX",5482,"Y-corporation","employment","United States",2871.35,9561,TRUE,1,7356,90,-0.34184604159066,1,1
"EP81D4IN","Won",2017-03-28,2017-06-25,"2017-06","James Ascencio","Summer Sewald","West","GTX Pro","GTX",4821,"Fasehatice","retail","United States",4968.91,7523,TRUE,1,4066,89,0.156606513171541,1,1
"UWZ7DFKY","Won",2017-03-28,2017-06-06,"2017-06","Lajuana Vencill","Dustin Brinkmann","Central","MG Special","MG",55,"Condax","medical","United States",4.54,9,TRUE,1,55,70,0,1,1
"7SH51ME1","Won",2017-03-28,2017-06-27,"2017-06","Markita Hansen","Celia Rouche","West","MG Advanced","MG",3393,"Zoomit","entertainment","United States",324.19,978,TRUE,1,3738,91,-0.101679929266136,1,1
"DFFEQ87N","Engaging",2017-03-28,,,"Maureen Marcano","Summer Sewald","West","MG Special","MG",55,"Scottech","marketing","United States",45.39,100,FALSE,0,,,,1,1
"QPH1YUAN","Lost",2017-03-28,2017-04-04,"2017-04","Maureen Marcano","Summer Sewald","West","GTX Basic","GTX",550,"Hottechi","technology","Korea",8170.38,16499,TRUE,0,0,7,,1,1
"7PV7V1RP","Lost",2017-03-28,2017-05-26,"2017-05","Maureen Marcano","Summer Sewald","West","MG Advanced","MG",3393,"Labdrill","medical","United States",2741.37,9226,TRUE,0,0,59,,1,1
"C2WEF4XH","Won",2017-03-28,2017-05-15,"2017-05","Maureen Marcano","Summer Sewald","West","GTX Plus Basic","GTX",1096,"Y-corporation","employment","United States",2871.35,9561,TRUE,1,888,48,0.18978102189781,1,1
"5G645WYV","Won",2017-03-28,2017-04-07,"2017-04","Moses Frase","Dustin Brinkmann","Central","GTX Plus Pro","GTX",5482,"Bioholding","medical","Philipines",587.34,1356,TRUE,1,5447,10,0.0063845311929952,1,1
"5M3Z5DS4","Won",2017-03-28,2017-04-05,"2017-04","Niesha Huffines","Melvin Marxen","Central","GTX Plus Pro","GTX",5482,"Globex Corporation","technology","Norway",1223.72,2497,TRUE,1,5972,8,-0.0893834367019335,1,1
"CR20TBUT","Won",2017-03-28,2017-04-02,"2017-04","Rosalina Dieter","Celia Rouche","West","GTX Pro","GTX",4821,"Cheers","entertainment","United States",4269.9,6472,TRUE,1,4855,5,-0.00705247873885084,1,1
"M5E8U8HP","Won",2017-03-28,2017-05-29,"2017-05","Rosie Papadopoulos","Cara Losch","East","MG Advanced","MG",3393,"Xx-zobam","entertainment","United States",3838.39,8274,TRUE,1,3395,62,-0.000589448865310871,1,1
"BXK5HGEY","Engaging",2017-03-28,,,"Vicki Laflamme","Celia Rouche","West","MG Special","MG",55,"Unknown","Unknown","Unknown",,,FALSE,0,,,,0,0
"XXUGTDX7","Engaging",2017-03-28,,,"Vicki Laflamme","Celia Rouche","West","MG Special","MG",55,"Unknown","Unknown","Unknown",,,FALSE,0,,,,0,0
"LWXHKI88","Engaging",2017-03-28,,,"Vicki Laflamme","Celia Rouche","West","MG Special","MG",55,"Unknown","Unknown","Unknown",,,FALSE,0,,,,0,0
"9VEB4KWV","Lost",2017-03-28,2017-04-07,"2017-04","Violet Mclelland","Cara Losch","East","MG Special","MG",55,"Bioplex","medical","United States",326.82,1016,TRUE,0,0,10,,1,1
"9S7VQ79A","Won",2017-03-28,2017-03-30,"2017-03","Zane Levy","Summer Sewald","West","GTX Plus Basic","GTX",1096,"Goodsilron","marketing","United States",2952.73,5107,TRUE,1,1084,2,0.0109489051094891,1,1
"1MQFYGEE","Won",2017-03-29,2017-06-03,"2017-06","Cecily Lampkin","Dustin Brinkmann","Central","MG Advanced","MG",3393,"Inity","marketing","United States",2403.58,8801,TRUE,1,3670,66,-0.0816386678455645,1,1
"4G10PCOZ","Lost",2017-03-29,2017-04-02,"2017-04","Daniell Hammack","Rocco Neubert","East","GTX Plus Basic","GTX",1096,"Initech","telecommunications","United States",6395.05,20275,TRUE,0,0,4,,1,1
"DLZYL69K","Won",2017-03-29,2017-06-02,"2017-06","Daniell Hammack","Rocco Neubert","East","GTX Plus Pro","GTX",5482,"Gekko & Co","retail","United States",2520.83,3502,TRUE,1,5304,65,0.0324699014958044,1,1
"KYQ50DTU","Lost",2017-03-29,2017-04-06,"2017-04","Darcel Schlecht","Melvin Marxen","Central","GTX Plus Pro","GTX",5482,"Treequote","telecommunications","United States",5266.09,8595,TRUE,0,0,8,,1,1
"FRIVBOOA","Won",2017-03-29,2017-06-16,"2017-06","Darcel Schlecht","Melvin Marxen","Central","GTX Pro","GTX",4821,"Conecom","technology","United States",1520.66,1806,TRUE,1,3844,79,0.202655050819332,1,1
"7ASDRLM5","Won",2017-03-29,2017-05-11,"2017-05","Donn Cantrell","Rocco Neubert","East","GTX Basic","GTX",550,"Acme Corporation","technology","United States",1100.04,2822,TRUE,1,549,43,0.00181818181818183,1,1
"0HB6OUIN","Lost",2017-03-29,2017-05-20,"2017-05","Gladys Colclough","Melvin Marxen","Central","GTX Pro","GTX",4821,"Condax","medical","United States",4.54,9,TRUE,0,0,52,,1,1
"UWK0KA56","Lost",2017-03-29,2017-04-05,"2017-04","Gladys Colclough","Melvin Marxen","Central","MG Advanced","MG",3393,"Stanredtax","finance","United States",1698.2,3798,TRUE,0,0,7,,1,1
"CCVCBR83","Won",2017-03-29,2017-04-05,"2017-04","Jonathan Berthelot","Melvin Marxen","Central","GTX Basic","GTX",550,"Hottechi","technology","Korea",8170.38,16499,TRUE,1,553,7,-0.00545454545454538,1,1
"I6U62W0R","Engaging",2017-03-29,,,"Kami Bicknell","Summer Sewald","West","GTX Basic","GTX",550,"Unknown","Unknown","Unknown",,,FALSE,0,,,,0,0
"SV2VJ3VH","Lost",2017-03-29,2017-05-05,"2017-05","Kami Bicknell","Summer Sewald","West","GTX Plus Basic","GTX",1096,"Plexzap","retail","United States",2437.85,4874,TRUE,0,0,37,,1,1
"ASL3FJZP","Won",2017-03-29,2017-04-07,"2017-04","Kami Bicknell","Summer Sewald","West","MG Advanced","MG",3393,"Faxquote","telecommunications","United States",1825.82,5595,TRUE,1,3523,9,-0.0383141762452108,1,1
"EB89ONZN","Engaging",2017-03-29,,,"Kary Hendrixson","Summer Sewald","West","GTX Pro","GTX",4821,"Funholding","finance","United States",2819.5,7227,FALSE,0,,,,1,1
"0S4K915N","Lost",2017-03-29,2017-05-20,"2017-05","Kary Hendrixson","Summer Sewald","West","GTX Basic","GTX",550,"Konex","technology","United States",7708.38,13756,TRUE,0,0,52,,1,1
"8IJOC37Z","Won",2017-03-29,2017-06-28,"2017-06","Kary Hendrixson","Summer Sewald","West","GTX Basic","GTX",550,"Hottechi","technology","Korea",8170.38,16499,TRUE,1,424,91,0.229090909090909,1,1
"28BIO7F9","Won",2017-03-29,2017-06-02,"2017-06","Marty Freudenburg","Melvin Marxen","Central","GTX Basic","GTX",550,"Konmatfix","marketing","United States",375.43,1190,TRUE,1,490,65,0.109090909090909,1,1
"9B5T5QTA","Lost",2017-03-29,2017-04-04,"2017-04","Maureen Marcano","Summer Sewald","West","GTX Pro","GTX",4821,"Konex","technology","United States",7708.38,13756,TRUE,0,0,6,,1,1
"9ZDFLOKA","Won",2017-03-29,2017-04-07,"2017-04","Maureen Marcano","Summer Sewald","West","MG Special","MG",55,"Green-Plus","services","United States",692.19,1922,TRUE,1,48,9,0.127272727272727,1,1
"8FXUNDUS","Won",2017-03-29,2017-05-26,"2017-05","Moses Frase","Dustin Brinkmann","Central","MG Advanced","MG",3393,"Hottechi","technology","Korea",8170.38,16499,TRUE,1,3982,58,-0.17359269083407,1,1
"MLC5KY2R","Lost",2017-03-29,2017-06-11,"2017-06","Rosalina Dieter","Celia Rouche","West","MG Advanced","MG",3393,"Finjob","employment","United States",2059.9,3644,TRUE,0,0,74,,1,1
"98YPUABG","Lost",2017-03-29,2017-04-06,"2017-04","Vicki Laflamme","Celia Rouche","West","GTX Plus Pro","GTX",5482,"Sonron","telecommunications","United States",1699.85,5108,TRUE,0,0,8,,1,1
"181X64EU","Won",2017-03-29,2017-04-09,"2017-04","Vicki Laflamme","Celia Rouche","West","GTX Plus Basic","GTX",1096,"Goodsilron","marketing","United States",2952.73,5107,TRUE,1,1176,11,-0.0729927007299269,1,1
"XLKL4EI0","Lost",2017-03-29,2017-04-10,"2017-04","Wilburn Farren","Cara Losch","East","GTX Basic","GTX",550,"Betasoloin","medical","United States",251.41,495,TRUE,0,0,12,,1,1
"5RUF6451","Won",2017-03-29,2017-04-04,"2017-04","Wilburn Farren","Cara Losch","East","GTX Basic","GTX",550,"Kinnamplus","retail","United States",702.72,1831,TRUE,1,589,6,-0.0709090909090908,1,1
"G67668KN","Lost",2017-03-29,2017-05-16,"2017-05","Zane Levy","Summer Sewald","West","GTX Plus Pro","GTX",5482,"Singletechno","retail","United States",2214.94,5374,TRUE,0,0,48,,1,1
"4SAUJMOI","Lost",2017-03-30,2017-04-01,"2017-04","Boris Faz","Rocco Neubert","East","GTX Basic","GTX",550,"Vehement Capital Partners","finance","United States",646.1,883,TRUE,0,0,2,,1,1
"B2H3P25L","Lost",2017-03-30,2017-04-07,"2017-04","Boris Faz","Rocco Neubert","East","GTX Plus Pro","GTX",5482,"Xx-zobam","entertainment","United States",3838.39,8274,TRUE,0,0,8,,1,1
"DF19VWL4","Won",2017-03-30,2017-04-06,"2017-04","Cassey Cress","Rocco Neubert","East","GTX Pro","GTX",4821,"The New York Inquirer","medical","United States",439.21,792,TRUE,1,4276,7,0.113047085666874,1,1
"ZIZXHX09","Won",2017-03-30,2017-04-07,"2017-04","Cassey Cress","Rocco Neubert","East","MG Advanced","MG",3393,"Silis","medical","United States",2818.38,6290,TRUE,1,3390,8,0.000884173297966417,1,1
"70GGNRPB","Lost",2017-03-30,2017-04-11,"2017-04","Cecily Lampkin","Dustin Brinkmann","Central","GTX Basic","GTX",550,"Bioholding","medical","Philipines",587.34,1356,TRUE,0,0,12,,1,1
"0VYX8TN3","Lost",2017-03-30,2017-04-09,"2017-04","Cecily Lampkin","Dustin Brinkmann","Central","MG Special","MG",55,"dambase","marketing","United States",2173.98,2928,TRUE,0,0,10,,1,1
"JPJ3A9T8","Won",2017-03-30,2017-05-19,"2017-05","Cecily Lampkin","Dustin Brinkmann","Central","GTX Basic","GTX",550,"Dontechi","software","United States",4618,10083,TRUE,1,541,50,0.0163636363636364,1,1
"1A86ZD0B","Won",2017-03-30,2017-06-26,"2017-06","Corliss Cosme","Cara Losch","East","GTX Plus Pro","GTX",5482,"Ganjaflex","retail","Japan",5158.71,17479,TRUE,1,5189,88,0.0534476468442174,1,1
"PMQ4M2UX","Lost",2017-03-30,2017-04-07,"2017-04","Daniell Hammack","Rocco Neubert","East","GTX Pro","GTX",4821,"Ganjaflex","retail","Japan",5158.71,17479,TRUE,0,0,8,,1,1
"OFQCCQ6I","Won",2017-03-30,2017-06-23,"2017-06","Daniell Hammack","Rocco Neubert","East","GTX Plus Pro","GTX",5482,"Xx-zobam","entertainment","United States",3838.39,8274,TRUE,1,6920,85,-0.262313024443634,1,1
"3Z2BQVQ7","Lost",2017-03-30,2017-04-01,"2017-04","Darcel Schlecht","Melvin Marxen","Central","GTX Basic","GTX",550,"Condax","medical","United States",4.54,9,TRUE,0,0,2,,1,1
"57FO8KSQ","Lost",2017-03-30,2017-04-07,"2017-04","Darcel Schlecht","Melvin Marxen","Central","GTX Plus Basic","GTX",1096,"Isdom","medical","United States",3178.24,4540,TRUE,0,0,8,,1,1
"3VQOFPW7","Lost",2017-03-30,2017-05-17,"2017-05","Darcel Schlecht","Melvin Marxen","Central","MG Advanced","MG",3393,"Globex Corporation","technology","Norway",1223.72,2497,TRUE,0,0,48,,1,1
"HMKFBTYR","Won",2017-03-30,2017-06-20,"2017-06","Darcel Schlecht","Melvin Marxen","Central","GTX Basic","GTX",550,"Bioholding","medical","Philipines",587.34,1356,TRUE,1,600,82,-0.0909090909090908,1,1
"RMO3I92N","Lost",2017-03-30,2017-04-11,"2017-04","Donn Cantrell","Rocco Neubert","East","GTX Plus Basic","GTX",1096,"Bubba Gump","software","United States",987.39,2253,TRUE,0,0,12,,1,1
"2AV40FHB","Lost",2017-03-30,2017-04-01,"2017-04","Donn Cantrell","Rocco Neubert","East","GTX Pro","GTX",4821,"Konex","technology","United States",7708.38,13756,TRUE,0,0,2,,1,1
"OUR875IK","Won",2017-03-30,2017-04-06,"2017-04","Donn Cantrell","Rocco Neubert","East","GTX Basic","GTX",550,"Xx-zobam","entertainment","United States",3838.39,8274,TRUE,1,564,7,-0.0254545454545454,1,1
"LUFY70BU","Lost",2017-03-30,2017-04-04,"2017-04","Elease Gluck","Celia Rouche","West","GTK 500","GTK",26768,"Goodsilron","marketing","United States",2952.73,5107,TRUE,0,0,5,,1,1
"1OUHMFJV","Won",2017-03-30,2017-05-31,"2017-05","Garret Kinder","Cara Losch","East","GTX Plus Basic","GTX",1096,"Zathunicon","retail","United States",71.12,144,TRUE,1,1037,62,0.0538321167883211,1,1
"GMNQUFQZ","Won",2017-03-30,2017-04-01,"2017-04","Kami Bicknell","Summer Sewald","West","GTX Basic","GTX",550,"Hottechi","technology","Korea",8170.38,16499,TRUE,1,500,2,0.0909090909090909,1,1
"YWF7W7H8","Won",2017-03-30,2017-04-07,"2017-04","Lajuana Vencill","Dustin Brinkmann","Central","GTX Plus Pro","GTX",5482,"Hottechi","technology","Korea",8170.38,16499,TRUE,1,5728,8,-0.0448741335279095,1,1
"120BESB3","Lost",2017-03-30,2017-04-09,"2017-04","Markita Hansen","Celia Rouche","West","MG Advanced","MG",3393,"Kan-code","software","United States",11698.03,34288,TRUE,0,0,10,,1,1
"HPSSENGT","Lost",2017-03-30,2017-04-06,"2017-04","Marty Freudenburg","Melvin Marxen","Central","GTX Pro","GTX",4821,"Statholdings","employment","United States",291.27,586,TRUE,0,0,7,,1,1
"8TXOC3S3","Lost",2017-03-30,2017-04-11,"2017-04","Moses Frase","Dustin Brinkmann","Central","MG Advanced","MG",3393,"Scottech","marketing","United States",45.39,100,TRUE,0,0,12,,1,1
"N55VF08D","Won",2017-03-30,2017-05-20,"2017-05","Moses Frase","Dustin Brinkmann","Central","MG Special","MG",55,"Finhigh","finance","United States",1102.43,1759,TRUE,1,54,51,0.0181818181818182,1,1
"265SZR01","Won",2017-03-30,2017-06-19,"2017-06","Rosalina Dieter","Celia Rouche","West","GTX Basic","GTX",550,"Xx-holding","finance","United States",7537.24,20293,TRUE,1,501,81,0.0890909090909091,1,1
"NFMCPYOV","Engaging",2017-03-30,,,"Rosie Papadopoulos","Cara Losch","East","GTX Basic","GTX",550,"Finjob","employment","United States",2059.9,3644,FALSE,0,,,,1,1
"NKO2JRRS","Won",2017-03-30,2017-04-08,"2017-04","Rosie Papadopoulos","Cara Losch","East","GTX Plus Pro","GTX",5482,"Umbrella Corporation","finance","United States",2022.14,5113,TRUE,1,6155,9,-0.122765414082452,1,1
"WW3NDCO2","Won",2017-03-30,2017-04-08,"2017-04","Rosie Papadopoulos","Cara Losch","East","GTX Plus Pro","GTX",5482,"Zathunicon","retail","United States",71.12,144,TRUE,1,4668,9,0.148485954031375,1,1
"DGPI60HG","Won",2017-03-30,2017-06-09,"2017-06","Versie Hillebrand","Dustin Brinkmann","Central","GTX Plus Pro","GTX",5482,"Zumgoity","medical","United States",441.08,1210,TRUE,1,5017,71,0.0848230572783656,1,1
"06DUY829","Won",2017-03-30,2017-04-08,"2017-04","Versie Hillebrand","Dustin Brinkmann","Central","MG Special","MG",55,"Ron-tech","medical","United States",3922.42,6837,TRUE,1,59,9,-0.0727272727272728,1,1
"2VDN72EP","Engaging",2017-03-30,,,"Vicki Laflamme","Celia Rouche","West","GTX Basic","GTX",550,"Unknown","Unknown","Unknown",,,FALSE,0,,,,0,0
"HOG5OE78","Lost",2017-03-30,2017-04-08,"2017-04","Vicki Laflamme","Celia Rouche","West","GTX Pro","GTX",4821,"Fasehatice","retail","United States",4968.91,7523,TRUE,0,0,9,,1,1
"PLM5WEY4","Won",2017-03-30,2017-04-06,"2017-04","Vicki Laflamme","Celia Rouche","West","MG Advanced","MG",3393,"Plexzap","retail","United States",2437.85,4874,TRUE,1,3316,7,0.022693781314471,1,1
"Z9QZKUV5","Engaging",2017-03-30,,,"Zane Levy","Summer Sewald","West","GTX Basic","GTX",550,"Zumgoity","medical","United States",441.08,1210,FALSE,0,,,,1,1
"EWQVZB85","Won",2017-03-30,2017-04-10,"2017-04","Zane Levy","Summer Sewald","West","GTX Plus Pro","GTX",5482,"Plexzap","retail","United States",2437.85,4874,TRUE,1,6227,11,-0.135899306822328,1,1
"SFFFNT6B","Lost",2017-03-31,2017-04-07,"2017-04","Anna Snelling","Dustin Brinkmann","Central","MG Special","MG",55,"Treequote","telecommunications","United States",5266.09,8595,TRUE,0,0,7,,1,1
"99AAJPQN","Won",2017-03-31,2017-06-15,"2017-06","Anna Snelling","Dustin Brinkmann","Central","MG Special","MG",55,"Condax","medical","United States",4.54,9,TRUE,1,58,76,-0.0545454545454545,1,1
"JW2FHT1G","Won",2017-03-31,2017-04-08,"2017-04","Anna Snelling","Dustin Brinkmann","Central","MG Advanced","MG",3393,"dambase","marketing","United States",2173.98,2928,TRUE,1,3626,8,-0.0686707928087238,1,1
"08KE6ZQN","Won",2017-03-31,2017-04-01,"2017-04","Boris Faz","Rocco Neubert","East","MG Advanced","MG",3393,"Vehement Capital Partners","finance","United States",646.1,883,TRUE,1,2819,1,0.169171824344238,1,1
"WW1WV7IT","Engaging",2017-03-31,,,"Cassey Cress","Rocco Neubert","East","GTX Pro","GTX",4821,"Cancity","retail","United States",718.62,2448,FALSE,0,,,,1,1
"0WVCRCOU","Lost",2017-03-31,2017-04-01,"2017-04","Cassey Cress","Rocco Neubert","East","GTX Pro","GTX",4821,"Xx-zobam","entertainment","United States",3838.39,8274,TRUE,0,0,1,,1,1
"V5QIL0HU","Lost",2017-03-31,2017-04-07,"2017-04","Cassey Cress","Rocco Neubert","East","GTX Pro","GTX",4821,"Zencorporation","technology","China",40.79,142,TRUE,0,0,7,,1,1
"T0VJ4AMX","Engaging",2017-03-31,,,"Corliss Cosme","Cara Losch","East","GTX Basic","GTX",550,"Green-Plus","services","United States",692.19,1922,FALSE,0,,,,1,1
"WLS5J30E","Engaging",2017-03-31,,,"Elease Gluck","Celia Rouche","West","MG Special","MG",55,"Inity","marketing","United States",2403.58,8801,FALSE,0,,,,1,1
"F52YEFJ8","Lost",2017-03-31,2017-04-02,"2017-04","Gladys Colclough","Melvin Marxen","Central","GTX Plus Pro","GTX",5482,"Globex Corporation","technology","Norway",1223.72,2497,TRUE,0,0,2,,1,1
"OZDJFUHH","Won",2017-03-31,2017-04-09,"2017-04","Hayden Neloms","Celia Rouche","West","GTX Plus Basic","GTX",1096,"Fasehatice","retail","United States",4968.91,7523,TRUE,1,901,9,0.177919708029197,1,1
"BUPUP2TV","Won",2017-03-31,2017-06-04,"2017-06","Hayden Neloms","Celia Rouche","West","MG Advanced","MG",3393,"Doncon","technology","United States",587.72,1501,TRUE,1,3438,65,-0.0132625994694959,1,1
"HTQO5XIW","Won",2017-03-31,2017-04-08,"2017-04","James Ascencio","Summer Sewald","West","GTX Basic","GTX",550,"Faxquote","telecommunications","United States",1825.82,5595,TRUE,1,589,8,-0.0709090909090908,1,1
"XCBKZWDX","Lost",2017-03-31,2017-06-20,"2017-06","Kami Bicknell","Summer Sewald","West","MG Special","MG",55,"Plusstrip","entertainment","United States",349.81,315,TRUE,0,0,81,,1,1
"W7F056RK","Won",2017-03-31,2017-04-01,"2017-04","Kami Bicknell","Summer Sewald","West","GTX Pro","GTX",4821,"Sunnamplex","marketing","Poland",894.37,1593,TRUE,1,5073,1,-0.0522713130056005,1,1
"LIQZNH9U","Engaging",2017-03-31,,,"Kary Hendrixson","Summer Sewald","West","GTX Plus Pro","GTX",5482,"Unknown","Unknown","Unknown",,,FALSE,0,,,,0,0
"P9LE92UR","Engaging",2017-03-31,,,"Kary Hendrixson","Summer Sewald","West","MG Special","MG",55,"Unknown","Unknown","Unknown",,,FALSE,0,,,,0,0
"9LZICBEV","Lost",2017-03-31,2017-04-01,"2017-04","Kary Hendrixson","Summer Sewald","West","MG Advanced","MG",3393,"Hottechi","technology","Korea",8170.38,16499,TRUE,0,0,1,,1,1
"YAKIMBKC","Won",2017-03-31,2017-04-02,"2017-04","Kary Hendrixson","Summer Sewald","West","GTX Basic","GTX",550,"Konex","technology","United States",7708.38,13756,TRUE,1,609,2,-0.107272727272727,1,1
"FHU2WQ2K","Won",2017-03-31,2017-04-01,"2017-04","Kary Hendrixson","Summer Sewald","West","MG Special","MG",55,"Goodsilron","marketing","United States",2952.73,5107,TRUE,1,55,1,0,1,1
"VF651O1V","Lost",2017-03-31,2017-04-12,"2017-04","Markita Hansen","Celia Rouche","West","MG Special","MG",55,"Fasehatice","retail","United States",4968.91,7523,TRUE,0,0,12,,1,1
"ISHAZTWG","Lost",2017-03-31,2017-04-12,"2017-04","Maureen Marcano","Summer Sewald","West","GTX Plus Basic","GTX",1096,"Green-Plus","services","United States",692.19,1922,TRUE,0,0,12,,1,1
"0XIPT9AX","Won",2017-03-31,2017-04-10,"2017-04","Maureen Marcano","Summer Sewald","West","GTX Plus Pro","GTX",5482,"Condax","medical","United States",4.54,9,TRUE,1,5637,10,-0.0282743524261218,1,1
"UURLD9W8","Won",2017-03-31,2017-04-11,"2017-04","Maureen Marcano","Summer Sewald","West","GTX Plus Pro","GTX",5482,"Plexzap","retail","United States",2437.85,4874,TRUE,1,5793,11,-0.0567311200291865,1,1
"Y975VCYM","Lost",2017-03-31,2017-04-12,"2017-04","Reed Clapper","Rocco Neubert","East","MG Special","MG",55,"Massive Dynamic","entertainment","United States",665.06,1095,TRUE,0,0,12,,1,1
"OPYWK3XE","Lost",2017-03-31,2017-04-05,"2017-04","Rosalina Dieter","Celia Rouche","West","GTX Basic","GTX",550,"J-Texon","retail","United States",1388.67,3583,TRUE,0,0,5,,1,1
"2VTBUOXA","Lost",2017-03-31,2017-05-30,"2017-05","Rosalina Dieter","Celia Rouche","West","MG Advanced","MG",3393,"Dalttechnology","software","United States",98.79,96,TRUE,0,0,60,,1,1
"6YEF304L","Won",2017-03-31,2017-04-07,"2017-04","Rosalina Dieter","Celia Rouche","West","GTX Basic","GTX",550,"Hottechi","technology","Korea",8170.38,16499,TRUE,1,520,7,0.0545454545454546,1,1
"6AALZVSE","Won",2017-03-31,2017-04-02,"2017-04","Rosalina Dieter","Celia Rouche","West","MG Advanced","MG",3393,"Finjob","employment","United States",2059.9,3644,TRUE,1,4080,2,-0.202475685234306,1,1
"JF9CTPPZ","Won",2017-03-31,2017-06-30,"2017-06","Versie Hillebrand","Dustin Brinkmann","Central","GTX Basic","GTX",550,"Inity","marketing","United States",2403.58,8801,TRUE,1,526,91,0.0436363636363636,1,1
"LAH7932Y","Won",2017-03-31,2017-05-17,"2017-05","Versie Hillebrand","Dustin Brinkmann","Central","MG Special","MG",55,"Scottech","marketing","United States",45.39,100,TRUE,1,57,47,-0.0363636363636364,1,1
"DOGKQHQP","Engaging",2017-03-31,,,"Vicki Laflamme","Celia Rouche","West","GTX Pro","GTX",4821,"Unknown","Unknown","Unknown",,,FALSE,0,,,,0,0
"CLOSEH5L","Lost",2017-03-31,2017-04-09,"2017-04","Vicki Laflamme","Celia Rouche","West","MG Advanced","MG",3393,"Xx-holding","finance","United States",7537.24,20293,TRUE,0,0,9,,1,1
"ZT6XPQR0","Won",2017-03-31,2017-06-28,"2017-06","Vicki Laflamme","Celia Rouche","West","MG Special","MG",55,"Y-corporation","employment","United States",2871.35,9561,TRUE,1,54,89,0.0181818181818182,1,1
"MUHI7FIM","Won",2017-03-31,2017-04-12,"2017-04","Vicki Laflamme","Celia Rouche","West","MG Advanced","MG",3393,"Sunnamplex","marketing","Poland",894.37,1593,TRUE,1,3367,12,0.0076628352490421,1,1
"G3SJ8X1K","Engaging",2017-03-31,,,"Violet Mclelland","Cara Losch","East","MG Advanced","MG",3393,"Unknown","Unknown","Unknown",,,FALSE,0,,,,0,0
"1WSLRC69","Won",2017-03-31,2017-04-06,"2017-04","Zane Levy","Summer Sewald","West","GTX Basic","GTX",550,"Dalttechnology","software","United States",98.79,96,TRUE,1,430,6,0.218181818181818,1,1
"ZZJ4I52J","Won",2017-04-01,2017-05-05,"2017-05","Anna Snelling","Dustin Brinkmann","Central","GTX Basic","GTX",550,"Hottechi","technology","Korea",8170.38,16499,TRUE,1,518,34,0.0581818181818182,1,1
"IGVGV1O5","Lost",2017-04-01,2017-04-12,"2017-04","Boris Faz","Rocco Neubert","East","GTX Plus Basic","GTX",1096,"Umbrella Corporation","finance","United States",2022.14,5113,TRUE,0,0,11,,1,1
"JW4Q5F4Z","Engaging",2017-04-01,,,"Cassey Cress","Rocco Neubert","East","MG Special","MG",55,"Unknown","Unknown","Unknown",,,FALSE,0,,,,0,0
"O5OCDKVH","Lost",2017-04-01,2017-04-11,"2017-04","Corliss Cosme","Cara Losch","East","GTX Plus Basic","GTX",1096,"Zotware","software","United States",4478.47,13809,TRUE,0,0,10,,1,1
"KKRJ6TBY","Engaging",2017-04-01,,,"Daniell Hammack","Rocco Neubert","East","GTX Pro","GTX",4821,"Scotfind","software","United States",6354.87,16780,FALSE,0,,,,1,1
"TNUCQKW6","Lost",2017-04-01,2017-04-03,"2017-04","Daniell Hammack","Rocco Neubert","East","GTX Pro","GTX",4821,"Massive Dynamic","entertainment","United States",665.06,1095,TRUE,0,0,2,,1,1
"T4NRIY5R","Won",2017-04-01,2017-04-08,"2017-04","Darcel Schlecht","Melvin Marxen","Central","GTX Plus Pro","GTX",5482,"Bioholding","medical","Philipines",587.34,1356,TRUE,1,5798,7,-0.0576431959139001,1,1
"5PA21ZHE","Won",2017-04-01,2017-04-10,"2017-04","Darcel Schlecht","Melvin Marxen","Central","GTX Pro","GTX",4821,"Betatech","medical","Kenya",647.18,1185,TRUE,1,4685,9,0.0282099149554035,1,1
"MCR8YCCY","Won",2017-04-01,2017-06-17,"2017-06","Darcel Schlecht","Melvin Marxen","Central","MG Advanced","MG",3393,"Genco Pura Olive Oil Company","retail","Italy",894.33,1635,TRUE,1,3228,77,0.0486295313881521,1,1
"N4PVP6C0","Lost",2017-04-01,2017-04-03,"2017-04","Donn Cantrell","Rocco Neubert","East","GTX Basic","GTX",550,"Initech","telecommunications","United States",6395.05,20275,TRUE,0,0,2,,1,1
"8INCUUGJ","Won",2017-04-01,2017-06-22,"2017-06","Elease Gluck","Celia Rouche","West","GTX Basic","GTX",550,"Plexzap","retail","United States",2437.85,4874,TRUE,1,452,82,0.178181818181818,1,1
"CKSNW8DU","Lost",2017-04-01,2017-04-11,"2017-04","Gladys Colclough","Melvin Marxen","Central","GTX Plus Basic","GTX",1096,"Condax","medical","United States",4.54,9,TRUE,0,0,10,,1,1
"MIY4MF3R","Engaging",2017-04-01,,,"Hayden Neloms","Celia Rouche","West","MG Advanced","MG",3393,"Unknown","Unknown","Unknown",,,FALSE,0,,,,0,0
"JFB4WY8C","Won",2017-04-01,2017-04-08,"2017-04","Jonathan Berthelot","Melvin Marxen","Central","GTX Basic","GTX",550,"Dontechi","software","United States",4618,10083,TRUE,1,565,7,-0.0272727272727273,1,1
"BP7JRV1O","Won",2017-04-01,2017-06-05,"2017-06","Jonathan Berthelot","Melvin Marxen","Central","GTX Plus Basic","GTX",1096,"Warephase","services","United States",2041.73,5276,TRUE,1,1184,65,-0.0802919708029197,1,1
"OREPAY0O","Won",2017-04-01,2017-06-22,"2017-06","Kami Bicknell","Summer Sewald","West","GTX Plus Basic","GTX",1096,"Hatfan","services","United States",792.46,1299,TRUE,1,1150,82,-0.0492700729927007,1,1
"YLK0MRJ3","Engaging",2017-04-01,,,"Kary Hendrixson","Summer Sewald","West","GTX Basic","GTX",550,"Iselectrics","technology","United States",527.11,1428,FALSE,0,,,,1,1
"XBSZ29VJ","Won",2017-04-01,2017-05-24,"2017-05","Kary Hendrixson","Summer Sewald","West","GTX Plus Basic","GTX",1096,"Singletechno","retail","United States",2214.94,5374,TRUE,1,1110,53,-0.0127737226277371,1,1
"8BRN98H6","Lost",2017-04-01,2017-04-10,"2017-04","Lajuana Vencill","Dustin Brinkmann","Central","MG Advanced","MG",3393,"Zumgoity","medical","United States",441.08,1210,TRUE,0,0,9,,1,1
"VZS17M7X","Won",2017-04-01,2017-04-06,"2017-04","Markita Hansen","Celia Rouche","West","MG Advanced","MG",3393,"J-Texon","retail","United States",1388.67,3583,TRUE,1,3817,5,-0.124963159445918,1,1
"49USIHDH","Lost",2017-04-01,2017-04-10,"2017-04","Marty Freudenburg","Melvin Marxen","Central","MG Advanced","MG",3393,"Rundofase","technology","United States",1008.06,1238,TRUE,0,0,9,,1,1
"A89TBOY5","Lost",2017-04-01,2017-04-06,"2017-04","Moses Frase","Dustin Brinkmann","Central","MG Advanced","MG",3393,"Bioholding","medical","Philipines",587.34,1356,TRUE,0,0,5,,1,1
"26XU4887","Won",2017-04-01,2017-04-10,"2017-04","Niesha Huffines","Melvin Marxen","Central","GTX Basic","GTX",550,"Hottechi","technology","Korea",8170.38,16499,TRUE,1,531,9,0.0345454545454545,1,1
"QQTQFG9A","Lost",2017-04-01,2017-04-04,"2017-04","Reed Clapper","Rocco Neubert","East","GTX Plus Pro","GTX",5482,"The New York Inquirer","medical","United States",439.21,792,TRUE,0,0,3,,1,1
"7O00H1TC","Lost",2017-04-01,2017-04-02,"2017-04","Reed Clapper","Rocco Neubert","East","MG Advanced","MG",3393,"Ontomedia","employment","United States",882.12,2769,TRUE,0,0,1,,1,1
"LGTIXQ46","Won",2017-04-01,2017-04-07,"2017-04","Rosalina Dieter","Celia Rouche","West","MG Special","MG",55,"Blackzim","retail","United States",497.11,1588,TRUE,1,51,6,0.0727272727272728,1,1
"H6I16U57","Engaging",2017-04-01,,,"Rosie Papadopoulos","Cara Losch","East","MG Advanced","MG",3393,"Sunnamplex","marketing","Poland",894.37,1593,FALSE,0,,,,1,1
"KJBYGG1S","Won",2017-04-01,2017-05-12,"2017-05","Rosie Papadopoulos","Cara Losch","East","GTX Pro","GTX",4821,"Mathtouch","marketing","Jordan",3027.46,9516,TRUE,1,5106,41,-0.0591163658991911,1,1
"IXBUR07V","Lost",2017-04-01,2017-04-13,"2017-04","Versie Hillebrand","Dustin Brinkmann","Central","MG Advanced","MG",3393,"Genco Pura Olive Oil Company","retail","Italy",894.33,1635,TRUE,0,0,12,,1,1
"B6UWHOD4","Won",2017-04-01,2017-04-02,"2017-04","Versie Hillebrand","Dustin Brinkmann","Central","MG Special","MG",55,"Stanredtax","finance","United States",1698.2,3798,TRUE,1,60,1,-0.0909090909090908,1,1
"20CVXRTX","Engaging",2017-04-01,,,"Vicki Laflamme","Celia Rouche","West","GTX Pro","GTX",4821,"Kinnamplus","retail","United States",702.72,1831,FALSE,0,,,,1,1
"FJ6QV5XK","Lost",2017-04-01,2017-04-09,"2017-04","Vicki Laflamme","Celia Rouche","West","GTX Pro","GTX",4821,"Y-corporation","employment","United States",2871.35,9561,TRUE,0,0,8,,1,1
"4DUMR5WD","Lost",2017-04-01,2017-04-09,"2017-04","Wilburn Farren","Cara Losch","East","GTX Plus Pro","GTX",5482,"Zotware","software","United States",4478.47,13809,TRUE,0,0,8,,1,1
"AW3L4BTT","Lost",2017-04-01,2017-04-02,"2017-04","Zane Levy","Summer Sewald","West","GTX Plus Basic","GTX",1096,"Hottechi","technology","Korea",8170.38,16499,TRUE,0,0,1,,1,1
"RH805ELL","Won",2017-04-01,2017-06-29,"2017-06","Zane Levy","Summer Sewald","West","GTX Pro","GTX",4821,"Hatfan","services","United States",792.46,1299,TRUE,1,5079,89,-0.0535158680771624,1,1
"7RI58VF7","Won",2017-04-02,2017-06-20,"2017-06","Anna Snelling","Dustin Brinkmann","Central","GTX Basic","GTX",550,"Streethex","retail","Belgium",1376.8,1165,TRUE,1,460,79,0.163636363636364,1,1
"VK9KN5PT","Engaging",2017-04-02,,,"Boris Faz","Rocco Neubert","East","MG Advanced","MG",3393,"Unknown","Unknown","Unknown",,,FALSE,0,,,,0,0
"R15SXOZA","Lost",2017-04-02,2017-06-24,"2017-06","Boris Faz","Rocco Neubert","East","GTX Plus Basic","GTX",1096,"Iselectrics","technology","United States",527.11,1428,TRUE,0,0,83,,1,1
"H00Y9555","Won",2017-04-02,2017-04-10,"2017-04","Cecily Lampkin","Dustin Brinkmann","Central","MG Advanced","MG",3393,"Domzoom","entertainment","United States",217.87,551,TRUE,1,3343,8,0.0147362216327733,1,1
"RJYMI03Q","Won",2017-04-02,2017-05-28,"2017-05","Corliss Cosme","Cara Losch","East","GTX Plus Pro","GTX",5482,"Xx-zobam","entertainment","United States",3838.39,8274,TRUE,1,5125,56,0.0651222181685516,1,1
"5PJJCTJ9","Won",2017-04-02,2017-04-11,"2017-04","Darcel Schlecht","Melvin Marxen","Central","MG Advanced","MG",3393,"Bioholding","medical","Philipines",587.34,1356,TRUE,1,3263,9,0.0383141762452107,1,1
"J60KKQ4B","Won",2017-04-02,2017-04-08,"2017-04","Elease Gluck","Celia Rouche","West","GTX Plus Basic","GTX",1096,"Fasehatice","retail","United States",4968.91,7523,TRUE,1,976,6,0.10948905109489,1,1
"X2QRD0DC","Won",2017-04-02,2017-04-09,"2017-04","Garret Kinder","Cara Losch","East","GTX Pro","GTX",4821,"Plussunin","retail","United States",1419.98,4018,TRUE,1,4746,7,0.015556938394524,1,1
"4KIZ9WJ0","Lost",2017-04-02,2017-04-03,"2017-04","Gladys Colclough","Melvin Marxen","Central","GTX Plus Basic","GTX",1096,"Conecom","technology","United States",1520.66,1806,TRUE,0,0,1,,1,1
"6RQCLF28","Won",2017-04-02,2017-04-11,"2017-04","Gladys Colclough","Melvin Marxen","Central","GTX Basic","GTX",550,"Codehow","software","United States",2714.9,2641,TRUE,1,507,9,0.0781818181818181,1,1
"DQ7GS2BN","Engaging",2017-04-02,,,"James Ascencio","Summer Sewald","West","GTX Plus Pro","GTX",5482,"Unknown","Unknown","Unknown",,,FALSE,0,,,,0,0
"T8WC5X1B","Lost",2017-04-02,2017-04-14,"2017-04","James Ascencio","Summer Sewald","West","GTX Basic","GTX",550,"Konex","technology","United States",7708.38,13756,TRUE,0,0,12,,1,1
"HO6M5P37","Won",2017-04-02,2017-04-09,"2017-04","James Ascencio","Summer Sewald","West","GTX Pro","GTX",4821,"Fasehatice","retail","United States",4968.91,7523,TRUE,1,5693,7,-0.180875337066999,1,1
"D5VY17OP","Engaging",2017-04-02,,,"Kami Bicknell","Summer Sewald","West","GTX Pro","GTX",4821,"Unknown","Unknown","Unknown",,,FALSE,0,,,,0,0
"0J21WQH1","Lost",2017-04-02,2017-04-14,"2017-04","Kami Bicknell","Summer Sewald","West","GTX Plus Basic","GTX",1096,"Fasehatice","retail","United States",4968.91,7523,TRUE,0,0,12,,1,1
"N88UFF5K","Lost",2017-04-02,2017-04-03,"2017-04","Kary Hendrixson","Summer Sewald","West","GTX Basic","GTX",550,"Labdrill","medical","United States",2741.37,9226,TRUE,0,0,1,,1,1
"OV08QE7X","Won",2017-04-02,2017-04-10,"2017-04","Kary Hendrixson","Summer Sewald","West","GTX Basic","GTX",550,"Cheers","entertainment","United States",4269.9,6472,TRUE,1,488,8,0.112727272727273,1,1
"WJLJIWYS","Won",2017-04-02,2017-05-20,"2017-05","Kary Hendrixson","Summer Sewald","West","GTX Basic","GTX",550,"Rantouch","telecommunications","United States",1188.42,3015,TRUE,1,605,48,-0.1,1,1
"BED55OSG","Engaging",2017-04-02,,,"Markita Hansen","Celia Rouche","West","GTX Pro","GTX",4821,"Unknown","Unknown","Unknown",,,FALSE,0,,,,0,0
"QJ25CASO","Lost",2017-04-02,2017-05-15,"2017-05","Markita Hansen","Celia Rouche","West","GTX Plus Pro","GTX",5482,"Xx-holding","finance","United States",7537.24,20293,TRUE,0,0,43,,1,1
"GJQXUDI3","Won",2017-04-02,2017-04-11,"2017-04","Marty Freudenburg","Melvin Marxen","Central","GTX Plus Basic","GTX",1096,"Funholding","finance","United States",2819.5,7227,TRUE,1,949,9,0.134124087591241,1,1
"OOGOZGGV","Won",2017-04-02,2017-04-04,"2017-04","Maureen Marcano","Summer Sewald","West","GTX Plus Basic","GTX",1096,"Faxquote","telecommunications","United States",1825.82,5595,TRUE,1,882,2,0.195255474452555,1,1
"C9XJ9KHD","Won",2017-04-02,2017-06-22,"2017-06","Maureen Marcano","Summer Sewald","West","GTX Plus Basic","GTX",1096,"Goodsilron","marketing","United States",2952.73,5107,TRUE,1,1096,81,0,1,1
"IWAKTMEB","Lost",2017-04-02,2017-04-10,"2017-04","Reed Clapper","Rocco Neubert","East","GTX Basic","GTX",550,"Donware","marketing","United States",1197.44,2570,TRUE,0,0,8,,1,1
"AKT5EF0X","Won",2017-04-02,2017-08-04,"2017-08","Reed Clapper","Rocco Neubert","East","GTX Basic","GTX",550,"Donware","marketing","United States",1197.44,2570,TRUE,1,572,124,-0.04,1,1
"89064N0X","Lost",2017-04-02,2017-04-07,"2017-04","Rosie Papadopoulos","Cara Losch","East","MG Advanced","MG",3393,"Bluth Company","technology","United States",1242.32,3027,TRUE,0,0,5,,1,1
"V7YVW4U0","Won",2017-04-02,2017-04-12,"2017-04","Rosie Papadopoulos","Cara Losch","East","GTX Pro","GTX",4821,"Kinnamplus","retail","United States",702.72,1831,TRUE,1,3731,10,0.226094171333748,1,1
"TBJ99S41","Lost",2017-04-02,2017-04-12,"2017-04","Versie Hillebrand","Dustin Brinkmann","Central","MG Special","MG",55,"Konmatfix","marketing","United States",375.43,1190,TRUE,0,0,10,,1,1
"QWLH0WD8","Won",2017-04-02,2017-06-13,"2017-06","Zane Levy","Summer Sewald","West","GTX Plus Basic","GTX",1096,"Hottechi","technology","Korea",8170.38,16499,TRUE,1,1214,72,-0.107664233576642,1,1
"JZTX4MXK","Won",2017-04-02,2017-04-03,"2017-04","Zane Levy","Summer Sewald","West","GTX Pro","GTX",4821,"Sunnamplex","marketing","Poland",894.37,1593,TRUE,1,4444,1,0.0781995436631404,1,1
"4AHNCJ2Y","Won",2017-04-03,2017-06-27,"2017-06","Anna Snelling","Dustin Brinkmann","Central","GTX Basic","GTX",550,"Rangreen","technology","Panama",2938.67,8775,TRUE,1,524,85,0.0472727272727272,1,1
"H5VBBEVI","Engaging",2017-04-03,,,"Cassey Cress","Rocco Neubert","East","GTX Plus Basic","GTX",1096,"Unknown","Unknown","Unknown",,,FALSE,0,,,,0,0
"MB7G8DWS","Engaging",2017-04-03,,,"Cassey Cress","Rocco Neubert","East","GTX Plus Pro","GTX",5482,"Unknown","Unknown","Unknown",,,FALSE,0,,,,0,0
"JK75NQBD","Won",2017-04-03,2017-05-20,"2017-05","Cassey Cress","Rocco Neubert","East","GTX Plus Basic","GTX",1096,"Bubba Gump","software","United States",987.39,2253,TRUE,1,997,47,0.0903284671532847,1,1
"U1BDEL90","Won",2017-04-03,2017-04-10,"2017-04","Corliss Cosme","Cara Losch","East","MG Advanced","MG",3393,"Betasoloin","medical","United States",251.41,495,TRUE,1,2794,7,0.176539935160625,1,1
"A9C9YCSN","Won",2017-04-03,2017-04-09,"2017-04","Darcel Schlecht","Melvin Marxen","Central","MG Special","MG",55,"Rangreen","technology","Panama",2938.67,8775,TRUE,1,53,6,0.0363636363636364,1,1
"524GC3WL","Won",2017-04-03,2017-04-13,"2017-04","Darcel Schlecht","Melvin Marxen","Central","MG Advanced","MG",3393,"Globex Corporation","technology","Norway",1223.72,2497,TRUE,1,3141,10,0.0742705570291777,1,1
"T4ZW6SS4","Lost",2017-04-03,2017-04-15,"2017-04","Donn Cantrell","Rocco Neubert","East","MG Special","MG",55,"Silis","medical","United States",2818.38,6290,TRUE,0,0,12,,1,1
"FH4VP5CL","Won",2017-04-03,2017-06-26,"2017-06","Donn Cantrell","Rocco Neubert","East","GTX Plus Basic","GTX",1096,"Bioplex","medical","United States",326.82,1016,TRUE,1,1109,84,-0.0118613138686132,1,1
"K9MMOXUC","Won",2017-04-03,2017-04-14,"2017-04","Donn Cantrell","Rocco Neubert","East","GTX Plus Pro","GTX",5482,"Iselectrics","technology","United States",527.11,1428,TRUE,1,5691,11,-0.0381247719810289,1,1
"2HS1C21I","Engaging",2017-04-03,,,"Elease Gluck","Celia Rouche","West","GTX Pro","GTX",4821,"Unknown","Unknown","Unknown",,,FALSE,0,,,,0,0
"LV5SEMZQ","Won",2017-04-03,2017-04-07,"2017-04","Elease Gluck","Celia Rouche","West","MG Special","MG",55,"Nam-zim","services","Brazil",405.59,1179,TRUE,1,52,4,0.0545454545454546,1,1
"50B2JN7F","Lost",2017-04-03,2017-04-10,"2017-04","Gladys Colclough","Melvin Marxen","Central","MG Special","MG",55,"Hottechi","technology","Korea",8170.38,16499,TRUE,0,0,7,,1,1
"JXS3KFKM","Won",2017-04-03,2017-04-05,"2017-04","Gladys Colclough","Melvin Marxen","Central","GTX Basic","GTX",550,"Betatech","medical","Kenya",647.18,1185,TRUE,1,532,2,0.0327272727272727,1,1
"QODSAVWU","Won",2017-04-03,2017-04-04,"2017-04","Gladys Colclough","Melvin Marxen","Central","GTX Pro","GTX",4821,"Isdom","medical","United States",3178.24,4540,TRUE,1,5615,1,-0.164696121136694,1,1
"Q2BB73WT","Engaging",2017-04-03,,,"Hayden Neloms","Celia Rouche","West","GTX Plus Basic","GTX",1096,"Unknown","Unknown","Unknown",,,FALSE,0,,,,0,0
"UH3P961U","Lost",2017-04-03,2017-04-04,"2017-04","James Ascencio","Summer Sewald","West","GTX Basic","GTX",550,"Goodsilron","marketing","United States",2952.73,5107,TRUE,0,0,1,,1,1
"3BQTRX5Y","Lost",2017-04-03,2017-05-26,"2017-05","Kami Bicknell","Summer Sewald","West","GTX Pro","GTX",4821,"Faxquote","telecommunications","United States",1825.82,5595,TRUE,0,0,53,,1,1
"YTL8VNGT","Won",2017-04-03,2017-04-12,"2017-04","Kami Bicknell","Summer Sewald","West","GTX Basic","GTX",550,"J-Texon","retail","United States",1388.67,3583,TRUE,1,565,9,-0.0272727272727273,1,1
"BL4SKUCN","Lost",2017-04-03,2017-04-11,"2017-04","Lajuana Vencill","Dustin Brinkmann","Central","GTX Basic","GTX",550,"Ron-tech","medical","United States",3922.42,6837,TRUE,0,0,8,,1,1
"8TRT2HNF","Engaging",2017-04-03,,,"Markita Hansen","Celia Rouche","West","GTX Basic","GTX",550,"Green-Plus","services","United States",692.19,1922,FALSE,0,,,,1,1
"ZLN48IIP","Engaging",2017-04-03,,,"Markita Hansen","Celia Rouche","West","GTX Basic","GTX",550,"Iselectrics","technology","United States",527.11,1428,FALSE,0,,,,1,1
"W355HYRD","Lost",2017-04-03,2017-04-05,"2017-04","Reed Clapper","Rocco Neubert","East","GTX Pro","GTX",4821,"Gekko & Co","retail","United States",2520.83,3502,TRUE,0,0,2,,1,1
"5UE0TE1R","Won",2017-04-03,2017-04-14,"2017-04","Reed Clapper","Rocco Neubert","East","GTX Pro","GTX",4821,"Yearin","retail","United States",2261.05,3851,TRUE,1,3991,11,0.172163451566065,1,1
"RFNRVNXJ","Won",2017-04-03,2017-05-20,"2017-05","Rosie Papadopoulos","Cara Losch","East","GTX Pro","GTX",4821,"Kinnamplus","retail","United States",702.72,1831,TRUE,1,5763,47,-0.195395146235221,1,1
"UTZDDOU7","Lost",2017-04-03,2017-04-14,"2017-04","Versie Hillebrand","Dustin Brinkmann","Central","MG Special","MG",55,"Conecom","technology","United States",1520.66,1806,TRUE,0,0,11,,1,1
"HVT28XPH","Engaging",2017-04-03,,,"Vicki Laflamme","Celia Rouche","West","MG Special","MG",55,"Unknown","Unknown","Unknown",,,FALSE,0,,,,0,0
"2ZXKC707","Lost",2017-04-03,2017-04-11,"2017-04","Vicki Laflamme","Celia Rouche","West","MG Advanced","MG",3393,"Cheers","entertainment","United States",4269.9,6472,TRUE,0,0,8,,1,1
"VNCFE4LQ","Won",2017-04-03,2017-04-15,"2017-04","Vicki Laflamme","Celia Rouche","West","GTX Basic","GTX",550,"J-Texon","retail","United States",1388.67,3583,TRUE,1,456,12,0.170909090909091,1,1
"VM0MHPAO","Engaging",2017-04-03,,,"Wilburn Farren","Cara Losch","East","MG Special","MG",55,"Unknown","Unknown","Unknown",,,FALSE,0,,,,0,0
"28QWFYSP","Lost",2017-04-03,2017-04-05,"2017-04","Wilburn Farren","Cara Losch","East","MG Special","MG",55,"Bluth Company","technology","United States",1242.32,3027,TRUE,0,0,2,,1,1
"VIV0OXU6","Won",2017-04-04,2017-04-11,"2017-04","Anna Snelling","Dustin Brinkmann","Central","GTX Basic","GTX",550,"Domzoom","entertainment","United States",217.87,551,TRUE,1,582,7,-0.0581818181818181,1,1
"KVF0HK8S","Won",2017-04-04,2017-04-12,"2017-04","Anna Snelling","Dustin Brinkmann","Central","MG Special","MG",55,"Domzoom","entertainment","United States",217.87,551,TRUE,1,59,8,-0.0727272727272728,1,1
"JLT2LLR3","Won",2017-04-04,2017-04-09,"2017-04","Boris Faz","Rocco Neubert","East","MG Advanced","MG",3393,"Donquadtech","technology","United States",1712.68,3194,TRUE,1,3259,5,0.0394930739758326,1,1
"LXZD2PZD","Engaging",2017-04-04,,,"Corliss Cosme","Cara Losch","East","GTX Plus Pro","GTX",5482,"Unknown","Unknown","Unknown",,,FALSE,0,,,,0,0
"2LF1TSPZ","Lost",2017-04-04,2017-05-10,"2017-05","Corliss Cosme","Cara Losch","East","GTX Basic","GTX",550,"Ganjaflex","retail","Japan",5158.71,17479,TRUE,0,0,36,,1,1
"FBJHTF91","Lost",2017-04-04,2017-04-11,"2017-04","Corliss Cosme","Cara Losch","East","GTX Plus Basic","GTX",1096,"Kan-code","software","United States",11698.03,34288,TRUE,0,0,7,,1,1
"Z50GQV8I","Won",2017-04-04,2017-04-11,"2017-04","Corliss Cosme","Cara Losch","East","GTX Basic","GTX",550,"Vehement Capital Partners","finance","United States",646.1,883,TRUE,1,593,7,-0.0781818181818181,1,1
"O2CPAAF0","Won",2017-04-04,2017-06-26,"2017-06","Corliss Cosme","Cara Losch","East","GTX Pro","GTX",4821,"Plussunin","retail","United States",1419.98,4018,TRUE,1,5197,83,-0.0779921178178802,1,1
"CEOTU8PX","Lost",2017-04-04,2017-04-15,"2017-04","Darcel Schlecht","Melvin Marxen","Central","GTX Pro","GTX",4821,"dambase","marketing","United States",2173.98,2928,TRUE,0,0,11,,1,1
"2S3DHZFO","Lost",2017-04-04,2017-06-21,"2017-06","Darcel Schlecht","Melvin Marxen","Central","GTX Pro","GTX",4821,"Konmatfix","marketing","United States",375.43,1190,TRUE,0,0,78,,1,1
"ZE1ZKD7Q","Lost",2017-04-04,2017-04-12,"2017-04","Darcel Schlecht","Melvin Marxen","Central","MG Special","MG",55,"Statholdings","employment","United States",291.27,586,TRUE,0,0,8,,1,1
"Y9XOOWHS","Won",2017-04-04,2017-06-18,"2017-06","Darcel Schlecht","Melvin Marxen","Central","MG Advanced","MG",3393,"Finhigh","finance","United States",1102.43,1759,TRUE,1,3031,75,0.106690244621279,1,1
"5FIGO7XN","Lost",2017-04-04,2017-04-15,"2017-04","Donn Cantrell","Rocco Neubert","East","GTX Pro","GTX",4821,"Gekko & Co","retail","United States",2520.83,3502,TRUE,0,0,11,,1,1
"EFO8XWXE","Won",2017-04-04,2017-05-25,"2017-05","Donn Cantrell","Rocco Neubert","East","GTX Pro","GTX",4821,"Zencorporation","technology","China",40.79,142,TRUE,1,5244,51,-0.0877411325451152,1,1
"BPOTQCFG","Engaging",2017-04-04,,,"Elease Gluck","Celia Rouche","West","MG Special","MG",×]y×OÊ×¬¢h­µçMKLŒÌŒÌŒÎMLÍMKKBˆ“Õ”“ÓM“È‹•ÛÛˆ‹ŒMËLKLLKŒMËLL‹LŒŒMËLLˆ‹ÙXÚ[H[\Ú[ˆ‹‘\İ[ˆœš[šÛX[›ˆ‹Ù[˜[‹‘Õ\È›È‹‘Õ‹M‹‘ÛÙÛŞ›ÛÛH‹[XÛÛ[][šXØ][ÛœÈ‹•[š]Yİ]\È‹‹NË•QKKMLŒLŒLÌMÍÍÌŒÎŒÍKKBˆŒMN“ˆ‹‘[™ØYÚ[™È‹ŒMËLKLLKÛÜ›\ÜÈÛÜÛYH‹Ø\˜HÜØÚ‹‘X\İ‹‘Õ˜\ÚXÈ‹‘Õ‹ML•[šÛ›İÛˆ‹•[šÛ›İÛˆ‹•[šÛ›İÛˆ‹SÑKˆ’Œ”NH‹‘[™ØYÚ[™È‹ŒMËLKLLKÛÜ›\ÜÈÛÜÛYH‹Ø\˜HÜØÚ‹‘X\İ‹‘Õ›È‹‘Õ‹ŒK•[šÛ›İÛˆ‹•[šÛ›İÛˆ‹•[šÛ›İÛˆ‹SÑKˆ’ÓMLŒH‹“Üİ‹ŒMËLKLLKŒMËLLKLNKŒŒMËLLH‹‘\˜Ù[ØÚXÚ‹“Y[š[ˆX\[ˆ‹Ù[˜[‹‘Õ\È›È‹‘Õ‹M‹’[š]H‹›X\šÙ][™È‹•[š]Yİ]\È‹ËNK•QKKKBˆ”UÒTMQˆ‹“Üİ‹ŒMËLKLLKŒMËLLKLMŒŒMËLLH‹‘\˜Ù[ØÚXÚ‹“Y[š[ˆX\[ˆ‹Ù[˜[‹‘Õ›È‹‘Õ‹ŒK”›Û‹]XÚ‹›YYXØ[‹•[š]Yİ]\È‹ÎLŒ‹‹ÍË•QKKBˆ–”M”T‹“Üİ‹ŒMËLKLLKŒMËLL‹LŒËŒŒMËLLˆ‹‘Ø\œ™]Ú[™\ˆ‹Ø\˜HÜØÚ‹‘X\İ‹“QÈÜXÚX[‹“QÈ‹MK–YX\š[ˆ‹œ™]Z[‹•[š]Yİ]\È‹ŒŒKŒKÎLK•QKLËKBˆ–ÑU“‘ŒÈ‹•ÛÛˆ‹ŒMËLKLLKŒMËLKLŒŒŒMËLH‹‘ÛY\ÈÛÛÛİYÚ‹“Y[š[ˆX\[ˆ‹Ù[˜[‹“QÈÜXÚX[‹“QÈ‹MK”İ™Y]^‹œ™]Z[‹™[Ú][H‹LÍÍ‹LMK•QKKLËKŒÍŒÍŒÍŒÍŒÍŒÍŒÍKBˆÍÒP“Sˆ‹‘[™ØYÚ[™È‹ŒMËLKLLK’˜[Y\È\ØÙ[˜Ú[È‹”İ[[Y\ˆÙ]Ø[‹•Ù\İ‹‘Õ\È›È‹‘Õ‹M‹•[šÛ›İÛˆ‹•[šÛ›İÛˆ‹•[šÛ›İÛˆ‹SÑKˆ”‘RÔÑ‹•ÛÛˆ‹ŒMËLKLLKŒMËLL‹LLŒŒMËLLˆ‹’Ø[ZHšXÚÛ™[‹”İ[[Y\ˆÙ]Ø[‹•Ù\İ‹‘Õ\È›È‹‘Õ‹M‹”\Üİš\‹™[\Z[›Y[‹•[š]Yİ]\È‹ÍKKÌMK•QKKÌ‹LŒLLLÌÌMÎLÍL‹KBˆ”TÖN•L‹“Üİ‹ŒMËLKLLKŒMËLLKLŒŒMËLLH‹’Ø\H[™š^ÛÛˆ‹”İ[[Y\ˆÙ]Ø[‹•Ù\İ‹‘Õ˜\ÚXÈ‹‘Õ‹ML‘Û˜ÛÛˆ‹XÚ›ÛÙŞH‹•[š]Yİ]\È‹NËÌ‹MLK•QKÍKBˆ–NLÑÒÎMUÈ‹•ÛÛˆ‹ŒMËLKLLKŒMËLKLŒKŒŒMËLH‹“X\šÚ]H[œÙ[ˆ‹Ù[XH›İXÚH‹•Ù\İ‹“QÈY˜[˜ÙY‹“QÈ‹ÌÎLË’]˜[ˆ‹œÙ\šXÙ\È‹•[š]Yİ]\È‹ÎL‹‹LNK•QKKÌLÎLŒÍLMMÌÌÌÌMKKBˆ–”RÓÑ‹“Üİ‹ŒMËLKLLKŒMËLKLŒŒMËLH‹“X]\™Y[ˆX\˜Ø[›È‹”İ[[Y\ˆÙ]Ø[‹•Ù\İ‹‘Õ˜\ÚXÈ‹‘Õ‹ML‘š[š›Øˆ‹™[\Ş[Y[‹•[š]Yİ]\È‹ŒNKKÍ•QKMËKBˆ–‘R’ˆ‹•ÛÛˆ‹ŒMËLKLLKŒMËLL‹LËŒŒMËLLˆ‹“[ÜÙ\Èœ˜\ÙH‹‘\İ[ˆœš[šÛX[›ˆ‹Ù[˜[‹‘Õ˜\ÚXÈ‹‘Õ‹MLš[ÚÛ[™È‹›YYXØ[‹”[\[™\È‹NËŒÍLÍM‹•QKKLLËËŒÌÌÌÌÌÌÌËKBˆÕ’‘ÎRŒH‹“Üİ‹ŒMËLKLLKŒMËLL‹LŒŒMËLLˆ‹”™YYÛ\\ˆ‹”›ØØÛÈ™]X™\‹‘X\İ‹‘Õ\È˜\ÚXÈ‹‘Õ‹LM‹’\Ù[XİšXÜÈ‹XÚ›ÛÙŞH‹•[š]Yİ]\È‹LËŒLKM•QKLKBˆ”Ì–ŒĞˆ‹‘[™ØYÚ[™È‹ŒMËLKLLK”›ÜØ[[˜HY]\ˆ‹Ù[XH›İXÚH‹•Ù\İ‹“QÈÜXÚX[‹“QÈ‹MK•[šÛ›İÛˆ‹•[šÛ›İÛˆ‹•[šÛ›İÛˆ‹SÑKˆMRPM‹‘[™ØYÚ[™È‹ŒMËLKLLK”›ÜÚYH\YÜİ[ÜÈ‹Ø\˜HÜØÚ‹‘X\İ‹‘Õ›È‹‘Õ‹ŒK”ÛÛœ›Ûˆ‹[XÛÛ[][šXØ][ÛœÈ‹•[š]Yİ]\È‹MNKKLLSÑKKBˆ‘RÌTÈ‹•ÛÛˆ‹ŒMËLKLLKŒMËLL‹LNŒŒMËLLˆ‹•š[Û]XÛ[[™‹Ø\˜HÜØÚ‹‘X\İ‹‘Õ˜\ÚXÈ‹‘Õ‹ML’Ø[‹XÛÙH‹œÛÙØ\™H‹•[š]Yİ]\È‹LMNŒËÍ•QKKNLŒMÌLLLLLLKKBˆ”’ÓÔV’–”ˆ‹‘[™ØYÚ[™È‹ŒMËLKLLK–˜[™H]H‹”İ[[Y\ˆÙ]Ø[‹•Ù\İ‹‘Õ\È˜\ÚXÈ‹‘Õ‹LM‹’‹U^Ûˆ‹œ™]Z[‹•[š]Yİ]\È‹LÎËÍNËSÑKKBˆŒĞÒ“TS•‹“Üİ‹ŒMËLKLLKŒMËLLKLMŒŒMËLLH‹–˜[™H]H‹”İ[[Y\ˆÙ]Ø[‹•Ù\İ‹‘Õ›È‹‘Õ‹ŒK“^\]›Û^‹›YYXØ[‹•[š]Yİ]\È‹MŒNKÎK•QKKBˆŒSU•N‹•ÛÛˆ‹ŒMËLKLLKŒMËLKLNKŒŒMËLH‹–˜[™H]H‹”İ[[Y\ˆÙ]Ø[‹•Ù\İ‹‘Õ˜\ÚXÈ‹‘Õ‹ML“™]Ù^‹œÙ\šXÙ\È‹‘Ù\›X[H‹LL‹Ì‹ÍL‹•QKKMŒLŒNNNNNNNKKBˆÓUÓˆ‹“Üİ‹ŒMËLKLL‹ŒMËLL‹L‹ŒŒMËLLˆ‹[›˜HÛ™[[™È‹‘\İ[ˆœš[šÛX[›ˆ‹Ù[˜[‹‘Õ\È›È‹‘Õ‹M‹•™Y\][İH‹[XÛÛ[][šXØ][ÛœÈ‹•[š]Yİ]\È‹L‹ŒKNMK•QKKKBˆ“VQSQPˆ‹“Üİ‹ŒMËLKLL‹ŒMËLLKLËŒŒMËLLH‹[›˜HÛ™[[™È‹‘\İ[ˆœš[šÛX[›ˆ‹Ù[˜[‹“QÈY˜[˜ÙY‹“QÈ‹ÌÎLË”İ]Û[™ÜÈ‹™[\Ş[Y[‹•[š]Yİ]\È‹LKŒËN‹•QKÍ‹KBˆ–LU‘ˆ‹•ÛÛˆ‹ŒMËLKLL‹ŒMËLL‹L‹ŒŒMËLLˆ‹[›˜HÛ™[[™È‹‘\İ[ˆœš[šÛX[›ˆ‹Ù[˜[‹‘Õ\È˜\ÚXÈ‹‘Õ‹LM‹™[X˜\ÙH‹›X\šÙ][™È‹•[š]Yİ]\È‹ŒMÌËNL•QKK‹LKŒŒNMMNNMKBˆ’–MSTÒˆ‹“Üİ‹ŒMËLKLL‹ŒMËLKLNKŒŒMËLH‹›Üš\È˜^ˆ‹”›ØØÛÈ™]X™\‹‘X\İ‹‘Õ\È˜\ÚXÈ‹‘Õ‹LM‹”\Üİ[š[ˆ‹œ™]Z[‹•[š]Yİ]\È‹MNKNN•QKËKBˆSĞÑˆ‹‘[™ØYÚ[™È‹ŒMËLKLL‹Ø\ÜÙ^HÜ™\ÜÈ‹”›ØØÛÈ™]X™\‹‘X\İ‹‘Õ˜\ÚXÈ‹‘Õ‹ML•[šÛ›İÛˆ‹•[šÛ›İÛˆ‹•[šÛ›İÛˆ‹SÑKˆ–S‘‘Q‘È‹“Üİ‹ŒMËLKLL‹ŒMËLL‹LKŒŒMËLLˆ‹ÛÜ›\ÜÈÛÜÛYH‹Ø\˜HÜØÚ‹‘X\İ‹“QÈÜXÚX[‹“QÈ‹MK’Ø[‹XÛÙH‹œÛÙØ\™H‹•[š]Yİ]\È‹LMNŒËÍ•QKKBˆ‘VMÈ‹“Üİ‹ŒMËLKLL‹ŒMËLLKLMKŒŒMËLLH‹‘\˜Ù[ØÚXÚ‹“Y[š[ˆX\[ˆ‹Ù[˜[‹‘Õ›È‹‘Õ‹ŒK’[š]H‹›X\šÙ][™È‹•[š]Yİ]\È‹ËNK•QKKBˆ•Ô”ĞN•H‹•ÛÛˆ‹ŒMËLKLL‹ŒMËLL‹LM‹ŒŒMËLLˆ‹‘\˜Ù[ØÚXÚ‹“Y[š[ˆX\[ˆ‹Ù[˜[‹‘Õ˜\ÚXÈ‹‘Õ‹ML‘š[šYÚ‹™š[˜[˜ÙH‹•[š]Yİ]\È‹LL‹ËMÍNK•QKKŒ‹MKLŒLÎNNNNNNKBˆMPÒQÈ‹•ÛÛˆ‹ŒMËLKLL‹ŒMËLL‹LËŒŒMËLLˆ‹‘\˜Ù[ØÚXÚ‹“Y[š[ˆX\[ˆ‹Ù[˜[‹‘Õ›È‹‘Õ‹ŒK•İYÚ˜\‹œ™]Z[‹•[š]Yİ]\È‹ÌÌ‹ËÎNK•QKKÎK‹ŒMLÎLNMÍÌNÌMMËKBˆ“STSR”H‹•ÛÛˆ‹ŒMËLKLL‹ŒMËLL‹LKŒŒMËLLˆ‹‘Ø\œ™]Ú[™\ˆ‹Ø\˜HÜØÚ‹‘X\İ‹“QÈY˜[˜ÙY‹“QÈ‹ÌÎLË’ÛÛ™^‹XÚ›ÛÙŞH‹•[š]Yİ]\È‹ÍÌŒÎLÍÍM‹•QKKÍMËLŒÌLLÍNMŒM‹KBˆ‘UÑUÍÖ“TH‹•ÛÛˆ‹ŒMËLKLL‹ŒMËLLKLM‹ŒŒMËLLH‹‘Ø\œ™]Ú[™\ˆ‹Ø\˜HÜØÚ‹‘X\İ‹“QÈY˜[˜ÙY‹“QÈ‹ÌÎLË“Ü[XÚ‹™š[˜[˜ÙH‹•[š]Yİ]\È‹ÍMKŒŒËLË•QKKÌÌ‹KŒMŒMKKBˆ’–NÌ”ÕÈ‹“Üİ‹ŒMËLKLL‹ŒMËLL‹LMKŒŒMËLLˆ‹‘ÛY\ÈÛÛÛİYÚ‹“Y[š[ˆX\[ˆ‹Ù[˜[‹“QÈY˜[˜ÙY‹“QÈ‹ÌÎLË‘Ù[˜ÛÈ\˜HÛ]™HÚ[ÛÛ\[H‹œ™]Z[‹’][H‹MŒÌËMŒÍK•QKMKBˆ’‘•ĞPŒH‹•ÛÛˆ‹ŒMËLKLL‹ŒMËLLKL‹ŒŒMËLLH‹’^Y[ˆ™[Û\È‹Ù[XH›İXÚH‹•Ù\İ‹“QÈY˜[˜ÙY‹“QÈ‹ÌÎLË“X™š[‹›YYXØ[‹•[š]Yİ]\È‹ÍKŒÍËLŒ‹•QKKÍÌËÍKLŒŒÍMÍÎMMŒLÍÌËKBˆL‘–T“È‹•ÛÛˆ‹ŒMËLKLL‹ŒMËLKLNKŒŒMËLH‹’›Û˜][ˆ™\[İ‹“Y[š[ˆX\[ˆ‹Ù[˜[‹‘Õ˜\ÚXÈ‹‘Õ‹MLÛÛ™XÛÛH‹XÚ›ÛÙŞH‹•[š]Yİ]\È‹MLŒ‹N‹•QKKLÌËŒÍŒÍŒÍŒÍŒÍŒÍŒÍKBˆLPPÌNNH‹•ÛÛˆ‹ŒMËLKLL‹ŒMËLL‹LM‹ŒŒMËLLˆ‹’›Û˜][ˆ™\[İ‹“Y[š[ˆX\[ˆ‹Ù[˜[‹‘Õ\È˜\ÚXÈ‹‘Õ‹LM‹‘ÛÙÛŞ›ÛÛH‹[XÛÛ[][šXØ][ÛœÈ‹•[š]Yİ]\È‹‹NË•QKKL‹MKŒÌÍÌŒŒÍÌÍÌŒ‹KBˆMÓRĞ”H‹•ÛÛˆ‹ŒMËLKLL‹ŒMËLL‹LNŒŒMËLLˆ‹’›Û˜][ˆ™\[İ‹“Y[š[ˆX\[ˆ‹Ù[˜[‹“QÈÜXÚX[‹“QÈ‹MKØ[˜Ú]H‹œ™]Z[‹•[š]Yİ]\È‹ÌNŒ‹•QKKMËLŒMŒÍŒÍŒÍŒÍŒÍŒÍKBˆ–MRT”ÒÕH‹•ÛÛˆ‹ŒMËLKLL‹ŒMËLL‹LKŒŒMËLLˆ‹’›Û˜][ˆ™\[İ‹“Y[š[ˆX\[ˆ‹Ù[˜[‹“QÈÜXÚX[‹“QÈ‹MK”˜[™Ü™Y[ˆ‹XÚ›ÛÙŞH‹”[˜[XH‹LÎËÍÍK•QKKNKLLŒÌÌÌÌÌÌÌKBˆ”TÍ“H‹•ÛÛˆ‹ŒMËLKLL‹ŒMËLLKLÌŒŒMËLLH‹’Ø\H[™š^ÛÛˆ‹”İ[[Y\ˆÙ]Ø[‹•Ù\İ‹‘Õ\È˜\ÚXÈ‹‘Õ‹LM‹‘ÛÛÙÚ[›Ûˆ‹›X\šÙ][™È‹•[š]Yİ]\È‹ML‹ÌËLLË•QKKLÍËÎKŒMÌÌÍMÍŒÌÍMÍËKBˆ’“ÒÒPÍ’H‹•ÛÛˆ‹ŒMËLKLL‹ŒMËLLKLŒKŒŒMËLLH‹’Ø\H[™š^ÛÛˆ‹”İ[[Y\ˆÙ]Ø[‹•Ù\İ‹‘Õ›È‹‘Õ‹ŒK”İ[›˜[\^‹›X\šÙ][™È‹”Û[™‹MŒÍËMNLË•QKKNNKÌLŒÍLŒNMŒÌÍKBˆŒSVÑˆ‹•ÛÛˆ‹ŒMËLKLL‹ŒMËLKLŒKŒŒMËLH‹“X\Hœ™]Y[˜\™È‹“Y[š[ˆX\[ˆ‹Ù[˜[‹“QÈÜXÚX[‹“QÈ‹MK™]]XÚ‹›YYXØ[‹’Ù[XH‹ËŒNLNK•QKKÌ‹KLŒÌLLLLLLKKBˆÑÔÔR‹•ÛÛˆ‹ŒMËLKLL‹ŒMËLKLŒŒŒMËLH‹“X]\™Y[ˆX\˜Ø[›È‹”İ[[Y\ˆÙ]Ø[‹•Ù\İ‹‘Õ\È›È‹‘Õ‹M‹’Ø[‹XÛÙH‹œÛÙØ\™H‹•[š]Yİ]\È‹LMNŒËÍ•QKKÌŒLLMŒÎM‹KBˆ–ÍĞÓ–MR‹“Üİ‹ŒMËLKLL‹ŒMËLKLŒŒŒMËLH‹”™YYÛ\\ˆ‹”›ØØÛÈ™]X™\‹‘X\İ‹‘Õ\È˜\ÚXÈ‹‘Õ‹LM‹’[š]XÚ‹[XÛÛ[][šXØ][ÛœÈ‹•[š]Yİ]\È‹ŒÎMKŒKŒÍK•QKKBˆ•LÔÎMÈ‹“Üİ‹ŒMËLKLL‹ŒMËLL‹LNŒŒMËLLˆ‹”™YYÛ\\ˆ‹”›ØØÛÈ™]X™\‹‘X\İ‹‘Õ›È‹‘Õ‹ŒK–™[˜ÛÜœÜ˜][Ûˆ‹XÚ›ÛÙŞH‹Ú[˜H‹ÎKM‹•QKMËKBˆŒ“RÎPÌˆ‹•ÛÛˆ‹ŒMËLKLL‹ŒMËLKL‹ŒŒMËLH‹•™\œÚYH[Xœ˜[™‹‘\İ[ˆœš[šÛX[›ˆ‹Ù[˜[‹“QÈÜXÚX[‹“QÈ‹MK’ÛÛ›X]š^‹›X\šÙ][™È‹•[š]Yİ]\È‹ÍÍKËLNL•QKKMMŒNNNNNNN‹KBˆŒÖV‘–QSRH‹•ÛÛˆ‹ŒMËLKLL‹ŒMËLL‹LKŒŒMËLLˆ‹•™\œÚYH[Xœ˜[™‹‘\İ[ˆœš[šÛX[›ˆ‹Ù[˜[‹“QÈÜXÚX[‹“QÈ‹MK•İYÚ˜\‹œ™]Z[‹•[š]Yİ]\È‹ÌÌ‹ËÎNK•QKKLŒLLLLLLLKKBˆ’LÍT‘RSˆ‹‘[™ØYÚ[™È‹ŒMËLKLL‹•šXÚÚHY›[[YH‹Ù[XH›İXÚH‹•Ù\İ‹‘Õ˜\ÚXÈ‹‘Õ‹ML‘Ù[˜ÛÈ\˜HÛ]™HÚ[ÛÛ\[H‹œ™]Z[‹’][H‹MŒÌËMŒÍKSÑKKBˆ–LĞPTÍŒ”‹‘[™ØYÚ[™È‹ŒMËLKLL‹•šXÚÚHY›[[YH‹Ù[XH›İXÚH‹•Ù\İ‹‘Õ\È˜\ÚXÈ‹‘Õ‹LM‹–›ÛÛZ]‹™[\Z[›Y[‹•[š]Yİ]\È‹ÌŒNKMÎSÑKKBˆ””Ğˆ‹“Üİ‹ŒMËLKLL‹ŒMËLLKLKŒŒMËLLH‹•šXÚÚHY›[[YH‹Ù[XH›İXÚH‹•Ù\İ‹“QÈÜXÚX[‹“QÈ‹MK–ZÛ[™È‹™š[˜[˜ÙH‹•[š]Yİ]\È‹ÍLÍËŒŒLË•QKLKBˆŒÓÍVÑˆ‹‘[™ØYÚ[™È‹ŒMËLKLL‹•š[Û]XÛ[[™‹Ø\˜HÜØÚ‹‘X\İ‹“QÈY˜[˜ÙY‹“QÈ‹ÌÎLË•[šÛ›İÛˆ‹•[šÛ›İÛˆ‹•[šÛ›İÛˆ‹SÑKˆ‘’‘Ì‘•”ˆ‹“Üİ‹ŒMËLKLL‹ŒMËLKLMKŒŒMËLH‹•š[Û]XÛ[[™‹Ø\˜HÜØÚ‹‘X\İ‹‘Õ\È›È‹‘Õ‹M‹’[š]XÚ‹[XÛÛ[][šXØ][ÛœÈ‹•[š]Yİ]\È‹ŒÎMKŒKŒÍK•QKËKBˆ”ÕÖÍŒNH‹•ÛÛˆ‹ŒMËLKLL‹ŒMËLLKLŒŒŒMËLLH‹–˜[™H]H‹”İ[[Y\ˆÙ]Ø[‹•Ù\İ‹‘Õ\È˜\ÚXÈ‹‘Õ‹LM‹’ÛÛ™^‹XÚ›ÛÙŞH‹•[š]Yİ]\È‹ÍÌŒÎLÍÍM‹•QKKLKKŒŒLLÌLÎŒLÌLÎKKBˆŒÑSˆ‹•ÛÛˆ‹ŒMËLKLLËŒMËLLKLKŒŒMËLLH‹[›˜HÛ™[[™È‹‘\İ[ˆœš[šÛX[›ˆ‹Ù[˜[‹‘Õ˜\ÚXÈ‹‘Õ‹MLØ[˜Ú]H‹œ™]Z[‹•[š]Yİ]\È‹ÌNŒ‹•QKKŒKÌËLŒMÍŒÍŒÍŒÍŒÍŒÍKBˆVÕÕPNH‹‘[™ØYÚ[™È‹ŒMËLKLLËØ\ÜÙ^HÜ™\ÜÈ‹”›ØØÛÈ™]X™\‹‘X\İ‹‘Õ\È˜\ÚXÈ‹‘Õ‹LM‹•[šÛ›İÛˆ‹•[šÛ›İÛˆ‹•[šÛ›İÛˆ‹SÑKˆÑÑĞR”ˆ‹•ÛÛˆ‹ŒMËLKLLËŒMËLKLŒŒMËLH‹Ø\ÜÙ^HÜ™\ÜÈ‹”›ØØÛÈ™]X™\‹‘X\İ‹‘Õ˜\ÚXÈ‹‘Õ‹ML’\Ù[XİšXÜÈ‹XÚ›ÛÙŞH‹•[š]Yİ]\È‹LËŒLKM•QKKŒLKLŒLLLLLLLKBˆ‘RP”‘È‹“Üİ‹ŒMËLKLLËŒMËLLKLËŒŒMËLLH‹ÛÜ›\ÜÈÛÜÛYH‹Ø\˜HÜØÚ‹‘X\İ‹‘Õ˜\ÚXÈ‹‘Õ‹ML’ÛÛ™^‹XÚ›ÛÙŞH‹•[š]Yİ]\È‹ÍÌŒÎLÍÍM‹•QKLKKBˆ‘ÍÒQĞŒ‹•ÛÛˆ‹ŒMËLKLLËŒMËLKLNŒŒMËLH‹ÛÜ›\ÜÈÛÜÛYH‹Ø\˜HÜØÚ‹‘X\İ‹‘Õ›È‹‘Õ‹ŒK’Ú[›˜[\\È‹œ™]Z[‹•[š]Yİ]\È‹Ì‹Ì‹NÌK•QKKLÍKKŒNLÌŒÍÎLMÍLLËKBˆQMMĞM‘ˆ‹‘[™ØYÚ[™È‹ŒMËLKLLË‘[šY[[[XXÚÈ‹”›ØØÛÈ™]X™\‹‘X\İ‹‘Õ›È‹‘Õ‹ŒK•[šÛ›İÛˆ‹•[šÛ›İÛˆ‹•[šÛ›İÛˆ‹SÑKˆ“LÒQSUŒˆ‹“Üİ‹ŒMËLKLLËŒMËLLKLKŒŒMËLLH‹‘Û›ˆØ[™[‹”›ØØÛÈ™]X™\‹‘X\İ‹“QÈY˜[˜ÙY‹“QÈ‹ÌÎLË“ÛÛYYXH‹™[\Ş[Y[‹•[š]Yİ]\È‹‹ŒL‹ÍK•QKÍËKBˆPU‘“H‹“Üİ‹ŒMËLKLLËŒMËLKLNKŒŒMËLH‹‘[X\ÙHÛXÚÈ‹Ù[XH›İXÚH‹•Ù\İ‹“QÈÜXÚX[‹“QÈ‹MK‘[XÚ›ÛÙŞH‹œÛÙØ\™H‹•[š]Yİ]\È‹NÎKM‹•QK‹KBˆ’”ÑLÌH‹•ÛÛˆ‹ŒMËLKLLËŒMËLKLKŒŒMËLH‹‘ÛY\ÈÛÛÛİYÚ‹“Y[š[ˆX\[ˆ‹Ù[˜[‹‘Õ›È‹‘Õ‹ŒKÛÛ™XÛÛH‹XÚ›ÛÙŞH‹•[š]Yİ]\È‹MLŒ‹N‹•QKKKM‹ŒÌÌNLÍLMLKBˆ–”PÍÖPM‹“Üİ‹ŒMËLKLLËŒMËLLKLMËŒŒMËLLH‹’Ø[ZHšXÚÛ™[‹”İ[[Y\ˆÙ]Ø[‹•Ù\İ‹‘Õ›È‹‘Õ‹ŒK’Ø[‹XÛÙH‹œÛÙØ\™H‹•[š]Yİ]\È‹LMNŒËÍ•QKKKBˆ’UVPÌÈ‹•ÛÛˆ‹ŒMËLKLLËŒMËLL‹LL‹ŒŒMËLLˆ‹’Ø\H[™š^ÛÛˆ‹”İ[[Y\ˆÙ]Ø[‹•Ù\İ‹‘Õ\È›È‹‘Õ‹M‹“X™š[‹›YYXØ[‹•[š]Yİ]\È‹ÍKŒÍËLŒ‹•QKKLMNLŒNLLLMÌÌMNKBˆ’Ö”Ì•‹•ÛÛˆ‹ŒMËLKLLËŒMËLLKLŒKŒŒMËLLH‹“X\Hœ™]Y[˜\™È‹“Y[š[ˆX\[ˆ‹Ù[˜[‹‘Õ˜\ÚXÈ‹‘Õ‹MLØ[˜Ú]H‹œ™]Z[‹•[š]Yİ]\È‹ÌNŒ‹•QKKÍËKŒLÌÌÌÌÌÌÌËKBˆ‘ÒRRQÖH‹•ÛÛˆ‹ŒMËLKLLËŒMËLLKLM‹ŒŒMËLLH‹“X]\™Y[ˆX\˜Ø[›È‹”İ[[Y\ˆÙ]Ø[‹•Ù\İ‹‘Õ\È›È‹‘Õ‹M‹“^\]›Û^‹›YYXØ[‹•[š]Yİ]\È‹MŒNKÎK•QKKMÌ‹ŒLÌÌMÍÎKKBˆŒÖ’H‹•ÛÛˆ‹ŒMËLKLLËŒMËLLKLÌŒŒMËLLH‹“šY\ÚHY™š[™\È‹“Y[š[ˆX\[ˆ‹Ù[˜[‹“QÈY˜[˜ÙY‹“QÈ‹ÌÎLË•™Y\][İH‹[XÛÛ[][šXØ][ÛœÈ‹•[š]Yİ]\È‹L‹ŒKNMK•QKKÎL‹ÎLŒMLMÌÍŒŒŒMŒÌËKBˆL•UÕTH‹•ÛÛˆ‹ŒMËLKLLËŒMËLL‹LMŒŒMËLLˆ‹”™YYÛ\\ˆ‹”›ØØÛÈ™]X™\‹‘X\İ‹‘Õ\È˜\ÚXÈ‹‘Õ‹LM‹”\Üİ[š[ˆ‹œ™]Z[‹•[š]Yİ]\È‹MNKNN•QKKLMÍ‹L‹LŒÌNLÌÌNLKKBˆ”“ÑUÒ‘H‹•ÛÛˆ‹ŒMËLKLLËŒMËLL‹LMŒŒMËLLˆ‹”™YYÛ\\ˆ‹”›ØØÛÈ™]X™\‹‘X\İ‹‘Õ›È‹‘Õ‹ŒK–YX\š[ˆ‹œ™]Z[‹•[š]Yİ]\È‹ŒŒKŒKÎLK•QKKML‹ŒMLMÌŒŒŒÎKBˆ‘ÔÒ•ÔUÈ‹•ÛÛˆ‹ŒMËLKLLËŒMËLLKLÌŒŒMËLLH‹”›ÜØ[[˜HY]\ˆ‹Ù[XH›İXÚH‹•Ù\İ‹“QÈÜXÚX[‹“QÈ‹MK‘ÛÛ^‹™š[˜[˜ÙH‹•[š]Yİ]\È‹L‹KMK•QKKMÎŒNNNNNNN‹KBˆ‘TLLÈ‹‘[™ØYÚ[™È‹ŒMËLKLLË•šXÚÚHY›[[YH‹Ù[XH›İXÚH‹•Ù\İ‹“QÈÜXÚX[‹“QÈ‹MK•[šÛ›İÛˆ‹•[šÛ›İÛˆ‹•[šÛ›İÛˆ‹SÑKˆĞ•Q‹•ÛÛˆ‹ŒMËLKLLËŒMËLLKLKŒŒMËLLH‹•šXÚÚHY›[[YH‹Ù[XH›İXÚH‹•Ù\İ‹“QÈÜXÚX[‹“QÈ‹MK‘[XÚ›ÛÙŞH‹œÛÙØ\™H‹•[š]Yİ]\È‹NÎKM‹•QKKLKÍËŒÌÌÌÌÌÌÌKBˆ“’•ĞU’‹•ÛÛˆ‹ŒMËLKLLËŒMËLKLŒKŒŒMËLH‹–˜[™H]H‹”İ[[Y\ˆÙ]Ø[‹•Ù\İ‹‘Õ˜\ÚXÈ‹‘Õ‹ML“X™š[‹›YYXØ[‹•[š]Yİ]\È‹ÍKŒÍËLŒ‹•QKKLNŒNNNNNNN‹KBˆ–“TPÕÕˆ‹•ÛÛˆ‹ŒMËLKLLËŒMËLL‹L‹ŒŒMËLLˆ‹–˜[™H]H‹”İ[[Y\ˆÙ]Ø[‹•Ù\İ‹‘Õ˜\ÚXÈ‹‘Õ‹ML”ÛÛœ›Ûˆ‹[XÛÛ[][šXØ][ÛœÈ‹•[š]Yİ]\È‹MNKKLL•QKKLKŒNNNNNNNKBˆŒLÕQV‹•ÛÛˆ‹ŒMËLKLMŒMËLKLNŒŒMËLH‹[›˜HÛ™[[™È‹‘\İ[ˆœš[šÛX[›ˆ‹Ù[˜[‹‘Õ\È›È‹‘Õ‹M‹”İ[œ™Y^‹™š[˜[˜ÙH‹•[š]Yİ]\È‹MNŒ‹ÍÎN•QKKMŒKŒLLLÌÌMÎLÍLŒKKBˆ“S’ÕVˆ‹•ÛÛˆ‹ŒMËLKLMŒMËLLKLŒËŒŒMËLLH‹Ø\ÜÙ^HÜ™\ÜÈ‹”›ØØÛÈ™]X™\‹‘X\İ‹‘Õ›È‹‘Õ‹ŒK’Ø[‹XÛÙH‹œÛÙØ\™H‹•[š]Yİ]\È‹LMNŒËÍ•QKKÎŒ‹ÌŒŒÌŒNNMMLNKKBˆŒ’ŒÓ’Ñˆ‹“Üİ‹ŒMËLKLMŒMËLLKLŒŒŒMËLLH‹‘\˜Ù[ØÚXÚ‹“Y[š[ˆX\[ˆ‹Ù[˜[‹‘Õ›È‹‘Õ‹ŒKÛÛ™XÛÛH‹XÚ›ÛÙŞH‹•[š]Yİ]\È‹MLŒ‹N‹•QKËKBˆ‘Ğ””SŒMˆ‹•ÛÛˆ‹ŒMËLKLMŒMËLL‹LMËŒŒMËLLˆ‹‘Û›ˆØ[™[‹”›ØØÛÈ™]X™\‹‘X\İ‹“QÈY˜[˜ÙY‹“QÈ‹ÌÎLË“ÛÛYYXH‹™[\Ş[Y[‹•[š]Yİ]\È‹‹ŒL‹ÍK•QKKÌÌÌKMŒNÌLMŒÎKKBˆ”’UH‹“Üİ‹ŒMËLKLMŒMËLLKLËŒŒMËLLH‹’^Y[ˆ™[Û\È‹Ù[XH›İXÚH‹•Ù\İ‹“QÈÜXÚX[‹“QÈ‹MK–›ÛÛZ]‹™[\Z[›Y[‹•[š]Yİ]\È‹ÌŒNKMÎ•QKÍKBˆNSÌÑ‘H‹•ÛÛˆ‹ŒMËLKLMŒMËLL‹LŒŒŒMËLLˆ‹’˜[Y\È\ØÙ[˜Ú[È‹”İ[[Y\ˆÙ]Ø[‹•Ù\İ‹‘Õ˜\ÚXÈ‹‘Õ‹ML“™]Ù^‹œÙ\šXÙ\È‹‘Ù\›X[H‹LL‹Ì‹ÍL‹•QKKLMËŒÍŒÍŒÍŒÍŒÍŒÍŒÍ‹KBˆ”•NVM‘ÔŒH‹•ÛÛˆ‹ŒMËLKLMŒMËLL‹LLŒŒMËLLˆ‹’˜[Y\È\ØÙ[˜Ú[È‹”İ[[Y\ˆÙ]Ø[‹•Ù\İ‹‘Õ\È˜\ÚXÈ‹‘Õ‹LM‹”^˜\‹œ™]Z[‹•[š]Yİ]\È‹ÍËKÍ•QKKLLMËËLŒNLMŒNÎMMŒNKBˆ‘ÒVQÖ“ˆ‹•ÛÛˆ‹ŒMËLKLMŒMËLL‹LËŒŒMËLLˆ‹’˜[Y\È\ØÙ[˜Ú[È‹”İ[[Y\ˆÙ]Ø[‹•Ù\İ‹‘Õ›È‹‘Õ‹ŒK“^\]›Û^‹›YYXØ[‹•[š]Yİ]\È‹MŒNKÎK•QKKLŒÌLŒÍÌMÌÌLMÌ‹KBˆÖ“ÕH‹•ÛÛˆ‹ŒMËLKLMŒMËLKLM‹ŒŒMËLH‹’Ø[ZHšXÚÛ™[‹”İ[[Y\ˆÙ]Ø[‹•Ù\İ‹‘Õ›È‹‘Õ‹ŒK‘˜\ÙZ]XÙH‹œ™]Z[‹•[š]Yİ]\È‹MLKÍLŒË•QKK‹LŒÍÌÎMNÌÎKBˆ–NS•ŒÒÍH‹•ÛÛˆ‹ŒMËLKLMŒMËLKLŒËŒŒMËLH‹’Ø[ZHšXÚÛ™[‹”İ[[Y\ˆÙ]Ø[‹•Ù\İ‹“QÈY˜[˜ÙY‹“QÈ‹ÌÎLË“X™š[‹›YYXØ[‹•[š]Yİ]\È‹ÍKŒÍËLŒ‹•QKKÍNM‹KLŒNNLNNLNNKBˆ‘Ô”RTÍUH‹“Üİ‹ŒMËLKLMŒMËLKLÌŒŒMËLH‹’Ø\H[™š^ÛÛˆ‹”İ[[Y\ˆÙ]Ø[‹•Ù\İ‹‘Õ›È‹‘Õ‹ŒK”^˜\‹œ™]Z[‹•[š]Yİ]\È‹ÍËKÍ•QKM‹KBˆ“NTĞTMˆ‹•ÛÛˆ‹ŒMËLKLMŒMËLLKLKŒŒMËLLH‹’Ø\H[™š^ÛÛˆ‹”İ[[Y\ˆÙ]Ø[‹•Ù\İ‹‘Õ›È‹‘Õ‹ŒK”ØÛİš[™‹œÛÙØ\™H‹•[š]Yİ]\È‹ŒÍMËMÎ•QKKNLËŒÌLÌLÌNLÍLKBˆ‘ÕÔ‹•ÛÛˆ‹ŒMËLKLMŒMËLL‹LL‹ŒŒMËLLˆ‹“ZX[˜H™[˜Ú[‹‘\İ[ˆœš[šÛX[›ˆ‹Ù[˜[‹‘Õ˜\ÚXÈ‹‘Õ‹ML™[X˜\ÙH‹›X\šÙ][™È‹•[š]Yİ]\È‹ŒMÌËNL•QKKMKKŒLLLLLLLKBˆ•T”–ˆ‹•ÛÛˆ‹ŒMËLKLMŒMËLLKLŒŒMËLLH‹“ZX[˜H™[˜Ú[‹‘\İ[ˆœš[šÛX[›ˆ‹Ù[˜[‹“QÈY˜[˜ÙY‹“QÈ‹ÌÎLË”˜[™Ü™Y[ˆ‹XÚ›ÛÙŞH‹”[˜[XH‹LÎËÍÍK•QKKÌÍŒ‹MKŒLLÍMÍLŒÌNMKKBˆÓTM”Õ‹•ÛÛˆ‹ŒMËLKLMŒMËLL‹LMŒŒMËLLˆ‹“X\Hœ™]Y[˜\™È‹“Y[š[ˆX\[ˆ‹Ù[˜[‹‘Õ\È˜\ÚXÈ‹‘Õ‹LM‹š[ÚÛ[™È‹›YYXØ[‹”[\[™\È‹NËŒÍLÍM‹•QKKL‹LKŒLLÍNLLKBˆ•”•ÒÖR•ˆ‹‘[™ØYÚ[™È‹ŒMËLKLM“X]\™Y[ˆX\˜Ø[›È‹”İ[[Y\ˆÙ]Ø[‹•Ù\İ‹‘Õ\È›È‹‘Õ‹M‹•[šÛ›İÛˆ‹•[šÛ›İÛˆ‹•[šÛ›İÛˆ‹SÑKˆ‘–UĞÓÈ‹“Üİ‹ŒMËLKLMŒMËLKLŒŒMËLH‹”™YYÛ\\ˆ‹”›ØØÛÈ™]X™\‹‘X\İ‹‘Õ˜\ÚXÈ‹‘Õ‹MLXÛYHÛÜœÜ˜][Ûˆ‹XÚ›ÛÙŞH‹•[š]Yİ]\È‹LLŒŒ‹•QKMKBˆ–’RTÕĞÈ‹•ÛÛˆ‹ŒMËLKLMŒMËLL‹LÌKŒŒMËLLˆ‹”›ÜÚYH\YÜİ[ÜÈ‹Ø\˜HÜØÚ‹‘X\İ‹‘Õ›È‹‘Õ‹ŒK’ÛÛ™^‹XÚ›ÛÙŞH‹•[š]Yİ]\È‹ÍÌŒÎLÍÍM‹•QKKLMLËLLŒLÎŒŒKKBˆTT•ÎRH‹“Üİ‹ŒMËLKLMŒMËLLKLKŒŒMËLLH‹•™\œÚYH[Xœ˜[™‹‘\İ[ˆœš[šÛX[›ˆ‹Ù[˜[‹“QÈÜXÚX[‹“QÈ‹MK’ÛÛ›X]š^‹›X\šÙ][™È‹•[š]Yİ]\È‹ÍÍKËLNL•QKÍ‹KBˆ‘ŒÕÔ“ÌH‹•ÛÛˆ‹ŒMËLKLMŒMËLLKLMKŒŒMËLLH‹•šXÚÚHY›[[YH‹Ù[XH›İXÚH‹•Ù\İ‹‘Õ›È‹‘Õ‹ŒK’ÛÛ™^‹XÚ›ÛÙŞH‹•[š]Yİ]\È‹ÍÌŒÎLÍÍM‹•QKKLÍŒ‹LŒLLÌLÍŒLŒNKBˆ’‘PÑUT•ˆ‹‘[™ØYÚ[™È‹ŒMËLKLM–˜[™H]H‹”İ[[Y\ˆÙ]Ø[‹•Ù\İ‹‘Õ˜\ÚXÈ‹‘Õ‹ML•[šÛ›İÛˆ‹•[šÛ›İÛˆ‹•[šÛ›İÛˆ‹SÑKˆ’”ŒV‹•ÛÛˆ‹ŒMËLKLMŒMËLLKLKŒŒMËLLH‹–˜[™H]H‹”İ[[Y\ˆÙ]Ø[‹•Ù\İ‹‘Õ›È‹‘Õ‹ŒK‘š[š›Øˆ‹™[\Ş[Y[‹•[š]Yİ]\È‹ŒNKKÍ•QKKLMÌL‹LŒÌŒÎLMŒNNNMNLMKBˆ–T–”Nˆ‹•ÛÛˆ‹ŒMËLKLMŒMËLKLKŒŒMËLH‹–˜[™H]H‹”İ[[Y\ˆÙ]Ø[‹•Ù\İ‹‘Õ›È‹‘Õ‹ŒK”ØÛİš[™‹œÛÙØ\™H‹•[š]Yİ]\È‹ŒÍMËMÎ•QKKLLKŒMNNLLÌMMÌ‹KBˆ‘TŒLĞÈ‹‘[™ØYÚ[™È‹ŒMËLKLMKÛÜ›\ÜÈÛÜÛYH‹Ø\˜HÜØÚ‹‘X\İ‹‘Õ˜\ÚXÈ‹‘Õ‹ML•[šÛ›İÛˆ‹•[šÛ›İÛˆ‹•[šÛ›İÛˆ‹SÑKˆÍÒ’QÑ–ˆ‹“Üİ‹ŒMËLKLMKŒMËLL‹LËŒŒMËLLˆ‹‘[šY[[[XXÚÈ‹”›ØØÛÈ™]X™\‹‘X\İ‹‘Õ\È˜\ÚXÈ‹‘Õ‹LM‹X˜˜Hİ[\‹œÛÙØ\™H‹•[š]Yİ]\È‹NËŒÎKŒLË•QKËKBˆ‘Í“LH‹•ÛÛˆ‹ŒMËLKLMKŒMËLKLKŒŒMËLH‹‘[šY[[[XXÚÈ‹”›ØØÛÈ™]X™\‹‘X\İ‹‘Õ\È˜\ÚXÈ‹‘Õ‹LM‹•™Z[Y[Ø\][\™\œÈ‹™š[˜[˜ÙH‹•[š]Yİ]\È‹‹ŒKË•QKKLŒŒKMLŒLMLLMLLLKKBˆ’ĞM”Õ•PÈ‹“Üİ‹ŒMËLKLMKŒMËLLKLM‹ŒŒMËLLH‹‘\˜Ù[ØÚXÚ‹“Y[š[ˆX\[ˆ‹Ù[˜[‹“QÈY˜[˜ÙY‹“QÈ‹ÌÎLË•İYÚ˜\‹œ™]Z[‹•[š]Yİ]\È‹ÌÌ‹ËÎNK•QKŒ‹KBˆT”’T‘RH‹•ÛÛˆ‹ŒMËLKLMKŒMËLL‹LKŒŒMËLLˆ‹‘\˜Ù[ØÚXÚ‹“Y[š[ˆX\[ˆ‹Ù[˜[‹‘Õ\È›È‹‘Õ‹M‹•Ø\™\\ÙH‹œÙ\šXÙ\È‹•[š]Yİ]\È‹ŒKÌËLÍ‹•QKKMKKLŒÍLLMŒÎKKBˆ•ÌÓ“RÔ‹•ÛÛˆ‹ŒMËLKLMKŒMËLL‹LNKŒŒMËLLˆ‹‘ÛY\ÈÛÛÛİYÚ‹“Y[š[ˆX\[ˆ‹Ù[˜[‹‘Õ\È›È‹‘Õ‹M‹‘š[šYÚ‹™š[˜[˜ÙH‹•[š]Yİ]\È‹LL‹ËMÍNK•QKKLÎKMKŒMÍMÌŒMŒÍKBˆ’RÕRH‹“Üİ‹ŒMËLKLMKŒMËLL‹LËŒŒMËLLˆ‹“X\šÚ]H[œÙ[ˆ‹Ù[XH›İXÚH‹•Ù\İ‹‘Õ˜\ÚXÈ‹‘Õ‹ML’İXÚH‹XÚ›ÛÙŞH‹’ÛÜ™XH‹MÌŒÎMNK•QKLËKBˆ”•Ó‹•ÛÛˆ‹ŒMËLKLMKŒMËLL‹LKŒŒMËLLˆ‹“X\šÚ]H[œÙ[ˆ‹Ù[XH›İXÚH‹•Ù\İ‹“QÈÜXÚX[‹“QÈ‹MK–›ÛÛZ]‹™[\Z[›Y[‹•[š]Yİ]\È‹ÌŒNKMÎ•QKKKŒLÌÌÌÌÌÌËKBˆ”ÕÌM‹•ÛÛˆ‹ŒMËLKLMKŒMËLL‹LKŒŒMËLLˆ‹“X\šÚ]H[œÙ[ˆ‹Ù[XH›İXÚH‹•Ù\İ‹“QÈY˜[˜ÙY‹“QÈ‹ÌÎLË”^˜\‹œ™]Z[‹•[š]Yİ]\È‹ÍËKÍ•QKKÍŒËÍËLŒÎMMÍMNMMMÍŒ‹KBˆŒÌR’ˆ‹‘[™ØYÚ[™È‹ŒMËLKLMK“X]\™Y[ˆX\˜Ø[›È‹”İ[[Y\ˆÙ]Ø[‹•Ù\İ‹‘Õ\È˜\ÚXÈ‹‘Õ‹LM‹•[šÛ›İÛˆ‹•[šÛ›İÛˆ‹•[šÛ›İÛˆ‹SÑKˆ‘SSÔ–‹•ÛÛˆ‹ŒMËLKLMKŒMËLKLÌŒŒMËLH‹“X]\™Y[ˆX\˜Ø[›È‹”İ[[Y\ˆÙ]Ø[‹•Ù\İ‹‘Õ›È‹‘Õ‹ŒK‘Ü›Ûİ™\İ™Y]‹œ™]Z[‹•[š]Yİ]\È‹ŒŒËNK•QKKMKMKŒŒLÍMMLËKBˆ•”•S–ˆ‹“Üİ‹ŒMËLKLMKŒMËLL‹LÌŒŒMËLLˆ‹•šXÚÚHY›[[YH‹Ù[XH›İXÚH‹•Ù\İ‹“QÈÜXÚX[‹“QÈ‹MK‘˜\ÙZ]XÙH‹œ™]Z[‹•[š]Yİ]\È‹MLKÍLŒË•QKL‹KBˆ“’Q’RĞˆ‹‘[™ØYÚ[™È‹ŒMËLKLMK•Ú[\›ˆ˜\œ™[ˆ‹Ø\˜HÜØÚ‹‘X\İ‹“QÈY˜[˜ÙY‹“QÈ‹ÌÎLË•[šÛ›İÛˆ‹•[šÛ›İÛˆ‹•[šÛ›İÛˆ‹SÑKˆ‘Ô–UĞTH‹•ÛÛˆ‹ŒMËLKLMKŒMËLLKLËŒŒMËLLH‹–˜[™H]H‹”İ[[Y\ˆÙ]Ø[‹•Ù\İ‹“QÈY˜[˜ÙY‹“QÈ‹ÌÎLË”˜[İXÚ‹[XÛÛ[][šXØ][ÛœÈ‹•[š]Yİ]\È‹LN‹ÌMK•QKKÌL‹LËŒŒÌÌÌÎŒÎÍÌËKBˆ–’QRN“LÈ‹•ÛÛˆ‹ŒMËLKLM‹ŒMËLL‹LËŒŒMËLLˆ‹[›˜HÛ™[[™È‹‘\İ[ˆœš[šÛX[›ˆ‹Ù[˜[‹“QÈÜXÚX[‹“QÈ‹MK”›Û‹]XÚ‹›YYXØ[‹•[š]Yİ]\È‹ÎLŒ‹‹ÍË•QKKK‹LŒNNNNNNN‹KBˆ”QQ“Ö•È‹•ÛÛˆ‹ŒMËLKLM‹ŒMËLKLŒËŒŒMËLH‹[›˜HÛ™[[™È‹‘\İ[ˆœš[šÛX[›ˆ‹Ù[˜[‹“QÈÜXÚX[‹“QÈ‹MK”İ]Û[™ÜÈ‹™[\Ş[Y[‹•[š]Yİ]\È‹LKŒËN‹•QKKMKËKBˆMVUT’Œ‘H‹•ÛÛˆ‹ŒMËLKLM‹ŒMËLL‹LÌŒŒMËLLˆ‹[›˜HÛ™[[™È‹‘\İ[ˆœš[šÛX[›ˆ‹Ù[˜[‹“QÈÜXÚX[‹“QÈ‹MK”İ™Y]^‹œ™]Z[‹™[Ú][H‹LÍÍ‹LMK•QKKNLKLŒMMMMMMMKKBˆ””MR“Ó‹‘[™ØYÚ[™È‹ŒMËLKLM‹Ø\ÜÙ^HÜ™\ÜÈ‹”›ØØÛÈ™]X™\‹‘X\İ‹‘Õ\È›È‹‘Õ‹M‹•[šÛ›İÛˆ‹•[šÛ›İÛˆ‹•[šÛ›İÛˆ‹SÑKˆŒTÔ’Í‘LÈ‹•ÛÛˆ‹ŒMËLKLM‹ŒMËLKLËŒŒMËLH‹Ø\ÜÙ^HÜ™\ÜÈ‹”›ØØÛÈ™]X™\‹‘X\İ‹‘Õ˜\ÚXÈ‹‘Õ‹ML“ÛÛYYXH‹™[\Ş[Y[‹•[š]Yİ]\È‹‹ŒL‹ÍK•QKKLL‹LKŒLLLLLLLKKBˆ‘S‘ÖŒÎNH‹•ÛÛˆ‹ŒMËLKLM‹ŒMËLKLŒŒMËLH‹ÛÜ›\ÜÈÛÜÛYH‹Ø\˜HÜØÚ‹‘X\İ‹‘Õ\È›È‹‘Õ‹M‹’Ø[‹XÛÙH‹œÛÙØ\™H‹•[š]Yİ]\È‹LMNŒËÍ•QKKNŒLŒŒMMŒÌNŒÎNKKBˆ•”Ó’MUÔH‹“Üİ‹ŒMËLKLM‹ŒMËLLKLÌŒŒMËLLH‹‘[šY[[[XXÚÈ‹”›ØØÛÈ™]X™\‹‘X\İ‹‘Õ\È›È‹‘Õ‹M‹‘ÛØ\™H‹›X\šÙ][™È‹•[š]Yİ]\È‹LNMËMÌ•QKÍKKBˆÒÖ–UV‹•ÛÛˆ‹ŒMËLKLM‹ŒMËLLKLKŒŒMËLLH‹‘\˜Ù[ØÚXÚ‹“Y[š[ˆX\[ˆ‹Ù[˜[‹‘Õ\È˜\ÚXÈ‹‘Õ‹LM‹ÛÙZİÈ‹œÛÙØ\™H‹•[š]Yİ]\È‹ÌMKK•QKKLMÎKÌLŒÍMÌNLÌÌNLËKBˆ”ÍRˆ‹•ÛÛˆ‹ŒMËLKLM‹ŒMËLKL‹ŒŒMËLH‹‘\˜Ù[ØÚXÚ‹“Y[š[ˆX\[ˆ‹Ù[˜[‹‘Õ\È˜\ÚXÈ‹‘Õ‹LM‹”˜[™Ü™Y[ˆ‹XÚ›ÛÙŞH‹”[˜[XH‹LÎËÍÍK•QKKLMLËLLŒLŒÌNLÌÌÌKKBˆ”–”M–‹•ÛÛˆ‹ŒMËLKLM‹ŒMËLKLŒKŒŒMËLH‹‘Û›ˆØ[™[‹”›ØØÛÈ™]X™\‹‘X\İ‹‘Õ\È˜\ÚXÈ‹‘Õ‹LM‹‘Ø[š˜Y›^‹œ™]Z[‹’˜\[ˆ‹LMNÌKMÍÎK•QKKL‹KŒNŒLÌLÎŒLÌMKBˆTÒÍULU‹•ÛÛˆ‹ŒMËLKLM‹ŒMËLLKLŒ‹ŒŒMËLLH‹‘Û›ˆØ[™[‹”›ØØÛÈ™]X™\‹‘X\İ‹‘Õ\È˜\ÚXÈ‹‘Õ‹LM‹–˜][šXÛÛˆ‹œ™]Z[‹•[š]Yİ]\È‹ÌKŒL‹M•QKKLŒÌKËLŒLŒÌMÍLNMÍL‹KBˆ•TMÕÕH‹•ÛÛˆ‹ŒMËLKLM‹ŒMËLL‹LKŒŒMËLLˆ‹‘Û›ˆØ[™[‹”›ØØÛÈ™]X™\‹‘X\İ‹“QÈY˜[˜ÙY‹“QÈ‹ÌÎLË”\Üİ[š[ˆ‹œ™]Z[‹•[š]Yİ]\È‹MNKNN•QKKÌLKLŒLÍÎŒNMLLKKBˆ’’ŒMÒRQ‹•ÛÛˆ‹ŒMËLKLM‹ŒMËLLKLŒŒMËLLH‹‘Ø\œ™]Ú[™\ˆ‹Ø\˜HÜØÚ‹‘X\İ‹‘Õ˜\ÚXÈ‹‘Õ‹ML–^›Ø˜[H‹™[\Z[›Y[‹•[š]Yİ]\È‹ÎÎŒÎKÍ•QKKMËKŒMMMMMMMKKBˆŒÌLUÒÕRÈ‹“Üİ‹ŒMËLKLM‹ŒMËLLKLLËŒŒMËLLH‹’˜[Y\È\ØÙ[˜Ú[È‹”İ[[Y\ˆÙ]Ø[‹•Ù\İ‹“QÈÜXÚX[‹“QÈ‹MK“X™š[‹›YYXØ[‹•[š]Yİ]\È‹ÍKŒÍËLŒ‹•QKNKBˆ’‘ÌPÑSH‹•ÛÛˆ‹ŒMËLKLM‹ŒMËLKLNŒŒMËLH‹’˜[Y\È\ØÙ[˜Ú[È‹”İ[[Y\ˆÙ]Ø[‹•Ù\İ‹‘Õ\È›È‹‘Õ‹M‹‘ÛÛÙÚ[›Ûˆ‹›X\šÙ][™È‹•[š]Yİ]\È‹ML‹ÌËLLË•QKKNLNK‹LŒÎMÌMMÌŒÌŒÎMLËKBˆ–RRÌMUÈ‹•ÛÛˆ‹ŒMËLKLM‹ŒMËLLKLLŒŒMËLLH‹’˜[Y\È\ØÙ[˜Ú[È‹”İ[[Y\ˆÙ]Ø[‹•Ù\İ‹‘Õ\È›È‹‘Õ‹M‹‘Ü›Ûİ™\İ™Y]‹œ™]Z[‹•[š]Yİ]\È‹ŒŒËNK•QKKMÍKMKLŒÎMÍLNLMLÍNLÍNKKBˆ”–R”ÓM‘‹“Üİ‹ŒMËLKLM‹ŒMËLLKLNKŒŒMËLLH‹’›Û˜][ˆ™\[İ‹“Y[š[ˆX\[ˆ‹Ù[˜[‹‘Õ˜\ÚXÈ‹‘Õ‹ML”İ[œ™Y^‹™š[˜[˜ÙH‹•[š]Yİ]\È‹MNŒ‹ÍÎN•QKKBˆ–”RÌ•“ˆ‹“Üİ‹ŒMËLKLM‹ŒMËLLKL‹ŒŒMËLLH‹’›Û˜][ˆ™\[İ‹“Y[š[ˆX\[ˆ‹Ù[˜[‹‘Õ˜\ÚXÈ‹‘Õ‹ML”İ™Y]^‹œ™]Z[‹™[Ú][H‹LÍÍ‹LMK•QKÌKKBˆ‘ÓÕSUˆ‹“Üİ‹ŒMËLKLM‹ŒMËLL‹LŒ‹ŒŒMËLLˆ‹’›Û˜][ˆ™\[İ‹“Y[š[ˆX\[ˆ‹Ù[˜[‹‘Õ›È‹‘Õ‹ŒK•Ø\™\\ÙH‹œÙ\šXÙ\È‹•[š]Yİ]\È‹ŒKÌËLÍ‹•QKMËKBˆ’–‘TQĞH‹“Üİ‹ŒMËLKLM‹ŒMËLL‹L‹ŒŒMËLLˆ‹“ZX[˜H™[˜Ú[‹‘\İ[ˆœš[šÛX[›ˆ‹Ù[˜[‹“QÈY˜[˜ÙY‹“QÈ‹ÌÎLËØ[˜Ú]H‹œ™]Z[‹•[š]Yİ]\È‹ÌNŒ‹•QKKKBˆ“ÔÕU•M‹“Üİ‹ŒMËLKLM‹ŒMËLL‹LKŒŒMËLLˆ‹“X\šÚ]H[œÙ[ˆ‹Ù[XH›İXÚH‹•Ù\İ‹‘Õ\È›È‹‘Õ‹M‹’ÛÛ™^‹XÚ›ÛÙŞH‹•[š]Yİ]\È‹ÍÌŒÎLÍÍM‹•QKKBˆS”M”ˆ‹•ÛÛˆ‹ŒMËLKLM‹ŒMËLL‹LMKŒŒMËLLˆ‹“X\šÚ]H[œÙ[ˆ‹Ù[XH›İXÚH‹•Ù\İ‹‘Õ\È˜\ÚXÈ‹‘Õ‹LM‹”Ú[™Û]XÚ›È‹œ™]Z[‹•[š]Yİ]\È‹ŒŒMMLÍÍ•QKKLL‹LLŒMŒÌÍMÍŒÌÍNKBˆŒ’SĞ”ˆ‹“Üİ‹ŒMËLKLM‹ŒMËLLKLŒKŒŒMËLLH‹“[ÜÙ\Èœ˜\ÙH‹‘\İ[ˆœš[šÛX[›ˆ‹Ù[˜[‹“QÈÜXÚX[‹“QÈ‹MK™[X˜\ÙH‹›X\šÙ][™È‹•[š]Yİ]\È‹ŒMÌËNL•QK‹KBˆ–‘’UÓÈ‹•ÛÛˆ‹ŒMËLKLM‹ŒMËLL‹LKŒŒMËLLˆ‹“[ÜÙ\Èœ˜\ÙH‹‘\İ[ˆœš[šÛX[›ˆ‹Ù[˜[‹“QÈY˜[˜ÙY‹“QÈ‹ÌÎLË”İ[œ™Y^‹™š[˜[˜ÙH‹•[š]Yİ]\È‹MNŒ‹ÍÎN•QKKÌÎKŒLÌÌLMŒÍKKBˆ–Q‘Ò’ˆ‹•ÛÛˆ‹ŒMËLKLM‹ŒMËLLKLNKŒŒMËLLH‹“šY\ÚHY™š[™\È‹“Y[š[ˆX\[ˆ‹Ù[˜[‹‘Õ˜\ÚXÈ‹‘Õ‹ML•™Y\][İH‹[XÛÛ[][šXØ][ÛœÈ‹•[š]Yİ]\È‹L‹ŒKNMK•QKKŒÍËLŒMNNNNNNNKBˆ’•L”Ôˆ‹“Üİ‹ŒMËLKLM‹ŒMËLKL‹ŒŒMËLH‹”™YYÛ\\ˆ‹”›ØØÛÈ™]X™\‹‘X\İ‹‘Õ˜\ÚXÈ‹‘Õ‹MLXÛYHÛÜœÜ˜][Ûˆ‹XÚ›ÛÙŞH‹•[š]Yİ]\È‹LLŒŒ‹•QKLKBˆ”ÎNPPUĞÈ‹•ÛÛˆ‹ŒMËLKLM‹ŒMËLL‹LŒŒMËLLˆ‹”›ÜØ[[˜HY]\ˆ‹Ù[XH›İXÚH‹•Ù\İ‹‘Õ›È‹‘Õ‹ŒK–›ÛÛZ]‹™[\Z[›Y[‹•[š]Yİ]\È‹ÌŒNKMÎ•QKKŒMËŒLÍÌMNMŒKKBˆ’L‘ÌÈ‹•ÛÛˆ‹ŒMËLKLM‹ŒMËLLKLËŒŒMËLLH‹”›ÜÚYH\YÜİ[ÜÈ‹Ø\˜HÜØÚ‹‘X\İ‹“QÈÜXÚX[‹“QÈ‹MK‘ÙZÚÛÈ	ˆÛÈ‹œ™]Z[‹•[š]Yİ]\È‹LŒËÍL‹•QKKLKÌ‹ŒÌÌÌÌÌÌÌKBˆ‘NV–H‹‘[™ØYÚ[™È‹ŒMËLKLM‹•šXÚÚHY›[[YH‹Ù[XH›İXÚH‹•Ù\İ‹‘Õ\È›È‹‘Õ‹M‹•[šÛ›İÛˆ‹•[šÛ›İÛˆ‹•[šÛ›İÛˆ‹SÑKˆ•‘VÖ‹“Üİ‹ŒMËLKLM‹ŒMËLLKLNKŒŒMËLLH‹•šXÚÚHY›[[YH‹Ù[XH›İXÚH‹•Ù\İ‹‘Õ˜\ÚXÈ‹‘Õ‹ML”^˜\‹œ™]Z[‹•[š]Yİ]\È‹ÍËKÍ•QKKBˆ“LÔSˆ‹•ÛÛˆ‹ŒMËLKLM‹ŒMËLL‹LŒŒMËLLˆ‹•šXÚÚHY›[[YH‹Ù[XH›İXÚH‹•Ù\İ‹‘Õ˜\ÚXÈ‹‘Õ‹ML”^˜\‹œ™]Z[‹•[š]Yİ]\È‹ÍËKÍ•QKKNMKÎKLŒNNNNNNNKBˆ”LÒÍ’ÍUH‹•ÛÛˆ‹ŒMËLKLM‹ŒMËLL‹L‹ŒŒMËLLˆ‹•šXÚÚHY›[[YH‹Ù[XH›İXÚH‹•Ù\İ‹“QÈÜXÚX[‹“QÈ‹MK–›ÛÛZ]‹™[\Z[›Y[‹•[š]Yİ]\È‹ÌŒNKMÎ•QKKL‹LKŒMMMMMMM‹KBˆ”QÑ”•H‹•ÛÛˆ‹ŒMËLKLM‹ŒMËLKLÌŒŒMËLH‹•š[Û]XÛ[[™‹Ø\˜HÜØÚ‹‘X\İ‹‘Õ›È‹‘Õ‹ŒK’ÛÛ™^‹XÚ›ÛÙŞH‹•[š]Yİ]\È‹ÍÌŒÎLÍÍM‹•QKKMŒMLŒMŒMÍÎËKBˆ“‘•–ÓSH‹“Üİ‹ŒMËLKLM‹ŒMËLLKLNŒŒMËLLH‹–˜[™H]H‹”İ[[Y\ˆÙ]Ø[‹•Ù\İ‹‘Õ\È˜\ÚXÈ‹‘Õ‹LM‹‘[XÚ›ÛÙŞH‹œÛÙØ\™H‹•[š]Yİ]\È‹NÎKM‹•QKŒËKBˆ–PÌ‘Ğ’ÎH‹“Üİ‹ŒMËLKLM‹ŒMËLLKLL‹ŒŒMËLLH‹–˜[™H]H‹”İ[[Y\ˆÙ]Ø[‹•Ù\İ‹‘Õ\È˜\ÚXÈ‹‘Õ‹LM‹’]˜[ˆ‹œÙ\šXÙ\È‹•[š]Yİ]\È‹ÎL‹‹LNK•QKMËKBˆ•LS“H‹“Üİ‹ŒMËLKLM‹ŒMËLLKL‹ŒŒMËLLH‹–˜[™H]H‹”İ[[Y\ˆÙ]Ø[‹•Ù\İ‹‘Õ\È˜\ÚXÈ‹‘Õ‹LM‹”\Üİš\‹™[\Z[›Y[‹•[š]Yİ]\È‹ÍKKÌMK•QKÌKKBˆ•LNTÑ‹•ÛÛˆ‹ŒMËLKLM‹ŒMËLKLËŒŒMËLH‹–˜[™H]H‹”İ[[Y\ˆÙ]Ø[‹•Ù\İ‹‘Õ›È‹‘Õ‹ŒK’ÛÛ™^‹XÚ›ÛÙŞH‹•[š]Yİ]\È‹ÍÌŒÎLÍÍM‹•QKKLÍŒLKLŒLLNLÌNMLÌL‹KBˆ’ÔNÕ“‹‘[™ØYÚ[™È‹ŒMËLKLMË›Üš\È˜^ˆ‹”›ØØÛÈ™]X™\‹‘X\İ‹‘Õ\È˜\ÚXÈ‹‘Õ‹LM‹•[šÛ›İÛˆ‹•[šÛ›İÛˆ‹•[šÛ›İÛˆ‹SÑKˆR”T•‹“Üİ‹ŒMËLKLMËŒMËLL‹LLËŒŒMËLLˆ‹Ø\ÜÙ^HÜ™\ÜÈ‹”›ØØÛÈ™]X™\‹‘X\İ‹‘Õ˜\ÚXÈ‹‘Õ‹ML–^›Ø˜[H‹™[\Z[›Y[‹•[š]Yİ]\È‹ÎÎŒÎKÍ•QKËKBˆ•’“ŒSÈ‹“Üİ‹ŒMËLKLMËŒMËLLKLLËŒŒMËLLH‹ÙXÚ[H[\Ú[ˆ‹‘\İ[ˆœš[šÛX[›ˆ‹Ù[˜[‹“QÈÜXÚX[‹“QÈ‹MK™]]XÚ‹›YYXØ[‹’Ù[XH‹ËŒNLNK•QKMËKBˆ”ÎÒLR‹“Üİ‹ŒMËLKLMËŒMËLLKLMŒŒMËLLH‹ÛÜ›\ÜÈÛÜÛYH‹Ø\˜HÜØÚ‹‘X\İ‹‘Õ›È‹‘Õ‹ŒK‘Ø[š˜Y›^‹œ™]Z[‹’˜\[ˆ‹LMNÌKMÍÎK•QKNKBˆ‘“PL‹•ÛÛˆ‹ŒMËLKLMËŒMËLL‹LNKŒŒMËLLˆ‹ÛÜ›\ÜÈÛÜÛYH‹Ø\˜HÜØÚ‹‘X\İ‹‘Õ˜\ÚXÈ‹‘Õ‹ML”İ[XXÙH‹œ™]Z[‹”›ÛX[šXH‹MËKLË•QKKLÎLËŒŒNNNNNNNKBˆ––ÒQÑ”ˆ‹“Üİ‹ŒMËLKLMËŒMËLL‹L‹ŒŒMËLLˆ‹‘\˜Ù[ØÚXÚ‹“Y[š[ˆX\[ˆ‹Ù[˜[‹‘Õ›È‹‘Õ‹ŒKØ[˜Ú]H‹œ™]Z[‹•[š]Yİ]\È‹ÌNŒ‹•QKÍ‹KBˆ“ĞÑÓÔˆ‹•ÛÛˆ‹ŒMËLKLMËŒMËLLKLŒŒMËLLH‹‘\˜Ù[ØÚXÚ‹“Y[š[ˆX\[ˆ‹Ù[˜[‹‘Õ\È›È‹‘Õ‹M‹ÛÛ™XÛÛH‹XÚ›ÛÙŞH‹•[š]Yİ]\È‹MLŒ‹N‹•QKKMÌ‹LŒÌÎLLŒŒLLLÍŒKKBˆPUUÍÈ‹•ÛÛˆ‹ŒMËLKLMËŒMËLL‹LLKŒŒMËLLˆ‹‘\˜Ù[ØÚXÚ‹“Y[š[ˆX\[ˆ‹Ù[˜[‹‘Õ›È‹‘Õ‹ŒK•Ø\™\\ÙH‹œÙ\šXÙ\È‹•[š]Yİ]\È‹ŒKÌËLÍ‹•QKKLŒŒKLŒÍŒLLŒNÍ‹KBˆ–Õ•TS‹•ÛÛˆ‹ŒMËLKLMËŒMËLKL‹ŒŒMËLH‹‘Û›ˆØ[™[‹”›ØØÛÈ™]X™\‹‘X\İ‹‘Õ›È‹‘Õ‹ŒK™]\ÛÛÚ[ˆ‹›YYXØ[‹•[š]Yİ]\È‹LKKMK•QKKMÍŒËKLŒNMLÎMLMŒŒÍLŒŒKKBˆ•MÓV“ˆ‹“Üİ‹ŒMËLKLMËŒMËLLKL‹ŒŒMËLLH‹’˜[Y\È\ØÙ[˜Ú[È‹”İ[[Y\ˆÙ]Ø[‹•Ù\İ‹‘Õ\È›È‹‘Õ‹M‹”İ[›˜[\^‹›X\šÙ][™È‹”Û[™‹MŒÍËMNLË•QKÌKBˆ”TM‘RÒˆ‹‘[™ØYÚ[™È‹ŒMËLKLMË’Ø[ZHšXÚÛ™[‹”İ[[Y\ˆÙ]Ø[‹•Ù\İ‹‘Õ˜\ÚXÈ‹‘Õ‹ML•[šÛ›İÛˆ‹•[šÛ›İÛˆ‹•[šÛ›İÛˆ‹SÑKˆ•‘QÕ’ˆ‹•ÛÛˆ‹ŒMËLKLMËŒMËLLKLMŒŒMËLLH‹’Ø\H[™š^ÛÛˆ‹”İ[[Y\ˆÙ]Ø[‹•Ù\İ‹‘Õ\È˜\ÚXÈ‹‘Õ‹LM‹“^\]›Û^‹›YYXØ[‹•[š]Yİ]\È‹MŒNKÎK•QKKMNŒLÍLÍMŒÍLÍKKBˆ‘PS““TÓÈ‹•ÛÛˆ‹ŒMËLKLMËŒMËLLKLNKŒŒMËLLH‹“ZX[˜H™[˜Ú[‹‘\İ[ˆœš[šÛX[›ˆ‹Ù[˜[‹‘Õ˜\ÚXÈ‹‘Õ‹ML”[™Ù˜\ÙH‹XÚ›ÛÙŞH‹•[š]Yİ]\È‹LŒ‹LŒÎ•QKKËŒËŒLMMMMMMMKKBˆ“U”MT‹•ÛÛˆ‹ŒMËLKLMËŒMËLLKLNŒŒMËLLH‹“ZX[˜H™[˜Ú[‹‘\İ[ˆœš[šÛX[›ˆ‹Ù[˜[‹‘Õ\È˜\ÚXÈ‹‘Õ‹LM‹‘[šÛ[™È‹™š[˜[˜ÙH‹•[š]Yİ]\È‹NKKÌŒË•QKKLÌ‹Œ‹ŒŒNMÎLŒNMÎKKBˆ“ÔP•‘ÒSˆ‹•ÛÛˆ‹ŒMËLKLMËŒMËLL‹LM‹ŒŒMËLLˆ‹“X\šÚ]H[œÙ[ˆ‹Ù[XH›İXÚH‹•Ù\İ‹“QÈÜXÚX[‹“QÈ‹MK”Ú[™Û]XÚ›È‹œ™]Z[‹•[š]Yİ]\È‹ŒŒMMLÍÍ•QKKM‹LLŒNNNNNNNKKBˆMÌ”“N‹‘[™ØYÚ[™È‹ŒMËLKLMË“X]\™Y[ˆX\˜Ø[›È‹”İ[[Y\ˆÙ]Ø[‹•Ù\İ‹“QÈY˜[˜ÙY‹“QÈ‹ÌÎLË‘ÛØ\™H‹›X\šÙ][™È‹•[š]Yİ]\È‹LNMËMÌSÑKKBˆÒV”R’TH‹•ÛÛˆ‹ŒMËLKLMËŒMËLL‹LËŒŒMËLLˆ‹“X]\™Y[ˆX\˜Ø[›È‹”İ[[Y\ˆÙ]Ø[‹•Ù\İ‹‘Õ›È‹‘Õ‹ŒK’Ø[‹XÛÙH‹œÛÙØ\™H‹•[š]Yİ]\È‹LMNŒËÍ•QKKL‹LKŒNÌŒÌÍKBˆĞRÑŒNL‹“Üİ‹ŒMËLKLMËŒMËLLKLËŒŒMËLLH‹”™YYÛ\\ˆ‹”›ØØÛÈ™]X™\‹‘X\İ‹‘Õ˜\ÚXÈ‹‘Õ‹ML™]\ÛÛÚ[ˆ‹›YYXØ[‹•[š]Yİ]\È‹LKKMK•QKÌKKBˆ“QLP–S‹“Üİ‹ŒMËLKLMËŒMËLL‹LŒKŒŒMËLLˆ‹”™YYÛ\\ˆ‹”›ØØÛÈ™]X™\‹‘X\İ‹‘Õ\È˜\ÚXÈ‹‘Õ‹LM‹’[š]XÚ‹[XÛÛ[][šXØ][ÛœÈ‹•[š]Yİ]\È‹ŒÎMKŒKŒÍK•QKMKKBˆ’ÓÑÑPH‹“Üİ‹ŒMËLKLMËŒMËLLKLL‹ŒŒMËLLH‹”™YYÛ\\ˆ‹”›ØØÛÈ™]X™\‹‘X\İ‹‘Õ\È›È‹‘Õ‹M‹™]\ÛÛÚ[ˆ‹›YYXØ[‹•[š]Yİ]\È‹LKKMK•QKM‹KBˆ”‘S•Ì“Œ‹•ÛÛˆ‹ŒMËLKLMËŒMËLLKLNKŒŒMËLLH‹”™YYÛ\\ˆ‹”›ØØÛÈ™]X™\‹‘X\İ‹‘Õ›È‹‘Õ‹ŒKš[Ü^‹›YYXØ[‹•[š]Yİ]\È‹Ì‹‹LM‹•QKKLN‹ŒËLŒÍMÌLÌÍLŒMKKBˆQÖ•H‹•ÛÛˆ‹ŒMËLKLMËŒMËLL‹L‹ŒŒMËLLˆ‹”›ÜØ[[˜HY]\ˆ‹Ù[XH›İXÚH‹•Ù\İ‹“QÈÜXÚX[‹“QÈ‹MK’ÛÛ™^‹XÚ›ÛÙŞH‹•[š]Yİ]\È‹ÍÌŒÎLÍÍM‹•QKKKÍ‹ŒLLLLLLLKKBˆ”ÌV’TPÈ‹•ÛÛˆ‹ŒMËLKLMËŒMËLKLËŒŒMËLH‹–˜[™H]H‹”İ[[Y\ˆÙ]Ø[‹•Ù\İ‹‘Õ›È‹‘Õ‹ŒK’ÛÛ™^‹XÚ›ÛÙŞH‹•[š]Yİ]\È‹ÍÌŒÎLÍÍM‹•QKKLŒÍMNMÍLKKBˆ’UTŒ‹•ÛÛˆ‹ŒMËLKLNŒMËLL‹LŒŒMËLLˆ‹‘[šY[[[XXÚÈ‹”›ØØÛÈ™]X™\‹‘X\İ‹‘Õ›È‹‘Õ‹ŒK’[š]XÚ‹[XÛÛ[][šXØ][ÛœÈ‹•[š]Yİ]\È‹ŒÎMKŒKŒÍK•QKKMŒËMËLŒMÌNLŒÌLÎNMËKBˆ”ÑPÒÈ‹“Üİ‹ŒMËLKLNŒMËLKLŒŒMËLH‹‘\˜Ù[ØÚXÚ‹“Y[š[ˆX\[ˆ‹Ù[˜[‹‘Õ˜\ÚXÈ‹‘Õ‹ML‘ÛÙÛŞ›ÛÛH‹[XÛÛ[][šXØ][ÛœÈ‹•[š]Yİ]\È‹‹NË•QK‹KBˆ•TÓTÈ‹•ÛÛˆ‹ŒMËLKLNŒMËLL‹L‹ŒŒMËLLˆ‹‘\˜Ù[ØÚXÚ‹“Y[š[ˆX\[ˆ‹Ù[˜[‹‘Õ›È‹‘Õ‹ŒK”İ[œ™Y^‹™š[˜[˜ÙH‹•[š]Yİ]\È‹MNŒ‹ÍÎN•QKKÍÍÎKÎKŒŒMŒLÍÍÌÌÍŒLLËKBˆŒÑMTÔÒMH‹•ÛÛˆ‹ŒMËLKLNŒMËLLKLKŒŒMËLLH‹‘\˜Ù[ØÚXÚ‹“Y[š[ˆX\[ˆ‹Ù[˜[‹‘Õ›È‹‘Õ‹ŒK•Ø\™\\ÙH‹œÙ\šXÙ\È‹•[š]Yİ]\È‹ŒKÌËLÍ‹•QKKLŒÌKLŒLNMMMÌÌKKBˆ‘SÑĞÈ‹“Üİ‹ŒMËLKLNŒMËLKLŒŒMËLH‹‘Û›ˆØ[™[‹”›ØØÛÈ™]X™\‹‘X\İ‹‘Õ\È›È‹‘Õ‹M‹“X]İXÚ‹›X\šÙ][™È‹’›Ü™[ˆ‹ÌË‹MLM‹•QKLKBˆLUVLˆ‹“Üİ‹ŒMËLKLNŒMËLLKL‹ŒŒMËLLH‹‘Û›ˆØ[™[‹”›ØØÛÈ™]X™\‹‘X\İ‹‘Õ\È›È‹‘Õ‹M‹–^›Ø˜[H‹™[\Z[›Y[‹•[š]Yİ]\È‹ÎÎŒÎKÍ•QKKKBˆÌÍU“ÔH‹•ÛÛˆ‹ŒMËLKLNŒMËLL‹L‹ŒŒMËLLˆ‹’^Y[ˆ™[Û\È‹Ù[XH›İXÚH‹•Ù\İ‹“QÈY˜[˜ÙY‹“QÈ‹ÌÎLË‘˜^][İH‹[XÛÛ[][šXØ][ÛœÈ‹•[š]Yİ]\È‹NK‹MNMK•QKKLNÍKŒLÎNNMLMLLLÍËKBˆ•UMÓÓ’È‹‘[™ØYÚ[™È‹ŒMËLKLN’˜[Y\È\ØÙ[˜Ú[È‹”İ[[Y\ˆÙ]Ø[‹•Ù\İ‹“QÈY˜[˜ÙY‹“QÈ‹ÌÎLË•[šÛ›İÛˆ‹•[šÛ›İÛˆ‹•[šÛ›İÛˆ‹SÑKˆŒÑ“LH‹“Üİ‹ŒMËLKLNŒMËLL‹LKŒŒMËLLˆ‹’›Û˜][ˆ™\[İ‹“Y[š[ˆX\[ˆ‹Ù[˜[‹‘Õ\È˜\ÚXÈ‹‘Õ‹LM‹‘[šÛ[™È‹™š[˜[˜ÙH‹•[š]Yİ]\È‹NKKÌŒË•QKÎKBˆNVŒVQÒÈ‹•ÛÛˆ‹ŒMËLKLNŒMËLKLËŒŒMËLH‹’›Û˜][ˆ™\[İ‹“Y[š[ˆX\[ˆ‹Ù[˜[‹‘Õ›È‹‘Õ‹ŒK‘š[šYÚ‹™š[˜[˜ÙH‹•[š]Yİ]\È‹LL‹ËMÍNK•QKKL‹KLŒMMLÍŒNKBˆ“ÕMUĞQH‹•ÛÛˆ‹ŒMËLKLNŒMËLLKLŒ‹ŒŒMËLLH‹’Ø[ZHšXÚÛ™[‹”İ[[Y\ˆÙ]Ø[‹•Ù\İ‹‘Õ˜\ÚXÈ‹‘Õ‹ML’]˜[ˆ‹œÙ\šXÙ\È‹•[š]Yİ]\È‹ÎL‹‹LNK•QKKLÌKKŒÍMMMMMMKKBˆ–‘Õ’‹‘[™ØYÚ[™È‹ŒMËLKLN’Ø\H[™š^ÛÛˆ‹”İ[[Y\ˆÙ]Ø[‹•Ù\İ‹‘Õ˜\ÚXÈ‹‘Õ‹ML•[šÛ›İÛˆ‹•[šÛ›İÛˆ‹•[šÛ›İÛˆ‹SÑKˆ“Ò“Ò”“ˆ‹“Üİ‹ŒMËLKLNŒMËLLKLŒKŒŒMËLLH‹’Ø\H[™š^ÛÛˆ‹”İ[[Y\ˆÙ]Ø[‹•Ù\İ‹‘Õ\È›È‹‘Õ‹M‹”Ú[™Û]XÚ›È‹œ™]Z[‹•[š]Yİ]\È‹ŒŒMMLÍÍ•QKKBˆ“QS’ÑNRUˆ‹•ÛÛˆ‹ŒMËLKLNŒMËLLKLÌŒŒMËLLH‹’Ø\H[™š^ÛÛˆ‹”İ[[Y\ˆÙ]Ø[‹•Ù\İ‹‘Õ˜\ÚXÈ‹‘Õ‹ML”Ú[™Û]XÚ›È‹œ™]Z[‹•[š]Yİ]\È‹ŒŒMMLÍÍ•QKKL‹ÌËŒÍŒÍŒÍŒÍŒÍŒÍŒÍ‹KBˆ”ÑQÈ‹“Üİ‹ŒMËLKLNŒMËLLKLLKŒŒMËLLH‹“ZX[˜H™[˜Ú[‹‘\İ[ˆœš[šÛX[›ˆ‹Ù[˜[‹‘Õ˜\ÚXÈ‹‘Õ‹ML”›Û‹]XÚ‹›YYXØ[‹•[š]Yİ]\È‹ÎLŒ‹‹ÍË•QKMKBˆTR“•“Pˆ‹•ÛÛˆ‹ŒMËLKLNŒMËLLKLMËŒŒMËLLH‹“ZX[˜H™[˜Ú[‹‘\İ[ˆœš[šÛX[›ˆ‹Ù[˜[‹‘Õ˜\ÚXÈ‹‘Õ‹ML’ÛÛ›X]š^‹›X\šÙ][™È‹•[š]Yİ]\È‹ÍÍKËLNL•QKKKŒŒLNNNNNNNKBˆ•ÔÓÌÓ“RÍH‹‘[™ØYÚ[™È‹ŒMËLKLN“X]\™Y[ˆX\˜Ø[›È‹”İ[[Y\ˆÙ]Ø[‹•Ù\İ‹“QÈY˜[˜ÙY‹“QÈ‹ÌÎLË•[šÛ›İÛˆ‹•[šÛ›İÛˆ‹•[šÛ›İÛˆ‹SÑKˆ–“’ÒH‹•ÛÛˆ‹ŒMËLKLNŒMËLL‹LKŒŒMËLLˆ‹“[ÜÙ\Èœ˜\ÙH‹‘\İ[ˆœš[šÛX[›ˆ‹Ù[˜[‹‘Õ˜\ÚXÈ‹‘Õ‹ML”[™Ù˜\ÙH‹XÚ›ÛÙŞH‹•[š]Yİ]\È‹LŒ‹LŒÎ•QKKLŒNŒMMMMMMM‹KBˆ•ÒQ–Sˆ‹•ÛÛˆ‹ŒMËLKLNŒMËLL‹LŒËŒŒMËLLˆ‹“šY\ÚHY™š[™\È‹“Y[š[ˆX\[ˆ‹Ù[˜[‹‘Õ\È˜\ÚXÈ‹‘Õ‹LM‹‘ÛXÚH‹œÛÙØ\™H‹•[š]Yİ]\È‹ŒNLË•QKKLŒM‹ŒLÍÌMLÍÌ‹KBˆ’“ÑÒR‹“Üİ‹ŒMËLKLNŒMËLL‹LŒŒMËLLˆ‹”™YYÛ\\ˆ‹”›ØØÛÈ™]X™\‹‘X\İ‹‘Õ\È˜\ÚXÈ‹‘Õ‹LM‹“X]İXÚ‹›X\šÙ][™È‹’›Ü™[ˆ‹ÌË‹MLM‹•QKÍËKBˆ‘MŒĞÈ‹“Üİ‹ŒMËLKLNŒMËLL‹LŒŒŒMËLLˆ‹”™YYÛ\\ˆ‹”›ØØÛÈ™]X™\‹‘X\İ‹“QÈY˜[˜ÙY‹“QÈ‹ÌÎLË–YX\š[ˆ‹œ™]Z[‹•[š]Yİ]\È‹ŒŒKŒKÎLK•QKLËKBˆ•‘SMMQ–ˆ‹•ÛÛˆ‹ŒMËLKLNŒMËLLKLMKŒŒMËLLH‹”›ÜÚYH\YÜİ[ÜÈ‹Ø\˜HÜØÚ‹‘X\İ‹‘Õ›È‹‘Õ‹ŒK‘Ûœ]XYXÚ‹XÚ›ÛÙŞH‹•[š]Yİ]\È‹MÌL‹ÌNM•QKKŒKNŒLÍÍÍÌŒÍMËKBˆ’ÑSSÌPH‹“Üİ‹ŒMËLKLNŒMËLLKLKŒŒMËLLH‹•šXÚÚHY›[[YH‹Ù[XH›İXÚH‹•Ù\İ‹‘Õ˜\ÚXÈ‹‘Õ‹ML‘[XÚ›ÛÙŞH‹œÛÙØ\™H‹•[š]Yİ]\È‹NÎKM‹•QKKBˆŒVPÔ–H‹‘[™ØYÚ[™È‹ŒMËLKLN–˜[™H]H‹”İ[[Y\ˆÙ]Ø[‹•Ù\İ‹‘Õ\È›È‹‘Õ‹M‹’[š]XÚ‹[XÛÛ[][šXØ][ÛœÈ‹•[š]Yİ]\È‹ŒÎMKŒKŒÍKSÑKKBˆ’–LMÖ‹‘[™ØYÚ[™È‹ŒMËLKLN–˜[™H]H‹”İ[[Y\ˆÙ]Ø[‹•Ù\İ‹“QÈÜXÚX[‹“QÈ‹MK•İYÚ˜\‹œ™]Z[‹•[š]Yİ]\È‹ÌÌ‹ËÎNKSÑKKBˆÍRÒÈ‹“Üİ‹ŒMËLKLNKŒMËLKLÌŒŒMËLH‹[›˜HÛ™[[™È‹‘\İ[ˆœš[šÛX[›ˆ‹Ù[˜[‹‘Õ\È˜\ÚXÈ‹‘Õ‹LM‹‘[šÛ[™È‹™š[˜[˜ÙH‹•[š]Yİ]\È‹NKKÌŒË•QKLKKBˆ“’ÌÒUH‹“Üİ‹ŒMËLKLNKŒMËLLKLŒŒMËLLH‹ÙXÚ[H[\Ú[ˆ‹‘\İ[ˆœš[šÛX[›ˆ‹Ù[˜[‹‘Õ\È˜\ÚXÈ‹‘Õ‹LM‹”›Û‹]XÚ‹›YYXØ[‹•[š]Yİ]\È‹ÎLŒ‹‹ÍË•QKLKBˆMÓÕÌUÒÈ‹‘[™ØYÚ[™È‹ŒMËLKLNKÛÜ›\ÜÈÛÜÛYH‹Ø\˜HÜØÚ‹‘X\İ‹‘Õ\È›È‹‘Õ‹M‹•[šÛ›İÛˆ‹•[šÛ›İÛˆ‹•[šÛ›İÛˆ‹SÑKˆŒÑĞTÒH‹•ÛÛˆ‹ŒMËLKLNKŒMËLL‹LËŒŒMËLLˆ‹‘\˜Ù[ØÚXÚ‹“Y[š[ˆX\[ˆ‹Ù[˜[‹‘Õ›È‹‘Õ‹ŒK™[X˜\ÙH‹›X\šÙ][™È‹•[š]Yİ]\È‹ŒMÌËNL•QKKNLÎKLŒÍLMMÎNMKBˆ‘ÖMQĞH‹•ÛÛˆ‹ŒMËLKLNKŒMËLKLKŒŒMËLH‹‘\˜Ù[ØÚXÚ‹“Y[š[ˆX\[ˆ‹Ù[˜[‹‘Õ›È‹‘Õ‹ŒK‘Û^›ÛÛH‹™[\Z[›Y[‹•[š]Yİ]\È‹ŒMËËMLK•QKKMLLLŒLÌÌMÍKKBˆNN’V‹•ÛÛˆ‹ŒMËLKLNKŒMËLLKLLKŒŒMËLLH‹‘[X\ÙHÛXÚÈ‹Ù[XH›İXÚH‹•Ù\İ‹“QÈÜXÚX[‹“QÈ‹MK‘Ü›Ûİ™\İ™Y]‹œ™]Z[‹•[š]Yİ]\È‹ŒŒËNK•QKKLËLËŒÍŒÍŒÍŒÍŒÍŒÍŒÍKBˆ•’ÓLÓUˆ‹•ÛÛˆ‹ŒMËLKLNKŒMËLKLKŒŒMËLH‹’›Û˜][ˆ™\[İ‹“Y[š[ˆX\[ˆ‹Ù[˜[‹‘Õ›È‹‘Õ‹ŒK’[š]H‹›X\šÙ][™È‹•[š]Yİ]\È‹ËNK•QKKÍÎ‹ŒŒÍÌÍÍLLÌMKKBˆSÓÌÎ‹“Üİ‹ŒMËLKLNKŒMËLKLKŒŒMËLH‹’Ø[ZHšXÚÛ™[‹”İ[[Y\ˆÙ]Ø[‹•Ù\İ‹‘Õ›È‹‘Õ‹ŒK“™]Ù^‹œÙ\šXÙ\È‹‘Ù\›X[H‹LL‹Ì‹ÍL‹•QKLKBˆ’ÓVUÍÎLˆ‹“Üİ‹ŒMËLKLNKŒMËLLKLËŒŒMËLLH‹’Ø[ZHšXÚÛ™[‹”İ[[Y\ˆÙ]Ø[‹•Ù\İ‹“QÈY˜[˜ÙY‹“QÈ‹ÌÎLË“˜[K^š[H‹œÙ\šXÙ\È‹œ˜^š[‹KNKLMÎK•QKKKBˆŒÒP‘ÓM‹•ÛÛˆ‹ŒMËLKLNKŒMËLLKLNŒŒMËLLH‹’Ø\H[™š^ÛÛˆ‹”İ[[Y\ˆÙ]Ø[‹•Ù\İ‹‘Õ˜\ÚXÈ‹‘Õ‹ML‘˜\ÙZ]XÙH‹œ™]Z[‹•[š]Yİ]\È‹MLKÍLŒË•QKKMMKŒLŒLLLLLLLKBˆ•Ì”“Ö‹•ÛÛˆ‹ŒMËLKLNKŒMËLL‹LM‹ŒŒMËLLˆ‹“ZX[˜H™[˜Ú[‹‘\İ[ˆœš[šÛX[›ˆ‹Ù[˜[‹‘Õ˜\ÚXÈ‹‘Õ‹ML”˜[™Ü™Y[ˆ‹XÚ›ÛÙŞH‹”[˜[XH‹LÎËÍÍK•QKKL‹ŒLMMMMMMKKBˆMSVˆ‹“Üİ‹ŒMËLKLNKŒMËLLKLŒËŒŒMËLLH‹“X\Hœ™]Y[˜\™È‹“Y[š[ˆX\[ˆ‹Ù[˜[‹‘Õ\È˜\ÚXÈ‹‘Õ‹LM‹ÛÙZİÈ‹œÛÙØ\™H‹•[š]Yİ]\È‹ÌMKK•QKKKBˆ‘ÖMÕ“VPˆ‹“Üİ‹ŒMËLKLNKŒMËLLKLLŒŒMËLLH‹“X\Hœ™]Y[˜\™È‹“Y[š[ˆX\[ˆ‹Ù[˜[‹‘Õ\È˜\ÚXÈ‹‘Õ‹LM‹•Ø\™\\ÙH‹œÙ\šXÙ\È‹•[š]Yİ]\È‹ŒKÌËLÍ‹•QKL‹KBˆ”VÓMMH‹•ÛÛˆ‹ŒMËLKLNKŒMËLLKLMËŒŒMËLLH‹“X\Hœ™]Y[˜\™È‹“Y[š[ˆX\[ˆ‹Ù[˜[‹‘Õ˜\ÚXÈ‹‘Õ‹ML‘ÛÙÛŞ›ÛÛH‹[XÛÛ[][šXØ][ÛœÈ‹•[š]Yİ]\È‹‹NË•QKKMÍNKLŒÍŒÍŒÍŒÍŒÍŒÍŒÍËKBˆ•ŒTÖ’Ñ‹‘[™ØYÚ[™È‹ŒMËLKLNK“X]\™Y[ˆX\˜Ø[›È‹”İ[[Y\ˆÙ]Ø[‹•Ù\İ‹‘Õ\È˜\ÚXÈ‹‘Õ‹LM‹•[šÛ›İÛˆ‹•[šÛ›İÛˆ‹•[šÛ›İÛˆ‹SÑKˆ”ŒŒŒ“ÍH‹•ÛÛˆ‹ŒMËLKLNKŒMËLL‹LKŒŒMËLLˆ‹“X]\™Y[ˆX\˜Ø[›È‹”İ[[Y\ˆÙ]Ø[‹•Ù\İ‹‘Õ›È‹‘Õ‹ŒK‘š[š›Øˆ‹™[\Ş[Y[‹•[š]Yİ]\È‹ŒNKKÍ•QKKÌKKŒŒÌŒÌMMLMMNKBˆ‘ÓÌTÓSÈ‹•ÛÛˆ‹ŒMËLKLNKŒMËLL‹LŒŒMËLLˆ‹“šY\ÚHY™š[™\È‹“Y[š[ˆX\[ˆ‹Ù[˜[‹“QÈY˜[˜ÙY‹“QÈ‹ÌÎLËÛÛ™^‹›YYXØ[‹•[š]Yİ]\È‹MK•QKKÌÎKÍ‹ŒLMÍÌNLÎMËKBˆ‘ÍLÍL’Qˆ‹•ÛÛˆ‹ŒMËLKLNKŒMËLKLŒŒMËLH‹”™YYÛ\\ˆ‹”›ØØÛÈ™]X™\‹‘X\İ‹‘Õ›È‹‘Õ‹ŒK“X\ÜÚ]™H[˜[ZXÈ‹™[\Z[›Y[‹•[š]Yİ]\È‹KŒ‹LMK•QKKÍKKŒLÍÍMŒMÍKBˆ•Õ’Ğ–ĞNH‹‘[™ØYÚ[™È‹ŒMËLKLNK”›ÜÚYH\YÜİ[ÜÈ‹Ø\˜HÜØÚ‹‘X\İ‹“QÈY˜[˜ÙY‹“QÈ‹ÌÎLË•[šÛ›İÛˆ‹•[šÛ›İÛˆ‹•[šÛ›İÛˆ‹SÑKˆ’ÕRÎRMÈ‹“Üİ‹ŒMËLKLNKŒMËLKLŒ‹ŒŒMËLH‹•™\œÚYH[Xœ˜[™‹‘\İ[ˆœš[šÛX[›ˆ‹Ù[˜[‹“QÈÜXÚX[‹“QÈ‹MK”˜[™Ü™Y[ˆ‹XÚ›ÛÙŞH‹”[˜[XH‹LÎËÍÍK•QKËKBˆ”•Í”TÌÍLˆ‹•ÛÛˆ‹ŒMËLKLNKŒMËLL‹LÌKŒŒMËLLˆ‹•™\œÚYH[Xœ˜[™‹‘\İ[ˆœš[šÛX[›ˆ‹Ù[˜[‹‘Õ\È›È‹‘Õ‹M‹”İ]Û[™ÜÈ‹™[\Ş[Y[‹•[š]Yİ]\È‹LKŒËN‹•QKKŒLËLŒMLLŒMMŒÌMËKBˆŒLÍÍÖR‘È‹•ÛÛˆ‹ŒMËLKLNKŒMËLL‹LÌKŒŒMËLLˆ‹•š[Û]XÛ[[™‹Ø\˜HÜØÚ‹‘X\İ‹“QÈY˜[˜ÙY‹“QÈ‹ÌÎLË’Ø[‹XÛÙH‹œÛÙØ\™H‹•[š]Yİ]\È‹LMNŒËÍ•QKKÌLËŒÌÍLÌÍLËKBˆŒUÎH‹•ÛÛˆ‹ŒMËLKLNKŒMËLLKLNKŒŒMËLLH‹–˜[™H]H‹”İ[[Y\ˆÙ]Ø[‹•Ù\İ‹“QÈY˜[˜ÙY‹“QÈ‹ÌÎLË“˜[K^š[H‹œÙ\šXÙ\È‹œ˜^š[‹KNKLMÎK•QKKKŒKLŒLŒLMÍLÌKBˆ”ÓUÖUPˆ‹‘[™ØYÚ[™È‹ŒMËLKLŒ›Üš\È˜^ˆ‹”›ØØÛÈ™]X™\‹‘X\İ‹“QÈY˜[˜ÙY‹“QÈ‹ÌÎLË•İYÚ˜\‹œ™]Z[‹•[š]Yİ]\È‹ÌÌ‹ËÎNKSÑKKBˆŒ–ÌĞRTˆ‹•ÛÛˆ‹ŒMËLKLŒŒMËLL‹L‹ŒŒMËLLˆ‹›Üš\È˜^ˆ‹”›ØØÛÈ™]X™\‹‘X\İ‹‘Õ˜\ÚXÈ‹‘Õ‹ML™]\ÛÛÚ[ˆ‹›YYXØ[‹•[š]Yİ]\È‹LKKMK•QKKMŒËMËLŒŒÍŒÍŒÍŒÍŒÍŒÍŒÍËKBˆ”Ğ•”ÔÈ‹•ÛÛˆ‹ŒMËLKLŒŒMËLKLKŒŒMËLH‹ÛÜ›\ÜÈÛÜÛYH‹Ø\˜HÜØÚ‹‘X\İ‹‘Õ›È‹‘Õ‹ŒK‘ÙZÚÛÈ	ˆÛÈ‹œ™]Z[‹•[š]Yİ]\È‹LŒËÍL‹•QKKLÍËKLŒÎNMÍŒŒKKBˆ–’Ö–SÍMH‹•ÛÛˆ‹ŒMËLKLŒŒMËLL‹LM‹ŒŒMËLLˆ‹‘[šY[[[XXÚÈ‹”›ØØÛÈ™]X™\‹‘X\İ‹‘Õ›È‹‘Õ‹ŒK’Ø[‹XÛÙH‹œÛÙØ\™H‹•[š]Yİ]\È‹LMNŒËÍ•QKKKËLŒLLÌÍÌNLMMËKBˆSPÓÔÔVÈ‹•ÛÛˆ‹ŒMËLKLŒŒMËLL‹LNŒŒMËLLˆ‹‘\˜Ù[ØÚXÚ‹“Y[š[ˆX\[ˆ‹Ù[˜[‹‘Õ›È‹‘Õ‹ŒK•Ø\™\\ÙH‹œÙ\šXÙ\È‹•[š]Yİ]\È‹ŒKÌËLÍ‹•QKKLNL‹KLŒÍMMNNLMMÎ‹KBˆÌÒ–ÌH‹“Üİ‹ŒMËLKLŒŒMËLL‹LŒËŒŒMËLLˆ‹‘Û›ˆØ[™[‹”›ØØÛÈ™]X™\‹‘X\İ‹‘Õ\È˜\ÚXÈ‹‘Õ‹LM‹’Ø[‹XÛÙH‹œÛÙØ\™H‹•[š]Yİ]\È‹LMNŒËÍ•QKMKBˆ“”’ÎL•–‹‘[™ØYÚ[™È‹ŒMËLKLŒ‘[X\ÙHÛXÚÈ‹Ù[XH›İXÚH‹•Ù\İ‹‘Õ\È›È‹‘Õ‹M‹•[šÛ›İÛˆ‹•[šÛ›İÛˆ‹•[šÛ›İÛˆ‹SÑKˆQŒT“L–SH‹‘[™ØYÚ[™È‹ŒMËLKLŒ‘[X\ÙHÛXÚÈ‹Ù[XH›İXÚH‹•Ù\İ‹“QÈÜXÚX[‹“QÈ‹MK•[šÛ›İÛˆ‹•[šÛ›İÛˆ‹•[šÛ›İÛˆ‹SÑKˆ•”TTŒÓÕRH‹•ÛÛˆ‹ŒMËLKLŒŒMËLL‹LÌKŒŒMËLLˆ‹‘[X\ÙHÛXÚÈ‹Ù[XH›İXÚH‹•Ù\İ‹“QÈÜXÚX[‹“QÈ‹MK‘Û˜ÛÛˆ‹XÚ›ÛÙŞH‹•[š]Yİ]\È‹NËÌ‹MLK•QKKKL‹ŒMMMMMMMKKBˆ•UÖQ“ÑSSÈ‹•ÛÛˆ‹ŒMËLKLŒŒMËLKL‹ŒŒMËLH‹’^Y[ˆ™[Û\È‹Ù[XH›İXÚH‹•Ù\İ‹“QÈÜXÚX[‹“QÈ‹MK‘[XÚ›ÛÙŞH‹œÛÙØ\™H‹•[š]Yİ]\È‹NÎKM‹•QKKNK‹LŒÌÌÌÌÌÌÌKBˆ––’VPÓH‹“Üİ‹ŒMËLKLŒŒMËLLLKŒŒMËLL‹’˜[Y\È\ØÙ[˜Ú[È‹”İ[[Y\ˆÙ]Ø[‹•Ù\İ‹‘Õ\È›È‹‘Õ‹M‹‘ÛÛÙÚ[›Ûˆ‹›X\šÙ][™È‹•[š]Yİ]\È‹ML‹ÌËLLË•QKLKKBˆ’ÒÍSRÔ‹•ÛÛˆ‹ŒMËLKLŒŒMËLLKLŒŒMËLLH‹’˜[Y\È\ØÙ[˜Ú[È‹”İ[[Y\ˆÙ]Ø[‹•Ù\İ‹“QÈÜXÚX[‹“QÈ‹MK›XÚŞš[H‹œ™]Z[‹•[š]Yİ]\È‹MËŒLKMN•QKKNKLŒMMMMMMMKKBˆTÓŒÔ’ÔH‹•ÛÛˆ‹ŒMËLKLŒŒMËLKLÌŒŒMËLH‹’›Û˜][ˆ™\[İ‹“Y[š[ˆX\[ˆ‹Ù[˜[‹‘Õ›È‹‘Õ‹ŒK”›Û‹]XÚ‹›YYXØ[‹•[š]Yİ]\È‹ÎLŒ‹‹ÍË•QKKÍŒKLŒMMMNNMÍKKBˆŒNMÑTSVN‹‘[™ØYÚ[™È‹ŒMËLKLŒ’Ø[ZHšXÚÛ™[‹”İ[[Y\ˆÙ]Ø[‹•Ù\İ‹‘Õ›È‹‘Õ‹ŒK•[šÛ›İÛˆ‹•[šÛ›İÛˆ‹•[šÛ›İÛˆ‹SÑKˆ•SLMNV‹•ÛÛˆ‹ŒMËLKLŒŒMËLL‹LKŒŒMËLLˆ‹’Ø[ZHšXÚÛ™[‹”İ[[Y\ˆÙ]Ø[‹•Ù\İ‹‘Õ\È›È‹‘Õ‹M‹“^\]›Û^‹›YYXØ[‹•[š]Yİ]\È‹MŒNKÎK•QKKL‹ŒLLÌLMNLNLKBˆŒUÔŒSPÓÈ‹•ÛÛˆ‹ŒMËLKLŒŒMËLKLKŒŒMËLH‹“X\šÚ]H[œÙ[ˆ‹Ù[XH›İXÚH‹•Ù\İ‹‘Õ˜\ÚXÈ‹‘Õ‹ML‘ÛÛÙÚ[›Ûˆ‹›X\šÙ][™È‹•[š]Yİ]\È‹ML‹ÌËLLË•QKKNËKLŒÌÌÌÌÌÌÍKBˆŒPTRÓMÕ•H‹•ÛÛˆ‹ŒMËLKLŒŒMËLLKLŒŒMËLLH‹“X\šÚ]H[œÙ[ˆ‹Ù[XH›İXÚH‹•Ù\İ‹‘Õ›È‹‘Õ‹ŒK–KXÛÜœÜ˜][Ûˆ‹™[\Ş[Y[‹•[š]Yİ]\È‹ÌKŒÍKMMŒK•QKKËKŒLŒÌŒÌMMËKBˆ••–TÕV‘È‹•ÛÛˆ‹ŒMËLKLŒŒMËLL‹LŒŒMËLLˆ‹“[ÜÙ\Èœ˜\ÙH‹‘\İ[ˆœš[šÛX[›ˆ‹Ù[˜[‹“QÈY˜[˜ÙY‹“QÈ‹ÌÎLËØ[˜Ú]H‹œ™]Z[‹•[š]Yİ]\È‹ÌNŒ‹•QKKÍŒËNKLŒMMLMÌLÍÎL‹KBˆŒRRÕPV’H‹‘[™ØYÚ[™È‹ŒMËLKLŒ”›ÜØ[[˜HY]\ˆ‹Ù[XH›İXÚH‹•Ù\İ‹‘Õ\È˜\ÚXÈ‹‘Õ‹LM‹‘[XÚ›ÛÙŞH‹œÛÙØ\™H‹•[š]Yİ]\È‹NÎKM‹SÑKKBˆ–”ĞRĞR‹•ÛÛˆ‹ŒMËLKLŒŒMËLL‹LŒ‹ŒŒMËLLˆ‹”›ÜØ[[˜HY]\ˆ‹Ù[XH›İXÚH‹•Ù\İ‹‘Õ\È˜\ÚXÈ‹‘Õ‹LM‹”^˜\‹œ™]Z[‹•[š]Yİ]\È‹ÍËKÍ•QKKLŒLËŒMŒNÎMMŒNÎKKBˆ‘SV“QÓ‹‘[™ØYÚ[™È‹ŒMËLKLŒ•šXÚÚHY›[[YH‹Ù[XH›İXÚH‹•Ù\İ‹“QÈÜXÚX[‹“QÈ‹MK–[YÛÚ]H‹›YYXØ[‹•[š]Yİ]\È‹KŒLŒLSÑKKBˆŒ‘“N‘H‹‘[™ØYÚ[™È‹ŒMËLKLŒ•šXÚÚHY›[[YH‹Ù[XH›İXÚH‹•Ù\İ‹“QÈY˜[˜ÙY‹“QÈ‹ÌÎLË•[šÛ›İÛˆ‹•[šÛ›İÛˆ‹•[šÛ›İÛˆ‹SÑKˆÕUÓ–‘‹•ÛÛˆ‹ŒMËLKLŒŒMËLLLKŒŒMËLL‹•šXÚÚHY›[[YH‹Ù[XH›İXÚH‹•Ù\İ‹‘Õ˜\ÚXÈ‹‘Õ‹ML‘ÛÛ^‹™š[˜[˜ÙH‹•[š]Yİ]\È‹L‹KMK•QKKML‹LKLŒÍŒÍŒÍŒÍŒÍŒÍŒÍ‹KBˆ’‘M”ÌÈ‹•ÛÛˆ‹ŒMËLKLŒŒMËLL‹LMKŒŒMËLLˆ‹•šXÚÚHY›[[YH‹Ù[XH›İXÚH‹•Ù\İ‹“QÈÜXÚX[‹“QÈ‹MK“X™š[‹›YYXØ[‹•[š]Yİ]\È‹ÍKŒÍËLŒ‹•QKKM‹ŒNNNNNNN‹KBˆ•ÕPSÑTŒ‹•ÛÛˆ‹ŒMËLKLŒŒMËLL‹LMŒŒMËLLˆ‹•š[Û]XÛ[[™‹Ø\˜HÜØÚ‹‘X\İ‹‘Õ˜\ÚXÈ‹‘Õ‹MLX˜˜Hİ[\‹œÛÙØ\™H‹•[š]Yİ]\È‹NËŒÎKŒLË•QKKÌ‹KŒMNNNNNN‹KBˆ•ÔSÌ”È‹“Üİ‹ŒMËLKLŒŒMËLLKLŒŒMËLLH‹•Ú[\›ˆ˜\œ™[ˆ‹Ø\˜HÜØÚ‹‘X\İ‹‘Õ\È›È‹‘Õ‹M‹–^›Ø˜[H‹™[\Z[›Y[‹•[š]Yİ]\È‹ÎÎŒÎKÍ•QKKKBˆQŒ•H‹‘[™ØYÚ[™È‹ŒMËLKLŒ–˜[™H]H‹”İ[[Y\ˆÙ]Ø[‹•Ù\İ‹‘Õ›È‹‘Õ‹ŒK•[šÛ›İÛˆ‹•[šÛ›İÛˆ‹•[šÛ›İÛˆ‹SÑKˆP“SÕ‘ŒPH‹•ÛÛˆ‹ŒMËLKLŒKŒMËLKLÌŒŒMËLH‹[›˜HÛ™[[™È‹‘\İ[ˆœš[šÛX[›ˆ‹Ù[˜[‹“QÈÜXÚX[‹“QÈ‹MK•İYÚ˜\‹œ™]Z[‹•[š]Yİ]\È‹ÌÌ‹ËÎNK•QKK‹KLŒ‹KBˆ”L‘ÒÎRUˆ‹“Üİ‹ŒMËLKLŒKŒMËLL‹L‹ŒŒMËLLˆ‹›Üš\È˜^ˆ‹”›ØØÛÈ™]X™\‹‘X\İ‹‘Õ›È‹‘Õ‹ŒK–YX\š[ˆ‹œ™]Z[‹•[š]Yİ]\È‹ŒŒKŒKÎLK•QKÌ‹KBˆ’ŒÒÒ“ˆ‹•ÛÛˆ‹ŒMËLKLŒKŒMËLLKLŒKŒŒMËLLH‹Ø\ÜÙ^HÜ™\ÜÈ‹”›ØØÛÈ™]X™\‹‘X\İ‹‘Õ\È˜\ÚXÈ‹‘Õ‹LM‹“X\ÜÚ]™H[˜[ZXÈ‹™[\Z[›Y[‹•[š]Yİ]\È‹KŒ‹LMK•QKKLÎKŒKŒLŒÌNLÌÌËKBˆŒQÒˆ‹“Üİ‹ŒMËLKLŒKŒMËLLKLŒ‹ŒŒMËLLH‹ÛÜ›\ÜÈÛÜÛYH‹Ø\˜HÜØÚ‹‘X\İ‹‘Õ\È˜\ÚXÈ‹‘Õ‹LM‹”\Üİ[š[ˆ‹œ™]Z[‹•[š]Yİ]\È‹MNKNN•QKŒ‹KBˆ”RMUSH‹“Üİ‹ŒMËLKLŒKŒMËLKLKŒŒMËLH‹ÛÜ›\ÜÈÛÜÛYH‹Ø\˜HÜØÚ‹‘X\İ‹‘Õ›È‹‘Õ‹ŒK’Ø[‹XÛÙH‹œÛÙØ\™H‹•[š]Yİ]\È‹LMNŒËÍ•QKKBˆ“ĞSTRÔH‹•ÛÛˆ‹ŒMËLKLŒKŒMËLL‹LŒKŒŒMËLLˆ‹ÛÜ›\ÜÈÛÜÛYH‹Ø\˜HÜØÚ‹‘X\İ‹‘Õ˜\ÚXÈ‹‘Õ‹ML›]ÛÛ\[H‹XÚ›ÛÙŞH‹•[š]Yİ]\È‹L‹ŒÌ‹ÌË•QKKMLLKKBˆ’QĞ–ĞQˆ‹‘[™ØYÚ[™È‹ŒMËLKLŒK‘[šY[[[XXÚÈ‹”›ØØÛÈ™]X™\‹‘X\İ‹‘Õ›È‹‘Õ‹ŒK•[šÛ›İÛˆ‹•[šÛ›İÛˆ‹•[šÛ›İÛˆ‹SÑKˆŒÔ‘ÖLQH‹“Üİ‹ŒMËLKLŒKŒMËLLKLKŒŒMËLLH‹‘\˜Ù[ØÚXÚ‹“Y[š[ˆX\[ˆ‹Ù[˜[‹‘Õ›È‹‘Õ‹ŒK”˜[™Ü™Y[ˆ‹XÚ›ÛÙŞH‹”[˜[XH‹LÎËÍÍK•QKKKBˆ“TTPĞÑ‹•ÛÛˆ‹ŒMËLKLŒKŒMËLL‹LÌŒŒMËLLˆ‹‘\˜Ù[ØÚXÚ‹“Y[š[ˆX\[ˆ‹Ù[˜[‹‘Õ›È‹‘Õ‹ŒK•™Y\][İH‹[XÛÛ[][šXØ][ÛœÈ‹•[š]Yİ]\È‹L‹ŒKNMK•QKKMÌLŒLŒŒÎÌMŒÍ‹KBˆ‘ŒÍVRÔRˆ‹“Üİ‹ŒMËLKLŒKŒMËLLKLÌŒŒMËLLH‹‘Û›ˆØ[™[‹”›ØØÛÈ™]X™\‹‘X\İ‹‘Õ›È‹‘Õ‹ŒK™]\ÛÛÚ[ˆ‹›YYXØ[‹•[š]Yİ]\È‹LKKMK•QKÌKBˆ‘ÓÕUˆ‹•ÛÛˆ‹ŒMËLKLŒKŒMËLL‹LKŒŒMËLLˆ‹‘ÛY\ÈÛÛÛİYÚ‹“Y[š[ˆX\[ˆ‹Ù[˜[‹‘Õ\È›È‹‘Õ‹M‹ÛÛ™^‹›YYXØ[‹•[š]Yİ]\È‹MK•QKKLLÎÍKŒŒÍLŒMŒ‹KBˆ’–S–RÎMMÈ‹•ÛÛˆ‹ŒMËLKLŒKŒMËLL‹L‹ŒŒMËLLˆ‹’˜[Y\È\ØÙ[˜Ú[È‹”İ[[Y\ˆÙ]Ø[‹•Ù\İ‹“QÈY˜[˜ÙY‹“QÈ‹ÌÎLË“X™š[‹›YYXØ[‹•[š]Yİ]\È‹ÍKŒÍËLŒ‹•QKKÌŒËÌ‹ŒMÌNLŒÍÍŒÌKKBˆ““ÓÔQV‹“Üİ‹ŒMËLKLŒKŒMËLLL‹ŒŒMËLL‹’Ø[ZHšXÚÛ™[‹”İ[[Y\ˆÙ]Ø[‹•Ù\İ‹‘Õ\È˜\ÚXÈ‹‘Õ‹LM‹”İ[›˜[\^‹›X\šÙ][™È‹”Û[™‹MŒÍËMNLË•QKLKKBˆ•RŒ–H‹•ÛÛˆ‹ŒMËLKLŒKŒMËLL‹LÌŒŒMËLLˆ‹’Ø\H[™š^ÛÛˆ‹”İ[[Y\ˆÙ]Ø[‹•Ù\İ‹‘Õ˜\ÚXÈ‹‘Õ‹ML‘Ü™Y[‹T\È‹œÙ\šXÙ\È‹•[š]Yİ]\È‹L‹ŒNKNLŒ‹•QKKŒLËLLŒLMMMMMMMKKBˆÔ’‘”“È‹•ÛÛˆ‹ŒMËLKLŒKŒMËLLKLMŒŒMËLLH‹’Ø\H[™š^ÛÛˆ‹”İ[[Y\ˆÙ]Ø[‹•Ù\İ‹‘Õ›È‹‘Õ‹ŒK”^˜\‹œ™]Z[‹•[š]Yİ]\È‹ÍËKÍ•QKKMŒMLÍNNÎMKKBˆ“SŒ”QMˆ‹•ÛÛˆ‹ŒMËLKLŒKŒMËLLKL‹ŒŒMËLLH‹“ZX[˜H™[˜Ú[‹‘\İ[ˆœš[šÛX[›ˆ‹Ù[˜[‹‘Õ\È›È‹‘Õ‹M‹ÛÛ™^‹›YYXØ[‹•[š]Yİ]\È‹MK•QKKLMŒ‹ŒNÌÍÍMÍMMMKBˆ•ÕV”È‹•ÛÛˆ‹ŒMËLKLŒKŒMËLLLKŒŒMËLL‹“X\šÚ]H[œÙ[ˆ‹Ù[XH›İXÚH‹•Ù\İ‹‘Õ˜\ÚXÈ‹‘Õ‹ML’‹U^Ûˆ‹œ™]Z[‹•[š]Yİ]\È‹LÎËÍNË•QKKM‹LLŒLLLLLLLKKBˆ•ÖTÌVM‹•ÛÛˆ‹ŒMËLKLŒKŒMËLKLËŒŒMËLH‹“X\Hœ™]Y[˜\™È‹“Y[š[ˆX\[ˆ‹Ù[˜[‹“QÈÜXÚX[‹“QÈ‹MK•Ø\™\\ÙH‹œÙ\šXÙ\È‹•[š]Yİ]\È‹ŒKÌËLÍ‹•QKK‹LŒŒÍŒÍŒÍŒÍŒÍŒÍŒÍ‹KBˆÌÒŒL–‹“Üİ‹ŒMËLKLŒKŒMËLLLËŒŒMËLL‹“X]\™Y[ˆX\˜Ø[›È‹”İ[[Y\ˆÙ]Ø[‹•Ù\İ‹‘Õ˜\ÚXÈ‹‘Õ‹ML’Ø[‹XÛÙH‹œÛÙØ\™H‹•[š]Yİ]\È‹LMNŒËÍ•QKL‹KBˆ–PÔV“Vˆ‹•ÛÛˆ‹ŒMËLKLŒKŒMËLL‹LŒ‹ŒŒMËLLˆ‹”™YYÛ\\ˆ‹”›ØØÛÈ™]X™\‹‘X\İ‹‘Õ›È‹‘Õ‹ŒK•H™]È[ÜšÈ[œ]Z\™\ˆ‹›YYXØ[‹•[š]Yİ]\È‹ÎKŒŒKÎL‹•QKKMŒL‹LŒMŒMNÌÌÍMÍÎKKBˆÑÍĞLÈ‹•ÛÛˆ‹ŒMËLKLŒKŒMËLL‹LL‹ŒŒMËLLˆ‹•™\œÚYH[Xœ˜[™‹‘\İ[ˆœš[šÛX[›ˆ‹Ù[˜[‹“QÈÜXÚX[‹“QÈ‹MK™[X˜\ÙH‹›X\šÙ][™È‹•[š]Yİ]\È‹ŒMÌËNL•QKKŒK‹LŒLLLLLLLKKBˆ–‘ÍÌ‘N‹“Üİ‹ŒMËLKLŒKŒMËLL‹LËŒŒMËLLˆ‹•šXÚÚHY›[[YH‹Ù[XH›İXÚH‹•Ù\İ‹“QÈÜXÚX[‹“QÈ‹MK‘Ü›Ûİ™\İ™Y]‹œ™]Z[‹•[š]Yİ]\È‹ŒŒËNK•QKÌËKBˆŒ’Õ”MVH‹“Üİ‹ŒMËLKLŒKŒMËLLKLKŒŒMËLLH‹•Ú[\›ˆ˜\œ™[ˆ‹Ø\˜HÜØÚ‹‘X\İ‹“QÈY˜[˜ÙY‹“QÈ‹ÌÎLË–^›Ø˜[H‹™[\Z[›Y[‹•[š]Yİ]\È‹ÎÎŒÎKÍ•QKKKBˆ•M“ÕÑSˆ‹“Üİ‹ŒMËLKLŒ‹ŒMËLLKLËŒŒMËLLH‹Ø\ÜÙ^HÜ™\ÜÈ‹”›ØØÛÈ™]X™\‹‘X\İ‹‘Õ\È˜\ÚXÈ‹‘Õ‹LM‹”\Üİ[š[ˆ‹œ™]Z[‹•[š]Yİ]\È‹MNKNN•QK‹KBˆ”•”UĞ’ÑH‹“Üİ‹ŒMËLKLŒ‹ŒMËLLKLŒŒMËLLH‹Ø\ÜÙ^HÜ™\ÜÈ‹”›ØØÛÈ™]X™\‹‘X\İ‹‘Õ\È›È‹‘Õ‹M‹‘ÛØ\™H‹›X\šÙ][™È‹•[š]Yİ]\È‹LNMËMÌ•QKŒËKBˆ•Ô“U”R‹“Üİ‹ŒMËLKLŒ‹ŒMËLLKLKŒŒMËLLH‹ÛÜ›\ÜÈÛÜÛYH‹Ø\˜HÜØÚ‹‘X\İ‹‘Õ˜\ÚXÈ‹‘Õ‹ML–›İØ\™H‹œÛÙØ\™H‹•[š]Yİ]\È‹ÎËLÎK•QKKBˆ“’LĞ‘ÑQH‹‘[™ØYÚ[™È‹ŒMËLKLŒ‹‘[šY[[[XXÚÈ‹”›ØØÛÈ™]X™\‹‘X\İ‹‘Õ\È›È‹‘Õ‹M‹•[šÛ›İÛˆ‹•[šÛ›İÛˆ‹•[šÛ›İÛˆ‹SÑKˆ–TÖQ’‹•ÛÛˆ‹ŒMËLKLŒ‹ŒMËLL‹LŒËŒŒMËLLˆ‹‘[šY[[[XXÚÈ‹”›ØØÛÈ™]X™\‹‘X\İ‹‘Õ›È‹‘Õ‹ŒK•H™]È[ÜšÈ[œ]Z\™\ˆ‹›YYXØ[‹•[š]Yİ]\È‹ÎKŒŒKÎL‹•QKKMÍ‹L‹LŒÌŒMLLŒMLÍM‹KBˆ”M”TÑQÕ‹“Üİ‹ŒMËLKLŒ‹ŒMËLLLËŒŒMËLL‹‘\˜Ù[ØÚXÚ‹“Y[š[ˆX\[ˆ‹Ù[˜[‹‘Õ›È‹‘Õ‹ŒK‘ÛÙÛŞ›ÛÛH‹[XÛÛ[][šXØ][ÛœÈ‹•[š]Yİ]\È‹‹NË•QKLKKBˆ‘’VŒˆ‹•ÛÛˆ‹ŒMËLKLŒ‹ŒMËLL‹LŒŒMËLLˆ‹‘\˜Ù[ØÚXÚ‹“Y[š[ˆX\[ˆ‹Ù[˜[‹‘Õ›È‹‘Õ‹ŒK’[š]H‹›X\šÙ][™È‹•[š]Yİ]\È‹ËNK•QKKNLKLËLŒÍLŒŒÎLÍMM‹KBˆMV“•ŒTÈ‹“Üİ‹ŒMËLKLŒ‹ŒMËLLLŒŒMËLL‹‘Û›ˆØ[™[‹”›ØØÛÈ™]X™\‹‘X\İ‹‘Õ˜\ÚXÈ‹‘Õ‹MLš[Ü^‹›YYXØ[‹•[š]Yİ]\È‹Ì‹‹LM‹•QKL‹KBˆ”TÎLÕŒˆ‹•ÛÛˆ‹ŒMËLKLŒ‹ŒMËLLLŒŒMËLL‹‘Û›ˆØ[™[‹”›ØØÛÈ™]X™\‹‘X\İ‹‘Õ›È‹‘Õ‹ŒK•™Z[Y[Ø\][\™\œÈ‹™š[˜[˜ÙH‹•[š]Yİ]\È‹‹ŒKË•QKKNL‹LŒŒMÌMÍNNNÍMMKBˆŒSLÍˆ‹‘[™ØYÚ[™È‹ŒMËLKLŒ‹‘[X\ÙHÛXÚÈ‹Ù[XH›İXÚH‹•Ù\İ‹“QÈY˜[˜ÙY‹“QÈ‹ÌÎLË“X™š[‹›YYXØ[‹•[š]Yİ]\È‹ÍKŒÍËLŒ‹SÑKKBˆ•LP•UTÈ‹“Üİ‹ŒMËLKLŒ‹ŒMËLL‹LŒKŒŒMËLLˆ‹‘ÛY\ÈÛÛÛİYÚ‹“Y[š[ˆX\[ˆ‹Ù[˜[‹‘Õ\È˜\ÚXÈ‹‘Õ‹LM‹’\ÙÛH‹›YYXØ[‹•[š]Yİ]\È‹ÌMÎŒM•QKLKBˆ“VSÒ•È‹•ÛÛˆ‹ŒMËLKLŒ‹ŒMËLLKLŒŒMËLLH‹‘ÛY\ÈÛÛÛİYÚ‹“Y[š[ˆX\[ˆ‹Ù[˜[‹‘Õ›È‹‘Õ‹ŒKš[ÚÛ[™È‹›YYXØ[‹”[\[™\È‹NËŒÍLÍM‹•QKKLÎŒËLŒŒÎMMMÍKBˆQ–NV‹•ÛÛˆ‹ŒMËLKLŒ‹ŒMËLL‹LMŒŒMËLLˆ‹‘ÛY\ÈÛÛÛİYÚ‹“Y[š[ˆX\[ˆ‹Ù[˜[‹“QÈY˜[˜ÙY‹“QÈ‹ÌÎLË”›Û‹]XÚ‹›YYXØ[‹•[š]Yİ]\È‹ÎLŒ‹‹ÍË•QKKÍÍÌ‹ËLŒLLMÌMNNMÍŒ‹KBˆ‘P’“VU‘H‹•ÛÛˆ‹ŒMËLKLŒ‹ŒMËLLL‹ŒŒMËLL‹’˜[Y\È\ØÙ[˜Ú[È‹”İ[[Y\ˆÙ]Ø[‹•Ù\İ‹‘Õ\È›È‹‘Õ‹M‹ÚY\œÈ‹™[\Z[›Y[‹•[š]Yİ]\È‹KKÌ‹•QKKMÎLLŒMLLÎÍÍÌNKKBˆÓVÕ“È‹•ÛÛˆ‹ŒMËLKLŒ‹ŒMËLLL‹ŒŒMËLL‹’›Û˜][ˆ™\[İ‹“Y[š[ˆX\[ˆ‹Ù[˜[‹‘Õ›È‹‘Õ‹ŒKÛÛ™XÛÛH‹XÚ›ÛÙŞH‹•[š]Yİ]\È‹MLŒ‹N‹•QKKÍKLŒÍÌLŒLLÍÎËKBˆVŒÔ”È‹•ÛÛˆ‹ŒMËLKLŒ‹ŒMËLKLŒŒMËLH‹’Ø[ZHšXÚÛ™[‹”İ[[Y\ˆÙ]Ø[‹•Ù\İ‹‘Õ˜\ÚXÈ‹‘Õ‹ML‘˜\ÙZ]XÙH‹œ™]Z[‹•[š]Yİ]\È‹MLKÍLŒË•QKKÍK‹LŒŒÌÌÌÌÌÌËKBˆ•ÒQÓÔH‹“Üİ‹ŒMËLKLŒ‹ŒMËLLKLŒŒMËLLH‹’Ø\H[™š^ÛÛˆ‹”İ[[Y\ˆÙ]Ø[‹•Ù\İ‹‘Õ˜\ÚXÈ‹‘Õ‹ML”ÛÛœ›Ûˆ‹[XÛÛ[][šXØ][ÛœÈ‹•[š]Yİ]\È‹MNKKLL•QKËKBˆ“VRH‹“Üİ‹ŒMËLKLŒ‹ŒMËLLKLŒŒMËLLH‹“X]\™Y[ˆX\˜Ø[›È‹”İ[[Y\ˆÙ]Ø[‹•Ù\İ‹“QÈÜXÚX[‹“QÈ‹MK”\Üİš\‹™[\Z[›Y[‹•[š]Yİ]\È‹ÍKKÌMK•QKËKBˆ“ÖÍÑ‘‹“Üİ‹ŒMËLKLŒ‹ŒMËLLKL‹ŒŒMËLLH‹”›ÜØ[[˜HY]\ˆ‹Ù[XH›İXÚH‹•Ù\İ‹‘Õ\È˜\ÚXÈ‹‘Õ‹LM‹‘Û˜ÛÛˆ‹XÚ›ÛÙŞH‹•[š]Yİ]\È‹NËÌ‹MLK•QKKKBˆ•ÍQQÑTÈ‹•ÛÛˆ‹ŒMËLKLŒ‹ŒMËLLLKŒŒMËLL‹”›ÜØ[[˜HY]\ˆ‹Ù[XH›İXÚH‹•Ù\İ‹“QÈÜXÚX[‹“QÈ‹MK“™]Ù^‹œÙ\šXÙ\È‹‘Ù\›X[H‹LL‹Ì‹ÍL‹•QKKMKKKBˆÌLÌLSH‹“Üİ‹ŒMËLKLŒ‹ŒMËLL‹LM‹ŒŒMËLLˆ‹•™\œÚYH[Xœ˜[™‹‘\İ[ˆœš[šÛX[›ˆ‹Ù[˜[‹“QÈÜXÚX[‹“QÈ‹MK•İYÚ˜\‹œ™]Z[‹•[š]Yİ]\È‹ÌÌ‹ËÎNK•QKKKBˆŒQĞLĞQ•‹“Üİ‹ŒMËLKLŒ‹ŒMËLL‹LL‹ŒŒMËLLˆ‹•™\œÚYH[Xœ˜[™‹‘\İ[ˆœš[šÛX[›ˆ‹Ù[˜[‹“QÈY˜[˜ÙY‹“QÈ‹ÌÎLË”˜[™Ü™Y[ˆ‹XÚ›ÛÙŞH‹”[˜[XH‹LÎËÍÍK•QKKKBˆŒÎQLMTˆ‹•ÛÛˆ‹ŒMËLKLŒ‹ŒMËLLLKŒŒMËLL‹•™\œÚYH[Xœ˜[™‹‘\İ[ˆœš[šÛX[›ˆ‹Ù[˜[‹‘Õ\È›È‹‘Õ‹M‹’[š]H‹›X\šÙ][™È‹•[š]Yİ]\È‹ËNK•QKKMÍÍKKLŒLÍÍŒMÍKKBˆŒÍLQÕÕÈ‹•ÛÛˆ‹ŒMËLKLŒ‹ŒMËLLKLNŒŒMËLLH‹•šXÚÚHY›[[YH‹Ù[XH›İXÚH‹•Ù\İ‹‘Õ˜\ÚXÈ‹‘Õ‹ML’İXÚH‹XÚ›ÛÙŞH‹’ÛÜ™XH‹MÌŒÎMNK•QKKLKMËLŒNÍŒÍŒÍŒÍŒÍŒÍKBˆŒQ•QVU‹•ÛÛˆ‹ŒMËLKLŒ‹ŒMËLLKLŒ‹ŒŒMËLLH‹•šXÚÚHY›[[YH‹Ù[XH›İXÚH‹•Ù\İ‹‘Õ˜\ÚXÈ‹‘Õ‹ML”ØÛİš[™‹œÛÙØ\™H‹•[š]Yİ]\È‹ŒÍMËMÎ•QKKMÌŒKLŒÍŒÍŒÍŒÍŒÍŒÍŒÍKBˆ–LÔP‘Ò“H‹•ÛÛˆ‹ŒMËLKLŒ‹ŒMËLL‹LÌŒŒMËLLˆ‹•šXÚÚHY›[[YH‹Ù[XH›İXÚH‹•Ù\İ‹“QÈÜXÚX[‹“QÈ‹MK›XÚŞš[H‹œ™]Z[‹•[š]Yİ]\È‹MËŒLKMN•QKKMNKŒNNNNNNN‹KBˆ“ÍÕMNM”‹•ÛÛˆ‹ŒMËLKLŒ‹ŒMËLKLKŒŒMËLH‹•šXÚÚHY›[[YH‹Ù[XH›İXÚH‹•Ù\İ‹“QÈÜXÚX[‹“QÈ‹MK”ØÛİš[™‹œÛÙØ\™H‹•[š]Yİ]\È‹ŒÍMËMÎ•QKKËËŒMMMMMMM‹KBˆ”LŒÖ“•‹•ÛÛˆ‹ŒMËLKLŒ‹ŒMËLLKLŒŒMËLLH‹•Ú[\›ˆ˜\œ™[ˆ‹Ø\˜HÜØÚ‹‘X\İ‹“QÈÜXÚX[‹“QÈ‹MK”Ú[\È‹›YYXØ[‹•[š]Yİ]\È‹NŒÎŒL•QKKM‹ËLŒNNNNNNNKKBˆ‘‘ÕUÔS‘ˆ‹“Üİ‹ŒMËLKLŒËŒMËLLLKŒŒMËLL‹›Üš\È˜^ˆ‹”›ØØÛÈ™]X™\‹‘X\İ‹‘Õ\È˜\ÚXÈ‹‘Õ‹LM‹•™Z[Y[Ø\][\™\œÈ‹™š[˜[˜ÙH‹•[š]Yİ]\È‹‹ŒKË•QKL‹KBˆ‘”ÍH‹“Üİ‹ŒMËLKLŒËŒMËLL‹LL‹ŒŒMËLLˆ‹‘\˜Ù[ØÚXÚ‹“Y[š[ˆX\[ˆ‹Ù[˜[‹‘Õ›È‹‘Õ‹ŒK”˜[™Ü™Y[ˆ‹XÚ›ÛÙŞH‹”[˜[XH‹LÎËÍÍK•QKKBˆ–’Ñ•Õ”•‹•ÛÛˆ‹ŒMËLKLŒËŒMËLKLÌŒŒMËLH‹‘\˜Ù[ØÚXÚ‹“Y[š[ˆX\[ˆ‹Ù[˜[‹‘Õ›È‹‘Õ‹ŒKš[ÚÛ[™È‹›YYXØ[‹”[\[™\È‹NËŒÍLÍM‹•QKKŒ‹ËŒÍŒLLŒNÍKBˆMTÑ•–ˆ‹•ÛÛˆ‹ŒMËLKLŒËŒMËLLL‹ŒŒMËLL‹‘\˜Ù[ØÚXÚ‹“Y[š[ˆX\[ˆ‹Ù[˜[‹‘Õ›È‹‘Õ‹ŒK’İXÚH‹XÚ›ÛÙŞH‹’ÛÜ™XH‹MÌŒÎMNK•QKKLÍMËKLŒLLLNLÌNMLÌKKBˆ“ÑS”ÒQˆ‹“Üİ‹ŒMËLKLŒËŒMËLLLKŒŒMËLL‹‘ÛY\ÈÛÛÛİYÚ‹“Y[š[ˆX\[ˆ‹Ù[˜[‹“QÈÜXÚX[‹“QÈ‹MKš[ÚÛ[™È‹›YYXØ[‹”[\[™\È‹NËŒÍLÍM‹•QKKBˆŒPÔ“Qˆ‹•ÛÛˆ‹ŒMËLKLŒËŒMËLKLËŒŒMËLH‹‘ÛY\ÈÛÛÛİYÚ‹“Y[š[ˆX\[ˆ‹Ù[˜[‹‘Õ\È˜\ÚXÈ‹‘Õ‹LM‹ÛÛ™XÛÛH‹XÚ›ÛÙŞH‹•[š]Yİ]\È‹MLŒ‹N‹•QKKLËŒÌLNMÌËKBˆ•ĞS–ÓL‹•ÛÛˆ‹ŒMËLKLŒËŒMËLL‹LKŒŒMËLLˆ‹‘ÛY\ÈÛÛÛİYÚ‹“Y[š[ˆX\[ˆ‹Ù[˜[‹‘Õ›È‹‘Õ‹ŒK”›Û‹]XÚ‹›YYXØ[‹•[š]Yİ]\È‹ÎLŒ‹‹ÍË•QKKLLËMËLŒÎNMÍŒŒNNMKBˆQŒ“QMTˆ‹•ÛÛˆ‹ŒMËLKLŒËŒMËLKLKŒŒMËLH‹’^Y[ˆ™[Û\È‹Ù[XH›İXÚH‹•Ù\İ‹“QÈY˜[˜ÙY‹“QÈ‹ÌÎLË‘š[š›Øˆ‹™[\Ş[Y[‹•[š]Yİ]\È‹ŒNKKÍ•QKKÌNMË‹ŒMÍÍNNÌM‹KBˆ’•RÒŒÔPˆ‹“Üİ‹ŒMËLKLŒËŒMËLLLKŒŒMËLL‹’›Û˜][ˆ™\[İ‹“Y[š[ˆX\[ˆ‹Ù[˜[‹‘Õ\È˜\ÚXÈ‹‘Õ‹LM‹’[š]H‹›X\šÙ][™È‹•[š]Yİ]\È‹ËNK•QKL‹KBˆ–QÑQL‹•ÛÛˆ‹ŒMËLKLŒËŒMËLLL‹ŒŒMËLL‹’›Û˜][ˆ™\[İ‹“Y[š[ˆX\[ˆ‹Ù[˜[‹‘Õ\È˜\ÚXÈ‹‘Õ‹LM‹–[YÛÚ]H‹›YYXØ[‹•[š]Yİ]\È‹KŒLŒL•QKKLLËKLŒÌMLÌ‹KBˆ’Ì“”–“‹‘[™ØYÚ[™È‹ŒMËLKLŒË’Ø[ZHšXÚÛ™[‹”İ[[Y\ˆÙ]Ø[‹•Ù\İ‹‘Õ˜\ÚXÈ‹‘Õ‹ML•[šÛ›İÛˆ‹•[šÛ›İÛˆ‹•[šÛ›İÛˆ‹SÑKˆÑ“Ö“È‹‘[™ØYÚ[™È‹ŒMËLKLŒË’Ø[ZHšXÚÛ™[‹”İ[[Y\ˆÙ]Ø[‹•Ù\İ‹‘Õ›È‹‘Õ‹ŒK’Ø[‹XÛÙH‹œÛÙØ\™H‹•[š]Yİ]\È‹LMNŒËÍSÑKKBˆ”–ÌLRÒH‹•ÛÛˆ‹ŒMËLKLŒËŒMËLL‹LŒŒMËLLˆ‹’Ø[ZHšXÚÛ™[‹”İ[[Y\ˆÙ]Ø[‹•Ù\İ‹‘Õ˜\ÚXÈ‹‘Õ‹ML”^˜\‹œ™]Z[‹•[š]Yİ]\È‹ÍËKÍ•QKKL‹ŒMLLLLLLKKBˆ‘ŒĞ’SUS‹•ÛÛˆ‹ŒMËLKLŒËŒMËLLKLNKŒŒMËLLH‹’Ø[ZHšXÚÛ™[‹”İ[[Y\ˆÙ]Ø[‹•Ù\İ‹“QÈÜXÚX[‹“QÈ‹MK”˜[İXÚ‹[XÛÛ[][šXØ][ÛœÈ‹•[š]Yİ]\È‹LN‹ÌMK•QKKMKMËKBˆ’”Ì–U”“ˆ‹•ÛÛˆ‹ŒMËLKLŒËŒMËLLLKŒŒMËLL‹’Ø\H[™š^ÛÛˆ‹”İ[[Y\ˆÙ]Ø[‹•Ù\İ‹“QÈÜXÚX[‹“QÈ‹MK‘š[š›Øˆ‹™[\Ş[Y[‹•[š]Yİ]\È‹ŒNKKÍ•QKKMËLŒÍŒÍŒÍŒÍŒÍŒÍŒÍKBˆ•ÌĞŒÍÑÖH‹“Üİ‹ŒMËLKLŒËŒMËLLKLËŒŒMËLLH‹“ZX[˜H™[˜Ú[‹‘\İ[ˆœš[šÛX[›ˆ‹Ù[˜[‹“QÈÜXÚX[‹“QÈ‹MK–[YÛÚ]H‹›YYXØ[‹•[š]Yİ]\È‹KŒLŒL•QKKKBˆ“QÔŒÔÈ‹•ÛÛˆ‹ŒMËLKLŒËŒMËLLKLËŒŒMËLLH‹“ZX[˜H™[˜Ú[‹‘\İ[ˆœš[šÛX[›ˆ‹Ù[˜[‹‘Õ\È˜\ÚXÈ‹‘Õ‹LM‹”˜[™Ü™Y[ˆ‹XÚ›ÛÙŞH‹”[˜[XH‹LÎËÍÍK•QKKM‹KŒLÍŒLÌLÎŒLËKBˆ•QŒÒ“Mˆ‹“Üİ‹ŒMËLKLŒËŒMËLLL‹ŒŒMËLL‹“X\šÚ]H[œÙ[ˆ‹Ù[XH›İXÚH‹•Ù\İ‹‘Õ˜\ÚXÈ‹‘Õ‹ML–ZÛ[™È‹™š[˜[˜ÙH‹•[š]Yİ]\È‹ÍLÍËŒŒLË•QKKKBˆ“Õ–M‹“Üİ‹ŒMËLKLŒËŒMËLLKLMŒŒMËLLH‹“X]\™Y[ˆX\˜Ø[›È‹”İ[[Y\ˆÙ]Ø[‹•Ù\İ‹‘Õ˜\ÚXÈ‹‘Õ‹ML–›ÛÛZ]‹™[\Z[›Y[‹•[š]Yİ]\È‹ÌŒNKMÎ•QKL‹KBˆ•‘ÌUÔUÎ‹“Üİ‹ŒMËLKLŒËŒMËLLKL‹ŒŒMËLLH‹“X]\™Y[ˆX\˜Ø[›È‹”İ[[Y\ˆÙ]Ø[‹•Ù\İ‹“QÈÜXÚX[‹“QÈ‹MK‘ÛÛ^‹™š[˜[˜ÙH‹•[š]Yİ]\È‹L‹KMK•QKKBˆ“QRÕ’ĞĞˆ‹“Üİ‹ŒMËLKLŒËŒMËLLKLËŒŒMËLLH‹“[ÜÙ\Èœ˜\ÙH‹‘\İ[ˆœš[šÛX[›ˆ‹Ù[˜[‹“QÈÜXÚX[‹“QÈ‹MK‘ÛXÚH‹œÛÙØ\™H‹•[š]Yİ]\È‹ŒNLË•QKKKBˆ”’Œ‘ÌÈ‹“Üİ‹ŒMËLKLŒËŒMËLLLKŒŒMËLL‹”›ÜÚYH\YÜİ[ÜÈ‹Ø\˜HÜØÚ‹‘X\İ‹‘Õ›È‹‘Õ‹ŒK“X\ÜÚ]™H[˜[ZXÈ‹™[\Z[›Y[‹•[š]Yİ]\È‹KŒ‹LMK•QKL‹KBˆŒÔLMSÒPˆ‹‘[™ØYÚ[™È‹ŒMËLKLŒË•šXÚÚHY›[[YH‹Ù[XH›İXÚH‹•Ù\İ‹“QÈY˜[˜ÙY‹“QÈ‹ÌÎLË•[šÛ›İÛˆ‹•[šÛ›İÛˆ‹•[šÛ›İÛˆ‹SÑKˆ“ÌUÓˆ‹•ÛÛˆ‹ŒMËLKLŒËŒMËLL‹LMËŒŒMËLLˆ‹•šXÚÚHY›[[YH‹Ù[XH›İXÚH‹•Ù\İ‹‘Õ›È‹‘Õ‹ŒK’İXÚH‹XÚ›ÛÙŞH‹’ÛÜ™XH‹MÌŒÎMNK•QKKMKKŒŒMLÌMÍMM‹KBˆŒ”ˆ‹•ÛÛˆ‹ŒMËLKLŒËŒMËLLL‹ŒŒMËLL‹•š[Û]XÛ[[™‹Ø\˜HÜØÚ‹‘X\İ‹“QÈÜXÚX[‹“QÈ‹MKš[Ü^‹›YYXØ[‹•[š]Yİ]\È‹Ì‹‹LM‹•QKKŒKLŒLLLLLLLKBˆŒ‘Q•ĞUˆ‹•ÛÛˆ‹ŒMËLKLŒËŒMËLLLKŒŒMËLL‹–˜[™H]H‹”İ[[Y\ˆÙ]Ø[‹•Ù\İ‹‘Õ\È›È‹‘Õ‹M‹‘Ü™Y[‹T\È‹œÙ\šXÙ\È‹•[š]Yİ]\È‹L‹ŒNKNLŒ‹•QKKNKLŒNLLÍLŒŒËKBˆ‘’P‘VH‹“Üİ‹ŒMËLKLŒMËLLKLŒËŒŒMËLLH‹[›˜HÛ™[[™È‹‘\İ[ˆœš[šÛX[›ˆ‹Ù[˜[‹‘Õ\È›È‹‘Õ‹M‹•™Y\][İH‹[XÛÛ[][šXØ][ÛœÈ‹•[š]Yİ]\È‹L‹ŒKNMK•QKŒKBˆP”•ÖULÈ‹“Üİ‹ŒMËLKLŒMËLLKLËŒŒMËLLH‹[›˜HÛ™[[™È‹‘\İ[ˆœš[šÛX[›ˆ‹Ù[˜[‹“QÈÜXÚX[‹“QÈ‹MKÛÙZİÈ‹œÛÙØ\™H‹•[š]Yİ]\È‹ÌMKK•QKKBˆ•ÓV–MÌH‹“Üİ‹ŒMËLKLŒMËLL‹LMŒŒMËLLˆ‹›Üš\È˜^ˆ‹”›ØØÛÈ™]X™\‹‘X\İ‹‘Õ\È˜\ÚXÈ‹‘Õ‹LM‹’Ø[‹XÛÙH‹œÛÙØ\™H‹•[š]Yİ]\È‹LMNŒËÍ•QKKKBˆ‘NQ‹“Üİ‹ŒMËLKLŒMËLLLŒŒMËLL‹ÙXÚ[H[\Ú[ˆ‹‘\İ[ˆœš[šÛX[›ˆ‹Ù[˜[‹“QÈY˜[˜ÙY‹“QÈ‹ÌÎLË‘ÛØ™^ÛÜœÜ˜][Ûˆ‹XÚ›ÛÙŞH‹“›ÜØ^H‹LŒŒËÌ‹MË•QKLKBˆ•ÓPÌ–Í‹•ÛÛˆ‹ŒMËLKLŒMËLLL‹ŒŒMËLL‹ÙXÚ[H[\Ú[ˆ‹‘\İ[ˆœš[šÛX[›ˆ‹Ù[˜[‹“QÈÜXÚX[‹“QÈ‹MK”[™Ù˜\ÙH‹XÚ›ÛÙŞH‹•[š]Yİ]\È‹LŒ‹LŒÎ•QKKMŒNNNNNNN‹KBˆMÕ“LÔH‹•ÛÛˆ‹ŒMËLKLŒMËLL‹LËŒŒMËLLˆ‹ÛÜ›\ÜÈÛÜÛYH‹Ø\˜HÜØÚ‹‘X\İ‹‘Õ›È‹‘Õ‹ŒK“Ü[XÚ‹™š[˜[˜ÙH‹•[š]Yİ]\È‹ÍMKŒŒËLË•QKKLKMLŒLMMŒMŒMNLKKBˆÓ“MQRŒˆ‹•ÛÛˆ‹ŒMËLKLŒMËLLLKŒŒMËLL‹‘[šY[[[XXÚÈ‹”›ØØÛÈ™]X™\‹‘X\İ‹‘Õ\È›È‹‘Õ‹M‹’ÛÛ™^‹XÚ›ÛÙŞH‹•[š]Yİ]\È‹ÍÌŒÎLÍÍM‹•QKKLÍÎLKŒNMÌLMÎŒÌKKBˆ‘ÒUU”‹•ÛÛˆ‹ŒMËLKLŒMËLL‹LŒŒMËLLˆ‹‘[šY[[[XXÚÈ‹”›ØØÛÈ™]X™\‹‘X\İ‹‘Õ›È‹‘Õ‹ŒK“X]İXÚ‹›X\šÙ][™È‹’›Ü™[ˆ‹ÌË‹MLM‹•QKKLMKÌKLŒLŒMMÎ‹KBˆŒ•S‘TVŒˆ‹“Üİ‹ŒMËLKLŒMËLLLŒŒMËLL‹‘\˜Ù[ØÚXÚ‹“Y[š[ˆX\[ˆ‹Ù[˜[‹‘Õ\È˜\ÚXÈ‹‘Õ‹LM‹‘Û^›ÛÛH‹™[\Z[›Y[‹•[š]Yİ]\È‹ŒMËËMLK•QKLKBˆ”Œ‘MRTN‹•ÛÛˆ‹ŒMËLKLŒMËLLLËŒŒMËLL‹‘\˜Ù[ØÚXÚ‹“Y[š[ˆX\[ˆ‹Ù[˜[‹‘Õ\È›È‹‘Õ‹M‹ÛÛ™XÛÛH‹XÚ›ÛÙŞH‹•[š]Yİ]\È‹MLŒ‹N‹•QKKLMKŒŒMMŒÌNŒÎNKKBˆ•VŒÕÈ‹“Üİ‹ŒMËLKLŒMËLLKLM‹ŒŒMËLLH‹‘Û›ˆØ[™[‹”›ØØÛÈ™]X™\‹‘X\İ‹‘Õ\È›È‹‘Õ‹M‹‘ÛØ\™H‹›X\šÙ][™È‹•[š]Yİ]\È‹LNMËMÌ•QKLËKBˆ•“LLÌMÈ‹•ÛÛˆ‹ŒMËLKLŒMËLLLËŒŒMËLL‹’˜[Y\È\ØÙ[˜Ú[È‹”İ[[Y\ˆÙ]Ø[‹•Ù\İ‹‘Õ\È›È‹‘Õ‹M‹”\Üİš\‹™[\Z[›Y[‹•[š]Yİ]\È‹ÍKKÌMK•QKKMLËKLŒŒMŒŒŒÎKKBˆ‘PĞÒNPÈ‹“Üİ‹ŒMËLKLŒMËLL‹LNKŒŒMËLLˆ‹’Ø\H[™š^ÛÛˆ‹”İ[[Y\ˆÙ]Ø[‹•Ù\İ‹“QÈY˜[˜ÙY‹“QÈ‹ÌÎLË“˜[K^š[H‹œÙ\šXÙ\È‹œ˜^š[‹KNKLMÎK•QK‹KBˆÑLUÎMÎH‹“Üİ‹ŒMËLKLŒMËLLL‹ŒŒMËLL‹“ZX[˜H™[˜Ú[‹‘\İ[ˆœš[šÛX[›ˆ‹Ù[˜[‹‘Õ˜\ÚXÈ‹‘Õ‹ML’İXÚH‹XÚ›ÛÙŞH‹’ÛÜ™XH‹MÌŒÎMNK•QKKBˆ“SĞT”NH‹•ÛÛˆ‹ŒMËLKLŒMËLL‹LŒKŒŒMËLLˆ‹“ZX[˜H™[˜Ú[‹‘\İ[ˆœš[šÛX[›ˆ‹Ù[˜[‹‘Õ˜\ÚXÈ‹‘Õ‹ML™[X˜\ÙH‹›X\šÙ][™È‹•[š]Yİ]\È‹ŒMÌËNL•QKKL‹ŒMÎNNNNNNKBˆ’NÑÔTRH‹“Üİ‹ŒMËLKLŒMËLLLKŒŒMËLL‹“X\šÚ]H[œÙ[ˆ‹Ù[XH›İXÚH‹•Ù\İ‹“QÈY˜[˜ÙY‹“QÈ‹ÌÎLË’Ø[‹XÛÙH‹œÛÙØ\™H‹•[š]Yİ]\È‹LMNŒËÍ•QKLKKBˆŒLNH‹•ÛÛˆ‹ŒMËLKLŒMËLL‹LŒŒMËLLˆ‹“[ÜÙ\Èœ˜\ÙH‹‘\İ[ˆœš[šÛX[›ˆ‹Ù[˜[‹‘Õ\È›È‹‘Õ‹M‹•İYÚ˜\‹œ™]Z[‹•[š]Yİ]\È‹ÌÌ‹ËÎNK•QKKÌÌMKLŒÌÌMŒÌÎLMNKBˆ’”U•ÌÒ•ˆ‹“Üİ‹ŒMËLKLŒMËLLKLKŒŒMËLLH‹•™\œÚYH[Xœ˜[™‹‘\İ[ˆœš[šÛX[›ˆ‹Ù[˜[‹“QÈÜXÚX[‹“QÈ‹MK‘Ù[˜ÛÈ\˜HÛ]™HÚ[ÛÛ\[H‹œ™]Z[‹’][H‹MŒÌËMŒÍK•QK‹KBˆ•UÖ’“T‹•ÛÛˆ‹ŒMËLKLŒMËLLKL‹ŒŒMËLLH‹•šXÚÚHY›[[YH‹Ù[XH›İXÚH‹•Ù\İ‹‘Õ\È›È‹‘Õ‹M‹›XÚŞš[H‹œ™]Z[‹•[š]Yİ]\È‹MËŒLKMN•QKKLNM‹ŒËŒLŒMÌÍŒMŒNKBˆ•‘U‘H‹•ÛÛˆ‹ŒMËLKLŒMËLL‹L‹ŒŒMËLLˆ‹•šXÚÚHY›[[YH‹Ù[XH›İXÚH‹•Ù\İ‹‘Õ\È›È‹‘Õ‹M‹‘˜^][İH‹[XÛÛ[][šXØ][ÛœÈ‹•[š]Yİ]\È‹NK‹MNMK•QKKMŒLËLŒNLMMLLNKKBˆÎT“H‹•ÛÛˆ‹ŒMËLKLŒMËLL‹LMKŒŒMËLLˆ‹•šXÚÚHY›[[YH‹Ù[XH›İXÚH‹•Ù\İ‹“QÈY˜[˜ÙY‹“QÈ‹ÌÎLË’‹U^Ûˆ‹œ™]Z[‹•[š]Yİ]\È‹LÎËÍNË•QKKLL‹LŒŒLLÌMÍNŒLÎMËKBˆ•‘ÖSÍÈ‹“Üİ‹ŒMËLKLKŒMËLLLŒŒMËLL‹[›˜HÛ™[[™È‹‘\İ[ˆœš[šÛX[›ˆ‹Ù[˜[‹‘Õ˜\ÚXÈ‹‘Õ‹ML’[š]H‹›X\šÙ][™È‹•[š]Yİ]\È‹ËNK•QKKKBˆVL“ÒH‹•ÛÛˆ‹ŒMËLKLKŒMËLL‹LNŒŒMËLLˆ‹[›˜HÛ™[[™È‹‘\İ[ˆœš[šÛX[›ˆ‹Ù[˜[‹“QÈÜXÚX[‹“QÈ‹MKÛÙZİÈ‹œÛÙØ\™H‹•[š]Yİ]\È‹ÌMKK•QKKLËŒÍŒÍŒÍŒÍŒÍŒÍŒÍKBˆŒĞÍĞMÍS‹•ÛÛˆ‹ŒMËLKLKŒMËLKLËŒŒMËLH‹Ø\ÜÙ^HÜ™\ÜÈ‹”›ØØÛÈ™]X™\‹‘X\İ‹‘Õ›È‹‘Õ‹ŒK“X\ÜÚ]™H[˜[ZXÈ‹™[\Z[›Y[‹•[š]Yİ]\È‹KŒ‹LMK•QKKMÌË‹LŒNÎLÎMNNKKBˆŒ“QÑ’”È‹•ÛÛˆ‹ŒMËLKLKŒMËLKLŒŒMËLH‹Ø\ÜÙ^HÜ™\ÜÈ‹”›ØØÛÈ™]X™\‹‘X\İ‹‘Õ›È‹‘Õ‹ŒK”\Üİ[š[ˆ‹œ™]Z[‹•[š]Yİ]\È‹MNKNN•QKKÌËŒLMNŒNMKBˆ’ÔŒÔ‘RÈ‹•ÛÛˆ‹ŒMËLKLKŒMËLL‹LKŒŒMËLLˆ‹Ø\ÜÙ^HÜ™\ÜÈ‹”›ØØÛÈ™]X™\‹‘X\İ‹“QÈY˜[˜ÙY‹“QÈ‹ÌÎLË”\Üİ[š[ˆ‹œ™]Z[‹•[š]Yİ]\È‹MNKNN•QKKÌÌKÍKŒNŒŒÍŒÍNMNKKBˆ’QÌ’’ÎVH‹“Üİ‹ŒMËLKLKŒMËLLLËŒŒMËLL‹‘[šY[[[XXÚÈ‹”›ØØÛÈ™]X™\‹‘X\İ‹‘Õ\È˜\ÚXÈ‹‘Õ‹LM‹’Ú[›˜[\\È‹œ™]Z[‹•[š]Yİ]\È‹Ì‹Ì‹NÌK•QKKBˆŒVĞSLĞH‹“Üİ‹ŒMËLKLKŒMËLLLŒŒMËLL‹‘\˜Ù[ØÚXÚ‹“Y[š[ˆX\[ˆ‹Ù[˜[‹‘Õ\È›È‹‘Õ‹M‹’İXÚH‹XÚ›ÛÙŞH‹’ÛÜ™XH‹MÌŒÎMNK•QKKKBˆS•Í’ÍÍ‹“Üİ‹ŒMËLKLKŒMËLLLŒŒMËLL‹‘[X\ÙHÛXÚÈ‹Ù[XH›İXÚH‹•Ù\İ‹“QÈÜXÚX[‹“QÈ‹MK‘Û˜ÛÛˆ‹XÚ›ÛÙŞH‹•[š]Yİ]\È‹NËÌ‹MLK•QKKKBˆ‘R•‘RH‹‘[™ØYÚ[™È‹ŒMËLKLK’˜[Y\È\ØÙ[˜Ú[È‹”İ[[Y\ˆÙ]Ø[‹•Ù\İ‹“QÈÜXÚX[‹“QÈ‹MK™]\ÛÛÚ[ˆ‹›YYXØ[‹•[š]Yİ]\È‹LKKMKSÑKKBˆÕÑTÑÖˆ‹“Üİ‹ŒMËLKLKŒMËLLLËŒŒMËLL‹’›Û˜][ˆ™\[İ‹“Y[š[ˆX\[ˆ‹Ù[˜[‹‘Õ˜\ÚXÈ‹‘Õ‹ML‘ÛÙÛŞ›ÛÛH‹[XÛÛ[][šXØ][ÛœÈ‹•[š]Yİ]\È‹‹NË•QKKBˆÖ–ÍSH‹“Üİ‹ŒMËLKLKŒMËLL‹LŒŒMËLLˆ‹’›Û˜][ˆ™\[İ‹“Y[š[ˆX\[ˆ‹Ù[˜[‹‘Õ\È›È‹‘Õ‹M‹‘ÛXÚH‹œÛÙØ\™H‹•[š]Yİ]\È‹ŒNLË•QKÍKBˆ”UUÒÔ‹•ÛÛˆ‹ŒMËLKLKŒMËLLKLËŒŒMËLLH‹’Ø[ZHšXÚÛ™[‹”İ[[Y\ˆÙ]Ø[‹•Ù\İ‹‘Õ\È›È‹‘Õ‹M‹“X™š[‹›YYXØ[‹•[š]Yİ]\È‹ÍKŒÍËLŒ‹•QKKŒLKŒËLŒLLÍMLŒÍLÌM‹KBˆ’N’L‘È‹•ÛÛˆ‹ŒMËLKLKŒMËLLKLLËŒŒMËLLH‹’Ø\H[™š^ÛÛˆ‹”İ[[Y\ˆÙ]Ø[‹•Ù\İ‹‘Õ˜\ÚXÈ‹‘Õ‹ML–ZÛ[™È‹™š[˜[˜ÙH‹•[š]Yİ]\È‹ÍLÍËŒŒLË•QKKMKKŒNNNNNNNËKBˆ••ÌÒĞVVˆ‹•ÛÛˆ‹ŒMËLKLKŒMËLLKLL‹ŒŒMËLLH‹’Ø\H[™š^ÛÛˆ‹”İ[[Y\ˆÙ]Ø[‹•Ù\İ‹‘Õ›È‹‘Õ‹ŒK‘Û˜ÛÛˆ‹XÚ›ÛÙŞH‹•[š]Yİ]\È‹NËÌ‹MLK•QKKLŒMLNNLMŒŒËKBˆS’PÓTH‹“Üİ‹ŒMËLKLKŒMËLLLŒŒMËLL‹“X\Hœ™]Y[˜\™È‹“Y[š[ˆX\[ˆ‹Ù[˜[‹‘Õ\È˜\ÚXÈ‹‘Õ‹LM‹‘ÛXÚH‹œÛÙØ\™H‹•[š]Yİ]\È‹ŒNLË•QKKKBˆ’ĞT’PÌH‹“Üİ‹ŒMËLKLKŒMËLLLËŒŒMËLL‹“X]\™Y[ˆX\˜Ø[›È‹”İ[[Y\ˆÙ]Ø[‹•Ù\İ‹‘Õ˜\ÚXÈ‹‘Õ‹ML–KXÛÜœÜ˜][Ûˆ‹™[\Ş[Y[‹•[š]Yİ]\È‹ÌKŒÍKMMŒK•QKKBˆ“Œ”ÓSÖ”ˆ‹“Üİ‹ŒMËLKLKŒMËLLLŒŒMËLL‹“[ÜÙ\Èœ˜\ÙH‹‘\İ[ˆœš[šÛX[›ˆ‹Ù[˜[‹‘Õ˜\ÚXÈ‹‘Õ‹ML‘š[šYÚ‹™š[˜[˜ÙH‹•[š]Yİ]\È‹LL‹ËMÍNK•QKKKBˆŒ•RĞ”È‹“Üİ‹ŒMËLKLKŒMËLLKLÌŒŒMËLLH‹“[ÜÙ\Èœ˜\ÙH‹‘\İ[ˆœš[šÛX[›ˆ‹Ù[˜[‹“QÈÜXÚX[‹“QÈ‹MK–[YÛÚ]H‹›YYXØ[‹•[š]Yİ]\È‹KŒLŒL•QK‹KBˆ’ÕLSÔŒÒˆ‹•ÛÛˆ‹ŒMËLKLKŒMËLLLŒŒMËLL‹“šY\ÚHY™š[™\È‹“Y[š[ˆX\[ˆ‹Ù[˜[‹‘Õ\È˜\ÚXÈ‹‘Õ‹LM‹–[YÛÚ]H‹›YYXØ[‹•[š]Yİ]\È‹KŒLŒL•QKKLNKKLŒMMNNMKKBˆ”‘ÒÕÓÌH‹•ÛÛˆ‹ŒMËLKLKŒMËLLKLŒŒMËLLH‹“šY\ÚHY™š[™\È‹“Y[š[ˆX\[ˆ‹Ù[˜[‹“QÈÜXÚX[‹“QÈ‹MK’İXÚH‹XÚ›ÛÙŞH‹’ÛÜ™XH‹MÌŒÎMNK•QKKLKŒÌÌÌÌÌÌÌKBˆ’QRV•LÕH‹“Üİ‹ŒMËLKLKŒMËLL‹LŒŒMËLLˆ‹”™YYÛ\\ˆ‹”›ØØÛÈ™]X™\‹‘X\İ‹‘Õ\È˜\ÚXÈ‹‘Õ‹LM‹“X]İXÚ‹›X\šÙ][™È‹’›Ü™[ˆ‹ÌË‹MLM‹•QKLKBˆ”V–Tˆ‹‘[™ØYÚ[™È‹ŒMËLKLK”›ÜØ[[˜HY]\ˆ‹Ù[XH›İXÚH‹•Ù\İ‹‘Õ›È‹‘Õ‹ŒK•[šÛ›İÛˆ‹•[šÛ›İÛˆ‹•[šÛ›İÛˆ‹SÑKˆŒÍRÖ”U‹“Üİ‹ŒMËLKLKŒMËLLLËŒŒMËLL‹”›ÜØ[[˜HY]\ˆ‹Ù[XH›İXÚH‹•Ù\İ‹“QÈY˜[˜ÙY‹“QÈ‹ÌÎLË–ZÛ[™È‹™š[˜[˜ÙH‹•[š]Yİ]\È‹ÍLÍËŒŒLË•QKKBˆ•V”TÈ‹“Üİ‹ŒMËLKLKŒMËLLLËŒŒMËLL‹•™\œÚYH[Xœ˜[™‹‘\İ[ˆœš[šÛX[›ˆ‹Ù[˜[‹‘Õ\È˜\ÚXÈ‹‘Õ‹LM‹‘ÛXÚH‹œÛÙØ\™H‹•[š]Yİ]\È‹ŒNLË•QKKBˆ•’ĞT‘’•‹•ÛÛˆ‹ŒMËLKLKŒMËLLKLŒŒŒMËLLH‹•™\œÚYH[Xœ˜[™‹‘\İ[ˆœš[šÛX[›ˆ‹Ù[˜[‹“QÈÜXÚX[‹“QÈ‹MKÛÛ™^‹›YYXØ[‹•[š]Yİ]\È‹MK•QKKMKM‹KBˆ–NRÑÓÔH‹•ÛÛˆ‹ŒMËLKLKŒMËLLLŒŒMËLL‹•™\œÚYH[Xœ˜[™‹‘\İ[ˆœš[šÛX[›ˆ‹Ù[˜[‹“QÈÜXÚX[‹“QÈ‹MK™[X˜\ÙH‹›X\šÙ][™È‹•[š]Yİ]\È‹ŒMÌËNL•QKKLËKŒÍŒÍŒÍŒÍŒÍŒÍŒÍKBˆ’ĞQVŒ–ˆ‹“Üİ‹ŒMËLKLKŒMËLLLKŒŒMËLL‹•šXÚÚHY›[[YH‹Ù[XH›İXÚH‹•Ù\İ‹“QÈÜXÚX[‹“QÈ‹MK”\Üİš\‹™[\Z[›Y[‹•[š]Yİ]\È‹ÍKKÌMK•QKLKBˆ“VV•ˆ‹•ÛÛˆ‹ŒMËLKLKŒMËLL‹LKŒŒMËLLˆ‹•Ú[\›ˆ˜\œ™[ˆ‹Ø\˜HÜØÚ‹‘X\İ‹‘Õ\È›È‹‘Õ‹M‹‘Ûœ]XYXÚ‹XÚ›ÛÙŞH‹•[š]Yİ]\È‹MÌL‹ÌNM•QKKNMŒÍKLŒÌNMMMÎŒŒKKBˆŒ“P•‘”‹•ÛÛˆ‹ŒMËLKLKŒMËLLLŒŒMËLL‹–˜[™H]H‹”İ[[Y\ˆÙ]Ø[‹•Ù\İ‹“QÈY˜[˜ÙY‹“QÈ‹ÌÎLË‘Ü›Ûİ™\İ™Y]‹œ™]Z[‹•[š]Yİ]\È‹ŒŒËNK•QKKÍÎKLŒLÌŒNNMMMNKKBˆÒSU‘MH‹“Üİ‹ŒMËLKL‹ŒMËLLL‹ŒŒMËLL‹[›˜HÛ™[[™È‹‘\İ[ˆœš[šÛX[›ˆ‹Ù[˜[‹“QÈÜXÚX[‹“QÈ‹MKØ[˜Ú]H‹œ™]Z[‹•[š]Yİ]\È‹ÌNŒ‹•QKLKBˆ”L”Q•È‹•ÛÛˆ‹ŒMËLKL‹ŒMËLLKLËŒŒMËLLH‹[›˜HÛ™[[™È‹‘\İ[ˆœš[šÛX[›ˆ‹Ù[˜[‹“QÈÜXÚX[‹“QÈ‹MK‘ÛØ™^ÛÜœÜ˜][Ûˆ‹XÚ›ÛÙŞH‹“›ÜØ^H‹LŒŒËÌ‹MË•QKKMÎŒNNNNNNN‹KBˆŒÑÓĞ”RH‹“Üİ‹ŒMËLKL‹ŒMËLLKL‹ŒŒMËLLH‹›Üš\È˜^ˆ‹”›ØØÛÈ™]X™\‹‘X\İ‹‘Õ\È˜\ÚXÈ‹‘Õ‹LM‹’ÛÛ™^‹XÚ›ÛÙŞH‹•[š]Yİ]\È‹ÍÌŒÎLÍÍM‹•QKKKBˆ–RÖ‘”UÒÈ‹“Üİ‹ŒMËLKL‹ŒMËLLLKŒŒMËLL‹Ø\ÜÙ^HÜ™\ÜÈ‹”›ØØÛÈ™]X™\‹‘X\İ‹‘Õ˜\ÚXÈ‹‘Õ‹ML’Ú[›˜[\\È‹œ™]Z[‹•[š]Yİ]\È‹Ì‹Ì‹NÌK•QKKKBˆ’LRSMÕÈ‹“Üİ‹ŒMËLKL‹ŒMËLKLŒŒMËLH‹Ø\ÜÙ^HÜ™\ÜÈ‹”›ØØÛÈ™]X™\‹‘X\İ‹“QÈY˜[˜ÙY‹“QÈ‹ÌÎLË’\Ù[XİšXÜÈ‹XÚ›ÛÙŞH‹•[š]Yİ]\È‹LËŒLKM•QK‹KBˆŒ–UH‹“Üİ‹ŒMËLKL‹ŒMËLLL‹ŒŒMËLL‹ÙXÚ[H[\Ú[ˆ‹‘\İ[ˆœš[šÛX[›ˆ‹Ù[˜[‹‘Õ\È›È‹‘Õ‹M‹•İYÚ˜\‹œ™]Z[‹•[š]Yİ]\È‹ÌÌ‹ËÎNK•QKLKBˆÖ–‘TÈ‹“Üİ‹ŒMËLKL‹ŒMËLLLËŒŒMËLL‹ÙXÚ[H[\Ú[ˆ‹‘\İ[ˆœš[šÛX[›ˆ‹Ù[˜[‹“QÈÜXÚX[‹“QÈ‹MK’\ÙÛH‹›YYXØ[‹•[š]Yİ]\È‹ÌMÎŒM•QKLKKBˆŒÓUU”‹•ÛÛˆ‹ŒMËLKL‹ŒMËLLLËŒŒMËLL‹ÙXÚ[H[\Ú[ˆ‹‘\İ[ˆœš[šÛX[›ˆ‹Ù[˜[‹“QÈÜXÚX[‹“QÈ‹MK”İ]Û[™ÜÈ‹™[\Ş[Y[‹•[š]Yİ]\È‹LKŒËN‹•QKKMKËKBˆ‘ÍÔRTQĞH‹‘[™ØYÚ[™È‹ŒMËLKL‹ÛÜ›\ÜÈÛÜÛYH‹Ø\˜HÜØÚ‹‘X\İ‹‘Õ›È‹‘Õ‹ŒK•[šÛ›İÛˆ‹•[šÛ›İÛˆ‹•[šÛ›İÛˆ‹SÑKˆÒL“Ì–Ôˆ‹“Üİ‹ŒMËLKL‹ŒMËLLKLNKŒŒMËLLH‹ÛÜ›\ÜÈÛÜÛYH‹Ø\˜HÜØÚ‹‘X\İ‹‘Õ\È˜\ÚXÈ‹‘Õ‹LM‹–^›Ø˜[H‹™[\Z[›Y[‹•[š]Yİ]\È‹ÎÎŒÎKÍ•QKMKBˆ”ÕVÒ‘“È‹“Üİ‹ŒMËLKL‹ŒMËLLKLNKŒŒMËLLH‹‘[šY[[[XXÚÈ‹”›ØØÛÈ™]X™\‹‘X\İ‹‘Õ\È˜\ÚXÈ‹‘Õ‹LM‹’ÛÛ™^‹XÚ›ÛÙŞH‹•[š]Yİ]\È‹ÍÌŒÎLÍÍM‹•QKMKBˆQÔÌÈ‹“Üİ‹ŒMËLKL‹ŒMËLLLËŒŒMËLL‹‘\˜Ù[ØÚXÚ‹“Y[š[ˆX\[ˆ‹Ù[˜[‹‘Õ›È‹‘Õ‹ŒK’İXÚH‹XÚ›ÛÙŞH‹’ÛÜ™XH‹MÌŒÎMNK•QKËKBˆŒSÓŒÖM“È‹“Üİ‹ŒMËLKL‹ŒMËLLL‹ŒŒMËLL‹‘\˜Ù[ØÚXÚ‹“Y[š[ˆX\[ˆ‹Ù[˜[‹“QÈÜXÚX[‹“QÈ‹MK”İ™Y]^‹œ™]Z[‹™[Ú][H‹LÍÍ‹LMK•QK‹KBˆ’ÑRÒQH‹“Üİ‹ŒMËLKL‹ŒMËLLKLLËŒŒMËLLH‹‘Û›ˆØ[™[‹”›ØØÛÈ™]X™\‹‘X\İ‹‘Õ›È‹‘Õ‹ŒK‘Ø[š˜Y›^‹œ™]Z[‹’˜\[ˆ‹LMNÌKMÍÎK•QKKBˆŒLSNU‘ˆ‹“Üİ‹ŒMËLKL‹ŒMËLLLKŒŒMËLL‹‘[X\ÙHÛXÚÈ‹Ù[XH›İXÚH‹•Ù\İ‹‘Õ›È‹‘Õ‹ŒK”ÛÛœ›Ûˆ‹[XÛÛ[][šXØ][ÛœÈ‹•[š]Yİ]\È‹MNKKLL•QKLËKBˆ“ŒŒ–H‹•ÛÛˆ‹ŒMËLKL‹ŒMËLLKLËŒŒMËLLH‹‘[X\ÙHÛXÚÈ‹Ù[XH›İXÚH‹•Ù\İ‹“QÈÜXÚX[‹“QÈ‹MK”ÛÛœ›Ûˆ‹[XÛÛ[][šXØ][ÛœÈ‹•[š]Yİ]\È‹MNKKLL•QKKŒ‹ŒLÌÌÌÌÌÌËKBˆ–“‘LRQˆ‹“Üİ‹ŒMËLKL‹ŒMËLLKLŒŒMËLLH‹’^Y[ˆ™[Û\È‹Ù[XH›İXÚH‹•Ù\İ‹‘Õ\È˜\ÚXÈ‹‘Õ‹LM‹’İXÚH‹XÚ›ÛÙŞH‹’ÛÜ™XH‹MÌŒÎMNK•QKNKKBˆ‘ÒĞˆ‹•ÛÛˆ‹ŒMËLKL‹ŒMËLL‹LMŒŒMËLLˆ‹’^Y[ˆ™[Û\È‹Ù[XH›İXÚH‹•Ù\İ‹“QÈY˜[˜ÙY‹“QÈ‹ÌÎLË‘š[š›Øˆ‹™[\Ş[Y[‹•[š]Yİ]\È‹ŒNKKÍ•QKKÍMLËÎKLŒÌMMNLLŒÍKBˆ–RQ‘ĞQQ‹“Üİ‹ŒMËLKL‹ŒMËLLLŒŒMËLL‹’˜[Y\È\ØÙ[˜Ú[È‹”İ[[Y\ˆÙ]Ø[‹•Ù\İ‹‘Õ\È›È‹‘Õ‹M‹–ZÛ[™È‹™š[˜[˜ÙH‹•[š]Yİ]\È‹ÍLÍËŒŒLË•QKKBˆ”Q’ÓURÌˆ‹•ÛÛˆ‹ŒMËLKL‹ŒMËLLLKŒŒMËLL‹’Ø\H[™š^ÛÛˆ‹”İ[[Y\ˆÙ]Ø[‹•Ù\İ‹‘Õ›È‹‘Õ‹ŒK’‹U^Ûˆ‹œ™]Z[‹•[š]Yİ]\È‹LÎËÍNË•QKKÌËKŒNMNMMËKBˆ“PÌÓÔÑŒ‹•ÛÛˆ‹ŒMËLKL‹ŒMËLLL‹ŒŒMËLL‹’Ø\H[™š^ÛÛˆ‹”İ[[Y\ˆÙ]Ø[‹•Ù\İ‹“QÈÜXÚX[‹“QÈ‹MK”İ[›˜[\^‹›X\šÙ][™È‹”Û[™‹MŒÍËMNLË•QKKK‹LŒNNNNNNN‹KBˆÍÑÖSVH‹•ÛÛˆ‹ŒMËLKL‹ŒMËLL‹LKŒŒMËLLˆ‹“ZX[˜H™[˜Ú[‹‘\İ[ˆœš[šÛX[›ˆ‹Ù[˜[‹‘Õ˜\ÚXÈ‹‘Õ‹ML”˜[™Ü™Y[ˆ‹XÚ›ÛÙŞH‹”[˜[XH‹LÎËÍÍK•QKKNKLLŒŒÍŒÍŒÍŒÍŒÍŒÍŒÍËKBˆ’–TÔ”ˆ‹‘[™ØYÚ[™È‹ŒMËLKL‹“X\šÚ]H[œÙ[ˆ‹Ù[XH›İXÚH‹•Ù\İ‹‘Õ\È˜\ÚXÈ‹‘Õ‹LM‹•[šÛ›İÛˆ‹•[šÛ›İÛˆ‹•[šÛ›İÛˆ‹SÑKˆ’ÍÎU•“•ˆ‹“Üİ‹ŒMËLKL‹ŒMËLLLËŒŒMËLL‹“X\šÚ]H[œÙ[ˆ‹Ù[XH›İXÚH‹•Ù\İ‹“QÈÜXÚX[‹“QÈ‹MK”^˜\‹œ™]Z[‹•[š]Yİ]\È‹ÍËKÍ•QKËKBˆ‘”M‹“Üİ‹ŒMËLKL‹ŒMËLLLËŒŒMËLL‹“X\Hœ™]Y[˜\™È‹“Y[š[ˆX\[ˆ‹Ù[˜[‹‘Õ\È˜\ÚXÈ‹‘Õ‹LM‹‘Û^›ÛÛH‹™[\Z[›Y[‹•[š]Yİ]\È‹ŒMËËMLK•QKËKBˆ‘–‘MÍN‹“Üİ‹ŒMËLKL‹ŒMËLLLËŒŒMËLL‹“X\Hœ™]Y[˜\™È‹“Y[š[ˆX\[ˆ‹Ù[˜[‹“QÈY˜[˜ÙY‹“QÈ‹ÌÎLËØ[˜Ú]H‹œ™]Z[‹•[š]Yİ]\È‹ÌNŒ‹•QKLKKBˆŒÒQ•QH‹“Üİ‹ŒMËLKL‹ŒMËLLLŒŒMËLL‹“X\Hœ™]Y[˜\™È‹“Y[š[ˆX\[ˆ‹Ù[˜[‹“QÈY˜[˜ÙY‹“QÈ‹ÌÎLË”˜[™Ü™Y[ˆ‹XÚ›ÛÙŞH‹”[˜[XH‹LÎËÍÍK•QKKBˆ“V”ĞÑ’–”È‹•ÛÛˆ‹ŒMËLKL‹ŒMËLLLËŒŒMËLL‹“X\Hœ™]Y[˜\™È‹“Y[š[ˆX\[ˆ‹Ù[˜[‹‘Õ\È›È‹‘Õ‹M‹’ÛÛ›X]š^‹›X\šÙ][™È‹•[š]Yİ]\È‹ÍÍKËLNL•QKKMÌLKLŒLŒNNNLMLKKBˆ‘–UQ‹“Üİ‹ŒMËLKL‹ŒMËLLLKŒŒMËLL‹“X]\™Y[ˆX\˜Ø[›È‹”İ[[Y\ˆÙ]Ø[‹•Ù\İ‹“QÈÜXÚX[‹“QÈ‹MK’İXÚH‹XÚ›ÛÙŞH‹’ÛÜ™XH‹MÌŒÎMNK•QKKKBˆVŒÌP‘ˆ‹•ÛÛˆ‹ŒMËLKL‹ŒMËLLKLMKŒŒMËLLH‹“[ÜÙ\Èœ˜\ÙH‹‘\İ[ˆœš[šÛX[›ˆ‹Ù[˜[‹‘Õ˜\ÚXÈ‹‘Õ‹MLš[ÚÛ[™È‹›YYXØ[‹”[\[™\È‹NËŒÍLÍM‹•QKKMÌKLLŒÎNNNNNNKKBˆ”Ò”Óˆ‹•ÛÛˆ‹ŒMËLKL‹ŒMËLL‹LŒŒMËLLˆ‹“[ÜÙ\Èœ˜\ÙH‹‘\İ[ˆœš[šÛX[›ˆ‹Ù[˜[‹‘Õ˜\ÚXÈ‹‘Õ‹ML”ØÛİXÚ‹›X\šÙ][™È‹•[š]Yİ]\È‹KŒÎKL•QKKŒNKKLŒLMMMMMMKKBˆ”MQL’S‹•ÛÛˆ‹ŒMËLKL‹ŒMËLLLËŒŒMËLL‹”™YYÛ\\ˆ‹”›ØØÛÈ™]X™\‹‘X\İ‹“QÈY˜[˜ÙY‹“QÈ‹ÌÎLË‘ÛØ\™H‹›X\šÙ][™È‹•[š]Yİ]\È‹LNMËMÌ•QKKNËŒLŒMŒLMMŒ‹KBˆ”‘•RŒH‹•ÛÛˆ‹ŒMËLKL‹ŒMËLLLKŒŒMËLL‹”›ÜÚYH\YÜİ[ÜÈ‹Ø\˜HÜØÚ‹‘X\İ‹‘Õ˜\ÚXÈ‹‘Õ‹MLš[Ü^‹›YYXØ[‹•[š]Yİ]\È‹Ì‹‹LM‹•QKKMNKLŒMMMMMMM‹KBˆÍ“•NNˆ‹•ÛÛˆ‹ŒMËLKL‹ŒMËLL‹L‹ŒŒMËLLˆ‹”›ÜÚYH\YÜİ[ÜÈ‹Ø\˜HÜØÚ‹‘X\İ‹“QÈÜXÚX[‹“QÈ‹MKÛÛ™^‹›YYXØ[‹•[š]Yİ]\È‹MK•QKKMËËLŒÍŒÍŒÍŒÍŒÍŒÍŒÍKBˆŒLÓÎ•Õ‹•ÛÛˆ‹ŒMËLKL‹ŒMËLLKLÌŒŒMËLLH‹•š[Û]XÛ[[™‹Ø\˜HÜØÚ‹‘X\İ‹“QÈÜXÚX[‹“QÈ‹MK’[š]XÚ‹[XÛÛ[][šXØ][ÛœÈ‹•[š]Yİ]\È‹ŒÎMKŒKŒÍK•QKKŒKKLŒLLLLLLLKKBˆTÌÒVRT“È‹•ÛÛˆ‹ŒMËLKLËŒMËLL‹L‹ŒŒMËLLˆ‹[›˜HÛ™[[™È‹‘\İ[ˆœš[šÛX[›ˆ‹Ù[˜[‹‘Õ˜\ÚXÈ‹‘Õ‹ML’İXÚH‹XÚ›ÛÙŞH‹’ÛÜ™XH‹MÌŒÎMNK•QKKMËLŒLÌÌÌÌÌÌËKBˆ“UÔ‘‘È‹•ÛÛˆ‹ŒMËLKLËŒMËLL‹LL‹ŒŒMËLLˆ‹›Üš\È˜^ˆ‹”›ØØÛÈ™]X™\‹‘X\İ‹‘Õ›È‹‘Õ‹ŒK–›İØ\™H‹œÛÙØ\™H‹•[š]Yİ]\È‹ÎËLÎK•QKKLKÍ‹ŒMÍÎÌLN‹KBˆ”RÎNMŒ”ˆ‹•ÛÛˆ‹ŒMËLKLËŒMËLL‹LKŒŒMËLLˆ‹Ø\ÜÙ^HÜ™\ÜÈ‹”›ØØÛÈ™]X™\‹‘X\İ‹‘Õ\È›È‹‘Õ‹M‹‘Ø[š˜Y›^‹œ™]Z[‹’˜\[ˆ‹LMNÌKMÍÎK•QKKLÌKLËŒÌÌMÌMÌŒÌ‹KBˆ‘UÌTÈ‹•ÛÛˆ‹ŒMËLKLËŒMËLLLKŒŒMËLL‹ÛÜ›\ÜÈÛÜÛYH‹Ø\˜HÜØÚ‹‘X\İ‹‘Õ˜\ÚXÈ‹‘Õ‹ML’Ú[›˜[\\È‹œ™]Z[‹•[š]Yİ]\È‹Ì‹Ì‹NÌK•QKKMKŒKKBˆ“R’TÔTÑ‹•ÛÛˆ‹ŒMËLKLËŒMËLLLKŒŒMËLL‹ÛÜ›\ÜÈÛÜÛYH‹Ø\˜HÜØÚ‹‘X\İ‹‘Õ\È˜\ÚXÈ‹‘Õ‹LM‹š[Ü^‹›YYXØ[‹•[š]Yİ]\È‹Ì‹‹LM‹•QKKMMKŒLMŒÍLÍM‹KBˆÖNÎH‹•ÛÛˆ‹ŒMËLKLËŒMËLLLŒŒMËLL‹‘[šY[[[XXÚÈ‹”›ØØÛÈ™]X™\‹‘X\İ‹‘Õ\È˜\ÚXÈ‹‘Õ‹LM‹’\Ù[XİšXÜÈ‹XÚ›ÛÙŞH‹•[š]Yİ]\È‹LËŒLKM•QKKLŒKËLŒLMÍÌÌNLÌËKBˆ”MRNR•ÒÈ‹“Üİ‹ŒMËLKLËŒMËLLL‹ŒŒMËLL‹‘\˜Ù[ØÚXÚ‹“Y[š[ˆX\[ˆ‹Ù[˜[‹‘Õ›È‹‘Õ‹ŒK”›Û‹]XÚ‹›YYXØ[‹•[š]Yİ]\È‹ÎLŒ‹‹ÍË•QKKKBˆ”ÒĞÔPÖ‹•ÛÛˆ‹ŒMËLKLËŒMËLL‹LKŒŒMËLLˆ‹‘\˜Ù[ØÚXÚ‹“Y[š[ˆX\[ˆ‹Ù[˜[‹‘Õ˜\ÚXÈ‹‘Õ‹MLÛÛ™XÛÛH‹XÚ›ÛÙŞH‹•[š]Yİ]\È‹MLŒ‹N‹•QKKŒKLŒLMMMMMMKKBˆ•RÔQ‹•ÛÛˆ‹ŒMËLKLËŒMËLLKLLËŒŒMËLLH‹‘\˜Ù[ØÚXÚ‹“Y[š[ˆX\[ˆ‹Ù[˜[‹‘Õ›È‹‘Õ‹ŒK•Ø\™\\ÙH‹œÙ\šXÙ\È‹•[š]Yİ]\È‹ŒKÌËLÍ‹•QKKLMKËŒŒÍÌŒÌMMÍËKBˆ”ÒNÍ’ÍH‹“Üİ‹ŒMËLKLËŒMËLLL‹ŒŒMËLL‹‘Û›ˆØ[™[‹”›ØØÛÈ™]X™\‹‘X\İ‹‘Õ›È‹‘Õ‹ŒK”Ú[\È‹›YYXØ[‹•[š]Yİ]\È‹NŒÎŒL•QKKKBˆ–‘•“Sˆ‹•ÛÛˆ‹ŒMËLKLËŒMËLL‹LNŒŒMËLLˆ‹‘[X\ÙHÛXÚÈ‹Ù[XH›İXÚH‹•Ù\İ‹“QÈY˜[˜ÙY‹“QÈ‹ÌÎLË‘Ü™Y[‹T\È‹œÙ\šXÙ\È‹•[š]Yİ]\È‹L‹ŒNKNLŒ‹•QKKÍÍÌ‹‹LŒLLMÌMNNMÍŒ‹KBˆ“‘QPŒ‘È‹“Üİ‹ŒMËLKLËŒMËLLLKŒŒMËLL‹‘Ø\œ™]Ú[™\ˆ‹Ø\˜HÜØÚ‹‘X\İ‹“QÈY˜[˜ÙY‹“QÈ‹ÌÎLË’Ø[‹XÛÙH‹œÛÙØ\™H‹•[š]Yİ]\È‹LMNŒËÍ•QKKBˆ’QÑ”QÖ‘È‹•ÛÛˆ‹ŒMËLKLËŒMËLL‹LŒŒMËLLˆ‹‘ÛY\ÈÛÛÛİYÚ‹“Y[š[ˆX\[ˆ‹Ù[˜[‹‘Õ˜\ÚXÈ‹‘Õ‹MLš[ÚÛ[™È‹›YYXØ[‹”[\[™\È‹NËŒÍLÍM‹•QKKMÌ‹ŒNNNNNNN‹KBˆ–L‘‘“ˆ‹•ÛÛˆ‹ŒMËLKLËŒMËLKLÌŒŒMËLH‹‘ÛY\ÈÛÛÛİYÚ‹“Y[š[ˆX\[ˆ‹Ù[˜[‹“QÈY˜[˜ÙY‹“QÈ‹ÌÎLËØ[˜Ú]H‹œ™]Z[‹•[š]Yİ]\È‹ÌNŒ‹•QKKËŒMÍÍÌMNML‹KBˆ’M•PÓL’H‹•ÛÛˆ‹ŒMËLKLËŒMËLLLKŒŒMËLL‹‘ÛY\ÈÛÛÛİYÚ‹“Y[š[ˆX\[ˆ‹Ù[˜[‹“QÈY˜[˜ÙY‹“QÈ‹ÌÎLË”İ[œ™Y^‹™š[˜[˜ÙH‹•[š]Yİ]\È‹MNŒ‹ÍÎN•QKKÌLŒŒMMNLÎMÌÌNKBˆ”MÓH‹•ÛÛˆ‹ŒMËLKLËŒMËLLLËŒŒMËLL‹’^Y[ˆ™[Û\È‹Ù[XH›İXÚH‹•Ù\İ‹‘Õ\È˜\ÚXÈ‹‘Õ‹LM‹”^˜\‹œ™]Z[‹•[š]Yİ]\È‹ÍËKÍ•QKKLŒÌ‹LLŒLÍNLLÍ‹KBˆ–ÌNQ–H‹•ÛÛˆ‹ŒMËLKLËŒMËLLLŒŒMËLL‹’^Y[ˆ™[Û\È‹Ù[XH›İXÚH‹•Ù\İ‹“QÈY˜[˜ÙY‹“QÈ‹ÌÎLË’]˜[ˆ‹œÙ\šXÙ\È‹•[š]Yİ]\È‹ÎL‹‹LNK•QKKLKËŒMÌMLMŒNNM‹KBˆ‘”ÖUM–QH‹‘[™ØYÚ[™È‹ŒMËLKLË’˜[Y\È\ØÙ[˜Ú[È‹”İ[[Y\ˆÙ]Ø[‹•Ù\İ‹‘Õ›È‹‘Õ‹ŒK•[šÛ›İÛˆ‹•[šÛ›İÛˆ‹•[šÛ›İÛˆ‹SÑKˆ••PQ•ÔÈ‹•ÛÛˆ‹ŒMËLKLËŒMËLL‹LËŒŒMËLLˆ‹’˜[Y\È\ØÙ[˜Ú[È‹”İ[[Y\ˆÙ]Ø[‹•Ù\İ‹‘Õ\È˜\ÚXÈ‹‘Õ‹LM‹“^\]›Û^‹›YYXØ[‹•[š]Yİ]\È‹MŒNKÎK•QKKLMÎÌKLŒÍMÍLNMÍL‹KBˆ”ÖŒÕĞÕˆ‹•ÛÛˆ‹ŒMËLKLËŒMËLL‹LŒ‹ŒŒMËLLˆ‹’›Û˜][ˆ™\[İ‹“Y[š[ˆX\[ˆ‹Ù[˜[‹‘Õ›È‹‘Õ‹ŒK•™Y\][İH‹[XÛÛ[][šXØ][ÛœÈ‹•[š]Yİ]\È‹L‹ŒKNMK•QKKK‹LŒNMMMÌMLŒËKBˆTQUĞÒ‹“Üİ‹ŒMËLKLËŒMËLL‹LËŒŒMËLLˆ‹’Ø[ZHšXÚÛ™[‹”İ[[Y\ˆÙ]Ø[‹•Ù\İ‹“QÈY˜[˜ÙY‹“QÈ‹ÌÎLËÚY\œÈ‹™[\Z[›Y[‹•[š]Yİ]\È‹KKÌ‹•QKËKBˆ•ÕÓ’H‹“Üİ‹ŒMËLKLËŒMËLLL‹ŒŒMËLL‹“ZX[˜H™[˜Ú[‹‘\İ[ˆœš[šÛX[›ˆ‹Ù[˜[‹‘Õ\È›È‹‘Õ‹M‹’[š]H‹›X\šÙ][™È‹•[š]Yİ]\È‹ËNK•QKKKBˆ–Ğˆ‹•ÛÛˆ‹ŒMËLKLËŒMËLL‹LNŒŒMËLLˆ‹“ZX[˜H™[˜Ú[‹‘\İ[ˆœš[šÛX[›ˆ‹Ù[˜[‹‘Õ˜\ÚXÈ‹‘Õ‹MLÛÛ™^‹›YYXØ[‹•[š]Yİ]\È‹MK•QKKLË‹ŒÎNNNNNNKKBˆ‘RÌÓ”•È‹•ÛÛˆ‹ŒMËLKLËŒMËLLL‹ŒŒMËLL‹“ZX[˜H™[˜Ú[‹‘\İ[ˆœš[šÛX[›ˆ‹Ù[˜[‹“QÈY˜[˜ÙY‹“QÈ‹ÌÎLËš[ÚÛ[™È‹›YYXØ[‹”[\[™\È‹NËŒÍLÍM‹•QKKÍKKLŒŒÍŒÍÍKKBˆ”LUÖ‹“Üİ‹ŒMËLKLËŒMËLLLKŒŒMËLL‹“X\šÚ]H[œÙ[ˆ‹Ù[XH›İXÚH‹•Ù\İ‹‘Õ\È˜\ÚXÈ‹‘Õ‹LM‹‘Û˜ÛÛˆ‹XÚ›ÛÙŞH‹•[š]Yİ]\È‹NËÌ‹MLK•QKKBˆ•”ÍSÕˆ‹“Üİ‹ŒMËLKLËŒMËLLL‹ŒŒMËLL‹“X\Hœ™]Y[˜\™È‹“Y[š[ˆX\[ˆ‹Ù[˜[‹‘Õ\È˜\ÚXÈ‹‘Õ‹LM‹‘ÛXÚH‹œÛÙØ\™H‹•[š]Yİ]\È‹ŒNLË•QKKKBˆ’ÎMĞÒÎU‹•ÛÛˆ‹ŒMËLKLËŒMËLLLKŒŒMËLL‹“X\Hœ™]Y[˜\™È‹“Y[š[ˆX\[ˆ‹Ù[˜[‹‘Õ\È›È‹‘Õ‹M‹•™Y\][İH‹[XÛÛ[][šXØ][ÛœÈ‹•[š]Yİ]\È‹L‹ŒKNMK•QKKLŒÍÎMÍNKBˆŒSNĞV‹‘[™ØYÚ[™È‹ŒMËLKLË”›ÜØ[[˜HY]\ˆ‹Ù[XH›İXÚH‹•Ù\İ‹‘ÕÈL‹‘ÕÈ‹Í™]\ÛÛÚ[ˆ‹›YYXØ[‹•[š]Yİ]\È‹LKKMKSÑKKBˆQÌĞÔMˆ‹•ÛÛˆ‹ŒMËLKLËŒMËLLKLËŒŒMËLLH‹”›ÜØ[[˜HY]\ˆ‹Ù[XH›İXÚH‹•Ù\İ‹“QÈÜXÚX[‹“QÈ‹MK‘š[š›Øˆ‹™[\Ş[Y[‹•[š]Yİ]\È‹ŒNKKÍ•QKKLŒKŒLLLLLLLKKBˆUP•M•UÍ‹•ÛÛˆ‹ŒMËLKLËŒMËLKLKŒŒMËLH‹•™\œÚYH[Xœ˜[™‹‘\İ[ˆœš[šÛX[›ˆ‹Ù[˜[‹“QÈÜXÚX[‹“QÈ‹MK‘Ù[˜ÛÈ\˜HÛ]™HÚ[ÛÛ\[H‹œ™]Z[‹’][H‹MŒÌËMŒÍK•QKKNK‹LŒÌÌÌÌÌÌÌKBˆ–”RÌ‹•ÛÛˆ‹ŒMËLKLËŒMËLLLËŒŒMËLL‹•šXÚÚHY›[[YH‹Ù[XH›İXÚH‹•Ù\İ‹“QÈY˜[˜ÙY‹“QÈ‹ÌÎLË’Ø[‹XÛÙH‹œÛÙØ\™H‹•[š]Yİ]\È‹LMNŒËÍ•QKKÍÎM‹LŒLNNMÍM‹KBˆ•ÕSÒ’‹•ÛÛˆ‹ŒMËLKLËŒMËLLLËŒŒMËLL‹•Ú[\›ˆ˜\œ™[ˆ‹Ø\˜HÜØÚ‹‘X\İ‹“QÈY˜[˜ÙY‹“QÈ‹ÌÎLË‘Ø[š˜Y›^‹œ™]Z[‹’˜\[ˆ‹LMNÌKMÍÎK•QKKÍÎ‹‹LŒLMNÌŒÌÍNNKKBˆ‘•R–M”‹“Üİ‹ŒMËLKLŒMËLLLËŒŒMËLL‹Ø\ÜÙ^HÜ™\ÜÈ‹”›ØØÛÈ™]X™\‹‘X\İ‹‘Õ\È˜\ÚXÈ‹‘Õ‹LM‹ÛÛ™^‹›YYXØ[‹•[š]Yİ]\È‹MK•QKKKBˆ“Ô’UÍLNH‹“Üİ‹ŒMËLKLŒMËLL‹LNKŒŒMËLLˆ‹‘Û›ˆØ[™[‹”›ØØÛÈ™]X™\‹‘X\İ‹“QÈY˜[˜ÙY‹“QÈ‹ÌÎLË”\Üİ[š[ˆ‹œ™]Z[‹•[š]Yİ]\È‹MNKNN•QK‹KBˆŒÍUÎLˆ‹•ÛÛˆ‹ŒMËLKLŒMËLLLËŒŒMËLL‹‘Û›ˆØ[™[‹”›ØØÛÈ™]X™\‹‘X\İ‹‘Õ›È‹‘Õ‹ŒK“X]İXÚ‹›X\šÙ][™È‹’›Ü™[ˆ‹ÌË‹MLM‹•QKKMMLËKLŒMLNÍMÌNÌÌMMKBˆÎL’–TÌH‹•ÛÛˆ‹ŒMËLKLŒMËLLLŒŒMËLL‹‘Û›ˆØ[™[‹”›ØØÛÈ™]X™\‹‘X\İ‹“QÈY˜[˜ÙY‹“QÈ‹ÌÎLË’ÛÛ™^‹XÚ›ÛÙŞH‹•[š]Yİ]\È‹ÍÌŒÎLÍÍM‹•QKKÍMMËLLŒÌÍMMMMKKBˆ–M”MÖŒÓÈ‹•ÛÛˆ‹ŒMËLKLŒMËLLLŒŒMËLL‹‘[X\ÙHÛXÚÈ‹Ù[XH›İXÚH‹•Ù\İ‹“QÈÜXÚX[‹“QÈ‹MK‘Ü™Y[‹T\È‹œÙ\šXÙ\È‹•[š]Yİ]\È‹L‹ŒNKNLŒ‹•QKKŒËLLŒMMMMMMM‹KBˆRSNLÓÒH‹“Üİ‹ŒMËLKLŒMËLLKLLKŒŒMËLLH‹‘ÛY\ÈÛÛÛİYÚ‹“Y[š[ˆX\[ˆ‹Ù[˜[‹‘Õ˜\ÚXÈ‹‘Õ‹MLÛÛ™XÛÛH‹XÚ›ÛÙŞH‹•[š]Yİ]\È‹MLŒ‹N‹•QKKBˆ‘ÖLÔVŒ•ˆ‹•ÛÛˆ‹ŒMËLKLŒMËLLL‹ŒŒMËLL‹“ZX[˜H™[˜Ú[‹‘\İ[ˆœš[šÛX[›ˆ‹Ù[˜[‹“QÈY˜[˜ÙY‹“QÈ‹ÌÎLË”ØÛİXÚ‹›X\šÙ][™È‹•[š]Yİ]\È‹KŒÎKL•QKKÍÌLŒLMNLNMMNL‹KBˆ”ÓT’ÌÎQÈ‹‘[™ØYÚ[™È‹ŒMËLKL“X\šÚ]H[œÙ[ˆ‹Ù[XH›İXÚH‹•Ù\İ‹‘Õ›È‹‘Õ‹ŒK•[šÛ›İÛˆ‹•[šÛ›İÛˆ‹•[šÛ›İÛˆ‹SÑKˆ’U–L‘”–ˆ‹“Üİ‹ŒMËLKLŒMËLLKLËŒŒMËLLH‹“X\Hœ™]Y[˜\™È‹“Y[š[ˆX\[ˆ‹Ù[˜[‹‘Õ\È˜\ÚXÈ‹‘Õ‹LM‹‘ÛÙÛŞ›ÛÛH‹[XÛÛ[][šXØ][ÛœÈ‹•[š]Yİ]\È‹‹NË•QKÍ‹KBˆŒÓŒQÍL‘È‹“Üİ‹ŒMËLKLŒMËLLLËŒŒMËLL‹“X\Hœ™]Y[˜\™È‹“Y[š[ˆX\[ˆ‹Ù[˜[‹“QÈY˜[˜ÙY‹“QÈ‹ÌÎLË’İXÚH‹XÚ›ÛÙŞH‹’ÛÜ™XH‹MÌŒÎMNK•QKKKBˆ“ÔŒPRUˆ‹•ÛÛˆ‹ŒMËLKLŒMËLLKLÌŒŒMËLLH‹“X\Hœ™]Y[˜\™È‹“Y[š[ˆX\[ˆ‹Ù[˜[‹‘Õ\È˜\ÚXÈ‹‘Õ‹LM‹”›Û‹]XÚ‹›YYXØ[‹•[š]Yİ]\È‹ÎLŒ‹‹ÍË•QKKLLÌËŒËLŒÌÍÍNLLÍNLL‹KBˆ‘QÓÕNĞŒH‹•ÛÛˆ‹ŒMËLKLŒMËLL‹LKŒŒMËLLˆ‹“X]\™Y[ˆX\˜Ø[›È‹”İ[[Y\ˆÙ]Ø[‹•Ù\İ‹‘Õ\È˜\ÚXÈ‹‘Õ‹LM‹’ÛÛ™^‹XÚ›ÛÙŞH‹•[š]Yİ]\È‹ÍÌŒÎLÍÍM‹•QKKLL‹Ì‹LŒMÎÌŒLMÎÌŒKKBˆ’RRÓ”NH‹•ÛÛˆ‹ŒMËLKLŒMËLL‹LŒŒMËLLˆ‹”›ÜØ[[˜HY]\ˆ‹Ù[XH›İXÚH‹•Ù\İ‹“QÈY˜[˜ÙY‹“QÈ‹ÌÎLË”\Üİš\‹™[\Z[›Y[‹•[š]Yİ]\È‹ÍKKÌMK•QKKÌÎËŒÌÎLÌÌMÍMLÍÎËKBˆ••Ô‹•ÛÛˆ‹ŒMËLKLŒMËLLLKŒŒMËLL‹•™\œÚYH[Xœ˜[™‹‘\İ[ˆœš[šÛX[›ˆ‹Ù[˜[‹“QÈÜXÚX[‹“QÈ‹MKÛÙZİÈ‹œÛÙØ\™H‹•[š]Yİ]\È‹ÌMKK•QKKMKËKBˆ‘‘ÖMÑH‹•ÛÛˆ‹ŒMËLKLŒMËLL‹LŒËŒŒMËLLˆ‹•šXÚÚHY›[[YH‹Ù[XH›İXÚH‹•Ù\İ‹‘Õ˜\ÚXÈ‹‘Õ‹ML‘š[š›Øˆ‹™[\Ş[Y[‹•[š]Yİ]\È‹ŒNKKÍ•QKKN‹ŒMMMMMMM‹KBˆ•ÎSRPTÕˆ‹•ÛÛˆ‹ŒMËLKLŒMËLL‹LÌŒŒMËLLˆ‹•šXÚÚHY›[[YH‹Ù[XH›İXÚH‹•Ù\İ‹“QÈÜXÚX[‹“QÈ‹MK”İ[›˜[\^‹›X\šÙ][™È‹”Û[™‹MŒÍËMNLË•QKKMKLËKBˆR•‘–ˆ‹‘[™ØYÚ[™È‹ŒMËLKL•Ú[\›ˆ˜\œ™[ˆ‹Ø\˜HÜØÚ‹‘X\İ‹‘Õ\È›È‹‘Õ‹M‹•[šÛ›İÛˆ‹•[šÛ›İÛˆ‹•[šÛ›İÛˆ‹SÑKˆŒR‘–Tˆ‹•ÛÛˆ‹ŒMËLKLŒMËLLLKŒŒMËLL‹–˜[™H]H‹”İ[[Y\ˆÙ]Ø[‹•Ù\İ‹‘Õ˜\ÚXÈ‹‘Õ‹MLÚY\œÈ‹™[\Z[›Y[‹•[š]Yİ]\È‹KKÌ‹•QKKMÌKËLŒÎNNNNNNKKBˆÍLQÕÑÕQH‹‘[™ØYÚ[™È‹ŒMËLKLK‘[šY[[[XXÚÈ‹”›ØØÛÈ™]X™\‹‘X\İ‹‘Õ\È˜\ÚXÈ‹‘Õ‹LM‹•[šÛ›İÛˆ‹•[šÛ›İÛˆ‹•[šÛ›İÛˆ‹SÑKˆMŒ’‘ÔRÈ‹•ÛÛˆ‹ŒMËLKLKŒMËLLLKŒŒMËLL‹‘[šY[[[XXÚÈ‹”›ØØÛÈ™]X™\‹‘X\İ‹‘Õ›È‹‘Õ‹ŒKX˜˜Hİ[\‹œÛÙØ\™H‹•[š]Yİ]\È‹NËŒÎKŒLË•QKKM‹‹LŒLNLÌÍNËKBˆ’ÌVŒ’ÒÒ‹“Üİ‹ŒMËLKLKŒMËLLLKŒŒMËLL‹‘\˜Ù[ØÚXÚ‹“Y[š[ˆX\[ˆ‹Ù[˜[‹‘Õ\È˜\ÚXÈ‹‘Õ‹LM‹”İ™Y]^‹œ™]Z[‹™[Ú][H‹LÍÍ‹LMK•QK‹KBˆ•LÑVˆ‹“Üİ‹ŒMËLKLKŒMËLL‹LËŒŒMËLLˆ‹‘Û›ˆØ[™[‹”›ØØÛÈ™]X™\‹‘X\İ‹“QÈÜXÚX[‹“QÈ‹MKš[Ü^‹›YYXØ[‹•[š]Yİ]\È‹Ì‹‹LM‹•QKKKBˆ•’‘ÑH‹•ÛÛˆ‹ŒMËLKLKŒMËLLLKŒŒMËLL‹‘[X\ÙHÛXÚÈ‹Ù[XH›İXÚH‹•Ù\İ‹‘Õ›È‹‘Õ‹ŒK”Ú[™Û]XÚ›È‹œ™]Z[‹•[š]Yİ]\È‹ŒŒMMLÍÍ•QKKLÍ‹LŒLÍMLÍLL‹KBˆUT•”ˆ‹“Üİ‹ŒMËLKLKŒMËLLLËŒŒMËLL‹‘Ø\œ™]Ú[™\ˆ‹Ø\˜HÜØÚ‹‘X\İ‹‘Õ˜\ÚXÈ‹‘Õ‹ML•™Z[Y[Ø\][\™\œÈ‹™š[˜[˜ÙH‹•[š]Yİ]\È‹‹ŒKË•QKKBˆÑNTÍÕSˆ‹“Üİ‹ŒMËLKLKŒMËLLLŒŒMËLL‹‘Ø\œ™]Ú[™\ˆ‹Ø\˜HÜØÚ‹‘X\İ‹“QÈY˜[˜ÙY‹“QÈ‹ÌÎLË–›İØ\™H‹œÛÙØ\™H‹•[š]Yİ]\È‹ÎËLÎK•QKKKBˆ“TLRH‹•ÛÛˆ‹ŒMËLKLKŒMËLLLKŒŒMËLL‹‘ÛY\ÈÛÛÛİYÚ‹“Y[š[ˆX\[ˆ‹Ù[˜[‹‘Õ\È›È‹‘Õ‹M‹’\ÙÛH‹›YYXØ[‹•[š]Yİ]\È‹ÌMÎŒM•QKKMKLLŒÍÍÍNNMMŒÌMÍKKBˆ–TS“Œ‘È‹“Üİ‹ŒMËLKLKŒMËLLLŒŒMËLL‹’˜[Y\È\ØÙ[˜Ú[È‹”İ[[Y\ˆÙ]Ø[‹•Ù\İ‹‘Õ˜\ÚXÈ‹‘Õ‹ML”˜[İXÚ‹[XÛÛ[][šXØ][ÛœÈ‹•[š]Yİ]\È‹LN‹ÌMK•QKKKBˆ’Í’ÓH‹“Üİ‹ŒMËLKLKŒMËLLLLKŒŒMËLL‹’˜[Y\È\ØÙ[˜Ú[È‹”İ[[Y\ˆÙ]Ø[‹•Ù\İ‹“QÈÜXÚX[‹“QÈ‹MK“^\]›Û^‹›YYXØ[‹•[š]Yİ]\È‹MŒNKÎK•QKL‹KBˆMŒQ’‹•ÛÛˆ‹ŒMËLKLKŒMËLL‹LÌŒŒMËLLˆ‹“ZX[˜H™[˜Ú[‹‘\İ[ˆœš[šÛX[›ˆ‹Ù[˜[‹“QÈÜXÚX[‹“QÈ‹MK‘ÛXÚH‹œÛÙØ\™H‹•[š]Yİ]\È‹ŒNLË•QKKL‹L‹ŒMMMMMMM‹KBˆ”M‘R•ÕH‹•ÛÛˆ‹ŒMËLKLKŒMËLL‹LLŒŒMËLLˆ‹“ZX[˜H™[˜Ú[‹‘\İ[ˆœš[šÛX[›ˆ‹Ù[˜[‹“QÈY˜[˜ÙY‹“QÈ‹ÌÎLË”˜[™Ü™Y[ˆ‹XÚ›ÛÙŞH‹”[˜[XH‹LÎËÍÍK•QKKÌLÌKÌ‹ŒÍÌŒMÎLÍMMÌÌKBˆÍR•ÌQÔ”ˆ‹“Üİ‹ŒMËLKLKŒMËLLLKŒŒMËLL‹“X\šÚ]H[œÙ[ˆ‹Ù[XH›İXÚH‹•Ù\İ‹‘Õ\È˜\ÚXÈ‹‘Õ‹LM‹’ÛÛ™^‹XÚ›ÛÙŞH‹•[š]Yİ]\È‹ÍÌŒÎLÍÍM‹•QKLKBˆ”Ö’QÈ‹“Üİ‹ŒMËLKLKŒMËLLL‹ŒŒMËLL‹“X\šÚ]H[œÙ[ˆ‹Ù[XH›İXÚH‹•Ù\İ‹‘Õ\È›È‹‘Õ‹M‹”Ú[™Û]XÚ›È‹œ™]Z[‹•[š]Yİ]\È‹ŒŒMMLÍÍ•QKËKBˆ“Ğ‘Ò“H‹“Üİ‹ŒMËLKLKŒMËLLKLËŒŒMËLLH‹“X\šÚ]H[œÙ[ˆ‹Ù[XH›İXÚH‹•Ù\İ‹“QÈÜXÚX[‹“QÈ‹MK›XÚŞš[H‹œ™]Z[‹•[š]Yİ]\È‹MËŒLKMN•QKNKKBˆSÕNH‹“Üİ‹ŒMËLKLKŒMËLLLLŒŒMËLL‹“X\šÚ]H[œÙ[ˆ‹Ù[XH›İXÚH‹•Ù\İ‹“QÈY˜[˜ÙY‹“QÈ‹ÌÎLË‘ÛÛÙÚ[›Ûˆ‹›X\šÙ][™È‹•[š]Yİ]\È‹ML‹ÌËLLË•QKLKKBˆ’M”’ÌÔÕH‹•ÛÛˆ‹ŒMËLKLKŒMËLLLKŒŒMËLL‹“X\Hœ™]Y[˜\™È‹“Y[š[ˆX\[ˆ‹Ù[˜[‹“QÈY˜[˜ÙY‹“QÈ‹ÌÎLË•İYÚ˜\‹œ™]Z[‹•[š]Yİ]\È‹ÌÌ‹ËÎNK•QKKÎMMË‹LŒMŒŒNMÍËKBˆ”ÕÕLRVH‹•ÛÛˆ‹ŒMËLKLKŒMËLL‹LÌŒŒMËLLˆ‹“šY\ÚHY™š[™\È‹“Y[š[ˆX\[ˆ‹Ù[˜[‹‘Õ˜\ÚXÈ‹‘Õ‹ML•™Y\][İH‹[XÛÛ[][šXØ][ÛœÈ‹•[š]Yİ]\È‹L‹ŒKNMK•QKKLŒËL‹ŒLLLLLLLKKBˆ‘LĞÔŒÍN‹•ÛÛˆ‹ŒMËLKLKŒMËLL‹LŒKŒŒMËLLˆ‹“šY\ÚHY™š[™\È‹“Y[š[ˆX\[ˆ‹Ù[˜[‹‘Õ\È˜\ÚXÈ‹‘Õ‹LM‹•™Y\][İH‹[XÛÛ[][šXØ][ÛœÈ‹•[š]Yİ]\È‹L‹ŒKNMK•QKKLMM‹ËLŒMÍLMMÍL‹KBˆ•ÑM’ˆ‹“Üİ‹ŒMËLKLKŒMËLLL‹ŒŒMËLL‹”™YYÛ\\ˆ‹”›ØØÛÈ™]X™\‹‘X\İ‹‘Õ›È‹‘Õ‹ŒKX˜˜Hİ[\‹œÛÙØ\™H‹•[š]Yİ]\È‹NËŒÎKŒLË•QKËKBˆŒPŒ•ÖRH‹•ÛÛˆ‹ŒMËLKLKŒMËLLKLÌŒŒMËLLH‹”›ÜØ[[˜HY]\ˆ‹Ù[XH›İXÚH‹•Ù\İ‹“QÈY˜[˜ÙY‹“QÈ‹ÌÎLË”^˜\‹œ™]Z[‹•[š]Yİ]\È‹ÍËKÍ•QKKÍLKŒ‹LŒÍNÍNÍËKBˆ“”Í’“ÖŒˆ‹‘[™ØYÚ[™È‹ŒMËLKLK”›ÜÚYH\YÜİ[ÜÈ‹Ø\˜HÜØÚ‹‘X\İ‹‘Õ›È‹‘Õ‹ŒK•[šÛ›İÛˆ‹•[šÛ›İÛˆ‹•[šÛ›İÛˆ‹SÑKˆ“MŒŒ–Sˆ‹“Üİ‹ŒMËLKLKŒMËLLLŒŒMËLL‹•™\œÚYH[Xœ˜[™‹‘\İ[ˆœš[šÛX[›ˆ‹Ù[˜[‹“QÈÜXÚX[‹“QÈ‹MK’İXÚH‹XÚ›ÛÙŞH‹’ÛÜ™XH‹MÌŒÎMNK•QKKKBˆ’VUÌH‹“Üİ‹ŒMËLKLKŒMËLLLËŒŒMËLL‹•™\œÚYH[Xœ˜[™‹‘\İ[ˆœš[šÛX[›ˆ‹Ù[˜[‹“QÈY˜[˜ÙY‹“QÈ‹ÌÎLË‘ÛXÚH‹œÛÙØ\™H‹•[š]Yİ]\È‹ŒNLË•QKKBˆ“ŒĞŒMÍˆ‹‘[™ØYÚ[™È‹ŒMËLKLK•šXÚÚHY›[[YH‹Ù[XH›İXÚH‹•Ù\İ‹“QÈÜXÚX[‹“QÈ‹MK•[šÛ›İÛˆ‹•[šÛ›İÛˆ‹•[šÛ›İÛˆ‹SÑKˆ–M‘“QÌÓ‹“Üİ‹ŒMËLKLKŒMËLLL‹ŒŒMËLL‹•šXÚÚHY›[[YH‹Ù[XH›İXÚH‹•Ù\İ‹‘Õ˜\ÚXÈ‹‘Õ‹ML“^\]›Û^‹›YYXØ[‹•[š]Yİ]\È‹MŒNKÎK•QKËKBˆ•ÍQTÈ‹•ÛÛˆ‹ŒMËLKLKŒMËLL‹LŒŒMËLLˆ‹•šXÚÚHY›[[YH‹Ù[XH›İXÚH‹•Ù\İ‹“QÈÜXÚX[‹“QÈ‹MK”ÛÛœ›Ûˆ‹[XÛÛ[][šXØ][ÛœÈ‹•[š]Yİ]\È‹MNKKLL•QKKNKÌLŒÌÌÌÌÌÌÌKBˆRÎMˆ‹“Üİ‹ŒMËLKLKŒMËLLLŒŒMËLL‹•š[Û]XÛ[[™‹Ø\˜HÜØÚ‹‘X\İ‹“QÈÜXÚX[‹“QÈ‹MK’Ú[›˜[\\È‹œ™]Z[‹•[š]Yİ]\È‹Ì‹Ì‹NÌK•QKKKBˆ’ÌÌUSÔˆ‹•ÛÛˆ‹ŒMËLKLKŒMËLLLKŒŒMËLL‹–˜[™H]H‹”İ[[Y\ˆÙ]Ø[‹•Ù\İ‹‘Õ˜\ÚXÈ‹‘Õ‹ML’‹U^Ûˆ‹œ™]Z[‹•[š]Yİ]\È‹LÎËÍNË•QKKL‹‹ŒÌÌÌÌÌÌÌËKBˆ’VÒR‹“Üİ‹ŒMËLKLÌŒMËLL‹LŒŒMËLLˆ‹[›˜HÛ™[[™È‹‘\İ[ˆœš[šÛX[›ˆ‹Ù[˜[‹‘Õ˜\ÚXÈ‹‘Õ‹ML”˜[™Ü™Y[ˆ‹XÚ›ÛÙŞH‹”[˜[XH‹LÎËÍÍK•QKKKBˆ‘”Ğ–ŒÒÓÖH‹“Üİ‹ŒMËLKLÌŒMËLLLKŒŒMËLL‹[›˜HÛ™[[™È‹‘\İ[ˆœš[šÛX[›ˆ‹Ù[˜[‹‘Õ\È›È‹‘Õ‹M‹•İYÚ˜\‹œ™]Z[‹•[š]Yİ]\È‹ÌÌ‹ËÎNK•QKKKBˆ•ÔÑˆ‹•ÛÛˆ‹ŒMËLKLÌŒMËLL‹LKŒŒMËLLˆ‹›Üš\È˜^ˆ‹”›ØØÛÈ™]X™\‹‘X\İ‹‘Õ˜\ÚXÈ‹‘Õ‹ML”Ú[\È‹›YYXØ[‹•[š]Yİ]\È‹NŒÎŒL•QKKMK‹ŒMŒÍŒÍŒÍŒÍŒÍŒÍKBˆ–‘‘ÍTˆ‹•ÛÛˆ‹ŒMËLKLÌŒMËLL‹LNKŒŒMËLLˆ‹Ø\ÜÙ^HÜ™\ÜÈ‹”›ØØÛÈ™]X™\‹‘X\İ‹‘Õ\È›È‹‘Õ‹M‹“ÛÛYYXH‹™[\Ş[Y[‹•[š]Yİ]\È‹‹ŒL‹ÍK•QKKL‹ŒÌNLÌŒNKKBˆ••”SÈ‹•ÛÛˆ‹ŒMËLKLÌŒMËLLLLŒŒMËLL‹ÙXÚ[H[\Ú[ˆ‹‘\İ[ˆœš[šÛX[›ˆ‹Ù[˜[‹“QÈY˜[˜ÙY‹“QÈ‹ÌÎLË‘ÛXÚH‹œÛÙØ\™H‹•[š]Yİ]\È‹ŒNLË•QKKÌMLŒÌŒŒÍŒNMKKBˆÓSMM“’ˆ‹“Üİ‹ŒMËLKLÌŒMËLLL‹ŒŒMËLL‹‘\˜Ù[ØÚXÚ‹“Y[š[ˆX\[ˆ‹Ù[˜[‹‘Õ\È˜\ÚXÈ‹‘Õ‹LM‹’\ÙÛH‹›YYXØ[‹•[š]Yİ]\È‹ÌMÎŒM•QK‹KBˆÔUPÕ‹“Üİ‹ŒMËLKLÌŒMËLLLL‹ŒŒMËLL‹‘\˜Ù[ØÚXÚ‹“Y[š[ˆX\[ˆ‹Ù[˜[‹‘Õ›È‹‘Õ‹ŒKš[ÚÛ[™È‹›YYXØ[‹”[\[™\È‹NËŒÍLÍM‹•QKL‹KBˆ’ÕV–ˆ‹“Üİ‹ŒMËLKLÌŒMËLLLKŒŒMËLL‹‘\˜Ù[ØÚXÚ‹“Y[š[ˆX\[ˆ‹Ù[˜[‹‘Õ›È‹‘Õ‹ŒK’\ÙÛH‹›YYXØ[‹•[š]Yİ]\È‹ÌMÎŒM•QKKKBˆ’RÕÎV”H‹•ÛÛˆ‹ŒMËLKLÌŒMËLLLKŒŒMËLL‹‘\˜Ù[ØÚXÚ‹“Y[š[ˆX\[ˆ‹Ù[˜[‹“QÈY˜[˜ÙY‹“QÈ‹ÌÎLË”[™Ù˜\ÙH‹XÚ›ÛÙŞH‹•[š]Yİ]\È‹LŒ‹LŒÎ•QKKÌ‹KŒLMNÍMMÍÍ‹KBˆ“Ì‘ŒRĞU‹“Üİ‹ŒMËLKLÌŒMËLL‹LNKŒŒMËLLˆ‹‘Ø\œ™]Ú[™\ˆ‹Ø\˜HÜØÚ‹‘X\İ‹“QÈÜXÚX[‹“QÈ‹MK“X]İXÚ‹›X\šÙ][™È‹’›Ü™[ˆ‹ÌË‹MLM‹•QKKBˆŒL’ÕÔSRH‹•ÛÛˆ‹ŒMËLKLÌŒMËLLLËŒŒMËLL‹‘Ø\œ™]Ú[™\ˆ‹Ø\˜HÜØÚ‹‘X\İ‹‘Õ›È‹‘Õ‹ŒK’Ø[‹XÛÙH‹œÛÙØ\™H‹•[š]Yİ]\È‹LMNŒËÍ•QKKLŒËËLŒÎLŒÍÌM‹KBˆÖMÖH‹“Üİ‹ŒMËLKLÌŒMËLLLËŒŒMËLL‹‘ÛY\ÈÛÛÛİYÚ‹“Y[š[ˆX\[ˆ‹Ù[˜[‹“QÈÜXÚX[‹“QÈ‹MKÛÛ™^‹›YYXØ[‹•[š]Yİ]\È‹MK•QKËKBˆ’RSÕÔÒÈ‹•ÛÛˆ‹ŒMËLKLÌŒMËLL‹LLŒŒMËLLˆ‹’^Y[ˆ™[Û\È‹Ù[XH›İXÚH‹•Ù\İ‹“QÈY˜[˜ÙY‹“QÈ‹ÌÎLË–ZÛ[™È‹™š[˜[˜ÙH‹•[š]Yİ]\È‹ÍLÍËŒŒLË•QKKLËÌKŒLÍÌÍMNMŒMÍKBˆ“–ÎRH‹‘[™ØYÚ[™È‹ŒMËLKLÌ’˜[Y\È\ØÙ[˜Ú[È‹”İ[[Y\ˆÙ]Ø[‹•Ù\İ‹‘Õ\È›È‹‘Õ‹M‹•[šÛ›İÛˆ‹•[šÛ›İÛˆ‹•[šÛ›İÛˆ‹SÑKˆ•ÕŒ–P“Nˆ‹‘[™ØYÚ[™È‹ŒMËLKLÌ’Ø\H[™š^ÛÛˆ‹”İ[[Y\ˆÙ]Ø[‹•Ù\İ‹‘Õ˜\ÚXÈ‹‘Õ‹ML•[šÛ›İÛˆ‹•[šÛ›İÛˆ‹•[šÛ›İÛˆ‹SÑKˆŒÑLVÌˆ‹“Üİ‹ŒMËLKLÌŒMËLLLŒŒMËLL‹’Ø\H[™š^ÛÛˆ‹”İ[[Y\ˆÙ]Ø[‹•Ù\İ‹‘Õ˜\ÚXÈ‹‘Õ‹ML”˜[İXÚ‹[XÛÛ[][šXØ][ÛœÈ‹•[š]Yİ]\È‹LN‹ÌMK•QKKBˆU’ÓH‹“Üİ‹ŒMËLKLÌŒMËLLLËŒŒMËLL‹“ZX[˜H™[˜Ú[‹‘\İ[ˆœš[šÛX[›ˆ‹Ù[˜[‹‘Õ˜\ÚXÈ‹‘Õ‹ML‘š[šYÚ‹™š[˜[˜ÙH‹•[š]Yİ]\È‹LL‹ËMÍNK•QKËKBˆ‘ĞÕÕ“Q‹“Üİ‹ŒMËLKLÌŒMËLL‹LŒŒŒMËLLˆ‹“ZX[˜H™[˜Ú[‹‘\İ[ˆœš[šÛX[›ˆ‹Ù[˜[‹“QÈY˜[˜ÙY‹“QÈ‹ÌÎLË’\ÙÛH‹›YYXØ[‹•[š]Yİ]\È‹ÌMÎŒM•QKKKBˆÍMŒÕÒÌH‹•ÛÛˆ‹ŒMËLKLÌŒMËLLLLKŒŒMËLL‹“ZX[˜H™[˜Ú[‹‘\İ[ˆœš[šÛX[›ˆ‹Ù[˜[‹‘Õ\È›È‹‘Õ‹M‹™]]XÚ‹›YYXØ[‹’Ù[XH‹ËŒNLNK•QKKŒMM‹LKLŒLŒMÎLNLÎMKBˆ‘UĞ”Ò”È‹•ÛÛˆ‹ŒMËLKLÌŒMËLLLKŒŒMËLL‹“X\Hœ™]Y[˜\™È‹“Y[š[ˆX\[ˆ‹Ù[˜[‹‘Õ›È‹‘Õ‹ŒK•Ø\™\\ÙH‹œÙ\šXÙ\È‹•[š]Yİ]\È‹ŒKÌËLÍ‹•QKKLËKLŒÎNLŒÌŒNNMKKBˆ““SMÔÈ‹‘[™ØYÚ[™È‹ŒMËLKLÌ“X]\™Y[ˆX\˜Ø[›È‹”İ[[Y\ˆÙ]Ø[‹•Ù\İ‹‘Õ\È›È‹‘Õ‹M‹•[šÛ›İÛˆ‹•[šÛ›İÛˆ‹•[šÛ›İÛˆ‹SÑKˆ–LQUH‹•ÛÛˆ‹ŒMËLKLÌŒMËLL‹L‹ŒŒMËLLˆ‹“X]\™Y[ˆX\˜Ø[›È‹”İ[[Y\ˆÙ]Ø[‹•Ù\İ‹“QÈÜXÚX[‹“QÈ‹MK”ØÛİš[™‹œÛÙØ\™H‹•[š]Yİ]\È‹ŒÍMËMÎ•QKKNKËLŒÌÌÌÌÌÌÌKBˆ”‘ĞŒÌŒÒH‹•ÛÛˆ‹ŒMËLKLÌŒMËLLLËŒŒMËLL‹“[ÜÙ\Èœ˜\ÙH‹‘\İ[ˆœš[šÛX[›ˆ‹Ù[˜[‹‘Õ˜\ÚXÈ‹‘Õ‹MLØ[˜Ú]H‹œ™]Z[‹•[š]Yİ]\È‹ÌNŒ‹•QKKMKËŒNNNNNNNËKBˆ•UÎU‹•ÛÛˆ‹ŒMËLKLÌŒMËLLKLËŒŒMËLLH‹“šY\ÚHY™š[™\È‹“Y[š[ˆX\[ˆ‹Ù[˜[‹‘Õ\È˜\ÚXÈ‹‘Õ‹LM‹’\ÙÛH‹›YYXØ[‹•[š]Yİ]\È‹ÌMÎŒM•QKKLLMËNLŒNLMŒNÎMMŒNKBˆMÎT’”È‹•ÛÛˆ‹ŒMËLKLÌŒMËLLLŒŒMËLL‹•™\œÚYH[Xœ˜[™‹‘\İ[ˆœš[šÛX[›ˆ‹Ù[˜[‹“QÈÜXÚX[‹“QÈ‹MK”İ[œ™Y^‹™š[˜[˜ÙH‹•[š]Yİ]\È‹MNŒ‹ÍÎN•QKKMËLŒÍŒÍŒÍŒÍŒÍŒÍŒÍKBˆÓÕSÕRÒ‹‘[™ØYÚ[™È‹ŒMËLKLÌ•šXÚÚHY›[[YH‹Ù[XH›İXÚH‹•Ù\İ‹‘Õ\È›È‹‘Õ‹M‹•™Y\][İH‹[XÛÛ[][šXØ][ÛœÈ‹•[š]Yİ]\È‹L‹ŒKNMKSÑKKBˆRÕUVH‹“Üİ‹ŒMËLKLÌŒMËLLLKŒŒMËLL‹•šXÚÚHY›[[YH‹Ù[XH›İXÚH‹•Ù\İ‹‘Õ˜\ÚXÈ‹‘Õ‹ML“^\]›Û^‹›YYXØ[‹•[š]Yİ]\È‹MŒNKÎK•QKKKBˆ•NŒUˆ‹“Üİ‹ŒMËLKLÌŒMËLLLŒŒMËLL‹•š[Û]XÛ[[™‹Ø\˜HÜØÚ‹‘X\İ‹“QÈÜXÚX[‹“QÈ‹MKXÛYHÛÜœÜ˜][Ûˆ‹XÚ›ÛÙŞH‹•[š]Yİ]\È‹LLŒŒ‹•QKKBˆ•LÕUPŒUH‹•ÛÛˆ‹ŒMËLKLÌŒMËLL‹LŒŒMËLLˆ‹•š[Û]XÛ[[™‹Ø\˜HÜØÚ‹‘X\İ‹“QÈÜXÚX[‹“QÈ‹MK”Ú[\È‹›YYXØ[‹•[š]Yİ]\È‹NŒÎŒL•QKKMKKKBˆ’MÑÍ•PÈ‹•ÛÛˆ‹ŒMËLKLÌŒMËLL‹LŒ‹ŒŒMËLLˆ‹•š[Û]XÛ[[™‹Ø\˜HÜØÚ‹‘X\İ‹“QÈÜXÚX[‹“QÈ‹MK•[Xœ™[HÛÜœÜ˜][Ûˆ‹™š[˜[˜ÙH‹•[š]Yİ]\È‹ŒŒ‹ŒMLLLË•QKKŒËËLŒMMMMMMM‹KBˆVU•‘È‹•ÛÛˆ‹ŒMËLKLÌŒMËLLLŒŒMËLL‹–˜[™H]H‹”İ[[Y\ˆÙ]Ø[‹•Ù\İ‹‘Õ\È˜\ÚXÈ‹‘Õ‹LM‹”˜[İXÚ‹[XÛÛ[][šXØ][ÛœÈ‹•[š]Yİ]\È‹LN‹ÌMK•QKKLLLŒLMLLLMLKKBˆ’‘Ö•“’ÓU‹•ÛÛˆ‹ŒMËLKLÌŒMËLL‹LLŒŒMËLLˆ‹–˜[™H]H‹”İ[[Y\ˆÙ]Ø[‹•Ù\İ‹‘Õ\È˜\ÚXÈ‹‘Õ‹LM‹–KXÛÜœÜ˜][Ûˆ‹™[\Ş[Y[‹•[š]Yİ]\È‹ÌKŒÍKMMŒK•QKKMÌKŒLÎŒLÌLÎŒKKBˆPŒĞ’ÕSQ‹“Üİ‹ŒMËLLLKŒMËLLLLKŒŒMËLL‹[›˜HÛ™[[™È‹‘\İ[ˆœš[šÛX[›ˆ‹Ù[˜[‹‘Õ˜\ÚXÈ‹‘Õ‹ML‘š[šYÚ‹™š[˜[˜ÙH‹•[š]Yİ]\È‹LL‹ËMÍNK•QKLKBˆ“QÒÖ”ÓŒˆ‹“Üİ‹ŒMËLLLKŒMËLLL‹ŒŒMËLL‹›Üš\È˜^ˆ‹”›ØØÛÈ™]X™\‹‘X\İ‹“QÈY˜[˜ÙY‹“QÈ‹ÌÎLË•H™]È[ÜšÈ[œ]Z\™\ˆ‹›YYXØ[‹•[š]Yİ]\È‹ÎKŒŒKÎL‹•QKKKBˆ‘SLPMRÈ‹‘[™ØYÚ[™È‹ŒMËLLLKØ\ÜÙ^HÜ™\ÜÈ‹”›ØØÛÈ™]X™\‹‘X\İ‹‘Õ˜\ÚXÈ‹‘Õ‹ML”ØÛİš[™‹œÛÙØ\™H‹•[š]Yİ]\È‹ŒÍMËMÎSÑKKBˆ‘ÕÓÓÔ‘N‹‘[™ØYÚ[™È‹ŒMËLLLKØ\ÜÙ^HÜ™\ÜÈ‹”›ØØÛÈ™]X™\‹‘X\İ‹‘Õ\È˜\ÚXÈ‹‘Õ‹LM‹ÚY\œÈ‹™[\Z[›Y[‹•[š]Yİ]\È‹KKÌ‹SÑKKBˆŒ–RPˆ‹“Üİ‹ŒMËLLLKŒMËLL‹LKŒŒMËLLˆ‹Ø\ÜÙ^HÜ™\ÜÈ‹”›ØØÛÈ™]X™\‹‘X\İ‹‘Õ˜\ÚXÈ‹‘Õ‹ML’ÛÛ™^‹XÚ›ÛÙŞH‹•[š]Yİ]\È‹ÍÌŒÎLÍÍM‹•QKŒKKBˆ’Q•“ÓH‹•ÛÛˆ‹ŒMËLLLKŒMËLL‹LLŒŒMËLLˆ‹ÙXÚ[H[\Ú[ˆ‹‘\İ[ˆœš[šÛX[›ˆ‹Ù[˜[‹‘Õ\È›È‹‘Õ‹M‹”İ™Y]^‹œ™]Z[‹™[Ú][H‹LÍÍ‹LMK•QKKÍÌÌŒÌÌÍNŒMNKKBˆTUˆ‹“Üİ‹ŒMËLLLKŒMËLLLËŒŒMËLL‹ÛÜ›\ÜÈÛÜÛYH‹Ø\˜HÜØÚ‹‘X\İ‹‘Õ\È›È‹‘Õ‹M‹’ÛÛ™^‹XÚ›ÛÙŞH‹•[š]Yİ]\È‹ÍÌŒÎLÍÍM‹•QK‹KBˆ’““’ÔL‹•ÛÛˆ‹ŒMËLLLKŒMËLLLËŒŒMËLL‹ÛÜ›\ÜÈÛÜÛYH‹Ø\˜HÜØÚ‹‘X\İ‹‘Õ\È˜\ÚXÈ‹‘Õ‹LM‹‘Ûœ]XYXÚ‹XÚ›ÛÙŞH‹•[š]Yİ]\È‹MÌL‹ÌNM•QKKLÍ‹‹ŒNMÍLNNKBˆ–‘U”UH‹•ÛÛˆ‹ŒMËLLLKŒMËLL‹LNŒŒMËLLˆ‹ÛÜ›\ÜÈÛÜÛYH‹Ø\˜HÜØÚ‹‘X\İ‹‘Õ\È›È‹‘Õ‹M‹“X]İXÚ‹›X\šÙ][™È‹’›Ü™[ˆ‹ÌË‹MLM‹•QKKMLÎLŒÎLLNLÎLÍLL‹KBˆ‘ÖU’”TÈ‹‘[™ØYÚ[™È‹ŒMËLLLK‘[šY[[[XXÚÈ‹”›ØØÛÈ™]X™\‹‘X\İ‹‘Õ\È˜\ÚXÈ‹‘Õ‹LM‹–^›Ø˜[H‹™[\Z[›Y[‹•[š]Yİ]\È‹ÎÎŒÎKÍSÑKKBˆÓTÔTÖUÔˆ‹“Üİ‹ŒMËLLLKŒMËLLLLŒŒMËLL‹‘[šY[[[XXÚÈ‹”›ØØÛÈ™]X™\‹‘X\İ‹‘Õ\È˜\ÚXÈ‹‘Õ‹LM‹’[š]XÚ‹[XÛÛ[][šXØ][ÛœÈ‹•[š]Yİ]\È‹ŒÎMKŒKŒÍK•QKKKBˆU’’VŒˆ‹“Üİ‹ŒMËLLLKŒMËLL‹LKŒŒMËLLˆ‹‘[šY[[[XXÚÈ‹”›ØØÛÈ™]X™\‹‘X\İ‹‘Õ›È‹‘Õ‹ŒK–YX\š[ˆ‹œ™]Z[‹•[š]Yİ]\È‹ŒŒKŒKÎLK•QKŒKKBˆ‘ÌŒÔÒˆ‹“Üİ‹ŒMËLLLKŒMËLLLŒŒMËLL‹‘\˜Ù[ØÚXÚ‹“Y[š[ˆX\[ˆ‹Ù[˜[‹‘Õ›È‹‘Õ‹ŒK”[™Ù˜\ÙH‹XÚ›ÛÙŞH‹•[š]Yİ]\È‹LŒ‹LŒÎ•QKËKBˆ”“Q‘ÍPÍÈ‹•ÛÛˆ‹ŒMËLLLKŒMËLLLKŒŒMËLL‹‘\˜Ù[ØÚXÚ‹“Y[š[ˆX\[ˆ‹Ù[˜[‹‘Õ›È‹‘Õ‹ŒK‘ÛØ™^ÛÜœÜ˜][Ûˆ‹XÚ›ÛÙŞH‹“›ÜØ^H‹LŒŒËÌ‹MË•QKKNMŒÌMÍLKKBˆ•L’“ĞUŒÈ‹•ÛÛˆ‹ŒMËLLLKŒMËLL‹L‹ŒŒMËLLˆ‹‘\˜Ù[ØÚXÚ‹“Y[š[ˆX\[ˆ‹Ù[˜[‹‘Õ›È‹‘Õ‹ŒK”ØÛİXÚ‹›X\šÙ][™È‹•[š]Yİ]\È‹KŒÎKL•QKKŒM‹‹LŒÎNÍÍŒNÍLLËKBˆ’‘ÖŒÑÒH‹“Üİ‹ŒMËLLLKŒMËLLLËŒŒMËLL‹‘Û›ˆØ[™[‹”›ØØÛÈ™]X™\‹‘X\İ‹‘Õ˜\ÚXÈ‹‘Õ‹ML’Ú[›˜[\\È‹œ™]Z[‹•[š]Yİ]\È‹Ì‹Ì‹NÌK•QK‹KBˆ‘’ÔÒÔMÈ‹•ÛÛˆ‹ŒMËLLLKŒMËLL‹LÌŒŒMËLLˆ‹‘Û›ˆØ[™[‹”›ØØÛÈ™]X™\‹‘X\İ‹‘Õ\È›È‹‘Õ‹M‹›]ÛÛ\[H‹XÚ›ÛÙŞH‹•[š]Yİ]\È‹L‹ŒÌ‹ÌË•QKKLÌLŒÎÌŒMÍLLNMËKBˆ•MNQH‹“Üİ‹ŒMËLLLKŒMËLLKLMËŒŒMËLLH‹‘Ø\œ™]Ú[™\ˆ‹Ø\˜HÜØÚ‹‘X\İ‹‘Õ\È›È‹‘Õ‹M‹”İ[XXÙH‹œ™]Z[‹”›ÛX[šXH‹MËKLË•QKËKBˆV•–Ó••H‹“Üİ‹ŒMËLLLKŒMËLLLŒŒMËLL‹’^Y[ˆ™[Û\È‹Ù[XH›İXÚH‹•Ù\İ‹‘Õ\È˜\ÚXÈ‹‘Õ‹LM‹–ZÛ[™È‹™š[˜[˜ÙH‹•[š]Yİ]\È‹ÍLÍËŒŒLË•QKËKBˆ’MÒ’Sˆ‹•ÛÛˆ‹ŒMËLLLKŒMËLLLKŒŒMËLL‹’^Y[ˆ™[Û\È‹Ù[XH›İXÚH‹•Ù\İ‹“QÈY˜[˜ÙY‹“QÈ‹ÌÎLËÚY\œÈ‹™[\Z[›Y[‹•[š]Yİ]\È‹KKÌ‹•QKKÌMKŒŒNÌLM‹KBˆ“‘LÌRŒ‹•ÛÛˆ‹ŒMËLLLKŒMËLLKLŒŒMËLLH‹’›Û˜][ˆ™\[İ‹“Y[š[ˆX\[ˆ‹Ù[˜[‹‘Õ˜\ÚXÈ‹‘Õ‹ML•™Y\][İH‹[XÛÛ[][šXØ][ÛœÈ‹•[š]Yİ]\È‹L‹ŒKNMK•QKKMÌKMLŒÎNNNNNNKKBˆ•SÔÍÌNH‹“Üİ‹ŒMËLLLKŒMËLL‹LËŒŒMËLLˆ‹’Ø[ZHšXÚÛ™[‹”İ[[Y\ˆÙ]Ø[‹•Ù\İ‹‘Õ˜\ÚXÈ‹‘Õ‹ML‘ÛÛÙÚ[›Ûˆ‹›X\šÙ][™È‹•[š]Yİ]\È‹ML‹ÌËLLË•QKŒËKBˆ“LÔÔTPŒH‹•ÛÛˆ‹ŒMËLLLKŒMËLLLLËŒŒMËLL‹’Ø[ZHšXÚÛ™[‹”İ[[Y\ˆÙ]Ø[‹•Ù\İ‹‘Õ\È›È‹‘Õ‹M‹‘Ü™Y[‹T\È‹œÙ\šXÙ\È‹•[š]Yİ]\È‹L‹ŒNKNLŒ‹•QKKŒÌL‹LŒMNMLÍMLMËKBˆ“QÌVUUQH‹‘[™ØYÚ[™È‹ŒMËLLLK“X\šÚ]H[œÙ[ˆ‹Ù[XH›İXÚH‹•Ù\İ‹“QÈÜXÚX[‹“QÈ‹MKXÛYHÛÜœÜ˜][Ûˆ‹XÚ›ÛÙŞH‹•[š]Yİ]\È‹LLŒŒ‹SÑKKBˆ”RV‘VH‹“Üİ‹ŒMËLLLKŒMËLLL‹ŒŒMËLL‹“X\šÚ]H[œÙ[ˆ‹Ù[XH›İXÚH‹•Ù\İ‹‘Õ˜\ÚXÈ‹‘Õ‹MLÚY\œÈ‹™[\Z[›Y[‹•[š]Yİ]\È‹KKÌ‹•QKKKBˆ’ÑÌVŒ‹“Üİ‹ŒMËLLLKŒMËLLLKŒŒMËLL‹“X\šÚ]H[œÙ[ˆ‹Ù[XH›İXÚH‹•Ù\İ‹‘Õ›È‹‘Õ‹ŒK‘Ü›Ûİ™\İ™Y]‹œ™]Z[‹•[š]Yİ]\È‹ŒŒËNK•QKKBˆ–”“VÍˆ‹“Üİ‹ŒMËLLLKŒMËLLLL‹ŒŒMËLL‹“X\Hœ™]Y[˜\™È‹“Y[š[ˆX\[ˆ‹Ù[˜[‹‘Õ˜\ÚXÈ‹‘Õ‹ML”İ]Û[™ÜÈ‹™[\Ş[Y[‹•[š]Yİ]\È‹LKŒËN‹•QKLKKBˆ’“•H‹•ÛÛˆ‹ŒMËLLLKŒMËLL‹LMKŒŒMËLLˆ‹“X\Hœ™]Y[˜\™È‹“Y[š[ˆX\[ˆ‹Ù[˜[‹‘Õ›È‹‘Õ‹ŒKÛÛ™^‹›YYXØ[‹•[š]Yİ]\È‹MK•QKKMÎÍKŒLÎNMÍ‹KBˆTRÓÔ––ˆ‹•ÛÛˆ‹ŒMËLLLKŒMËLL‹LNŒŒMËLLˆ‹”™YYÛ\\ˆ‹”›ØØÛÈ™]X™\‹‘X\İ‹“QÈÜXÚX[‹“QÈ‹MK›]ÛÛ\[H‹XÚ›ÛÙŞH‹•[š]Yİ]\È‹L‹ŒÌ‹ÌË•QKKŒ‹ÎLŒLÌÌÌÌÌÌËKBˆ‘ÓÌRSÒ‹•ÛÛˆ‹ŒMËLLLKŒMËLLLŒŒMËLL‹”›ÜØ[[˜HY]\ˆ‹Ù[XH›İXÚH‹•Ù\İ‹“QÈÜXÚX[‹“QÈ‹MK’‹U^Ûˆ‹œ™]Z[‹•[š]Yİ]\È‹LÎËÍNË•QKKLKËŒÌÌÌÌÌÌÌKBˆSUQÕM’È‹•ÛÛˆ‹ŒMËLLLKŒMËLLKLÌŒŒMËLLH‹”›ÜÚYH\YÜİ[ÜÈ‹Ø\˜HÜØÚ‹‘X\İ‹‘Õ›È‹‘Õ‹ŒK›]ÛÛ\[H‹XÚ›ÛÙŞH‹•[š]Yİ]\È‹L‹ŒÌ‹ÌË•QKKKŒLŒLMMLÌMMŒNLKKBˆ‘SÑUÎˆ‹•ÛÛˆ‹ŒMËLLLKŒMËLL‹LNŒŒMËLLˆ‹•šXÚÚHY›[[YH‹Ù[XH›İXÚH‹•Ù\İ‹‘Õ˜\ÚXÈ‹‘Õ‹ML‘ÛÛ^‹™š[˜[˜ÙH‹•[š]Yİ]\È‹L‹KMK•QKKMÎŒLLLLLLLKKBˆÕMÒÕLĞH‹•ÛÛˆ‹ŒMËLLLKŒMËLL‹LM‹ŒŒMËLLˆ‹•šXÚÚHY›[[YH‹Ù[XH›İXÚH‹•Ù\İ‹“QÈY˜[˜ÙY‹“QÈ‹ÌÎLË‘ÛÛÙÚ[›Ûˆ‹›X\šÙ][™È‹•[š]Yİ]\È‹ML‹ÌËLLË•QKKMKÍ‹ŒLÌÌŒMMÍMŒÌKKBˆ”SŒÔĞÓH‹‘[™ØYÚ[™È‹ŒMËLLLK•Ú[\›ˆ˜\œ™[ˆ‹Ø\˜HÜØÚ‹‘X\İ‹‘Õ\È›È‹‘Õ‹M‹•[šÛ›İÛˆ‹•[šÛ›İÛˆ‹•[šÛ›İÛˆ‹SÑKˆŒ–UMÒÑÈ‹“Üİ‹ŒMËLLLKŒMËLL‹LLËŒŒMËLLˆ‹•Ú[\›ˆ˜\œ™[ˆ‹Ø\˜HÜØÚ‹‘X\İ‹“QÈY˜[˜ÙY‹“QÈ‹ÌÎLË‘Ø[š˜Y›^‹œ™]Z[‹’˜\[ˆ‹LMNÌKMÍÎK•QKÌËKBˆ”ÓÑÔÈ‹•ÛÛˆ‹ŒMËLLLKŒMËLLLLKŒŒMËLL‹•Ú[\›ˆ˜\œ™[ˆ‹Ø\˜HÜØÚ‹‘X\İ‹“QÈÜXÚX[‹“QÈ‹MKÛÛ™^‹›YYXØ[‹•[š]Yİ]\È‹MK•QKKLŒ‹KBˆ‘–‘ÑÒÔÌ‘‹•ÛÛˆ‹ŒMËLLLKŒMËLL‹LŒËŒŒMËLLˆ‹–˜[™H]H‹”İ[[Y\ˆÙ]Ø[‹•Ù\İ‹‘Õ\È›È‹‘Õ‹M‹‘Û˜ÛÛˆ‹XÚ›ÛÙŞH‹•[š]Yİ]\È‹NËÌ‹MLK•QKKLLËŒLÍMLŒLLŒÍËKBˆ’ĞÓH‹“Üİ‹ŒMËLLL‹ŒMËLLLMŒŒMËLL‹[›˜HÛ™[[™È‹‘\İ[ˆœš[šÛX[›ˆ‹Ù[˜[‹‘Õ\È›È‹‘Õ‹M‹•Ø\™\\ÙH‹œÙ\šXÙ\È‹•[š]Yİ]\È‹ŒKÌËLÍ‹•QKL‹KBˆ–QRˆ‹“Üİ‹ŒMËLLL‹ŒMËLLLŒŒMËLL‹›Üš\È˜^ˆ‹”›ØØÛÈ™]X™\‹‘X\İ‹‘Õ\È˜\ÚXÈ‹‘Õ‹LM‹’ÛÛ™^‹XÚ›ÛÙŞH‹•[š]Yİ]\È‹ÍÌŒÎLÍÍM‹•QK‹KBˆÕRMTH‹•ÛÛˆ‹ŒMËLLL‹ŒMËLL‹LKŒŒMËLLˆ‹Ø\ÜÙ^HÜ™\ÜÈ‹”›ØØÛÈ™]X™\‹‘X\İ‹‘Õ\È›È‹‘Õ‹M‹š[Ü^‹›YYXØ[‹•[š]Yİ]\È‹Ì‹‹LM‹•QKKMKŒŒÍÌLÎMÌÌMLÍËKBˆNUTÓ’È‹“Üİ‹ŒMËLLL‹ŒMËLLLËŒŒMËLL‹ÙXÚ[H[\Ú[ˆ‹‘\İ[ˆœš[šÛX[›ˆ‹Ù[˜[‹“QÈY˜[˜ÙY‹“QÈ‹ÌÎLË”ØÛİXÚ‹›X\šÙ][™È‹•[š]Yİ]\È‹KŒÎKL•QKKKBˆŒ”’Vˆ‹“Üİ‹ŒMËLLL‹ŒMËLL‹LŒŒŒMËLLˆ‹ÙXÚ[H[\Ú[ˆ‹‘\İ[ˆœš[šÛX[›ˆ‹Ù[˜[‹“QÈY˜[˜ÙY‹“QÈ‹ÌÎLË•™Y\][İH‹[XÛÛ[][šXØ][ÛœÈ‹•[š]Yİ]\È‹L‹ŒKNMK•QKÎKKBˆ•TÒÔSÈ‹•ÛÛˆ‹ŒMËLLL‹ŒMËLL‹LËŒŒMËLLˆ‹ÙXÚ[H[\Ú[ˆ‹‘\İ[ˆœš[šÛX[›ˆ‹Ù[˜[‹‘Õ˜\ÚXÈ‹‘Õ‹ML–[YÛÚ]H‹›YYXØ[‹•[š]Yİ]\È‹KŒLŒL•QKKM‹LŒÌÌÌÌÌÌÌËKBˆ•ÑÑ”TÎ‹“Üİ‹ŒMËLLL‹ŒMËLLLL‹ŒŒMËLL‹‘\˜Ù[ØÚXÚ‹“Y[š[ˆX\[ˆ‹Ù[˜[‹‘Õ\È˜\ÚXÈ‹‘Õ‹LM‹Ø[˜Ú]H‹œ™]Z[‹•[š]Yİ]\È‹ÌNŒ‹•QKLKBˆ“T”ÕML•È‹“Üİ‹ŒMËLLL‹ŒMËLLLKŒŒMËLL‹‘\˜Ù[ØÚXÚ‹“Y[š[ˆX\[ˆ‹Ù[˜[‹“QÈY˜[˜ÙY‹“QÈ‹ÌÎLË‘Ù[˜ÛÈ\˜HÛ]™HÚ[ÛÛ\[H‹œ™]Z[‹’][H‹MŒÌËMŒÍK•QKËKBˆ•RÖ•ÖŒÔ‹•ÛÛˆ‹ŒMËLLL‹ŒMËLLLŒŒMËLL‹‘\˜Ù[ØÚXÚ‹“Y[š[ˆX\[ˆ‹Ù[˜[‹‘Õ\È›È‹‘Õ‹M‹ÛÙZİÈ‹œÛÙØ\™H‹•[š]Yİ]\È‹ÌMKK•QKKLŒË‹ŒÎNMLŒÍÍLM‹KBˆÍVÖQH‹•ÛÛˆ‹ŒMËLLL‹ŒMËLLLKŒŒMËLL‹‘\˜Ù[ØÚXÚ‹“Y[š[ˆX\[ˆ‹Ù[˜[‹‘Õ›È‹‘Õ‹ŒK•İYÚ˜\‹œ™]Z[‹•[š]Yİ]\È‹ÌÌ‹ËÎNK•QKKŒKËŒLŒŒLÎNKBˆŒ’VTMPSÈ‹“Üİ‹ŒMËLLL‹ŒMËLLLËŒŒMËLL‹’›Û˜][ˆ™\[İ‹“Y[š[ˆX\[ˆ‹Ù[˜[‹‘Õ˜\ÚXÈ‹‘Õ‹ML•Ø\™\\ÙH‹œÙ\šXÙ\È‹•[š]Yİ]\È‹ŒKÌËLÍ‹•QKKKBˆ’ÍÓS‘‹“Üİ‹ŒMËLLL‹ŒMËLL‹LMËŒŒMËLLˆ‹’›Û˜][ˆ™\[İ‹“Y[š[ˆX\[ˆ‹Ù[˜[‹‘Õ\È˜\ÚXÈ‹‘Õ‹LM‹™[X˜\ÙH‹›X\šÙ][™È‹•[š]Yİ]\È‹ŒMÌËNL•QKÍ‹KBˆ“Ñ’ÕĞ””È‹“Üİ‹ŒMËLLL‹ŒMËLLLLŒŒMËLL‹’›Û˜][ˆ™\[İ‹“Y[š[ˆX\[ˆ‹Ù[˜[‹‘Õ\È˜\ÚXÈ‹‘Õ‹LM‹‘ÛXÚH‹œÛÙØ\™H‹•[š]Yİ]\È‹ŒNLË•QKKBˆŒPQÓRˆ‹“Üİ‹ŒMËLLL‹ŒMËLL‹LNŒŒMËLLˆ‹’›Û˜][ˆ™\[İ‹“Y[š[ˆX\[ˆ‹Ù[˜[‹‘Õ\È˜\ÚXÈ‹‘Õ‹LM‹’\ÙÛH‹›YYXØ[‹•[š]Yİ]\È‹ÌMÎŒM•QKÍËKBˆ•ÕM’Vˆ‹“Üİ‹ŒMËLLL‹ŒMËLLLŒŒMËLL‹’Ø[ZHšXÚÛ™[‹”İ[[Y\ˆÙ]Ø[‹•Ù\İ‹‘Õ›È‹‘Õ‹ŒK‘Ü›Ûİ™\İ™Y]‹œ™]Z[‹•[š]Yİ]\È‹ŒŒËNK•QK‹KBˆ•”ÓŒLˆ‹•ÛÛˆ‹ŒMËLLL‹ŒMËLLLËŒŒMËLL‹’Ø[ZHšXÚÛ™[‹”İ[[Y\ˆÙ]Ø[‹•Ù\İ‹‘Õ\È˜\ÚXÈ‹‘Õ‹LM‹”İ[›˜[\^‹›X\šÙ][™È‹”Û[™‹MŒÍËMNLË•QKKLKŒÍÎMMŒŒÍÎMMŒ‹KBˆ‘”SÑS‹•ÛÛˆ‹ŒMËLLL‹ŒMËLLKLŒŒMËLLH‹’Ø\H[™š^ÛÛˆ‹”İ[[Y\ˆÙ]Ø[‹•Ù\İ‹‘Õ˜\ÚXÈ‹‘Õ‹ML’]˜[ˆ‹œÙ\šXÙ\È‹•[š]Yİ]\È‹ÎL‹‹LNK•QKKŒÌKÌËLŒMÌÌÌÌÌÌËKBˆ’Ô•VMQÍRH‹“Üİ‹ŒMËLLL‹ŒMËLLLLËŒŒMËLL‹“ZX[˜H™[˜Ú[‹‘\İ[ˆœš[šÛX[›ˆ‹Ù[˜[‹“QÈY˜[˜ÙY‹“QÈ‹ÌÎLË’İXÚH‹XÚ›ÛÙŞH‹’ÛÜ™XH‹MÌŒÎMNK•QKLKKBˆ”ĞÖUŒÒ”È‹•ÛÛˆ‹ŒMËLLL‹ŒMËLLLL‹ŒŒMËLL‹“ZX[˜H™[˜Ú[‹‘\İ[ˆœš[šÛX[›ˆ‹Ù[˜[‹‘Õ˜\ÚXÈ‹‘Õ‹ML™]]XÚ‹›YYXØ[‹’Ù[XH‹ËŒNLNK•QKKLÍ‹LŒMMMMMMMKKBˆ•LVTT’‹•ÛÛˆ‹ŒMËLLL‹ŒMËLL‹LNŒŒMËLLˆ‹“ZX[˜H™[˜Ú[‹‘\İ[ˆœš[šÛX[›ˆ‹Ù[˜[‹‘Õ\È˜\ÚXÈ‹‘Õ‹LM‹‘Ù[˜ÛÈ\˜HÛ]™HÚ[ÛÛ\[H‹œ™]Z[‹’][H‹MŒÌËMŒÍK•QKKLLËÍËLŒÌMLÌ‹KBˆ”ŒLÔÕS‹“Üİ‹ŒMËLLL‹ŒMËLLLŒŒMËLL‹“X\Hœ™]Y[˜\™È‹“Y[š[ˆX\[ˆ‹Ù[˜[‹‘Õ\È˜\ÚXÈ‹‘Õ‹LM‹”›Û‹]XÚ‹›YYXØ[‹•[š]Yİ]\È‹ÎLŒ‹‹ÍË•QK‹KBˆ•QÒĞSL‹•ÛÛˆ‹ŒMËLLL‹ŒMËLLLKŒŒMËLL‹“X\Hœ™]Y[˜\™È‹“Y[š[ˆX\[ˆ‹Ù[˜[‹“QÈÜXÚX[‹“QÈ‹MKØ[˜Ú]H‹œ™]Z[‹•[š]Yİ]\È‹ÌNŒ‹•QKKM‹ËLŒNNNNNNNKKBˆ’MUÍÓ”H‹“Üİ‹ŒMËLLL‹ŒMËLL‹LMKŒŒMËLLˆ‹“X]\™Y[ˆX\˜Ø[›È‹”İ[[Y\ˆÙ]Ø[‹•Ù\İ‹‘Õ˜\ÚXÈ‹‘Õ‹ML’İXÚH‹XÚ›ÛÙŞH‹’ÛÜ™XH‹MÌŒÎMNK•QKÍKBˆ’”Ö”NUˆ‹•ÛÛˆ‹ŒMËLLL‹ŒMËLLLLŒŒMËLL‹”™YYÛ\\ˆ‹”›ØØÛÈ™]X™\‹‘X\İ‹‘Õ›È‹‘Õ‹ŒK›]ÛÛ\[H‹XÚ›ÛÙŞH‹•[š]Yİ]\È‹L‹ŒÌ‹ÌË•QKKN‹ŒLÌMÌMMLMÍÌËKBˆŒ‘ÔPPRÍˆ‹•ÛÛˆ‹ŒMËLLL‹ŒMËLLLL‹ŒŒMËLL‹”™YYÛ\\ˆ‹”›ØØÛÈ™]X™\‹‘X\İ‹“QÈY˜[˜ÙY‹“QÈ‹ÌÎLË’ÛÛ™^‹XÚ›ÛÙŞH‹•[š]Yİ]\È‹ÍÌŒÎLÍÍM‹•QKKÍÌLLŒMŒÎÎMMKKBˆÓÑÔMLÈ‹•ÛÛˆ‹ŒMËLLL‹ŒMËLLLL‹ŒŒMËLL‹”™YYÛ\\ˆ‹”›ØØÛÈ™]X™\‹‘X\İ‹“QÈY˜[˜ÙY‹“QÈ‹ÌÎLË•[Xœ™[HÛÜœÜ˜][Ûˆ‹™š[˜[˜ÙH‹•[š]Yİ]\È‹ŒŒ‹ŒMLLLË•QKKÍ‹LLŒŒŒÌÍLŒÌÍ‹KBˆM“MŒˆ‹“Üİ‹ŒMËLLL‹ŒMËLLLL‹ŒŒMËLL‹”›ÜÚYH\YÜİ[ÜÈ‹Ø\˜HÜØÚ‹‘X\İ‹‘Õ\È˜\ÚXÈ‹‘Õ‹LM‹‘ÙZÚÛÈ	ˆÛÈ‹œ™]Z[‹•[š]Yİ]\È‹LŒËÍL‹•QKLKBˆ–ÔÒÍL”‹“Üİ‹ŒMËLLL‹ŒMËLLLŒŒMËLL‹•™\œÚYH[Xœ˜[™‹‘\İ[ˆœš[šÛX[›ˆ‹Ù[˜[‹“QÈÜXÚX[‹“QÈ‹MK‘[šÛ[™È‹™š[˜[˜ÙH‹•[š]Yİ]\È‹NKKÌŒË•QK‹KBˆR’ÑMĞPÖH‹•ÛÛˆ‹ŒMËLLL‹ŒMËLLLLKŒŒMËLL‹•š[Û]XÛ[[™‹Ø\˜HÜØÚ‹‘X\İ‹“QÈÜXÚX[‹“QÈ‹MK’Ú[›˜[\\È‹œ™]Z[‹•[š]Yİ]\È‹Ì‹Ì‹NÌK•QKKLKŒLLLLLLLKKBˆ’”Õ•TÈ‹•ÛÛˆ‹ŒMËLLL‹ŒMËLL‹LÌKŒŒMËLLˆ‹•š[Û]XÛ[[™‹Ø\˜HÜØÚ‹‘X\İ‹“QÈY˜[˜ÙY‹“QÈ‹ÌÎLË“X\ÜÚ]™H[˜[ZXÈ‹™[\Z[›Y[‹•[š]Yİ]\È‹KŒ‹LMK•QKKÍŒKLLŒMMMMŒLLËKBˆ“ÍĞŒÖÒÑˆ‹“Üİ‹ŒMËLLL‹ŒMËLLLËŒŒMËLL‹–˜[™H]H‹”İ[[Y\ˆÙ]Ø[‹•Ù\İ‹‘Õ˜\ÚXÈ‹‘Õ‹ML’İXÚH‹XÚ›ÛÙŞH‹’ÛÜ™XH‹MÌŒÎMNK•QKKKBˆPMÔÍ–”‹“Üİ‹ŒMËLLL‹ŒMËLLLLKŒŒMËLL‹–˜[™H]H‹”İ[[Y\ˆÙ]Ø[‹•Ù\İ‹‘Õ›È‹‘Õ‹ŒK‘Ü›Ûİ™\İ™Y]‹œ™]Z[‹•[š]Yİ]\È‹ŒŒËNK•QKKKBˆ“ÓĞŒÍÌ”H‹•ÛÛˆ‹ŒMËLLL‹ŒMËLLLL‹ŒŒMËLL‹–˜[™H]H‹”İ[[Y\ˆÙ]Ø[‹•Ù\İ‹‘Õ˜\ÚXÈ‹‘Õ‹MLÛÛ™^‹›YYXØ[‹•[š]Yİ]\È‹MK•QKKMLŒLLLLLLLKKBˆ“ĞÕLˆ‹“Üİ‹ŒMËLLLËŒMËLLLKŒŒMËLL‹[›˜HÛ™[[™È‹‘\İ[ˆœš[šÛX[›ˆ‹Ù[˜[‹‘Õ\È›È‹‘Õ‹M‹”[™Ù˜\ÙH‹XÚ›ÛÙŞH‹•[š]Yİ]\È‹LŒ‹LŒÎ•QK‹KBˆ•ŒUPÕH‹•ÛÛˆ‹ŒMËLLLËŒMËLLLLŒŒMËLL‹ÙXÚ[H[\Ú[ˆ‹‘\İ[ˆœš[šÛX[›ˆ‹Ù[˜[‹“QÈY˜[˜ÙY‹“QÈ‹ÌÎLË”İ[œ™Y^‹™š[˜[˜ÙH‹•[š]Yİ]\È‹MNŒ‹ÍÎN•QKKÍMKËLŒÎLÍÍLNŒKKBˆŒVŒÍ‘ÍÈ‹•ÛÛˆ‹ŒMËLLLËŒMËLLLŒŒMËLL‹ÛÜ›\ÜÈÛÜÛYH‹Ø\˜HÜØÚ‹‘X\İ‹‘Õ˜\ÚXÈ‹‘Õ‹MLX˜˜Hİ[\‹œÛÙØ\™H‹•[š]Yİ]\È‹NËŒÎKŒLË•QKKŒM‹KLŒL‹KBˆ“PÒR–‹•ÛÛˆ‹ŒMËLLLËŒMËLLLŒŒMËLL‹‘[šY[[[XXÚÈ‹”›ØØÛÈ™]X™\‹‘X\İ‹‘Õ\È˜\ÚXÈ‹‘Õ‹LM‹‘ÛØ\™H‹›X\šÙ][™È‹•[š]Yİ]\È‹LNMËMÌ•QKKLLKŒNMÌLNMÌKBˆ•MMÓÕˆ‹•ÛÛˆ‹ŒMËLLLËŒMËLLLLŒŒMËLL‹‘\˜Ù[ØÚXÚ‹“Y[š[ˆX\[ˆ‹Ù[˜[‹“QÈÜXÚX[‹“QÈ‹MK•İYÚ˜\‹œ™]Z[‹•[š]Yİ]\È‹ÌÌ‹ËÎNK•QKKNËLŒMMMMMMMKKBˆSÒSL–MÓH‹•ÛÛˆ‹ŒMËLLLËŒMËLLLKŒŒMËLL‹‘Û›ˆØ[™[‹”›ØØÛÈ™]X™\‹‘X\İ‹“QÈY˜[˜ÙY‹“QÈ‹ÌÎLË–›İØ\™H‹œÛÙØ\™H‹•[š]Yİ]\È‹ÎËLÎK•QKKÎN‹LŒLÍÌŒLNÎL‹KBˆRĞÌLSˆ‹“Üİ‹ŒMËLLLËŒMËLLLLËŒŒMËLL‹‘[X\ÙHÛXÚÈ‹Ù[XH›İXÚH‹•Ù\İ‹“QÈÜXÚX[‹“QÈ‹MKÛÛ™^‹›YYXØ[‹•[š]Yİ]\È‹MK•QKLKBˆ“ÓÑ•ÔÒÑ‘ˆ‹“Üİ‹ŒMËLLLËŒMËLLLŒŒMËLL‹‘ÛY\ÈÛÛÛİYÚ‹“Y[š[ˆX\[ˆ‹Ù[˜[‹‘Õ˜\ÚXÈ‹‘Õ‹ML’İXÚH‹XÚ›ÛÙŞH‹’ÛÜ™XH‹MÌŒÎMNK•QKKKBˆ“ÒÓM‹“Üİ‹ŒMËLLLËŒMËLLLKŒŒMËLL‹‘ÛY\ÈÛÛÛİYÚ‹“Y[š[ˆX\[ˆ‹Ù[˜[‹‘Õ\È›È‹‘Õ‹M‹‘[šÛ[™È‹™š[˜[˜ÙH‹•[š]Yİ]\È‹NKKÌŒË•QK‹KBˆ’–‘RLÍÍH‹“Üİ‹ŒMËLLLËŒMËLLLLŒŒMËLL‹‘ÛY\ÈÛÛÛİYÚ‹“Y[š[ˆX\[ˆ‹Ù[˜[‹“QÈY˜[˜ÙY‹“QÈ‹ÌÎLË”›Û‹]XÚ‹›YYXØ[‹•[š]Yİ]\È‹ÎLŒ‹‹ÍË•QKËKBˆ‘Ô”V–“”Pˆ‹•ÛÛˆ‹ŒMËLLLËŒMËLLKLŒŒMËLLH‹‘ÛY\ÈÛÛÛİYÚ‹“Y[š[ˆX\[ˆ‹Ù[˜[‹“QÈY˜[˜ÙY‹“QÈ‹ÌÎLË’[š]H‹›X\šÙ][™È‹•[š]Yİ]\È‹ËNK•QKKÌŒËÍ‹ŒMNÍÌÎLMKKBˆŒQ”N‹•ÛÛˆ‹ŒMËLLLËŒMËLLKLŒKŒŒMËLLH‹’^Y[ˆ™[Û\È‹Ù[XH›İXÚH‹•Ù\İ‹“QÈY˜[˜ÙY‹“QÈ‹ÌÎLË’ÛÛ™^‹XÚ›ÛÙŞH‹•[š]Yİ]\È‹ÍÌŒÎLÍÍM‹•QKKÍÎMKKLŒLNÎLŒŒNLÍNKBˆĞVLH‹“Üİ‹ŒMËLLLËŒMËLLKLM‹ŒŒMËLLH‹’›Û˜][ˆ™\[İ‹“Y[š[ˆX\[ˆ‹Ù[˜[‹“QÈÜXÚX[‹“QÈ‹MK”[™Ù˜\ÙH‹XÚ›ÛÙŞH‹•[š]Yİ]\È‹LŒ‹LŒÎ•QKKBˆ–•‘R‘Ô‹•ÛÛˆ‹ŒMËLLLËŒMËLLLŒŒMËLL‹’Ø[ZHšXÚÛ™[‹”İ[[Y\ˆÙ]Ø[‹•Ù\İ‹‘Õ\È˜\ÚXÈ‹‘Õ‹LM‹’‹U^Ûˆ‹œ™]Z[‹•[š]Yİ]\È‹LÎËÍNË•QKKLKŒŒŒÍÎMMŒŒÍÎKKBˆ‘ÍÔTŒĞÔ‹•ÛÛˆ‹ŒMËLLLËŒMËLLLMKŒŒMËLL‹’Ø[ZHšXÚÛ™[‹”İ[[Y\ˆÙ]Ø[‹•Ù\İ‹“QÈÜXÚX[‹“QÈ‹MK‘Û˜ÛÛˆ‹XÚ›ÛÙŞH‹•[š]Yİ]\È‹NËÌ‹MLK•QKKL‹LŒMŒÍŒÍŒÍŒÍŒÍŒÍKBˆ“VQ“NH‹‘[™ØYÚ[™È‹ŒMËLLLË’Ø\H[™š^ÛÛˆ‹”İ[[Y\ˆÙ]Ø[‹•Ù\İ‹‘Õ˜\ÚXÈ‹‘Õ‹ML•[šÛ›İÛˆ‹•[šÛ›İÛˆ‹•[šÛ›İÛˆ‹SÑKˆ‘SÔÍĞSÎ‹“Üİ‹ŒMËLLLËŒMËLLKLŒŒMËLLH‹“X\Hœ™]Y[˜\™È‹“Y[š[ˆX\[ˆ‹Ù[˜[‹‘Õ›È‹‘Õ‹ŒK”˜[™Ü™Y[ˆ‹XÚ›ÛÙŞH‹”[˜[XH‹LÎËÍÍK•QKL‹KBˆĞĞÔQĞ”ÖH‹•ÛÛˆ‹ŒMËLLLËŒMËLL‹LKŒŒMËLLˆ‹”™YYÛ\\ˆ‹”›ØØÛÈ™]X™\‹‘X\İ‹‘Õ\È˜\ÚXÈ‹‘Õ‹LM‹›]ÛÛ\[H‹XÚ›ÛÙŞH‹•[š]Yİ]\È‹L‹ŒÌ‹ÌË•QKKLËLŒMÌMLÌÌMLÌKKBˆÍVŒ–‹•ÛÛˆ‹ŒMËLLLËŒMËLL‹LŒŒMËLLˆ‹”™YYÛ\\ˆ‹”›ØØÛÈ™]X™\‹‘X\İ‹‘Õ›È‹‘Õ‹ŒK’\Ù[XİšXÜÈ‹XÚ›ÛÙŞH‹•[š]Yİ]\È‹LËŒLKM•QKKL‹LŒŒMNMŒÍLÌLLËKBˆŒÖMÓÔÍH‹“Üİ‹ŒMËLLLËŒMËLLL‹ŒŒMËLL‹”›ÜØ[[˜HY]\ˆ‹Ù[XH›İXÚH‹•Ù\İ‹“QÈÜXÚX[‹“QÈ‹MK–KXÛÜœÜ˜][Ûˆ‹™[\Ş[Y[‹•[š]Yİ]\È‹ÌKŒÍKMMŒK•QKËKBˆ‘–’ÖQÑH‹•ÛÛˆ‹ŒMËLLLËŒMËLLLKŒŒMËLL‹•™\œÚYH[Xœ˜[™‹‘\İ[ˆœš[šÛX[›ˆ‹Ù[˜[‹“QÈY˜[˜ÙY‹“QÈ‹ÌÎLË”˜[™Ü™Y[ˆ‹XÚ›ÛÙŞH‹”[˜[XH‹LÎËÍÍK•QKKÌM‹ŒMMŒLÎLLKKBˆ‘LÒ’SÎH‹‘[™ØYÚ[™È‹ŒMËLLLË•šXÚÚHY›[[YH‹Ù[XH›İXÚH‹•Ù\İ‹‘Õ\È›È‹‘Õ‹M‹•[šÛ›İÛˆ‹•[šÛ›İÛˆ‹•[šÛ›İÛˆ‹SÑKˆ”Œ”‘••MÈ‹“Üİ‹ŒMËLLLËŒMËLLLŒŒMËLL‹•šXÚÚHY›[[YH‹Ù[XH›İXÚH‹•Ù\İ‹‘Õ›È‹‘Õ‹ŒK’İXÚH‹XÚ›ÛÙŞH‹’ÛÜ™XH‹MÌŒÎMNK•QKKKBˆ‘ÒQÌ‘È‹“Üİ‹ŒMËLLLËŒMËLL‹LŒËŒŒMËLLˆ‹•š[Û]XÛ[[™‹Ø\˜HÜØÚ‹‘X\İ‹“QÈÜXÚX[‹“QÈ‹MK–^›Ø˜[H‹™[\Z[›Y[‹•[š]Yİ]\È‹ÎÎŒÎKÍ•QKKKBˆ“Œ‘TÕTU‹•ÛÛˆ‹ŒMËLLLËŒMËLLLLŒŒMËLL‹•Ú[\›ˆ˜\œ™[ˆ‹Ø\˜HÜØÚ‹‘X\İ‹‘Õ›È‹‘Õ‹ŒK•™Z[Y[Ø\][\™\œÈ‹™š[˜[˜ÙH‹•[š]Yİ]\È‹‹ŒKË•QKKLLËËLŒŒÍÌŒÌMMÎKBˆŒÔTÓMÖÕÈ‹•ÛÛˆ‹ŒMËLLLËŒMËLLKL‹ŒŒMËLLH‹–˜[™H]H‹”İ[[Y\ˆÙ]Ø[‹•Ù\İ‹‘Õ›È‹‘Õ‹ŒK‘Ü™Y[‹T\È‹œÙ\šXÙ\È‹•[š]Yİ]\È‹L‹ŒNKNLŒ‹•QKKNMÍŒLÌMŒMÎŒ‹KBˆ•QÍ’””H‹•ÛÛˆ‹ŒMËLLLËŒMËLLLLKŒŒMËLL‹–˜[™H]H‹”İ[[Y\ˆÙ]Ø[‹•Ù\İ‹‘Õ›È‹‘Õ‹ŒK”Ú[™Û]XÚ›È‹œ™]Z[‹•[š]Yİ]\È‹ŒŒMMLÍÍ•QKKLKŒMLMLLŒŒÎKKBˆ““QŒÒÈ‹“Üİ‹ŒMËLLLŒMËLLLLËŒŒMËLL‹[›˜HÛ™[[™È‹‘\İ[ˆœš[šÛX[›ˆ‹Ù[˜[‹“QÈÜXÚX[‹“QÈ‹MKØ[˜Ú]H‹œ™]Z[‹•[š]Yİ]\È‹ÌNŒ‹•QKKKBˆ“•ÑU’Sˆ‹•ÛÛˆ‹ŒMËLLLŒMËLL‹LM‹ŒŒMËLLˆ‹[›˜HÛ™[[™È‹‘\İ[ˆœš[šÛX[›ˆ‹Ù[˜[‹“QÈÜXÚX[‹“QÈ‹MK‘ÛÙÛŞ›ÛÛH‹[XÛÛ[][šXØ][ÛœÈ‹•[š]Yİ]\È‹‹NË•QKKNKÌËLŒÌÌÌÌÌÌÌKBˆ‘TTT’Q‹‘[™ØYÚ[™È‹ŒMËLLL›Üš\È˜^ˆ‹”›ØØÛÈ™]X™\‹‘X\İ‹“QÈY˜[˜ÙY‹“QÈ‹ÌÎLË•[šÛ›İÛˆ‹•[šÛ›İÛˆ‹•[šÛ›İÛˆ‹SÑKˆ‘VUÖÑ–ˆ‹“Üİ‹ŒMËLLLŒMËLLKLKŒŒMËLLH‹›Üš\È˜^ˆ‹”›ØØÛÈ™]X™\‹‘X\İ‹‘Õ\È›È‹‘Õ‹M‹›]ÛÛ\[H‹XÚ›ÛÙŞH‹•[š]Yİ]\È‹L‹ŒÌ‹ÌË•QKKBˆ”PÎPÕLÈ‹“Üİ‹ŒMËLLLŒMËLLLLKŒŒMËLL‹›Üš\È˜^ˆ‹”›ØØÛÈ™]X™\‹‘X\İ‹“QÈY˜[˜ÙY‹“QÈ‹ÌÎLËXÛYHÛÜœÜ˜][Ûˆ‹XÚ›ÛÙŞH‹•[š]Yİ]\È‹LLŒŒ‹•QKËKBˆÔ•Ì“Ìˆ‹•ÛÛˆ‹ŒMËLLLŒMËLLLLKŒŒMËLL‹›Üš\È˜^ˆ‹”›ØØÛÈ™]X™\‹‘X\İ‹“QÈÜXÚX[‹“QÈ‹MKX˜˜Hİ[\‹œÛÙØ\™H‹•[š]Yİ]\È‹NËŒÎKŒLË•QKKMËŒNNNNNNN‹KBˆŒ’Ó•“M‹•ÛÛˆ‹ŒMËLLLŒMËLLLMŒŒMËLL‹Ø\ÜÙ^HÜ™\ÜÈ‹”›ØØÛÈ™]X™\‹‘X\İ‹‘Õ\È›È‹‘Õ‹M‹”\Üİ[š[ˆ‹œ™]Z[‹•[š]Yİ]\È‹MNKNN•QKKNNKLLŒLMÌNMNNKKBˆUĞRÒLSˆ‹‘[™ØYÚ[™È‹ŒMËLLLÛÜ›\ÜÈÛÜÛYH‹Ø\˜HÜØÚ‹‘X\İ‹‘Õ˜\ÚXÈ‹‘Õ‹ML•[šÛ›İÛˆ‹•[šÛ›İÛˆ‹•[šÛ›İÛˆ‹SÑKˆ“•••È‹‘[™ØYÚ[™È‹ŒMËLLL‘[šY[[[XXÚÈ‹”›ØØÛÈ™]X™\‹‘X\İ‹‘Õ\È˜\ÚXÈ‹‘Õ‹LM‹•[šÛ›İÛˆ‹•[šÛ›İÛˆ‹•[šÛ›İÛˆ‹SÑKˆ–RN”ÓÖ‹“Üİ‹ŒMËLLLŒMËLLLMKŒŒMËLL‹‘[šY[[[XXÚÈ‹”›ØØÛÈ™]X™\‹‘X\İ‹‘Õ›È‹‘Õ‹ŒK”Ú[\È‹›YYXØ[‹•[š]Yİ]\È‹NŒÎŒL•QKLKKBˆ‘MÍ–QH‹“Üİ‹ŒMËLLLŒMËLLLL‹ŒŒMËLL‹‘\˜Ù[ØÚXÚ‹“Y[š[ˆX\[ˆ‹Ù[˜[‹‘Õ›È‹‘Õ‹ŒK™]]XÚ‹›YYXØ[‹’Ù[XH‹ËŒNLNK•QKKBˆ“ÕV“‹•ÛÛˆ‹ŒMËLLLŒMËLL‹LŒKŒŒMËLLˆ‹‘\˜Ù[ØÚXÚ‹“Y[š[ˆX\[ˆ‹Ù[˜[‹‘Õ\È›È‹‘Õ‹M‹‘š[šYÚ‹™š[˜[˜ÙH‹•[š]Yİ]\È‹LL‹ËMÍNK•QKKÌÍKÎŒLÍŒLÍÌMÍŒŒLËKBˆ’‘•Ò‘È‹•ÛÛˆ‹ŒMËLLLŒMËLLLLŒŒMËLL‹‘\˜Ù[ØÚXÚ‹“Y[š[ˆX\[ˆ‹Ù[˜[‹‘Õ›È‹‘Õ‹ŒK”˜[™Ü™Y[ˆ‹XÚ›ÛÙŞH‹”[˜[XH‹LÎËÍÍK•QKKLMK‹LŒLÍÍÍÎLLMËKBˆLÓÑ’RQˆ‹•ÛÛˆ‹ŒMËLLLŒMËLL‹LKŒŒMËLLˆ‹’˜[Y\È\ØÙ[˜Ú[È‹”İ[[Y\ˆÙ]Ø[‹•Ù\İ‹‘Õ\È›È‹‘Õ‹M‹‘˜\ÙZ]XÙH‹œ™]Z[‹•[š]Yİ]\È‹MLKÍLŒË•QKKLËŒ‹ŒMÍŒLÎNNKKBˆQMÕ“VŒRˆ‹“Üİ‹ŒMËLLLŒMËLL‹LŒËŒŒMËLLˆ‹’›Û˜][ˆ™\[İ‹“Y[š[ˆX\[ˆ‹Ù[˜[‹‘Õ˜\ÚXÈ‹‘Õ‹ML™[X˜\ÙH‹›X\šÙ][™È‹•[š]Yİ]\È‹ŒMÌËNL•QKKBˆ•S‘ÔÒĞˆ‹“Üİ‹ŒMËLLLŒMËLLLMKŒŒMËLL‹’›Û˜][ˆ™\[İ‹“Y[š[ˆX\[ˆ‹Ù[˜[‹‘Õ›È‹‘Õ‹ŒK”ØÛİXÚ‹›X\šÙ][™È‹•[š]Yİ]\È‹KŒÎKL•QKLKKBˆ“RÌ–UÖ“ˆ‹•ÛÛˆ‹ŒMËLLLŒMËLLL‹ŒŒMËLL‹’›Û˜][ˆ™\[İ‹“Y[š[ˆX\[ˆ‹Ù[˜[‹“QÈÜXÚX[‹“QÈ‹MK’[š]H‹›X\šÙ][™È‹•[š]Yİ]\È‹ËNK•QKKN‹LŒMMMMMMMKKBˆ“V•ŒĞÍÌ‹“Üİ‹ŒMËLLLŒMËLLKLMËŒŒMËLLH‹’Ø\H[™š^ÛÛˆ‹”İ[[Y\ˆÙ]Ø[‹•Ù\İ‹‘Õ˜\ÚXÈ‹‘Õ‹ML’‹U^Ûˆ‹œ™]Z[‹•[š]Yİ]\È‹LÎËÍNË•QKKBˆ“ÍÍ“RUH‹•ÛÛˆ‹ŒMËLLLŒMËLL‹LËŒŒMËLLˆ‹“X\šÚ]H[œÙ[ˆ‹Ù[XH›İXÚH‹•Ù\İ‹“QÈÜXÚX[‹“QÈ‹MK”˜[İXÚ‹[XÛÛ[][šXØ][ÛœÈ‹•[š]Yİ]\È‹LN‹ÌMK•QKKŒ‹ŒLŒLÌÌÌÌÌÌËKBˆ”ÑĞRRTH‹•ÛÛˆ‹ŒMËLLLŒMËLL‹LŒŒŒMËLLˆ‹“X]\™Y[ˆX\˜Ø[›È‹”İ[[Y\ˆÙ]Ø[‹•Ù\İ‹‘Õ›È‹‘Õ‹ŒK›XÚŞš[H‹œ™]Z[‹•[š]Yİ]\È‹MËŒLKMN•QKKL‹ÍËLŒLŒŒNÎÍMKKBˆ•VTÑRVH‹“Üİ‹ŒMËLLLŒMËLLLLËŒŒMËLL‹•šXÚÚHY›[[YH‹Ù[XH›İXÚH‹•Ù\İ‹“QÈÜXÚX[‹“QÈ‹MK“˜[K^š[H‹œÙ\šXÙ\È‹œ˜^š[‹KNKLMÎK•QKKKBˆ’ÑMQ‘USÈ‹•ÛÛˆ‹ŒMËLLLŒMËLL‹LŒŒŒMËLLˆ‹•šXÚÚHY›[[YH‹Ù[XH›İXÚH‹•Ù\İ‹‘Õ˜\ÚXÈ‹‘Õ‹ML–KXÛÜœÜ˜][Ûˆ‹™[\Ş[Y[‹•[š]Yİ]\È‹ÌKŒÍKMMŒK•QKKM‹ÍËŒNNNNNNNKKBˆŒSPÌH‹‘[™ØYÚ[™È‹ŒMËLLL•Ú[\›ˆ˜\œ™[ˆ‹Ø\˜HÜØÚ‹‘X\İ‹‘Õ›È‹‘Õ‹ŒK‘ÛÙÛŞ›ÛÛH‹[XÛÛ[][šXØ][ÛœÈ‹•[š]Yİ]\È‹‹NËSÑKKBˆ–”“V’••ÒÈ‹•ÛÛˆ‹ŒMËLLLŒMËLL‹LŒŒMËLLˆ‹–˜[™H]H‹”İ[[Y\ˆÙ]Ø[‹•Ù\İ‹‘Õ›È‹‘Õ‹ŒK”\Üİš\‹™[\Z[›Y[‹•[š]Yİ]\È‹ÍKKÌMK•QKKMLKKLŒLÎMÍLÌMŒÌMKBˆ’QÎÌÖLÈ‹“Üİ‹ŒMËLLLKŒMËLLLL‹ŒŒMËLL‹[›˜HÛ™[[™È‹‘\İ[ˆœš[šÛX[›ˆ‹Ù[˜[‹“QÈÜXÚX[‹“QÈ‹MK’İXÚH‹XÚ›ÛÙŞH‹’ÛÜ™XH‹MÌŒÎMNK•QKËKBˆ•ÔUMRŒÈ‹•ÛÛˆ‹ŒMËLLLKŒMËLLLLKŒŒMËLL‹ÙXÚ[H[\Ú[ˆ‹‘\İ[ˆœš[šÛX[›ˆ‹Ù[˜[‹‘Õ˜\ÚXÈ‹‘Õ‹ML”İ[œ™Y^‹™š[˜[˜ÙH‹•[š]Yİ]\È‹MNŒ‹ÍÎN•QKKŒŒ‹‹LŒLÌLLLLLLKKBˆŒQ’LÕQÑˆ‹“Üİ‹ŒMËLLLKŒMËLLLLËŒŒMËLL‹ÛÜ›\ÜÈÛÜÛYH‹Ø\˜HÜØÚ‹‘X\İ‹‘Õ›È‹‘Õ‹ŒK–›İØ\™H‹œÛÙØ\™H‹•[š]Yİ]\È‹ÎËLÎK•QKKBˆRÑ”–MLÈ‹•ÛÛˆ‹ŒMËLLLKŒMËLLLLŒŒMËLL‹‘\˜Ù[ØÚXÚ‹“Y[š[ˆX\[ˆ‹Ù[˜[‹‘Õ\È˜\ÚXÈ‹‘Õ‹LM‹”˜[™Ü™Y[ˆ‹XÚ›ÛÙŞH‹”[˜[XH‹LÎËÍÍK•QKKLLÌ‹KLŒÌÌMLÌÌKKBˆ–”ÖN‹•ÛÛˆ‹ŒMËLLLKŒMËLL‹LMŒŒMËLLˆ‹‘\˜Ù[ØÚXÚ‹“Y[š[ˆX\[ˆ‹Ù[˜[‹‘Õ\È›È‹‘Õ‹M‹ÛÛ™^‹›YYXØ[‹•[š]Yİ]\È‹MK•QKKMŒ‹ÌŒLMLLŒMMŒÌËKBˆ“LÔ“QLM”H‹•ÛÛˆ‹ŒMËLLLKŒMËLLLMŒŒMËLL‹‘\˜Ù[ØÚXÚ‹“Y[š[ˆX\[ˆ‹Ù[˜[‹‘Õ›È‹‘Õ‹ŒK’[š]H‹›X\šÙ][™È‹•[š]Yİ]\È‹ËNK•QKKLMÌKLŒÌŒÎLMŒNNNMNLMKBˆ–T’URPˆ‹•ÛÛˆ‹ŒMËLLLKŒMËLL‹LŒ‹ŒŒMËLLˆ‹‘\˜Ù[ØÚXÚ‹“Y[š[ˆX\[ˆ‹Ù[˜[‹‘Õ›È‹‘Õ‹ŒK”İ[œ™Y^‹™š[˜[˜ÙH‹•[š]Yİ]\È‹MNŒ‹ÍÎN•QKKLKÎLŒÎNMŒNLMKBˆ’M’S‘’ˆ‹“Üİ‹ŒMËLLLKŒMËLLLLŒŒMËLL‹‘Û›ˆØ[™[‹”›ØØÛÈ™]X™\‹‘X\İ‹“QÈY˜[˜ÙY‹“QÈ‹ÌÎLË–˜][šXÛÛˆ‹œ™]Z[‹•[š]Yİ]\È‹ÌKŒL‹M•QKKKBˆŒÌSŒQÈ‹‘[™ØYÚ[™È‹ŒMËLLLK‘[X\ÙHÛXÚÈ‹Ù[XH›İXÚH‹•Ù\İ‹“QÈÜXÚX[‹“QÈ‹MK•[šÛ›İÛˆ‹•[šÛ›İÛˆ‹•[šÛ›İÛˆ‹SÑKˆ•ÒTQÎL“ˆ‹“Üİ‹ŒMËLLLKŒMËLLLNŒŒMËLL‹‘[X\ÙHÛXÚÈ‹Ù[XH›İXÚH‹•Ù\İ‹‘ÕÈL‹‘ÕÈ‹Í’ÛÛ™^‹XÚ›ÛÙŞH‹•[š]Yİ]\È‹ÍÌŒÎLÍÍM‹•QKLËKBˆŒÒ“PH‹•ÛÛˆ‹ŒMËLLLKŒMËLLLËŒŒMËLL‹‘Ø\œ™]Ú[™\ˆ‹Ø\˜HÜØÚ‹‘X\İ‹‘Õ\È›È‹‘Õ‹M‹XÛYHÛÜœÜ˜][Ûˆ‹XÚ›ÛÙŞH‹•[š]Yİ]\È‹LLŒŒ‹•QKKLÌÌK‹ŒÍMLMÌNÍLKKBˆ‘•–R‹“Üİ‹ŒMËLLLKŒMËLL‹LLËŒŒMËLLˆ‹’^Y[ˆ™[Û\È‹Ù[XH›İXÚH‹•Ù\İ‹“QÈY˜[˜ÙY‹“QÈ‹ÌÎLË”ØÛİš[™‹œÛÙØ\™H‹•[š]Yİ]\È‹ŒÍMËMÎ•QKKKBˆ‘ÑR’ÒÑ“Ó‹“Üİ‹ŒMËLLLKŒMËLLLLŒŒMËLL‹’˜[Y\È\ØÙ[˜Ú[È‹”İ[[Y\ˆÙ]Ø[‹•Ù\İ‹‘Õ˜\ÚXÈ‹‘Õ‹ML‘Ü›Ûİ™\İ™Y]‹œ™]Z[‹•[š]Yİ]\È‹ŒŒËNK•QKKKBˆ•VUÔMSŒˆ‹“Üİ‹ŒMËLLLKŒMËLLKLŒËŒŒMËLLH‹’˜[Y\È\ØÙ[˜Ú[È‹”İ[[Y\ˆÙ]Ø[‹•Ù\İ‹‘Õ›È‹‘Õ‹ŒK“X™š[‹›YYXØ[‹•[š]Yİ]\È‹ÍKŒÍËLŒ‹•QKKKBˆ“‘Q•Õˆ‹•ÛÛˆ‹ŒMËLLLKŒMËLLLNŒŒMËLL‹’˜[Y\È\ØÙ[˜Ú[È‹”İ[[Y\ˆÙ]Ø[‹•Ù\İ‹‘Õ\È˜\ÚXÈ‹‘Õ‹LM‹’]˜[ˆ‹œÙ\šXÙ\È‹•[š]Yİ]\È‹ÎL‹‹LNK•QKKLLÌ‹LËLŒÌÌMLÌÌKKBˆ“ÌQĞ”ÓL‹•ÛÛˆ‹ŒMËLLLKŒMËLLLLKŒŒMËLL‹’˜[Y\È\ØÙ[˜Ú[È‹”İ[[Y\ˆÙ]Ø[‹•Ù\İ‹‘Õ\È›È‹‘Õ‹M‹›XÚŞš[H‹œ™]Z[‹•[š]Yİ]\È‹MËŒLKMN•QKKL‹ŒÌNMMMÎŒŒKKBˆ‘”Õ‘SRÔÑÈ‹•ÛÛˆ‹ŒMËLLLKŒMËLLLLŒŒMËLL‹’›Û˜][ˆ™\[İ‹“Y[š[ˆX\[ˆ‹Ù[˜[‹‘Õ˜\ÚXÈ‹‘Õ‹ML’[š]H‹›X\šÙ][™È‹•[š]Yİ]\È‹ËNK•QKKMM‹KLŒLLLLLLLKKBˆ•ŒU’Uˆ‹•ÛÛˆ‹ŒMËLLLKŒMËLLLL‹ŒŒMËLL‹’›Û˜][ˆ™\[İ‹“Y[š[ˆX\[ˆ‹Ù[˜[‹“QÈÜXÚX[‹“QÈ‹MK‘ÛÙÛŞ›ÛÛH‹[XÛÛ[][šXØ][ÛœÈ‹•[š]Yİ]\È‹‹NË•QKKLËËŒÍŒÍŒÍŒÍŒÍŒÍŒÍKBˆ•–“Q“ÒH‹•ÛÛˆ‹ŒMËLLLKŒMËLLKLŒŒMËLLH‹’Ø[ZHšXÚÛ™[‹”İ[[Y\ˆÙ]Ø[‹•Ù\İ‹‘Õ›È‹‘Õ‹ŒK‘š[š›Øˆ‹™[\Ş[Y[‹•[š]Yİ]\È‹ŒNKKÍ•QKKÍŒ‹LŒMLŒŒMÍ‹KBˆ••‘NRÓ‹‘[™ØYÚ[™È‹ŒMËLLLK’Ø\H[™š^ÛÛˆ‹”İ[[Y\ˆÙ]Ø[‹•Ù\İ‹‘Õ›È‹‘Õ‹ŒK•[šÛ›İÛˆ‹•[šÛ›İÛˆ‹•[šÛ›İÛˆ‹SÑKˆPS’ÍH‹•ÛÛˆ‹ŒMËLLLKŒMËLL‹LŒŒMËLLˆ‹“X\Hœ™]Y[˜\™È‹“Y[š[ˆX\[ˆ‹Ù[˜[‹‘Õ˜\ÚXÈ‹‘Õ‹ML•Ø\™\\ÙH‹œÙ\šXÙ\È‹•[š]Yİ]\È‹ŒKÌËLÍ‹•QKKMLKBˆÍ•ÖRN‹•ÛÛˆ‹ŒMËLLLKŒMËLL‹LŒŒMËLLˆ‹“[ÜÙ\Èœ˜\ÙH‹‘\İ[ˆœš[šÛX[›ˆ‹Ù[˜[‹“QÈÜXÚX[‹“QÈ‹MK”İ[œ™Y^‹™š[˜[˜ÙH‹•[š]Yİ]\È‹MNŒ‹ÍÎN•QKKLŒLLLLLLLKKBˆ–’U‹“Üİ‹ŒMËLLLKŒMËLLLLËŒŒMËLL‹“šY\ÚHY™š[™\È‹“Y[š[ˆX\[ˆ‹Ù[˜[‹‘Õ\È˜\ÚXÈ‹‘Õ‹LM‹‘ÛXÚH‹œÛÙØ\™H‹•[š]Yİ]\È‹ŒNLË•QKKBˆ”RRĞMÈ‹“Üİ‹ŒMËLLLKŒMËLLLMKŒŒMËLL‹“šY\ÚHY™š[™\È‹“Y[š[ˆX\[ˆ‹Ù[˜[‹‘Õ\È˜\ÚXÈ‹‘Õ‹LM‹‘ÛXÚH‹œÛÙØ\™H‹•[š]Yİ]\È‹ŒNLË•QKLKBˆ““RÑÓ•‹“Üİ‹ŒMËLLLKŒMËLLLMKŒŒMËLL‹“šY\ÚHY™š[™\È‹“Y[š[ˆX\[ˆ‹Ù[˜[‹‘Õ›È‹‘Õ‹ŒK‘[šÛ[™È‹™š[˜[˜ÙH‹•[š]Yİ]\È‹NKKÌŒË•QKLKBˆ•ÖĞÔQ‹•ÛÛˆ‹ŒMËLLLKŒMËLL‹LÌKŒŒMËLLˆ‹”™YYÛ\\ˆ‹”›ØØÛÈ™]X™\‹‘X\İ‹‘Õ›È‹‘Õ‹ŒK‘ÙZÚÛÈ	ˆÛÈ‹œ™]Z[‹•[š]Yİ]\È‹LŒËÍL‹•QKKLKËŒÍLŒŒÎLÍMMËKBˆŒÑQ’PSH‹•ÛÛˆ‹ŒMËLLLKŒMËLL‹LMËŒŒMËLLˆ‹”™YYÛ\\ˆ‹”›ØØÛÈ™]X™\‹‘X\İ‹“QÈY˜[˜ÙY‹“QÈ‹ÌÎLË•[Xœ™[HÛÜœÜ˜][Ûˆ‹™š[˜[˜ÙH‹•[š]Yİ]\È‹ŒŒ‹ŒMLLLË•QKKÌKÌËŒÌNÌŒÎÌÎLKKBˆŒNÒÕRH‹“Üİ‹ŒMËLLLKŒMËLLLLKŒŒMËLL‹”›ÜØ[[˜HY]\ˆ‹Ù[XH›İXÚH‹•Ù\İ‹‘Õ˜\ÚXÈ‹‘Õ‹ML‘˜^][İH‹[XÛÛ[][šXØ][ÛœÈ‹•[š]Yİ]\È‹NK‹MNMK•QK‹KBˆPSÔÈ‹•ÛÛˆ‹ŒMËLLLKŒMËLLLLKŒŒMËLL‹”›ÜÚYH\YÜİ[ÜÈ‹Ø\˜HÜØÚ‹‘X\İ‹“QÈY˜[˜ÙY‹“QÈ‹ÌÎLË•[Xœ™[HÛÜœÜ˜][Ûˆ‹™š[˜[˜ÙH‹•[š]Yİ]\È‹ŒŒ‹ŒMLLLË•QKKÌ‹‹ŒLMLŒÍÌLÌMKBˆ’MÖLÈ‹“Üİ‹ŒMËLLLKŒMËLLLM‹ŒŒMËLL‹•™\œÚYH[Xœ˜[™‹‘\İ[ˆœš[šÛX[›ˆ‹Ù[˜[‹‘Õ˜\ÚXÈ‹‘Õ‹ML™]]XÚ‹›YYXØ[‹’Ù[XH‹ËŒNLNK•QKLKKBˆ‘’‘Sˆ‹•ÛÛˆ‹ŒMËLLLKŒMËLLLËŒŒMËLL‹•™\œÚYH[Xœ˜[™‹‘\İ[ˆœš[šÛX[›ˆ‹Ù[˜[‹“QÈÜXÚX[‹“QÈ‹MKÛÛ™XÛÛH‹XÚ›ÛÙŞH‹•[š]Yİ]\È‹MLŒ‹N‹•QKKN‹LŒMMMMMMMKKBˆ’MR•LÑRÈ‹“Üİ‹ŒMËLLLKŒMËLLLŒŒMËLL‹•šXÚÚHY›[[YH‹Ù[XH›İXÚH‹•Ù\İ‹“QÈÜXÚX[‹“QÈ‹MK–›ÛÛZ]‹™[\Z[›Y[‹•[š]Yİ]\È‹ÌŒNKMÎ•QKËKBˆŒÔMT’VH‹•ÛÛˆ‹ŒMËLLLKŒMËLLLŒŒMËLL‹•šXÚÚHY›[[YH‹Ù[XH›İXÚH‹•Ù\İ‹“QÈY˜[˜ÙY‹“QÈ‹ÌÎLË‘Û˜ÛÛˆ‹XÚ›ÛÙŞH‹•[š]Yİ]\È‹NËÌ‹MLK•QKKÍÍKËLŒLŒÍÎŒMÌMLM‹KBˆ•“ÑSÕLUMˆ‹“Üİ‹ŒMËLLLKŒMËLLLËŒŒMËLL‹–˜[™H]H‹”İ[[Y\ˆÙ]Ø[‹•Ù\İ‹“QÈÜXÚX[‹“QÈ‹MK–ZÛ[™È‹™š[˜[˜ÙH‹•[š]Yİ]\È‹ÍLÍËŒŒLË•QK‹KBˆL’RN‘‹“Üİ‹ŒMËLLL‹ŒMËLLKLŒŒMËLLH‹[›˜HÛ™[[™È‹‘\İ[ˆœš[šÛX[›ˆ‹Ù[˜[‹“QÈÜXÚX[‹“QÈ‹MK‘[šÛ[™È‹™š[˜[˜ÙH‹•[š]Yİ]\È‹NKKÌŒË•QKKKBˆÔTMH‹“Üİ‹ŒMËLLL‹ŒMËLLLŒŒMËLL‹[›˜HÛ™[[™È‹‘\İ[ˆœš[šÛX[›ˆ‹Ù[˜[‹“QÈY˜[˜ÙY‹“QÈ‹ÌÎLË”›Û‹]XÚ‹›YYXØ[‹•[š]Yİ]\È‹ÎLŒ‹‹ÍË•QK‹KBˆ’Ñ–ŒÍÌÌÌ‹•ÛÛˆ‹ŒMËLLL‹ŒMËLL‹LMŒŒMËLLˆ‹›Üš\È˜^ˆ‹”›ØØÛÈ™]X™\‹‘X\İ‹‘Õ˜\ÚXÈ‹‘Õ‹ML’ÛÛ™^‹XÚ›ÛÙŞH‹•[š]Yİ]\È‹ÍÌŒÎLÍÍM‹•QKKL‹KŒLMMMMMMKKBˆ••M‹•ÛÛˆ‹ŒMËLLL‹ŒMËLLLËŒŒMËLL‹›Üš\È˜^ˆ‹”›ØØÛÈ™]X™\‹‘X\İ‹‘Õ›È‹‘Õ‹ŒK–^›Ø˜[H‹™[\Z[›Y[‹•[š]Yİ]\È‹ÎÎŒÎKÍ•QKKKKŒÌLNMLLÌÍKKBˆ–MPÌTMÕTˆ‹•ÛÛˆ‹ŒMËLLL‹ŒMËLL‹L‹ŒŒMËLLˆ‹Ø\ÜÙ^HÜ™\ÜÈ‹”›ØØÛÈ™]X™\‹‘X\İ‹“QÈÜXÚX[‹“QÈ‹MK–˜][šXÛÛˆ‹œ™]Z[‹•[š]Yİ]\È‹ÌKŒL‹M•QKKLKŒLLLLLLLKKBˆ•“ŒĞPˆ‹•ÛÛˆ‹ŒMËLLL‹ŒMËLLKLL‹ŒŒMËLLH‹Ø\ÜÙ^HÜ™\ÜÈ‹”›ØØÛÈ™]X™\‹‘X\İ‹“QÈY˜[˜ÙY‹“QÈ‹ÌÎLËX˜˜Hİ[\‹œÛÙØ\™H‹•[š]Yİ]\È‹NËŒÎKŒLË•QKKÌÌÌËÍËŒMÍÍNMNLÌKBˆ“U–‘Ì”ÑÈ‹•ÛÛˆ‹ŒMËLLL‹ŒMËLLLM‹ŒŒMËLL‹ÛÜ›\ÜÈÛÜÛYH‹Ø\˜HÜØÚ‹‘X\İ‹‘Õ\È˜\ÚXÈ‹‘Õ‹LM‹‘ÛØ\™H‹›X\šÙ][™È‹•[š]Yİ]\È‹LNMËMÌ•QKKLMKLŒLLÍNLLLKBˆ’’QSÎÖ•ˆ‹‘[™ØYÚ[™È‹ŒMËLLL‹‘[šY[[[XXÚÈ‹”›ØØÛÈ™]X™\‹‘X\İ‹“QÈY˜[˜ÙY‹“QÈ‹ÌÎLË•[šÛ›İÛˆ‹•[šÛ›İÛˆ‹•[šÛ›İÛˆ‹SÑKˆ‘SLUÍÌÎ‹•ÛÛˆ‹ŒMËLLL‹ŒMËLLKLŒ‹ŒŒMËLLH‹‘\˜Ù[ØÚXÚ‹“Y[š[ˆX\[ˆ‹Ù[˜[‹‘Õ\È›È‹‘Õ‹M‹™[X˜\ÙH‹›X\šÙ][™È‹•[š]Yİ]\È‹ŒMÌËNL•QKKMNMKËLŒŒŒLLMNMLÍ‹KBˆŒLÕÓŒ“Rˆ‹•ÛÛˆ‹ŒMËLLL‹ŒMËLLLŒŒMËLL‹‘\˜Ù[ØÚXÚ‹“Y[š[ˆX\[ˆ‹Ù[˜[‹‘Õ›È‹‘Õ‹ŒK‘š[šYÚ‹™š[˜[˜ÙH‹•[š]Yİ]\È‹LL‹ËMÍNK•QKKŒK‹ŒÍÌÌÌLÍÌMKKBˆ“M“’LRH‹“Üİ‹ŒMËLLL‹ŒMËLLLM‹ŒŒMËLL‹‘Û›ˆØ[™[‹”›ØØÛÈ™]X™\‹‘X\İ‹‘Õ\È˜\ÚXÈ‹‘Õ‹LM‹–YX\š[ˆ‹œ™]Z[‹•[š]Yİ]\È‹ŒŒKŒKÎLK•QKLKBˆ“RPMSÕ–H‹‘[™ØYÚ[™È‹ŒMËLLL‹‘[X\ÙHÛXÚÈ‹Ù[XH›İXÚH‹•Ù\İ‹“QÈÜXÚX[‹“QÈ‹MK•[šÛ›İÛˆ‹•[šÛ›İÛˆ‹•[šÛ›İÛˆ‹SÑKˆ•LÑ•QÌÕ‹•ÛÛˆ‹ŒMËLLL‹ŒMËLLKLŒŒŒMËLLH‹‘ÛY\ÈÛÛÛİYÚ‹“Y[š[ˆX\[ˆ‹Ù[˜[‹‘Õ˜\ÚXÈ‹‘Õ‹ML”İ™Y]^‹œ™]Z[‹™[Ú][H‹LÍÍ‹LMK•QKKMKKŒMMMMMMKKBˆ””ÌLÓLV”‹•ÛÛˆ‹ŒMËLLL‹ŒMËLLLŒŒMËLL‹‘ÛY\ÈÛÛÛİYÚ‹“Y[š[ˆX\[ˆ‹Ù[˜[‹“QÈY˜[˜ÙY‹“QÈ‹ÌÎLË”İ[œ™Y^‹™š[˜[˜ÙH‹•[š]Yİ]\È‹MNŒ‹ÍÎN•QKKÌŒL‹‹ŒLÌÍLLŒŒÌLŒÎM‹KBˆŒLV“H‹•ÛÛˆ‹ŒMËLLL‹ŒMËLL‹LÌKŒŒMËLLˆ‹’˜[Y\È\ØÙ[˜Ú[È‹”İ[[Y\ˆÙ]Ø[‹•Ù\İ‹‘Õ˜\ÚXÈ‹‘Õ‹ML‘Ü›Ûİ™\İ™Y]‹œ™]Z[‹•[š]Yİ]\È‹ŒŒËNK•QKKMË‹ŒMLLLLLLKKBˆ•P•”Ò‹“Üİ‹ŒMËLLL‹ŒMËLLLMËŒŒMËLL‹’›Û˜][ˆ™\[İ‹“Y[š[ˆX\[ˆ‹Ù[˜[‹‘Õ\È˜\ÚXÈ‹‘Õ‹LM‹ÛÛ™^‹›YYXØ[‹•[š]Yİ]\È‹MK•QKLKKBˆ““T“ˆ‹•ÛÛˆ‹ŒMËLLL‹ŒMËLL‹LÌKŒŒMËLLˆ‹’›Û˜][ˆ™\[İ‹“Y[š[ˆX\[ˆ‹Ù[˜[‹‘Õ˜\ÚXÈ‹‘Õ‹MLÛÙZİÈ‹œÛÙØ\™H‹•[š]Yİ]\È‹ÌMKK•QKKM‹‹ŒÌÌÌÌÌÌÌÌ‹KBˆ“ÕŒÔPH‹“Üİ‹ŒMËLLL‹ŒMËLLLL‹ŒŒMËLL‹“ZX[˜H™[˜Ú[‹‘\İ[ˆœš[šÛX[›ˆ‹Ù[˜[‹‘Õ\È˜\ÚXÈ‹‘Õ‹LM‹”İ]Û[™ÜÈ‹™[\Ş[Y[‹•[š]Yİ]\È‹LKŒËN‹•QK‹KBˆŒTÖLÕÈ‹•ÛÛˆ‹ŒMËLLL‹ŒMËLL‹LŒKŒŒMËLLˆ‹“ZX[˜H™[˜Ú[‹‘\İ[ˆœš[šÛX[›ˆ‹Ù[˜[‹‘Õ˜\ÚXÈ‹‘Õ‹ML‘ÛØ™^ÛÜœÜ˜][Ûˆ‹XÚ›ÛÙŞH‹“›ÜØ^H‹LŒŒËÌ‹MË•QKKLËÍ‹ŒMÍŒÍŒÍŒÍŒÍŒÍŒÍ‹KBˆ’ÓÔVÈ‹“Üİ‹ŒMËLLL‹ŒMËLLLMKŒŒMËLL‹“X\šÚ]H[œÙ[ˆ‹Ù[XH›İXÚH‹•Ù\İ‹‘Õ›È‹‘Õ‹ŒK’]˜[ˆ‹œÙ\šXÙ\È‹•[š]Yİ]\È‹ÎL‹‹LNK•QKKKBˆ”MÖ”Ò”H‹•ÛÛˆ‹ŒMËLLL‹ŒMËLLLËŒŒMËLL‹“[ÜÙ\Èœ˜\ÙH‹‘\İ[ˆœš[šÛX[›ˆ‹Ù[˜[‹‘Õ˜\ÚXÈ‹‘Õ‹ML™[X˜\ÙH‹›X\šÙ][™È‹•[š]Yİ]\È‹ŒMÌËNL•QKKLLKŒÌÌÌÌÌÌÌKBˆŒRPP’Ô‹•ÛÛˆ‹ŒMËLLL‹ŒMËLLLMŒŒMËLL‹“[ÜÙ\Èœ˜\ÙH‹‘\İ[ˆœš[šÛX[›ˆ‹Ù[˜[‹‘Õ˜\ÚXÈ‹‘Õ‹ML‘ÛÙÛŞ›ÛÛH‹[XÛÛ[][šXØ][ÛœÈ‹•[š]Yİ]\È‹‹NË•QKKML‹LŒÍŒÍŒÍŒÍŒÍŒÍŒÍ‹KBˆŒ”‘LV‘Õˆ‹•ÛÛˆ‹ŒMËLLL‹ŒMËLLLËŒŒMËLL‹”™YYÛ\\ˆ‹”›ØØÛÈ™]X™\‹‘X\İ‹“QÈY˜[˜ÙY‹“QÈ‹ÌÎLË–™[˜ÛÜœÜ˜][Ûˆ‹XÚ›ÛÙŞH‹Ú[˜H‹ÎKM‹•QKKÌŒËKŒMNNMÍŒŒLÎËKBˆ’“ÓÑ–ˆ‹•ÛÛˆ‹ŒMËLLL‹ŒMËLLLMŒŒMËLL‹”›ÜÚYH\YÜİ[ÜÈ‹Ø\˜HÜØÚ‹‘X\İ‹‘Õ\È›È‹‘Õ‹M‹•H™]È[ÜšÈ[œ]Z\™\ˆ‹›YYXØ[‹•[š]Yİ]\È‹ÎKŒŒKÎL‹•QKKŒŒLŒLÍŒMÌŒNNNLËKBˆŒ–RÕÕĞÔ‹•ÛÛˆ‹ŒMËLLL‹ŒMËLLLLKŒŒMËLL‹•™\œÚYH[Xœ˜[™‹‘\İ[ˆœš[šÛX[›ˆ‹Ù[˜[‹“QÈÜXÚX[‹“QÈ‹MK™[X˜\ÙH‹›X\šÙ][™È‹•[š]Yİ]\È‹ŒMÌËNL•QKKNKKLŒÌÌÌÌÌÌÌKBˆ’QŒ•PÌÔH‹“Üİ‹ŒMËLLL‹ŒMËLLLŒŒMËLL‹•Ú[\›ˆ˜\œ™[ˆ‹Ø\˜HÜØÚ‹‘X\İ‹‘Õ›È‹‘Õ‹ŒK“X]İXÚ‹›X\šÙ][™È‹’›Ü™[ˆ‹ÌË‹MLM‹•QK‹KBˆ‘ÕMMH‹•ÛÛˆ‹ŒMËLLL‹ŒMËLL‹LŒËŒŒMËLLˆ‹–˜[™H]H‹”İ[[Y\ˆÙ]Ø[‹•Ù\İ‹‘Õ\È˜\ÚXÈ‹‘Õ‹LM‹ÛÛ™^‹›YYXØ[‹•[š]Yİ]\È‹MK•QKKLLKÎLŒÌLMLLLMKKBˆ’”RÌQH‹•ÛÛˆ‹ŒMËLLLËŒMËLLLLËŒŒMËLL‹[›˜HÛ™[[™È‹‘\İ[ˆœš[šÛX[›ˆ‹Ù[˜[‹‘Õ\È›È‹‘Õ‹M‹”İ™Y]^‹œ™]Z[‹™[Ú][H‹LÍÍ‹LMK•QKKLÍK‹ŒŒLŒNLÌÌÎNKKBˆ–UUQ‘ÒU‹•ÛÛˆ‹ŒMËLLLËŒMËLLKLNKŒŒMËLLH‹›Üš\È˜^ˆ‹”›ØØÛÈ™]X™\‹‘X\İ‹‘Õ\È˜\ÚXÈ‹‘Õ‹LM‹•[Xœ™[HÛÜœÜ˜][Ûˆ‹™š[˜[˜ÙH‹•[š]Yİ]\È‹ŒŒ‹ŒMLLLË•QKKLMËLŒÍLMMÍLËKBˆ‘‘ÒÈ‹“Üİ‹ŒMËLLLËŒMËLLLŒŒMËLL‹Ø\ÜÙ^HÜ™\ÜÈ‹”›ØØÛÈ™]X™\‹‘X\İ‹‘Õ˜\ÚXÈ‹‘Õ‹ML–›İØ\™H‹œÛÙØ\™H‹•[š]Yİ]\È‹ÎËLÎK•QKKKBˆ”ÔST“ˆ‹•ÛÛˆ‹ŒMËLLLËŒMËLLLNKŒŒMËLL‹ÙXÚ[H[\Ú[ˆ‹‘\İ[ˆœš[šÛX[›ˆ‹Ù[˜[‹“QÈÜXÚX[‹“QÈ‹MK•İYÚ˜\‹œ™]Z[‹•[š]Yİ]\È‹ÌÌ‹ËÎNK•QKKL‹L‹ŒMMMMMMM‹KBˆ“V‘R‘’H‹•ÛÛˆ‹ŒMËLLLËŒMËLL‹LŒŒMËLLˆ‹ÙXÚ[H[\Ú[ˆ‹‘\İ[ˆœš[šÛX[›ˆ‹Ù[˜[‹“QÈY˜[˜ÙY‹“QÈ‹ÌÎLË‘š[šYÚ‹™š[˜[˜ÙH‹•[š]Yİ]\È‹LL‹ËMÍNK•QKKÌLË‹ŒLŒMŒMÌMÍMKBˆ‘RÖRRÈ‹•ÛÛˆ‹ŒMËLLLËŒMËLLKLŒŒMËLLH‹‘[šY[[[XXÚÈ‹”›ØØÛÈ™]X™\‹‘X\İ‹‘Õ\È˜\ÚXÈ‹‘Õ‹LM‹‘ÙZÚÛÈ	ˆÛÈ‹œ™]Z[‹•[š]Yİ]\È‹LŒËÍL‹•QKKLËLŒMMŒŒNMÎLŒNKKBˆ“ĞÍ–“UÍH‹•ÛÛˆ‹ŒMËLLLËŒMËLLLLËŒŒMËLL‹‘[šY[[[XXÚÈ‹”›ØØÛÈ™]X™\‹‘X\İ‹‘Õ\È˜\ÚXÈ‹‘Õ‹LM‹’[š]XÚ‹[XÛÛ[][šXØ][ÛœÈ‹•[š]Yİ]\È‹ŒÎMKŒKŒÍK•QKKLM‹‹KBˆ“MMÓ‘MQˆ‹“Üİ‹ŒMËLLLËŒMËLL‹LŒËŒŒMËLLˆ‹‘\˜Ù[ØÚXÚ‹“Y[š[ˆX\[ˆ‹Ù[˜[‹“QÈY˜[˜ÙY‹“QÈ‹ÌÎLË’İXÚH‹XÚ›ÛÙŞH‹’ÛÜ™XH‹MÌŒÎMNK•QKÍËKBˆŒVÍLNT‹•ÛÛˆ‹ŒMËLLLËŒMËLL‹LÌŒŒMËLLˆ‹‘\˜Ù[ØÚXÚ‹“Y[š[ˆX\[ˆ‹Ù[˜[‹“QÈÜXÚX[‹“QÈ‹MK‘Ù[˜ÛÈ\˜HÛ]™HÚ[ÛÛ\[H‹œ™]Z[‹’][H‹MŒÌËMŒÍK•QKKMŒNNNNNNN‹KBˆ•P•ÓÍÒUˆ‹•ÛÛˆ‹ŒMËLLLËŒMËLL‹LLËŒŒMËLLˆ‹’^Y[ˆ™[Û\È‹Ù[XH›İXÚH‹•Ù\İ‹“QÈY˜[˜ÙY‹“QÈ‹ÌÎLË‘Ü™Y[‹T\È‹œÙ\šXÙ\È‹•[š]Yİ]\È‹L‹ŒNKNLŒ‹•QKKÌLËËŒMÌÌMMKBˆŒ‘VR‹•ÛÛˆ‹ŒMËLLLËŒMËLL‹LŒ‹ŒŒMËLLˆ‹’›Û˜][ˆ™\[İ‹“Y[š[ˆX\[ˆ‹Ù[˜[‹‘Õ›È‹‘Õ‹ŒK”[™Ù˜\ÙH‹XÚ›ÛÙŞH‹•[š]Yİ]\È‹LŒ‹LŒÎ•QKKÍ‹ŒMMÍÍÌÍMLÌ‹KBˆ–’ŒLT•Uˆ‹•ÛÛˆ‹ŒMËLLLËŒMËLLLKŒŒMËLL‹’›Û˜][ˆ™\[İ‹“Y[š[ˆX\[ˆ‹Ù[˜[‹‘Õ›È‹‘Õ‹ŒK–[YÛÚ]H‹›YYXØ[‹•[š]Yİ]\È‹KŒLŒL•QKKLŒL‹‹LŒLLÍLMMÎKBˆ‘Ò–ÖQÒQˆ‹“Üİ‹ŒMËLLLËŒMËLLKLKŒŒMËLLH‹’Ø[ZHšXÚÛ™[‹”İ[[Y\ˆÙ]Ø[‹•Ù\İ‹‘Õ˜\ÚXÈ‹‘Õ‹ML”^˜\‹œ™]Z[‹•[š]Yİ]\È‹ÍËKÍ•QKKKBˆ“Q”ÎL‘ÔH‹•ÛÛˆ‹ŒMËLLLËŒMËLL‹LŒŒMËLLˆ‹’Ø\H[™š^ÛÛˆ‹”İ[[Y\ˆÙ]Ø[‹•Ù\İ‹‘Õ˜\ÚXÈ‹‘Õ‹ML‘[XÚ›ÛÙŞH‹œÛÙØ\™H‹•[š]Yİ]\È‹NÎKM‹•QKKŒ‹ŒLLÌÌÌÌÌÌËKBˆ’Õ‘NÈ‹•ÛÛˆ‹ŒMËLLLËŒMËLLLLËŒŒMËLL‹“ZX[˜H™[˜Ú[‹‘\İ[ˆœš[šÛX[›ˆ‹Ù[˜[‹‘Õ˜\ÚXÈ‹‘Õ‹ML‘ÛØ™^ÛÜœÜ˜][Ûˆ‹XÚ›ÛÙŞH‹“›ÜØ^H‹LŒŒËÌ‹MË•QKKNM‹LŒKKBˆ”ÒÍS•H‹•ÛÛˆ‹ŒMËLLLËŒMËLL‹LÌŒŒMËLLˆ‹“X\šÚ]H[œÙ[ˆ‹Ù[XH›İXÚH‹•Ù\İ‹‘Õ˜\ÚXÈ‹‘Õ‹ML”Ú[™Û]XÚ›È‹œ™]Z[‹•[š]Yİ]\È‹ŒŒMMLÍÍ•QKKŒMMŒÍŒÍŒÍŒÍŒÍŒÍ‹KBˆ“LÌÌ“RÒÈ‹•ÛÛˆ‹ŒMËLLLËŒMËLL‹LLËŒŒMËLLˆ‹“X\šÚ]H[œÙ[ˆ‹Ù[XH›İXÚH‹•Ù\İ‹“QÈÜXÚX[‹“QÈ‹MKÚY\œÈ‹™[\Z[›Y[‹•[š]Yİ]\È‹KKÌ‹•QKKLËËŒÍŒÍŒÍŒÍŒÍŒÍŒÍKBˆRÓ–RH‹“Üİ‹ŒMËLLLËŒMËLLLMKŒŒMËLL‹“X\Hœ™]Y[˜\™È‹“Y[š[ˆX\[ˆ‹Ù[˜[‹‘Õ\È˜\ÚXÈ‹‘Õ‹LM‹‘š[šYÚ‹™š[˜[˜ÙH‹•[š]Yİ]\È‹LL‹ËMÍNK•QKKBˆ‘ÑRÔ’ÖH‹•ÛÛˆ‹ŒMËLLLËŒMËLLLŒŒMËLL‹“X\Hœ™]Y[˜\™È‹“Y[š[ˆX\[ˆ‹Ù[˜[‹‘Õ˜\ÚXÈ‹‘Õ‹ML”İ™Y]^‹œ™]Z[‹™[Ú][H‹LÍÍ‹LMK•QKKŒKKLŒŒNNNNNN‹KBˆ‘•’È‹•ÛÛˆ‹ŒMËLLLËŒMËLLLMŒŒMËLL‹“X\Hœ™]Y[˜\™È‹“Y[š[ˆX\[ˆ‹Ù[˜[‹‘Õ\È˜\ÚXÈ‹‘Õ‹LM‹‘Ù[˜ÛÈ\˜HÛ]™HÚ[ÛÛ\[H‹œ™]Z[‹’][H‹MŒÌËMŒÍK•QKKLËLŒLÌLÎŒLÌLÎKKBˆÖM“Ô’Rˆ‹•ÛÛˆ‹ŒMËLLLËŒMËLL‹LŒŒŒMËLLˆ‹“X\Hœ™]Y[˜\™È‹“Y[š[ˆX\[ˆ‹Ù[˜[‹“QÈY˜[˜ÙY‹“QÈ‹ÌÎLË’\ÙÛH‹›YYXØ[‹•[š]Yİ]\È‹ÌMÎŒM•QKKÍŒËÍŒNMÍŒÎLMÌMKBˆ”Q’QR–LŒH‹•ÛÛˆ‹ŒMËLLLËŒMËLL‹LKŒŒMËLLˆ‹“X]\™Y[ˆX\˜Ø[›È‹”İ[[Y\ˆÙ]Ø[‹•Ù\İ‹‘Õ˜\ÚXÈ‹‘Õ‹MLÛÛ™^‹›YYXØ[‹•[š]Yİ]\È‹MK•QKKŒLNKLŒLLLLLLLKKBˆÕURTˆ‹•ÛÛˆ‹ŒMËLLLËŒMËLL‹LMŒŒMËLLˆ‹“X]\™Y[ˆX\˜Ø[›È‹”İ[[Y\ˆÙ]Ø[‹•Ù\İ‹“QÈÜXÚX[‹“QÈ‹MK’]˜[ˆ‹œÙ\šXÙ\È‹•[š]Yİ]\È‹ÎL‹‹LNK•QKKNKLŒÌÌÌÌÌÌÌKBˆ”ŒNSÔS‹•ÛÛˆ‹ŒMËLLLËŒMËLLLNKŒŒMËLL‹“[ÜÙ\Èœ˜\ÙH‹‘\İ[ˆœš[šÛX[›ˆ‹Ù[˜[‹‘Õ˜\ÚXÈ‹‘Õ‹ML”˜[™Ü™Y[ˆ‹XÚ›ÛÙŞH‹”[˜[XH‹LÎËÍÍK•QKKMÍËL‹LŒLLLLLLLKKBˆ•UMÔR•Ö‹“Üİ‹ŒMËLLLËŒMËLLLMKŒŒMËLL‹”›ÜØ[[˜HY]\ˆ‹Ù[XH›İXÚH‹•Ù\İ‹“QÈÜXÚX[‹“QÈ‹MK’Ø[‹XÛÙH‹œÛÙØ\™H‹•[š]Yİ]\È‹LMNŒËÍ•QKKBˆ“ÍÕÕ•SVH‹•ÛÛˆ‹ŒMËLLLËŒMËLLLKŒŒMËLL‹•šXÚÚHY›[[YH‹Ù[XH›İXÚH‹•Ù\İ‹‘Õ\È˜\ÚXÈ‹‘Õ‹LM‹‘š[š›Øˆ‹™[\Ş[Y[‹•[š]Yİ]\È‹ŒNKKÍ•QKKLLÎK‹LŒÎLŒÌÍMÍŒÌÍMËKBˆ“”“Q–TQ‹•ÛÛˆ‹ŒMËLLLŒMËLL‹LÌŒŒMËLLˆ‹[›˜HÛ™[[™È‹‘\İ[ˆœš[šÛX[›ˆ‹Ù[˜[‹‘Õ\È›È‹‘Õ‹M‹•™Y\][İH‹[XÛÛ[][šXØ][ÛœÈ‹•[š]Yİ]\È‹L‹ŒKNMK•QKKŒÎËLŒLMŒÎÎMLËKBˆŒÒPRÖˆ‹•ÛÛˆ‹ŒMËLLLŒMËLLLMŒŒMËLL‹›Üš\È˜^ˆ‹”›ØØÛÈ™]X™\‹‘X\İ‹‘Õ›È‹‘Õ‹ŒK•[Xœ™[HÛÜœÜ˜][Ûˆ‹™š[˜[˜ÙH‹•[š]Yİ]\È‹ŒŒ‹ŒMLLLË•QKKŒK‹ŒÎNMÍŒŒKKBˆ“TTP“È‹•ÛÛˆ‹ŒMËLLLŒMËLLKLŒKŒŒMËLLH‹›Üš\È˜^ˆ‹”›ØØÛÈ™]X™\‹‘X\İ‹“QÈY˜[˜ÙY‹“QÈ‹ÌÎLË’ÛÛ™^‹XÚ›ÛÙŞH‹•[š]Yİ]\È‹ÍÌŒÎLÍÍM‹•QKKÌŒÎNMLNLMMLËKBˆ•ĞÍ”•TÈ‹•ÛÛˆ‹ŒMËLLLŒMËLLLMËŒŒMËLL‹Ø\ÜÙ^HÜ™\ÜÈ‹”›ØØÛÈ™]X™\‹‘X\İ‹“QÈY˜[˜ÙY‹“QÈ‹ÌÎLË™]\ÛÛÚ[ˆ‹›YYXØ[‹•[š]Yİ]\È‹LKKMK•QKKÍÌ‹KLŒŒÌÌŒÌMÎMÎNKBˆ‘ÌTÒS–H‹•ÛÛˆ‹ŒMËLLLŒMËLLLMKŒŒMËLL‹ÙXÚ[H[\Ú[ˆ‹‘\İ[ˆœš[šÛX[›ˆ‹Ù[˜[‹‘Õ\È˜\ÚXÈ‹‘Õ‹LM‹”˜[™Ü™Y[ˆ‹XÚ›ÛÙŞH‹”[˜[XH‹LÎËÍÍK•QKKLN‹ËLŒŒLMÎÌŒLMKBˆ”ÌNQ–ŒH‹“Üİ‹ŒMËLLLŒMËLLLM‹ŒŒMËLL‹ÛÜ›\ÜÈÛÜÛYH‹Ø\˜HÜØÚ‹‘X\İ‹‘Õ˜\ÚXÈ‹‘Õ‹ML–›İØ\™H‹œÛÙØ\™H‹•[š]Yİ]\È‹ÎËLÎK•QKKBˆRÕÖ•H‹•ÛÛˆ‹ŒMËLLLŒMËLL‹LMŒŒMËLLˆ‹‘[šY[[[XXÚÈ‹”›ØØÛÈ™]X™\‹‘X\İ‹‘Õ›È‹‘Õ‹ŒK”İ[XXÙH‹œ™]Z[‹”›ÛX[šXH‹MËKLË•QKKMËLŒMŒNMNÌŒŒMËKBˆŒPR“–‹“Üİ‹ŒMËLLLŒMËLLLLŒŒMËLL‹‘\˜Ù[ØÚXÚ‹“Y[š[ˆX\[ˆ‹Ù[˜[‹“QÈÜXÚX[‹“QÈ‹MK‘Û^›ÛÛH‹™[\Z[›Y[‹•[š]Yİ]\È‹ŒMËËMLK•QK‹KBˆ”“TSQLÓŒ‹“Üİ‹ŒMËLLLŒMËLLKLŒKŒŒMËLLH‹‘Û›ˆØ[™[‹”›ØØÛÈ™]X™\‹‘X\İ‹‘Õ\È˜\ÚXÈ‹‘Õ‹LM‹“X\ÜÚ]™H[˜[ZXÈ‹™[\Z[›Y[‹•[š]Yİ]\È‹KŒ‹LMK•QKKBˆ‘ÎÌÑÔ”È‹•ÛÛˆ‹ŒMËLLLŒMËLLLŒŒŒMËLL‹‘Ø\œ™]Ú[™\ˆ‹Ø\˜HÜØÚ‹‘X\İ‹“QÈY˜[˜ÙY‹“QÈ‹ÌÎLË•™Z[Y[Ø\][\™\œÈ‹™š[˜[˜ÙH‹•[š]Yİ]\È‹‹ŒKË•QKKL‹L‹ŒMÌLŒÍMLÍÌ‹KBˆ’VLÕM‹“Üİ‹ŒMËLLLŒMËLLLMŒŒMËLL‹‘ÛY\ÈÛÛÛİYÚ‹“Y[š[ˆX\[ˆ‹Ù[˜[‹‘Õ\È˜\ÚXÈ‹‘Õ‹LM‹‘ÛØ™^ÛÜœÜ˜][Ûˆ‹XÚ›ÛÙŞH‹“›ÜØ^H‹LŒŒËÌ‹MË•QK‹KBˆ“Ö‘”Ğ’Qˆ‹“Üİ‹ŒMËLLLŒMËLLLKŒŒMËLL‹‘ÛY\ÈÛÛÛİYÚ‹“Y[š[ˆX\[ˆ‹Ù[˜[‹‘Õ›È‹‘Õ‹ŒK•İYÚ˜\‹œ™]Z[‹•[š]Yİ]\È‹ÌÌ‹ËÎNK•QKKKBˆ’QR’TVRH‹•ÛÛˆ‹ŒMËLLLŒMËLL‹LŒ‹ŒŒMËLLˆ‹’^Y[ˆ™[Û\È‹Ù[XH›İXÚH‹•Ù\İ‹“QÈY˜[˜ÙY‹“QÈ‹ÌÎLË›XÚŞš[H‹œ™]Z[‹•[š]Yİ]\È‹MËŒLKMN•QKKÍLMËÍKLŒÍMNMLÎKBˆ”ÔRÌÈ‹“Üİ‹ŒMËLLLŒMËLL‹L‹ŒŒMËLLˆ‹’›Û˜][ˆ™\[İ‹“Y[š[ˆX\[ˆ‹Ù[˜[‹‘Õ›È‹‘Õ‹ŒK™[X˜\ÙH‹›X\šÙ][™È‹•[š]Yİ]\È‹ŒMÌËNL•QKÎKKBˆ“QU“Òˆ‹‘[™ØYÚ[™È‹ŒMËLLL’Ø[ZHšXÚÛ™[‹”İ[[Y\ˆÙ]Ø[‹•Ù\İ‹‘Õ\È˜\ÚXÈ‹‘Õ‹LM‹•[šÛ›İÛˆ‹•[šÛ›İÛˆ‹•[šÛ›İÛˆ‹SÑKˆ‘QÖ•Õ’H‹“Üİ‹ŒMËLLLŒMËLLLKŒŒMËLL‹’Ø[ZHšXÚÛ™[‹”İ[[Y\ˆÙ]Ø[‹•Ù\İ‹‘Õ˜\ÚXÈ‹‘Õ‹ML”İ[›˜[\^‹›X\šÙ][™È‹”Û[™‹MŒÍËMNLË•QKKKBˆŒV•T“ÔÈ‹•ÛÛˆ‹ŒMËLLLŒMËLLLLŒŒMËLL‹’Ø[ZHšXÚÛ™[‹”İ[[Y\ˆÙ]Ø[‹•Ù\İ‹‘Õ˜\ÚXÈ‹‘Õ‹ML–ZÛ[™È‹™š[˜[˜ÙH‹•[š]Yİ]\È‹ÍLÍËŒŒLË•QKKŒ‹LŒLMMMMMMKKBˆŒQPŒ‘–ˆ‹•ÛÛˆ‹ŒMËLLLŒMËLLLM‹ŒŒMËLL‹’Ø\H[™š^ÛÛˆ‹”İ[[Y\ˆÙ]Ø[‹•Ù\İ‹‘Õ\È›È‹‘Õ‹M‹‘˜\ÙZ]XÙH‹œ™]Z[‹•[š]Yİ]\È‹MLKÍLŒË•QKKNKŒNLÌŒŒÌÍŒNKBˆŒ”ÌMÔT‹•ÛÛˆ‹ŒMËLLLŒMËLLKLŒËŒŒMËLLH‹’Ø\H[™š^ÛÛˆ‹”İ[[Y\ˆÙ]Ø[‹•Ù\İ‹‘Õ›È‹‘Õ‹ŒK“™]Ù^‹œÙ\šXÙ\È‹‘Ù\›X[H‹LL‹Ì‹ÍL‹•QKKÎ‹ŒLNMMMÌÌMKKBˆ“ÍLV–‹‘[™ØYÚ[™È‹ŒMËLLL“X\šÚ]H[œÙ[ˆ‹Ù[XH›İXÚH‹•Ù\İ‹“QÈÜXÚX[‹“QÈ‹MK•[šÛ›İÛˆ‹•[šÛ›İÛˆ‹•[šÛ›İÛˆ‹SÑKˆŒ•ÓQÒÈ‹“Üİ‹ŒMËLLLŒMËLLLLŒŒMËLL‹“X\šÚ]H[œÙ[ˆ‹Ù[XH›İXÚH‹•Ù\İ‹‘Õ\È˜\ÚXÈ‹‘Õ‹LM‹›XÚŞš[H‹œ™]Z[‹•[š]Yİ]\È‹MËŒLKMN•QK‹KBˆ–’Í’ˆ‹“Üİ‹ŒMËLLLŒMËLLLMŒŒMËLL‹“X\šÚ]H[œÙ[ˆ‹Ù[XH›İXÚH‹•Ù\İ‹“QÈÜXÚX[‹“QÈ‹MK“X™š[‹›YYXØ[‹•[š]Yİ]\È‹ÍKŒÍËLŒ‹•QK‹KBˆ•ÍTR‹“Üİ‹ŒMËLLLŒMËLLLŒŒŒMËLL‹”›ÜØ[[˜HY]\ˆ‹Ù[XH›İXÚH‹•Ù\İ‹“QÈÜXÚX[‹“QÈ‹MK–›ÛÛZ]‹™[\Z[›Y[‹•[š]Yİ]\È‹ÌŒNKMÎ•QKL‹KBˆ’VÓQˆ‹•ÛÛˆ‹ŒMËLLLŒMËLLLKŒŒMËLL‹•šXÚÚHY›[[YH‹Ù[XH›İXÚH‹•Ù\İ‹“QÈY˜[˜ÙY‹“QÈ‹ÌÎLË“™]Ù^‹œÙ\šXÙ\È‹‘Ù\›X[H‹LL‹Ì‹ÍL‹•QKKÌŒËKŒLLLŒËKBˆ”Q’“ÑNSH‹‘[™ØYÚ[™È‹ŒMËLLL–˜[™H]H‹”İ[[Y\ˆÙ]Ø[‹•Ù\İ‹“QÈÜXÚX[‹“QÈ‹MK•[šÛ›İÛˆ‹•[šÛ›İÛˆ‹•[šÛ›İÛˆ‹SÑKˆ’U“SS”Òˆ‹“Üİ‹ŒMËLLLKŒMËLLLMËŒŒMËLL‹[›˜HÛ™[[™È‹‘\İ[ˆœš[šÛX[›ˆ‹Ù[˜[‹‘Õ\È›È‹‘Õ‹M‹ÛÛ™XÛÛH‹XÚ›ÛÙŞH‹•[š]Yİ]\È‹MLŒ‹N‹•QKKBˆ’SLŒLMLÈ‹•ÛÛˆ‹ŒMËLLLKŒMËLLLŒŒŒMËLL‹[›˜HÛ™[[™È‹‘\İ[ˆœš[šÛX[›ˆ‹Ù[˜[‹“QÈY˜[˜ÙY‹“QÈ‹ÌÎLË”›Û‹]XÚ‹›YYXØ[‹•[š]Yİ]\È‹ÎLŒ‹‹ÍË•QKKÌLLKŒŒÍMNÍLNKKBˆ’•ŒÖ‹•ÛÛˆ‹ŒMËLLLKŒMËLL‹LÌŒŒMËLLˆ‹›Üš\È˜^ˆ‹”›ØØÛÈ™]X™\‹‘X\İ‹‘Õ\È›È‹‘Õ‹M‹‘Ûœ]XYXÚ‹XÚ›ÛÙŞH‹•[š]Yİ]\È‹MÌL‹ÌNM•QKK‹‹LŒMMLMŒŒÍMLÍKKBˆ•USL’ÌMˆ‹•ÛÛˆ‹ŒMËLLLKŒMËLLLMKŒŒMËLL‹ÛÜ›\ÜÈÛÜÛYH‹Ø\˜HÜØÚ‹‘X\İ‹‘Õ\È›È‹‘Õ‹M‹’Ú[›˜[\\È‹œ™]Z[‹•[š]Yİ]\È‹Ì‹Ì‹NÌK•QKKMÌLK‹LŒMÍÌÌÍMLNNÌËKBˆ–‘VQÑP‘È‹‘[™ØYÚ[™È‹ŒMËLLLK‘[šY[[[XXÚÈ‹”›ØØÛÈ™]X™\‹‘X\İ‹‘Õ›È‹‘Õ‹ŒK•[šÛ›İÛˆ‹•[šÛ›İÛˆ‹•[šÛ›İÛˆ‹SÑKˆ”Ô••L‘H‹•ÛÛˆ‹ŒMËLLLKŒMËLLLNŒŒMËLL‹‘[šY[[[XXÚÈ‹”›ØØÛÈ™]X™\‹‘X\İ‹“QÈÜXÚX[‹“QÈ‹MK“ÛÛYYXH‹™[\Ş[Y[‹•[š]Yİ]\È‹‹ŒL‹ÍK•QKKNKLŒMMMMMMMKKBˆMÒÕÖ•ˆ‹“Üİ‹ŒMËLLLKŒMËLLLLŒŒMËLL‹‘\˜Ù[ØÚXÚ‹“Y[š[ˆX\[ˆ‹Ù[˜[‹‘Õ›È‹‘Õ‹ŒK”İ]Û[™ÜÈ‹™[\Ş[Y[‹•[š]Yİ]\È‹LKŒËN‹•QKKKBˆŒTM“H‹•ÛÛˆ‹ŒMËLLLKŒMËLLLLŒŒMËLL‹‘Ø\œ™]Ú[™\ˆ‹Ø\˜HÜØÚ‹‘X\İ‹‘Õ˜\ÚXÈ‹‘Õ‹ML–›İØ\™H‹œÛÙØ\™H‹•[š]Yİ]\È‹ÎËLÎK•QKKML‹KLŒÍŒÍŒÍŒÍŒÍŒÍŒÍ‹KBˆ”–QSSMŒ‹•ÛÛˆ‹ŒMËLLLKŒMËLLLŒŒŒMËLL‹‘Ø\œ™]Ú[™\ˆ‹Ø\˜HÜØÚ‹‘X\İ‹“QÈY˜[˜ÙY‹“QÈ‹ÌÎLË•H™]È[ÜšÈ[œ]Z\™\ˆ‹›YYXØ[‹•[š]Yİ]\È‹ÎKŒŒKÎL‹•QKKÌŒMKLKŒLŒMLLÌÌ‹KBˆ”“–”Îˆ‹“Üİ‹ŒMËLLLKŒMËLLKLËŒŒMËLLH‹‘ÛY\ÈÛÛÛİYÚ‹“Y[š[ˆX\[ˆ‹Ù[˜[‹‘Õ˜\ÚXÈ‹‘Õ‹ML’ÛÛ›X]š^‹›X\šÙ][™È‹•[š]Yİ]\È‹ÍÍKËLNL•QKKKBˆ’’ÒPPL•ˆ‹•ÛÛˆ‹ŒMËLLLKŒMËLLKLŒËŒŒMËLLH‹’˜[Y\È\ØÙ[˜Ú[È‹”İ[[Y\ˆÙ]Ø[‹•Ù\İ‹‘Õ\È˜\ÚXÈ‹‘Õ‹LM‹‘š[š›Øˆ‹™[\Ş[Y[‹•[š]Yİ]\È‹ŒNKKÍ•QKKLLL‹KLŒMNNMMNNMKBˆ’Ì•RÎ‹“Üİ‹ŒMËLLLKŒMËLLLŒKŒŒMËLL‹’›Û˜][ˆ™\[İ‹“Y[š[ˆX\[ˆ‹Ù[˜[‹‘Õ˜\ÚXÈ‹‘Õ‹ML”İ[œ™Y^‹™š[˜[˜ÙH‹•[š]Yİ]\È‹MNŒ‹ÍÎN•QKL‹KBˆ”Ô’Ì–SĞˆ‹•ÛÛˆ‹ŒMËLLLKŒMËLLKLKŒŒMËLLH‹’›Û˜][ˆ™\[İ‹“Y[š[ˆX\[ˆ‹Ù[˜[‹‘Õ\È˜\ÚXÈ‹‘Õ‹LM‹•Ø\™\\ÙH‹œÙ\šXÙ\È‹•[š]Yİ]\È‹ŒKÌËLÍ‹•QKKLNLËLŒMÍŒÌÍMÍËKBˆÕ’Œˆ‹•ÛÛˆ‹ŒMËLLLKŒMËLL‹LŒ‹ŒŒMËLLˆ‹’Ø[ZHšXÚÛ™[‹”İ[[Y\ˆÙ]Ø[‹•Ù\İ‹‘Õ˜\ÚXÈ‹‘Õ‹ML‘š[š›Øˆ‹™[\Ş[Y[‹•[š]Yİ]\È‹ŒNKKÍ•QKK‹ÍŒNLLLLLLKKBˆÑ‘Õ–M‘ÒÈ‹•ÛÛˆ‹ŒMËLLLKŒMËLLLLŒŒMËLL‹’Ø[ZHšXÚÛ™[‹”İ[[Y\ˆÙ]Ø[‹•Ù\İ‹‘Õ˜\ÚXÈ‹‘Õ‹ML’ÛÛ™^‹XÚ›ÛÙŞH‹•[š]Yİ]\È‹ÍÌŒÎLÍÍM‹•QKKMKKLŒÌÌÌÌÌÌÌËKBˆ’V–“MĞH‹“Üİ‹ŒMËLLLKŒMËLLLNŒŒMËLL‹’Ø\H[™š^ÛÛˆ‹”İ[[Y\ˆÙ]Ø[‹•Ù\İ‹‘Õ˜\ÚXÈ‹‘Õ‹ML”Ú[™Û]XÚ›È‹œ™]Z[‹•[š]Yİ]\È‹ŒŒMMLÍÍ•QKKKBˆŒUÔUÓÒˆ‹‘[™ØYÚ[™È‹ŒMËLLLK“X\šÚ]H[œÙ[ˆ‹Ù[XH›İXÚH‹•Ù\İ‹“QÈÜXÚX[‹“QÈ‹MK•[šÛ›İÛˆ‹•[šÛ›İÛˆ‹•[šÛ›İÛˆ‹SÑKˆÌÍVRMS’ˆ‹•ÛÛˆ‹ŒMËLLLKŒMËLL‹LKŒŒMËLLˆ‹“X\šÚ]H[œÙ[ˆ‹Ù[XH›İXÚH‹•Ù\İ‹‘Õ›È‹‘Õ‹ŒK”Ú[™Û]XÚ›È‹œ™]Z[‹•[š]Yİ]\È‹ŒŒMMLÍÍ•QKKÍLËÍËŒMLMMÍÍÍÌMËKBˆ•LÌVQ‹“Üİ‹ŒMËLLLKŒMËLLKLÌŒŒMËLLH‹“X\Hœ™]Y[˜\™È‹“Y[š[ˆX\[ˆ‹Ù[˜[‹‘Õ\È˜\ÚXÈ‹‘Õ‹LM‹‘Ù[˜ÛÈ\˜HÛ]™HÚ[ÛÛ\[H‹œ™]Z[‹’][H‹MŒÌËMŒÍK•QKL‹KBˆ––ÒÑH‹“Üİ‹ŒMËLLLKŒMËLLLNKŒŒMËLL‹“X]\™Y[ˆX\˜Ø[›È‹”İ[[Y\ˆÙ]Ø[‹•Ù\İ‹‘Õ˜\ÚXÈ‹‘Õ‹ML”İ[›˜[\^‹›X\šÙ][™È‹”Û[™‹MŒÍËMNLË•QKLKBˆÍÔM’ÑÈ‹“Üİ‹ŒMËLLLKŒMËLLLŒKŒŒMËLL‹“šY\ÚHY™š[™\È‹“Y[š[ˆX\[ˆ‹Ù[˜[‹‘Õ˜\ÚXÈ‹‘Õ‹ML”İ]Û[™ÜÈ‹™[\Ş[Y[‹•[š]Yİ]\È‹LKŒËN‹•QKL‹KBˆ’’R”LÒH‹•ÛÛˆ‹ŒMËLLLKŒMËLLLLŒŒMËLL‹“šY\ÚHY™š[™\È‹“Y[š[ˆX\[ˆ‹Ù[˜[‹‘Õ\È˜\ÚXÈ‹‘Õ‹LM‹”İ[œ™Y^‹™š[˜[˜ÙH‹•[š]Yİ]\È‹MNŒ‹ÍÎN•QKKLLKKLŒÌLMLLLMKKBˆ•ÒÕ”UÖH‹•ÛÛˆ‹ŒMËLLLKŒMËLLLLŒŒMËLL‹”›ÜØ[[˜HY]\ˆ‹Ù[XH›İXÚH‹•Ù\İ‹“QÈÜXÚX[‹“QÈ‹MK”İ[›˜[\^‹›X\šÙ][™È‹”Û[™‹MŒÍËMNLË•QKKM‹KLŒNNNNNNNKKBˆŒLŒ–SÈ‹•ÛÛˆ‹ŒMËLLLKŒMËLLLLKŒŒMËLL‹”›ÜØ[[˜HY]\ˆ‹Ù[XH›İXÚH‹•Ù\İ‹“QÈY˜[˜ÙY‹“QÈ‹ÌÎLË”Ú[™Û]XÚ›È‹œ™]Z[‹•[š]Yİ]\È‹ŒŒMMLÍÍ•QKKÍÍK‹LŒLŒÍÎŒMÌMLM‹KBˆ’UUUTM’H‹•ÛÛˆ‹ŒMËLLLKŒMËLLLMŒŒMËLL‹•™\œÚYH[Xœ˜[™‹‘\İ[ˆœš[šÛX[›ˆ‹Ù[˜[‹“QÈY˜[˜ÙY‹“QÈ‹ÌÎLË”˜[™Ü™Y[ˆ‹XÚ›ÛÙŞH‹”[˜[XH‹LÎËÍÍK•QKKÎŒKLŒLÍÍŒÍŒÌLLLËKBˆ–RST‹“Üİ‹ŒMËLLLKŒMËLL‹LŒËŒŒMËLLˆ‹•š[Û]XÛ[[™‹Ø\˜HÜØÚ‹‘X\İ‹“QÈÜXÚX[‹“QÈ‹MK–YX\š[ˆ‹œ™]Z[‹•[š]Yİ]\È‹ŒŒKŒKÎLK•QKÍKKBˆMÌQS•H‹“Üİ‹ŒMËLLLKŒMËLLLMËŒŒMËLL‹–˜[™H]H‹”İ[[Y\ˆÙ]Ø[‹•Ù\İ‹‘Õ˜\ÚXÈ‹‘Õ‹ML’İXÚH‹XÚ›ÛÙŞH‹’ÛÜ™XH‹MÌŒÎMNK•QKKBˆÕMÌPÈ‹“Üİ‹ŒMËLLLKŒMËLLLLKŒŒMËLL‹–˜[™H]H‹”İ[[Y\ˆÙ]Ø[‹•Ù\İ‹“QÈY˜[˜ÙY‹“QÈ‹ÌÎLËÛÛ™^‹›YYXØ[‹•[š]Yİ]\È‹MK•QK‹KBˆŒÒ–’H‹•ÛÛˆ‹ŒMËLLLKŒMËLL‹LMËŒŒMËLLˆ‹–˜[™H]H‹”İ[[Y\ˆÙ]Ø[‹•Ù\İ‹‘Õ˜\ÚXÈ‹‘Õ‹ML–KXÛÜœÜ˜][Ûˆ‹™[\Ş[Y[‹•[š]Yİ]\È‹ÌKŒÍKMMŒK•QKK‹KŒLŒÍŒÍŒÍŒÍŒÍŒÍKBˆ“TU“ÔV“È‹“Üİ‹ŒMËLLLLŒMËLLLNKŒŒMËLL‹[›˜HÛ™[[™È‹‘\İ[ˆœš[šÛX[›ˆ‹Ù[˜[‹“QÈÜXÚX[‹“QÈ‹MKÛÙZİÈ‹œÛÙØ\™H‹•[š]Yİ]\È‹ÌMKK•QKKKBˆ“ÒÖˆ‹•ÛÛˆ‹ŒMËLLLLŒMËLLLLKŒŒMËLL‹[›˜HÛ™[[™È‹‘\İ[ˆœš[šÛX[›ˆ‹Ù[˜[‹‘Õ\È˜\ÚXÈ‹‘Õ‹LM‹‘ÛÙÛŞ›ÛÛH‹[XÛÛ[][šXØ][ÛœÈ‹•[š]Yİ]\È‹‹NË•QKKLM‹KLŒŒÎŒLÌLÎŒKKBˆ•–ÍS‹“Üİ‹ŒMËLLLLŒMËLLLNŒŒMËLL‹›Üš\È˜^ˆ‹”›ØØÛÈ™]X™\‹‘X\İ‹“QÈÜXÚX[‹“QÈ‹MK’Ú[›˜[\\È‹œ™]Z[‹•[š]Yİ]\È‹Ì‹Ì‹NÌK•QKKBˆQÎUÎH‹“Üİ‹ŒMËLLLLŒMËLLLMKŒŒMËLL‹ÛÜ›\ÜÈÛÜÛYH‹Ø\˜HÜØÚ‹‘X\İ‹‘Õ\È˜\ÚXÈ‹‘Õ‹LM‹’Ø[‹XÛÙH‹œÛÙØ\™H‹•[š]Yİ]\È‹LMNŒËÍ•QKKKBˆ”Í‘“H‹“Üİ‹ŒMËLLLLŒMËLLKLLËŒŒMËLLH‹‘[šY[[[XXÚÈ‹”›ØØÛÈ™]X™\‹‘X\İ‹‘Õ\È˜\ÚXÈ‹‘Õ‹LM‹–YX\š[ˆ‹œ™]Z[‹•[š]Yİ]\È‹ŒŒKŒKÎLK•QKÍKBˆ“RÒMSˆ‹•ÛÛˆ‹ŒMËLLLLŒMËLL‹LNŒŒMËLLˆ‹‘[šY[[[XXÚÈ‹”›ØØÛÈ™]X™\‹‘X\İ‹‘Õ›È‹‘Õ‹ŒK–™[˜ÛÜœÜ˜][Ûˆ‹XÚ›ÛÙŞH‹Ú[˜H‹ÎKM‹•QKKLLL‹KLŒŒÍŒLŒMÌÍLËKBˆ’VPMĞˆ‹“Üİ‹ŒMËLLLLŒMËLL‹L‹ŒŒMËLLˆ‹‘\˜Ù[ØÚXÚ‹“Y[š[ˆX\[ˆ‹Ù[˜[‹‘Õ\È˜\ÚXÈ‹‘Õ‹LM‹•İYÚ˜\‹œ™]Z[‹•[š]Yİ]\È‹ÌÌ‹ËÎNK•QKÍËKBˆ“UÍTÒUÕÈ‹“Üİ‹ŒMËLLLLŒMËLLLMŒŒMËLL‹‘\˜Ù[ØÚXÚ‹“Y[š[ˆX\[ˆ‹Ù[˜[‹‘Õ›È‹‘Õ‹ŒK•Ø\™\\ÙH‹œÙ\šXÙ\È‹•[š]Yİ]\È‹ŒKÌËLÍ‹•QKKBˆ–ÔSÑRPH‹“Üİ‹ŒMËLLLLŒMËLLLMKŒŒMËLL‹’^Y[ˆ™[Û\È‹Ù[XH›İXÚH‹•Ù\İ‹“QÈY˜[˜ÙY‹“QÈ‹ÌÎLË“^\]›Û^‹›YYXØ[‹•[š]Yİ]\È‹MŒNKÎK•QKKKBˆ‘ÔU‘•Öˆ‹•ÛÛˆ‹ŒMËLLLLŒMËLLLŒŒŒMËLL‹’›Û˜][ˆ™\[İ‹“Y[š[ˆX\[ˆ‹Ù[˜[‹“QÈY˜[˜ÙY‹“QÈ‹ÌÎLË•™Y\][İH‹[XÛÛ[][šXØ][ÛœÈ‹•[š]Yİ]\È‹L‹ŒKNMK•QKKÎL‹LLŒMÌÍLNMLÎKBˆ’TNQÓU”ˆ‹•ÛÛˆ‹ŒMËLLLLŒMËLLLLKŒŒMËLL‹’Ø[ZHšXÚÛ™[‹”İ[[Y\ˆÙ]Ø[‹•Ù\İ‹‘Õ˜\ÚXÈ‹‘Õ‹ML‘[XÚ›ÛÙŞH‹œÛÙØ\™H‹•[š]Yİ]\È‹NÎKM‹•QKKÌËKŒMKBˆ–”MSH‹“Üİ‹ŒMËLLLLŒMËLLLMŒŒMËLL‹’Ø\H[™š^ÛÛˆ‹”İ[[Y\ˆÙ]Ø[‹•Ù\İ‹‘Õ˜\ÚXÈ‹‘Õ‹ML‘Ü›Ûİ™\İ™Y]‹œ™]Z[‹•[š]Yİ]\È‹ŒŒËNK•QKKBˆŒÑŒ‘SUTMÈ‹“Üİ‹ŒMËLLLLŒMËLLLLKŒŒMËLL‹’Ø\H[™š^ÛÛˆ‹”İ[[Y\ˆÙ]Ø[‹•Ù\İ‹‘Õ\È˜\ÚXÈ‹‘Õ‹LM‹”ØÛİš[™‹œÛÙØ\™H‹•[š]Yİ]\È‹ŒÍMËMÎ•QKKKBˆ•Œ’ÕÔMˆ‹•ÛÛˆ‹ŒMËLLLLŒMËLLKLŒŒŒMËLLH‹’Ø\H[™š^ÛÛˆ‹”İ[[Y\ˆÙ]Ø[‹•Ù\İ‹‘Õ˜\ÚXÈ‹‘Õ‹ML‘˜^][İH‹[XÛÛ[][šXØ][ÛœÈ‹•[š]Yİ]\È‹NK‹MNMK•QKKLLKKŒÌLLLLLLKKBˆÒŒUQÖ•È‹•ÛÛˆ‹ŒMËLLLLŒMËLLLL‹ŒŒMËLL‹’Ø\H[™š^ÛÛˆ‹”İ[[Y\ˆÙ]Ø[‹•Ù\İ‹‘Õ˜\ÚXÈ‹‘Õ‹ML’İXÚH‹XÚ›ÛÙŞH‹’ÛÜ™XH‹MÌŒÎMNK•QKKLK‹ŒÍMMMMMM‹KBˆ•”““ÎQH‹•ÛÛˆ‹ŒMËLLLLŒMËLLLŒ‹ŒŒMËLL‹’Ø\H[™š^ÛÛˆ‹”İ[[Y\ˆÙ]Ø[‹•Ù\İ‹‘Õ˜\ÚXÈ‹‘Õ‹ML“X™š[‹›YYXØ[‹•[š]Yİ]\È‹ÍKŒÍËLŒ‹•QKKLL‹ŒKBˆ“ÎQÔ’ÍT‹•ÛÛˆ‹ŒMËLLLLŒMËLLLMŒŒMËLL‹’Ø\H[™š^ÛÛˆ‹”İ[[Y\ˆÙ]Ø[‹•Ù\İ‹‘Õ˜\ÚXÈ‹‘Õ‹ML”İ[›˜[\^‹›X\šÙ][™È‹”Û[™‹MŒÍËMNLË•QKKMKŒNNNNNNNËKBˆ“ÑQĞ’•H‹“Üİ‹ŒMËLLLLŒMËLL‹LKŒŒMËLLˆ‹“ZX[˜H™[˜Ú[‹‘\İ[ˆœš[šÛX[›ˆ‹Ù[˜[‹‘Õ˜\ÚXÈ‹‘Õ‹ML”[™Ù˜\ÙH‹XÚ›ÛÙŞH‹•[š]Yİ]\È‹LŒ‹LŒÎ•QKÍ‹KBˆ•ŒÒT”“‘‹“Üİ‹ŒMËLLLLŒMËLLLNKŒŒMËLL‹“ZX[˜H™[˜Ú[‹‘\İ[ˆœš[šÛX[›ˆ‹Ù[˜[‹“QÈÜXÚX[‹“QÈ‹MK‘ÛÙÛŞ›ÛÛH‹[XÛÛ[][šXØ][ÛœÈ‹•[š]Yİ]\È‹‹NË•QKKKBˆ”ŒŒŒT‹“Üİ‹ŒMËLLLLŒMËLLLNKŒŒMËLL‹“X\Hœ™]Y[˜\™È‹“Y[š[ˆX\[ˆ‹Ù[˜[‹‘Õ˜\ÚXÈ‹‘Õ‹ML”ØÛİXÚ‹›X\šÙ][™È‹•[š]Yİ]\È‹KŒÎKL•QKKKBˆŒ‘L”Öˆ‹•ÛÛˆ‹ŒMËLLLLŒMËLLLMËŒŒMËLL‹“X\Hœ™]Y[˜\™È‹“Y[š[ˆX\[ˆ‹Ù[˜[‹“QÈY˜[˜ÙY‹“QÈ‹ÌÎLË‘ÛØ™^ÛÜœÜ˜][Ûˆ‹XÚ›ÛÙŞH‹“›ÜØ^H‹LŒŒËÌ‹MË•QKKÍMÎËLŒMLŒLŒLËKBˆ–’LÌM’‹•ÛÛˆ‹ŒMËLLLLŒMËLL‹LKŒŒMËLLˆ‹“[ÜÙ\Èœ˜\ÙH‹‘\İ[ˆœš[šÛX[›ˆ‹Ù[˜[‹‘Õ˜\ÚXÈ‹‘Õ‹ML™[X˜\ÙH‹›X\šÙ][™È‹•[š]Yİ]\È‹ŒMÌËNL•QKKLŒËŒLLLLLLLKKBˆ’ÍQ“•ÖU‹•ÛÛˆ‹ŒMËLLLLŒMËLLLLKŒŒMËLL‹”›ÜÚYH\YÜİ[ÜÈ‹Ø\˜HÜØÚ‹‘X\İ‹‘Õ›È‹‘Õ‹ŒK–™[˜ÛÜœÜ˜][Ûˆ‹XÚ›ÛÙŞH‹Ú[˜H‹ÎKM‹•QKKMÍKKŒLLÍMÎLÍÎKKBˆMQMVÈ‹•ÛÛˆ‹ŒMËLLLLŒMËLLLL‹ŒŒMËLL‹•šXÚÚHY›[[YH‹Ù[XH›İXÚH‹•Ù\İ‹‘Õ›È‹‘Õ‹ŒK”\Üİš\‹™[\Z[›Y[‹•[š]Yİ]\È‹ÍKKÌMK•QKKML‹‹ŒMMÎMÍMLŒÍÍLNKKBˆÍÕRSPH‹“Üİ‹ŒMËLLLLŒMËLLLLKŒŒMËLL‹–˜[™H]H‹”İ[[Y\ˆÙ]Ø[‹•Ù\İ‹‘Õ˜\ÚXÈ‹‘Õ‹ML’ÛÛ™^‹XÚ›ÛÙŞH‹•[š]Yİ]\È‹ÍÌŒÎLÍÍM‹•QKKKBˆ•”ŒVSLŒÈ‹•ÛÛˆ‹ŒMËLLLLŒMËLL‹LŒËŒŒMËLLˆ‹–˜[™H]H‹”İ[[Y\ˆÙ]Ø[‹•Ù\İ‹‘Õ˜\ÚXÈ‹‘Õ‹ML›XÚŞš[H‹œ™]Z[‹•[š]Yİ]\È‹MËŒLKMN•QKKMLKÍLŒNNNNNNMÌ‹KBˆ•M•Ì–ˆ‹•ÛÛˆ‹ŒMËLLLLŒMËLLLNŒŒMËLL‹–˜[™H]H‹”İ[[Y\ˆÙ]Ø[‹•Ù\İ‹‘Õ˜\ÚXÈ‹‘Õ‹ML‘˜^][İH‹[XÛÛ[][šXØ][ÛœÈ‹•[š]Yİ]\È‹NK‹MNMK•QKKMKŒLLLLLLLKBˆ’U”ÓÔĞÌH‹•ÛÛˆ‹ŒMËLLLLŒMËLLLMKŒŒMËLL‹–˜[™H]H‹”İ[[Y\ˆÙ]Ø[‹•Ù\İ‹‘Õ\È˜\ÚXÈ‹‘Õ‹LM‹–KXÛÜœÜ˜][Ûˆ‹™[\Ş[Y[‹•[š]Yİ]\È‹ÌKŒÍKMMŒK•QKKLLÍKLŒÍÌMLÌÌMLËKBˆ’ÒM•ˆ‹“Üİ‹ŒMËLLLLKŒMËLLLLËŒŒMËLL‹[›˜HÛ™[[™È‹‘\İ[ˆœš[šÛX[›ˆ‹Ù[˜[‹“QÈY˜[˜ÙY‹“QÈ‹ÌÎLË”İ]Û[™ÜÈ‹™[\Ş[Y[‹•[š]Yİ]\È‹LKŒËN‹•QK‹KBˆ–Œ’U–ˆ‹•ÛÛˆ‹ŒMËLLLLKŒMËLLLM‹ŒŒMËLL‹[›˜HÛ™[[™È‹‘\İ[ˆœš[šÛX[›ˆ‹Ù[˜[‹“QÈY˜[˜ÙY‹“QÈ‹ÌÎLË”ØÛİXÚ‹›X\šÙ][™È‹•[š]Yİ]\È‹KŒÎKL•QKKÍÍKLŒLŒÍÌMÌÎÍ‹KBˆ‘“Ö•ÒH‹•ÛÛˆ‹ŒMËLLLLKŒMËLL‹LËŒŒMËLLˆ‹›Üš\È˜^ˆ‹”›ØØÛÈ™]X™\‹‘X\İ‹‘Õ˜\ÚXÈ‹‘Õ‹MLÛÛ™^‹›YYXØ[‹•[š]Yİ]\È‹MK•QKKLKÍËŒNNNNNNNKBˆ”LÌ”RÍ‹•ÛÛˆ‹ŒMËLLLLKŒMËLLLŒKŒŒMËLL‹›Üš\È˜^ˆ‹”›ØØÛÈ™]X™\‹‘X\İ‹‘Õ\È˜\ÚXÈ‹‘Õ‹LM‹‘Ø[š˜Y›^‹œ™]Z[‹’˜\[ˆ‹LMNÌKMÍÎK•QKKL‹LŒÌÍÌŒŒÍÌÍÌŒ‹KBˆ’Ò–MÒ‹•ÛÛˆ‹ŒMËLLLLKŒMËLLKLL‹ŒŒMËLLH‹Ø\ÜÙ^HÜ™\ÜÈ‹”›ØØÛÈ™]X™\‹‘X\İ‹‘Õ˜\ÚXÈ‹‘Õ‹ML–˜][šXÛÛˆ‹œ™]Z[‹•[š]Yİ]\È‹ÌKŒL‹M•QKKNÌ‹LŒMMMMMMMKKBˆTSS–’ˆ‹•ÛÛˆ‹ŒMËLLLLKŒMËLL‹LŒŒŒMËLLˆ‹ÛÜ›\ÜÈÛÜÛYH‹Ø\˜HÜØÚ‹‘X\İ‹‘Õ›È‹‘Õ‹ŒK’[š]XÚ‹[XÛÛ[][šXØ][ÛœÈ‹•[š]Yİ]\È‹ŒÎMKŒKŒÍK•QKKLKÌŒŒÍÍŒÌÌÌŒ‹KBˆ’”•Pˆ‹“Üİ‹ŒMËLLLLKŒMËLLLNKŒŒMËLL‹‘\˜Ù[ØÚXÚ‹“Y[š[ˆX\[ˆ‹Ù[˜[‹‘Õ\È˜\ÚXÈ‹‘Õ‹LM‹‘ÛØ™^ÛÜœÜ˜][Ûˆ‹XÚ›ÛÙŞH‹“›ÜØ^H‹LŒŒËÌ‹MË•QKKBˆ•ÍÓT“È‹“Üİ‹ŒMËLLLLKŒMËLLLLËŒŒMËLL‹‘\˜Ù[ØÚXÚ‹“Y[š[ˆX\[ˆ‹Ù[˜[‹‘Õ\È›È‹‘Õ‹M‹”[™Ù˜\ÙH‹XÚ›ÛÙŞH‹•[š]Yİ]\È‹LŒ‹LŒÎ•QK‹KBˆ–ÒÍÑH‹•ÛÛˆ‹ŒMËLLLLKŒMËLLKLËŒŒMËLLH‹‘\˜Ù[ØÚXÚ‹“Y[š[ˆX\[ˆ‹Ù[˜[‹‘Õ\È›È‹‘Õ‹M‹•™Y\][İH‹[XÛÛ[][šXØ][ÛœÈ‹•[š]Yİ]\È‹L‹ŒKNMK•QKKŒN‹ŒËLŒLÍLŒŒÎNNLKKBˆ“LV––TÕˆ‹•ÛÛˆ‹ŒMËLLLLKŒMËLLLL‹ŒŒMËLL‹‘Û›ˆØ[™[‹”›ØØÛÈ™]X™\‹‘X\İ‹‘Õ›È‹‘Õ‹ŒKX˜˜Hİ[\‹œÛÙØ\™H‹•[š]Yİ]\È‹NËŒÎKŒLË•QKKÍŒËKŒLŒÌNLLN‹KBˆŒSÒQÕ‘SÈ‹•ÛÛˆ‹ŒMËLLLLKŒMËLLLŒŒŒMËLL‹‘Û›ˆØ[™[‹”›ØØÛÈ™]X™\‹‘X\İ‹“QÈY˜[˜ÙY‹“QÈ‹ÌÎLË‘ÙZÚÛÈ	ˆÛÈ‹œ™]Z[‹•[š]Yİ]\È‹LŒËÍL‹•QKKÌKŒLÍLÌÌMMNËKBˆRÎSÖÌÌ‹“Üİ‹ŒMËLLLLKŒMËLLLL‹ŒŒMËLL‹‘Ø\œ™]Ú[™\ˆ‹Ø\˜HÜØÚ‹‘X\İ‹“QÈÜXÚX[‹“QÈ‹MK‘Ø[š˜Y›^‹œ™]Z[‹’˜\[ˆ‹LMNÌKMÍÎK•QKKKBˆÑ‘ÖQÌQPÈ‹“Üİ‹ŒMËLLLLKŒMËLLLLËŒŒMËLL‹’˜[Y\È\ØÙ[˜Ú[È‹”İ[[Y\ˆÙ]Ø[‹•Ù\İ‹‘Õ˜\ÚXÈ‹‘Õ‹ML‘Ü™Y[‹T\È‹œÙ\šXÙ\È‹•[š]Yİ]\È‹L‹ŒNKNLŒ‹•QK‹KBˆ•ÌÔ“Q‹•ÛÛˆ‹ŒMËLLLLKŒMËLLLNKŒŒMËLL‹’˜[Y\È\ØÙ[˜Ú[È‹”İ[[Y\ˆÙ]Ø[‹•Ù\İ‹‘Õ\È›È‹‘Õ‹M‹‘ÛÛÙÚ[›Ûˆ‹›X\šÙ][™È‹•[š]Yİ]\È‹ML‹ÌËLLË•QKKÍLKLŒŒÌMNMMÌMKBˆPQ’‹•ÛÛˆ‹ŒMËLLLLKŒMËLLLNŒŒMËLL‹’˜[Y\È\ØÙ[˜Ú[È‹”İ[[Y\ˆÙ]Ø[‹•Ù\İ‹“QÈÜXÚX[‹“QÈ‹MK‘ÛÛÙÚ[›Ûˆ‹›X\šÙ][™È‹•[š]Yİ]\È‹ML‹ÌËLLË•QKKMËŒNNNNNNN‹KBˆ•ŒVUSH‹•ÛÛˆ‹ŒMËLLLLKŒMËLL‹LKŒŒMËLLˆ‹’›Û˜][ˆ™\[İ‹“Y[š[ˆX\[ˆ‹Ù[˜[‹‘Õ˜\ÚXÈ‹‘Õ‹ML”İ[œ™Y^‹™š[˜[˜ÙH‹•[š]Yİ]\È‹MNŒ‹ÍÎN•QKKNL‹ÍKLŒÍŒÍŒÍŒÍŒÍŒÍŒÍKBˆ‘V–Sˆ‹•ÛÛˆ‹ŒMËLLLLKŒMËLLLŒ‹ŒŒMËLL‹’›Û˜][ˆ™\[İ‹“Y[š[ˆX\[ˆ‹Ù[˜[‹‘Õ\È˜\ÚXÈ‹‘Õ‹LM‹Ø[˜Ú]H‹œ™]Z[‹•[š]Yİ]\È‹ÌNŒ‹•QKKMKLKŒLMNÍNLLÍNKKBˆ’ÓP–LQÕˆ‹•ÛÛˆ‹ŒMËLLLLKŒMËLLLL‹ŒŒMËLL‹’Ø[ZHšXÚÛ™[‹”İ[[Y\ˆÙ]Ø[‹•Ù\İ‹“QÈÜXÚX[‹“QÈ‹MK‘[XÚ›ÛÙŞH‹œÛÙØ\™H‹•[š]Yİ]\È‹NÎKM‹•QKKKŒLÌÌÌÌÌÌËKBˆ–SÑÍRÎ‹“Üİ‹ŒMËLLLLKŒMËLLLLËŒŒMËLL‹’Ø\H[™š^ÛÛˆ‹”İ[[Y\ˆÙ]Ø[‹•Ù\İ‹‘Õ˜\ÚXÈ‹‘Õ‹ML’ÛÛ™^‹XÚ›ÛÙŞH‹•[š]Yİ]\È‹ÍÌŒÎLÍÍM‹•QK‹KBˆ’Ô–ŒÖMˆ‹“Üİ‹ŒMËLLLLKŒMËLL‹LŒËŒŒMËLLˆ‹’Ø\H[™š^ÛÛˆ‹”İ[[Y\ˆÙ]Ø[‹•Ù\İ‹‘Õ\È˜\ÚXÈ‹‘Õ‹LM‹“X™š[‹›YYXØ[‹•[š]Yİ]\È‹ÍKŒÍËLŒ‹•QKÌËKBˆ”Ğ‘TÍÓˆ‹•ÛÛˆ‹ŒMËLLLLKŒMËLLLŒKŒŒMËLL‹’Ø\H[™š^ÛÛˆ‹”İ[[Y\ˆÙ]Ø[‹•Ù\İ‹‘Õ\È›È‹‘Õ‹M‹’]˜[ˆ‹œÙ\šXÙ\È‹•[š]Yİ]\È‹ÎL‹‹LNK•QKKMMKLLŒNMMÌÌMNMMKBˆ–RPMSLˆ‹“Üİ‹ŒMËLLLLKŒMËLLLNKŒŒMËLL‹“ZX[˜H™[˜Ú[‹‘\İ[ˆœš[šÛX[›ˆ‹Ù[˜[‹“QÈY˜[˜ÙY‹“QÈ‹ÌÎLË•™Y\][İH‹[XÛÛ[][šXØ][ÛœÈ‹•[š]Yİ]\È‹L‹ŒKNMK•QKKBˆÓÔÌˆ‹‘[™ØYÚ[™È‹ŒMËLLLLK“X\šÚ]H[œÙ[ˆ‹Ù[XH›İXÚH‹•Ù\İ‹“QÈÜXÚX[‹“QÈ‹MK•[šÛ›İÛˆ‹•[šÛ›İÛˆ‹•[šÛ›İÛˆ‹SÑKˆ•–MÓ‘‹•ÛÛˆ‹ŒMËLLLLKŒMËLL‹LMKŒŒMËLLˆ‹“X\Hœ™]Y[˜\™È‹“Y[š[ˆX\[ˆ‹Ù[˜[‹‘Õ\È›È‹‘Õ‹M‹š[ÚÛ[™È‹›YYXØ[‹”[\[™\È‹NËŒÍLÍM‹•QKKLÌKKŒÎMŒŒÌÍLMËKBˆ“ÒÕÕ’V‹‘[™ØYÚ[™È‹ŒMËLLLLK”›ÜØ[[˜HY]\ˆ‹Ù[XH›İXÚH‹•Ù\İ‹“QÈY˜[˜ÙY‹“QÈ‹ÌÎLË–›ÛÛZ]‹™[\Z[›Y[‹•[š]Yİ]\È‹ÌŒNKMÎSÑKKBˆ‘PÎR–ˆ‹“Üİ‹ŒMËLLLLKŒMËLLKLŒ‹ŒŒMËLLH‹”›ÜÚYH\YÜİ[ÜÈ‹Ø\˜HÜØÚ‹‘X\İ‹“QÈÜXÚX[‹“QÈ‹MK’Ø[‹XÛÙH‹œÛÙØ\™H‹•[š]Yİ]\È‹LMNŒËÍ•QK‹KBˆÔRÓ–È‹•ÛÛˆ‹ŒMËLLLLKŒMËLL‹LLŒŒMËLLˆ‹”›ÜÚYH\YÜİ[ÜÈ‹Ø\˜HÜØÚ‹‘X\İ‹‘Õ˜\ÚXÈ‹‘Õ‹ML–YX\š[ˆ‹œ™]Z[‹•[š]Yİ]\È‹ŒŒKŒKÎLK•QKKÌ‹ŒŒMNNNNNN‹KBˆ••Ì”SÈ‹•ÛÛˆ‹ŒMËLLLLKŒMËLLKLKŒŒMËLLH‹•™\œÚYH[Xœ˜[™‹‘\İ[ˆœš[šÛX[›ˆ‹Ù[˜[‹‘Õ\È›È‹‘Õ‹M‹Ø[˜Ú]H‹œ™]Z[‹•[š]Yİ]\È‹ÌNŒ‹•QKKLŒLKKŒMÍLLMLMÍÍ‹KBˆ‘Õ“VQPH‹•ÛÛˆ‹ŒMËLLLLKŒMËLL‹LLKŒŒMËLLˆ‹•šXÚÚHY›[[YH‹Ù[XH›İXÚH‹•Ù\İ‹‘Õ˜\ÚXÈ‹‘Õ‹ML–KXÛÜœÜ˜][Ûˆ‹™[\Ş[Y[‹•[š]Yİ]\È‹ÌKŒÍKMMŒK•QKKÌŒKŒŒNNNNNNNKBˆ‘ÍŒQŒH‹‘[™ØYÚ[™È‹ŒMËLLLLK–˜[™H]H‹”İ[[Y\ˆÙ]Ø[‹•Ù\İ‹‘Õ˜\ÚXÈ‹‘Õ‹ML”Ú[\È‹›YYXØ[‹•[š]Yİ]\È‹NŒÎŒLSÑKKBˆ’RLQÓÔUÓ‹“Üİ‹ŒMËLLLLKŒMËLLLŒŒŒMËLL‹–˜[™H]H‹”İ[[Y\ˆÙ]Ø[‹•Ù\İ‹‘Õ˜\ÚXÈ‹‘Õ‹ML‘˜\ÙZ]XÙH‹œ™]Z[‹•[š]Yİ]\È‹MLKÍLŒË•QKKKBˆP“ÔPH‹•ÛÛˆ‹ŒMËLLLLKŒMËLL‹LŒ‹ŒŒMËLLˆ‹–˜[™H]H‹”İ[[Y\ˆÙ]Ø[‹•Ù\İ‹‘Õ›È‹‘Õ‹ŒK”Ú[™Û]XÚ›È‹œ™]Z[‹•[š]Yİ]\È‹ŒŒMMLÍÍ•QKKMKÌ‹ŒMÌMLÌÌLNKKBˆ”VVSÕ•È‹“Üİ‹ŒMËLLLL‹ŒMËLLLNKŒŒMËLL‹›Üš\È˜^ˆ‹”›ØØÛÈ™]X™\‹‘X\İ‹‘Õ\È˜\ÚXÈ‹‘Õ‹LM‹•[Xœ™[HÛÜœÜ˜][Ûˆ‹™š[˜[˜ÙH‹•[š]Yİ]\È‹ŒŒ‹ŒMLLLË•QKËKBˆÌÑTÑ”ˆ‹‘[™ØYÚ[™È‹ŒMËLLLL‹ÛÜ›\ÜÈÛÜÛYH‹Ø\˜HÜØÚ‹‘X\İ‹‘Õ\È˜\ÚXÈ‹‘Õ‹LM‹•[šÛ›İÛˆ‹•[šÛ›İÛˆ‹•[šÛ›İÛˆ‹SÑKˆPQÑU‹“Üİ‹ŒMËLLLL‹ŒMËLLLMËŒŒMËLL‹‘\˜Ù[ØÚXÚ‹“Y[š[ˆX\[ˆ‹Ù[˜[‹“QÈÜXÚX[‹“QÈ‹MK–[YÛÚ]H‹›YYXØ[‹•[š]Yİ]\È‹KŒLŒL•QKKKBˆ•NÕÑ‘”’‹“Üİ‹ŒMËLLLL‹ŒMËLLLLËŒŒMËLL‹’›Û˜][ˆ™\[İ‹“Y[š[ˆX\[ˆ‹Ù[˜[‹“QÈY˜[˜ÙY‹“QÈ‹ÌÎLË”›Û‹]XÚ‹›YYXØ[‹•[š]Yİ]\È‹ÎLŒ‹‹ÍË•QKKKBˆŒÍR“LÈ‹•ÛÛˆ‹ŒMËLLLL‹ŒMËLLLŒKŒŒMËLL‹’›Û˜][ˆ™\[İ‹“Y[š[ˆX\[ˆ‹Ù[˜[‹‘Õ˜\ÚXÈ‹‘Õ‹ML”ØÛİXÚ‹›X\šÙ][™È‹•[š]Yİ]\È‹KŒÎKL•QKKLKŒKBˆ”“–“LÖˆ‹•ÛÛˆ‹ŒMËLLLL‹ŒMËLL‹LŒŒMËLLˆ‹’›Û˜][ˆ™\[İ‹“Y[š[ˆX\[ˆ‹Ù[˜[‹‘Õ›È‹‘Õ‹ŒKÛÛ™XÛÛH‹XÚ›ÛÙŞH‹•[š]Yİ]\È‹MLŒ‹N‹•QKKLÍËLŒLÎNMÍËKBˆ•VV”PÕĞPÈ‹•ÛÛˆ‹ŒMËLLLL‹ŒMËLL‹L‹ŒŒMËLLˆ‹’›Û˜][ˆ™\[İ‹“Y[š[ˆX\[ˆ‹Ù[˜[‹“QÈY˜[˜ÙY‹“QÈ‹ÌÎLËÛÛ™XÛÛH‹XÚ›ÛÙŞH‹•[š]Yİ]\È‹MLŒ‹N‹•QKKÌŒËMKŒMNNMÍŒŒLÎËKBˆ’ÌQ•RÍ‹•ÛÛˆ‹ŒMËLLLL‹ŒMËLLKL‹ŒŒMËLLH‹’Ø[ZHšXÚÛ™[‹”İ[[Y\ˆÙ]Ø[‹•Ù\İ‹‘Õ˜\ÚXÈ‹‘Õ‹ML”ØÛİš[™‹œÛÙØ\™H‹•[š]Yİ]\È‹ŒÍMËMÎ•QKKMKŒKŒNNNNNNNËKBˆ•S”Ôˆ‹•ÛÛˆ‹ŒMËLLLL‹ŒMËLLLŒËŒŒMËLL‹’Ø\H[™š^ÛÛˆ‹”İ[[Y\ˆÙ]Ø[‹•Ù\İ‹‘Õ˜\ÚXÈ‹‘Õ‹ML‘[XÚ›ÛÙŞH‹œÛÙØ\™H‹•[š]Yİ]\È‹NÎKM‹•QKKNMLKLŒKKBˆ“ÌLŒ’PH‹“Üİ‹ŒMËLLLL‹ŒMËLLLŒKŒŒMËLL‹“ZX[˜H™[˜Ú[‹‘\İ[ˆœš[šÛX[›ˆ‹Ù[˜[‹‘Õ˜\ÚXÈ‹‘Õ‹ML‘ÛØ™^ÛÜœÜ˜][Ûˆ‹XÚ›ÛÙŞH‹“›ÜØ^H‹LŒŒËÌ‹MË•QKKKBˆ“RÌÌULÈ‹“Üİ‹ŒMËLLLL‹ŒMËLLLŒ‹ŒŒMËLL‹“ZX[˜H™[˜Ú[‹‘\İ[ˆœš[šÛX[›ˆ‹Ù[˜[‹‘Õ˜\ÚXÈ‹‘Õ‹ML‘ÛØ™^ÛÜœÜ˜][Ûˆ‹XÚ›ÛÙŞH‹“›ÜØ^H‹LŒŒËÌ‹MË•QKLKBˆ“MLÑ‘H‹•ÛÛˆ‹ŒMËLLLL‹ŒMËLLKLKŒŒMËLLH‹“X\šÚ]H[œÙ[ˆ‹Ù[XH›İXÚH‹•Ù\İ‹‘Õ˜\ÚXÈ‹‘Õ‹ML“X™š[‹›YYXØ[‹•[š]Yİ]\È‹ÍKŒÍËLŒ‹•QKKLKŒŒÎNNNNNN‹KBˆ–’•”Œ‹•ÛÛˆ‹ŒMËLLLL‹ŒMËLLLMËŒŒMËLL‹“X]\™Y[ˆX\˜Ø[›È‹”İ[[Y\ˆÙ]Ø[‹•Ù\İ‹‘Õ›È‹‘Õ‹ŒK‘˜\ÙZ]XÙH‹œ™]Z[‹•[š]Yİ]\È‹MLKÍLŒË•QKKLKKŒMMMÌLŒŒKKBˆ‘’ULŒH‹•ÛÛˆ‹ŒMËLLLL‹ŒMËLL‹LLKŒŒMËLLˆ‹“[ÜÙ\Èœ˜\ÙH‹‘\İ[ˆœš[šÛX[›ˆ‹Ù[˜[‹‘Õ˜\ÚXÈ‹‘Õ‹ML‘š[šYÚ‹™š[˜[˜ÙH‹•[š]Yİ]\È‹LL‹ËMÍNK•QKKMËŒŒMLLLLLLKKBˆÍMUÑH‹•ÛÛˆ‹ŒMËLLLL‹ŒMËLLLLËŒŒMËLL‹“[ÜÙ\Èœ˜\ÙH‹‘\İ[ˆœš[šÛX[›ˆ‹Ù[˜[‹“QÈY˜[˜ÙY‹“QÈ‹ÌÎLË•Ø\™\\ÙH‹œÙ\šXÙ\È‹•[š]Yİ]\È‹ŒKÌËLÍ‹•QKKÌLKŒLÌMLÌMŒKKBˆ’ÌŒÓ’‹•ÛÛˆ‹ŒMËLLLL‹ŒMËLLLMŒŒMËLL‹”™YYÛ\\ˆ‹”›ØØÛÈ™]X™\‹‘X\İ‹“QÈÜXÚX[‹“QÈ‹MK–™[˜ÛÜœÜ˜][Ûˆ‹XÚ›ÛÙŞH‹Ú[˜H‹ÎKM‹•QKKLË‹ŒÍŒÍŒÍŒÍŒÍŒÍŒÍKBˆV•RÕÒ•ˆ‹•ÛÛˆ‹ŒMËLLLL‹ŒMËLLLMËŒŒMËLL‹•š[Û]XÛ[[™‹Ø\˜HÜØÚ‹‘X\İ‹‘Õ\È˜\ÚXÈ‹‘Õ‹LM‹‘ÙZÚÛÈ	ˆÛÈ‹œ™]Z[‹•[š]Yİ]\È‹LŒËÍL‹•QKKLKŒÎMMŒNÎMM‹KBˆÑPH‹“Üİ‹ŒMËLLLL‹ŒMËLLLNKŒŒMËLL‹–˜[™H]H‹”İ[[Y\ˆÙ]Ø[‹•Ù\İ‹“QÈY˜[˜ÙY‹“QÈ‹ÌÎLË’İXÚH‹XÚ›ÛÙŞH‹’ÛÜ™XH‹MÌŒÎMNK•QKËKBˆ“P–VLÑT‹•ÛÛˆ‹ŒMËLLLL‹ŒMËLLLŒKŒŒMËLL‹–˜[™H]H‹”İ[[Y\ˆÙ]Ø[‹•Ù\İ‹‘Õ˜\ÚXÈ‹‘Õ‹ML’‹U^Ûˆ‹œ™]Z[‹•[š]Yİ]\È‹LÎËÍNË•QKKM‹KLŒMMMMMMKKBˆŒVQTQH‹“Üİ‹ŒMËLLLLËŒMËLLLŒ‹ŒŒMËLL‹[›˜HÛ™[[™È‹‘\İ[ˆœš[šÛX[›ˆ‹Ù[˜[‹“QÈÜXÚX[‹“QÈ‹MK•™Y\][İH‹[XÛÛ[][šXØ][ÛœÈ‹•[š]Yİ]\È‹L‹ŒKNMK•QKKKBˆÍ‘ÑVRÌ‹•ÛÛˆ‹ŒMËLLLLËŒMËLLLŒËŒŒMËLL‹Ø\ÜÙ^HÜ™\ÜÈ‹”›ØØÛÈ™]X™\‹‘X\İ‹‘Õ\È˜\ÚXÈ‹‘Õ‹LM‹“Ü[XÚ‹™š[˜[˜ÙH‹•[š]Yİ]\È‹ÍMKŒŒËLË•QKKLŒNMÎLŒNMÎKKBˆŒUV‘ÔŒH‹“Üİ‹ŒMËLLLLËŒMËLLLNŒŒMËLL‹ÙXÚ[H[\Ú[ˆ‹‘\İ[ˆœš[šÛX[›ˆ‹Ù[˜[‹“QÈY˜[˜ÙY‹“QÈ‹ÌÎLË•Ø\™\\ÙH‹œÙ\šXÙ\È‹•[š]Yİ]\È‹ŒKÌËLÍ‹•QKKKBˆQLQˆ‹“Üİ‹ŒMËLLLLËŒMËLLLŒŒŒMËLL‹ÛÜ›\ÜÈÛÜÛYH‹Ø\˜HÜØÚ‹‘X\İ‹‘Õ\È˜\ÚXÈ‹‘Õ‹LM‹–˜][šXÛÛˆ‹œ™]Z[‹•[š]Yİ]\È‹ÌKŒL‹M•QKËKBˆMVT“Ğˆ‹“Üİ‹ŒMËLLLLËŒMËLLKLŒKŒŒMËLLH‹ÛÜ›\ÜÈÛÜÛYH‹Ø\˜HÜØÚ‹‘X\İ‹‘Õ\È›È‹‘Õ‹M‹–YX\š[ˆ‹œ™]Z[‹•[š]Yİ]\È‹ŒŒKŒKÎLK•QKÎKKBˆ““S”MH‹“Üİ‹ŒMËLLLLËŒMËLLLŒ‹ŒŒMËLL‹‘[šY[[[XXÚÈ‹”›ØØÛÈ™]X™\‹‘X\İ‹‘Õ›È‹‘Õ‹ŒK’ÛÛ™^‹XÚ›ÛÙŞH‹•[š]Yİ]\È‹ÍÌŒÎLÍÍM‹•QKKKBˆ’MŒMUˆ‹•ÛÛˆ‹ŒMËLLLLËŒMËLLLŒŒMËLL‹‘\˜Ù[ØÚXÚ‹“Y[š[ˆX\[ˆ‹Ù[˜[‹‘Õ›È‹‘Õ‹ŒK‘ÛÙÛŞ›ÛÛH‹[XÛÛ[][šXØ][ÛœÈ‹•[š]Yİ]\È‹‹NË•QKKÍËLKŒLLŒNMMMÌËKBˆ‘”TPÑ–SÈ‹•ÛÛˆ‹ŒMËLLLLËŒMËLL‹LŒŒŒMËLLˆ‹‘\˜Ù[ØÚXÚ‹“Y[š[ˆX\[ˆ‹Ù[˜[‹‘Õ›È‹‘Õ‹ŒK’İXÚH‹XÚ›ÛÙŞH‹’ÛÜ™XH‹MÌŒÎMNK•QKKKLŒNMMMÌMLŒËKBˆLÌÓÕĞQH‹•ÛÛˆ‹ŒMËLLLLËŒMËLLLMŒŒMËLL‹‘\˜Ù[ØÚXÚ‹“Y[š[ˆX\[ˆ‹Ù[˜[‹“QÈY˜[˜ÙY‹“QÈ‹ÌÎLË”›Û‹]XÚ‹›YYXØ[‹•[š]Yİ]\È‹ÎLŒ‹‹ÍË•QKKÍÍKKLŒMÍÍÍÍÍKBˆRĞPÒM‹“Üİ‹ŒMËLLLLËŒMËLLLMKŒŒMËLL‹‘Û›ˆØ[™[‹”›ØØÛÈ™]X™\‹‘X\İ‹‘Õ˜\ÚXÈ‹‘Õ‹ML’[š]XÚ‹[XÛÛ[][šXØ][ÛœÈ‹•[š]Yİ]\È‹ŒÎMKŒKŒÍK•QK‹KBˆ‘Õ‘URÖÌˆ‹“Üİ‹ŒMËLLLLËŒMËLL‹LKŒŒMËLLˆ‹‘Û›ˆØ[™[‹”›ØØÛÈ™]X™\‹‘X\İ‹“QÈÜXÚX[‹“QÈ‹MK‘ÛØ\™H‹›X\šÙ][™È‹•[š]Yİ]\È‹LNMËMÌ•QKMËKBˆ–RÕ•”Ô‹“Üİ‹ŒMËLLLLËŒMËLL‹LLŒŒMËLLˆ‹‘Û›ˆØ[™[‹”›ØØÛÈ™]X™\‹‘X\İ‹“QÈY˜[˜ÙY‹“QÈ‹ÌÎLË’Ø[‹XÛÙH‹œÛÙØ\™H‹•[š]Yİ]\È‹LMNŒËÍ•QKNKBˆ–“’Qˆ‹“Üİ‹ŒMËLLLLËŒMËLLLŒŒŒMËLL‹’^Y[ˆ™[Û\È‹Ù[XH›İXÚH‹•Ù\İ‹‘Õ\È˜\ÚXÈ‹‘Õ‹LM‹”˜[İXÚ‹[XÛÛ[][šXØ][ÛœÈ‹•[š]Yİ]\È‹LN‹ÌMK•QKËKBˆŒÒTLNUVŒˆ‹•ÛÛˆ‹ŒMËLLLLËŒMËLLLMŒŒMËLL‹’^Y[ˆ™[Û\È‹Ù[XH›İXÚH‹•Ù\İ‹“QÈY˜[˜ÙY‹“QÈ‹ÌÎLË’Ø[‹XÛÙH‹œÛÙØ\™H‹•[š]Yİ]\È‹LMNŒËÍ•QKKÌLKŒŒMMNLÎMÌÌNKBˆ”ŒÑÍUÑQ‹“Üİ‹ŒMËLLLLËŒMËLL‹LËŒŒMËLLˆ‹’˜[Y\È\ØÙ[˜Ú[È‹”İ[[Y\ˆÙ]Ø[‹•Ù\İ‹‘Õ\È›È‹‘Õ‹M‹”Ú[™Û]XÚ›È‹œ™]Z[‹•[š]Yİ]\È‹ŒŒMMLÍÍ•QKLKKBˆ”PĞ“ÍĞÍ‘H‹‘[™ØYÚ[™È‹ŒMËLLLLË’Ø[ZHšXÚÛ™[‹”İ[[Y\ˆÙ]Ø[‹•Ù\İ‹‘Õ\È˜\ÚXÈ‹‘Õ‹LM‹•[šÛ›İÛˆ‹•[šÛ›İÛˆ‹•[šÛ›İÛˆ‹SÑKˆ“Ô–SÔ””Uˆ‹‘[™ØYÚ[™È‹ŒMËLLLLË’Ø\H[™š^ÛÛˆ‹”İ[[Y\ˆÙ]Ø[‹•Ù\İ‹‘Õ˜\ÚXÈ‹‘Õ‹ML’İXÚH‹XÚ›ÛÙŞH‹’ÛÜ™XH‹MÌŒÎMNKSÑKKBˆ“‘ÑÎÌ–‹‘[™ØYÚ[™È‹ŒMËLLLLË“X\šÚ]H[œÙ[ˆ‹Ù[XH›İXÚH‹•Ù\İ‹‘Õ˜\ÚXÈ‹‘Õ‹ML•[šÛ›İÛˆ‹•[šÛ›İÛˆ‹•[šÛ›İÛˆ‹SÑKˆ‘Ò•LLH‹“Üİ‹ŒMËLLLLËŒMËLLLNŒŒMËLL‹“X\šÚ]H[œÙ[ˆ‹Ù[XH›İXÚH‹•Ù\İ‹“QÈY˜[˜ÙY‹“QÈ‹ÌÎLË“˜[K^š[H‹œÙ\šXÙ\È‹œ˜^š[‹KNKLMÎK•QKKKBˆ“‘VŒNÕÈ‹“Üİ‹ŒMËLLLLËŒMËLLLKŒŒMËLL‹“X]\™Y[ˆX\˜Ø[›È‹”İ[[Y\ˆÙ]Ø[‹•Ù\İ‹“QÈY˜[˜ÙY‹“QÈ‹ÌÎLËÚY\œÈ‹™[\Z[›Y[‹•[š]Yİ]\È‹KKÌ‹•QKL‹KBˆ”’SÑÑÒĞÈ‹“Üİ‹ŒMËLLLLËŒMËLLKLKŒŒMËLLH‹“[ÜÙ\Èœ˜\ÙH‹‘\İ[ˆœš[šÛX[›ˆ‹Ù[˜[‹“QÈY˜[˜ÙY‹“QÈ‹ÌÎLË’[š]H‹›X\šÙ][™È‹•[š]Yİ]\È‹ËNK•QKËKBˆ‘Ö–SÑÌH‹•ÛÛˆ‹ŒMËLLLLËŒMËLLL‹ŒŒMËLL‹“[ÜÙ\Èœ˜\ÙH‹‘\İ[ˆœš[šÛX[›ˆ‹Ù[˜[‹‘Õ\È˜\ÚXÈ‹‘Õ‹LM‹”˜[™Ü™Y[ˆ‹XÚ›ÛÙŞH‹”[˜[XH‹LÎËÍÍK•QKKMÎLËŒLÍŒÌÍMÍ‹KBˆÖTÒP–‹•ÛÛˆ‹ŒMËLLLLËŒMËLL‹LMŒŒMËLLˆ‹”™YYÛ\\ˆ‹”›ØØÛÈ™]X™\‹‘X\İ‹“QÈÜXÚX[‹“QÈ‹MKX˜˜Hİ[\‹œÛÙØ\™H‹•[š]Yİ]\È‹NËŒÎKŒLË•QKKKŒ‹ŒLLLLLLLKKBˆ•ÒR““RŒˆ‹•ÛÛˆ‹ŒMËLLLLËŒMËLLLŒŒMËLL‹•™\œÚYH[Xœ˜[™‹‘\İ[ˆœš[šÛX[›ˆ‹Ù[˜[‹“QÈÜXÚX[‹“QÈ‹MK”İ[œ™Y^‹™š[˜[˜ÙH‹•[š]Yİ]\È‹MNŒ‹ÍÎN•QKKKLKŒLLLLLLLKKBˆ“ŒÓÕÓ“QÈ‹“Üİ‹ŒMËLLLLËŒMËLLLŒ‹ŒŒMËLL‹•šXÚÚHY›[[YH‹Ù[XH›İXÚH‹•Ù\İ‹‘Õ\È›È‹‘Õ‹M‹–ZÛ[™È‹™š[˜[˜ÙH‹•[š]Yİ]\È‹ÍLÍËŒŒLË•QKKKBˆLÓPÒUÈ‹•ÛÛˆ‹ŒMËLLLLËŒMËLL‹LLŒŒMËLLˆ‹•šXÚÚHY›[[YH‹Ù[XH›İXÚH‹•Ù\İ‹‘Õ˜\ÚXÈ‹‘Õ‹ML’İXÚH‹XÚ›ÛÙŞH‹’ÛÜ™XH‹MÌŒÎMNK•QKKMŒËNLŒŒÍŒÍŒÍŒÍŒÍŒÍŒÍËKBˆ’S””Ñˆ‹“Üİ‹ŒMËLLLLËŒMËLLLŒKŒŒMËLL‹•š[Û]XÛ[[™‹Ø\˜HÜØÚ‹‘X\İ‹‘Õ\È˜\ÚXÈ‹‘Õ‹LM‹•[Xœ™[HÛÜœÜ˜][Ûˆ‹™š[˜[˜ÙH‹•[š]Yİ]\È‹ŒŒ‹ŒMLLLË•QKKBˆŒLRĞˆ‹“Üİ‹ŒMËLLLLËŒMËLLLMKŒŒMËLL‹•š[Û]XÛ[[™‹Ø\˜HÜØÚ‹‘X\İ‹“QÈÜXÚX[‹“QÈ‹MK‘ÛØ\™H‹›X\šÙ][™È‹•[š]Yİ]\È‹LNMËMÌ•QK‹KBˆ“R–ÒU‹•ÛÛˆ‹ŒMËLLLLËŒMËLLLŒŒMËLL‹•š[Û]XÛ[[™‹Ø\˜HÜØÚ‹‘X\İ‹“QÈÜXÚX[‹“QÈ‹MK–™[˜ÛÜœÜ˜][Ûˆ‹XÚ›ÛÙŞH‹Ú[˜H‹ÎKM‹•QKKLËLKŒÍŒÍŒÍŒÍŒÍŒÍŒÍKBˆQÕSŒ‹•ÛÛˆ‹ŒMËLLLMŒMËLLL‹ŒŒMËLL‹ÙXÚ[H[\Ú[ˆ‹‘\İ[ˆœš[šÛX[›ˆ‹Ù[˜[‹‘Õ\È˜\ÚXÈ‹‘Õ‹LM‹”˜[™Ü™Y[ˆ‹XÚ›ÛÙŞH‹”[˜[XH‹LÎËÍÍK•QKKLML‹LŒMLÍÌMLÍËKBˆ““MT‹•ÛÛˆ‹ŒMËLLLMŒMËLLKLMËŒŒMËLLH‹ÛÜ›\ÜÈÛÜÛYH‹Ø\˜HÜØÚ‹‘X\İ‹‘Õ˜\ÚXÈ‹‘Õ‹ML•H™]È[ÜšÈ[œ]Z\™\ˆ‹›YYXØ[‹•[š]Yİ]\È‹ÎKŒŒKÎL‹•QKKMŒÍLŒNNNNNNNKKBˆ‘–‘Ğ”‘Òˆ‹“Üİ‹ŒMËLLLMŒMËLL‹LÌŒŒMËLLˆ‹‘[šY[[[XXÚÈ‹”›ØØÛÈ™]X™\‹‘X\İ‹‘Õ\È˜\ÚXÈ‹‘Õ‹LM‹‘ÙZÚÛÈ	ˆÛÈ‹œ™]Z[‹•[š]Yİ]\È‹LŒËÍL‹•QKÍËKBˆŒÍ”UUÓH‹“Üİ‹ŒMËLLLMŒMËLLLMKŒŒMËLL‹‘\˜Ù[ØÚXÚ‹“Y[š[ˆX\[ˆ‹Ù[˜[‹‘Õ›È‹‘Õ‹ŒK”İ[œ™Y^‹™š[˜[˜ÙH‹•[š]Yİ]\È‹MNŒ‹ÍÎN•QKKKBˆ‘Ô“ÌÔÌÒˆ‹“Üİ‹ŒMËLLLMŒMËLLLŒKŒŒMËLL‹‘\˜Ù[ØÚXÚ‹“Y[š[ˆX\[ˆ‹Ù[˜[‹“QÈÜXÚX[‹“QÈ‹MKš[ÚÛ[™È‹›YYXØ[‹”[\[™\È‹NËŒÍLÍM‹•QKËKBˆ’ÑÎTSLVH‹•ÛÛˆ‹ŒMËLLLMŒMËLLLNŒŒMËLL‹‘\˜Ù[ØÚXÚ‹“Y[š[ˆX\[ˆ‹Ù[˜[‹‘Õ›È‹‘Õ‹ŒK‘ÛXÚH‹œÛÙØ\™H‹•[š]Yİ]\È‹ŒNLË•QKKLŒŒMMÎŒÍ‹KBˆ”ŒÍQ–ŒQÈ‹“Üİ‹ŒMËLLLMŒMËLLKLKŒŒMËLLH‹‘Û›ˆØ[™[‹”›ØØÛÈ™]X™\‹‘X\İ‹“QÈÜXÚX[‹“QÈ‹MK‘ÛØ\™H‹›X\šÙ][™È‹•[š]Yİ]\È‹LNMËMÌ•QKNKBˆŒÕÌVLÎP–H‹•ÛÛˆ‹ŒMËLLLMŒMËLLLŒŒMËLL‹‘Û›ˆØ[™[‹”›ØØÛÈ™]X™\‹‘X\İ‹‘Õ›È‹‘Õ‹ŒK”Ú[\È‹›YYXØ[‹•[š]Yİ]\È‹NŒÎŒL•QKKLŒKLŒŒŒŒÍÍLÍMÎMNKBˆ‘ÍNÓÓÍˆ‹“Üİ‹ŒMËLLLMŒMËLLLNŒŒMËLL‹‘Ø\œ™]Ú[™\ˆ‹Ø\˜HÜØÚ‹‘X\İ‹‘Õ˜\ÚXÈ‹‘Õ‹ML“Ü[XÚ‹™š[˜[˜ÙH‹•[š]Yİ]\È‹ÍMKŒŒËLË•QKKBˆ’‘ŒŒ’UÈ‹“Üİ‹ŒMËLLLMŒMËLLLMKŒŒMËLL‹‘Ø\œ™]Ú[™\ˆ‹Ø\˜HÜØÚ‹‘X\İ‹‘Õ\È˜\ÚXÈ‹‘Õ‹LM‹‘Ûœ]XYXÚ‹XÚ›ÛÙŞH‹•[š]Yİ]\È‹MÌL‹ÌNM•QKKKBˆLĞQM”SM‹•ÛÛˆ‹ŒMËLLLMŒMËLLLMKŒŒMËLL‹’^Y[ˆ™[Û\È‹Ù[XH›İXÚH‹•Ù\İ‹‘Õ\È˜\ÚXÈ‹‘Õ‹LM‹’]˜[ˆ‹œÙ\šXÙ\È‹•[š]Yİ]\È‹ÎL‹‹LNK•QKKKKŒNMŒMÎÌŒLMÎKKBˆŒSM’‘‹“Üİ‹ŒMËLLLMŒMËLLKLÌŒŒMËLLH‹’˜[Y\È\ØÙ[˜Ú[È‹”İ[[Y\ˆÙ]Ø[‹•Ù\İ‹‘Õ˜\ÚXÈ‹‘Õ‹ML‘š[š›Øˆ‹™[\Ş[Y[‹•[š]Yİ]\È‹ŒNKKÍ•QKËKBˆ’PÑSÓTÑˆ‹•ÛÛˆ‹ŒMËLLLMŒMËLLLŒ‹ŒŒMËLL‹’›Û˜][ˆ™\[İ‹“Y[š[ˆX\[ˆ‹Ù[˜[‹‘Õ˜\ÚXÈ‹‘Õ‹MLÛÛ™XÛÛH‹XÚ›ÛÙŞH‹•[š]Yİ]\È‹MLŒ‹N‹•QKKÌ‹ŒMNNNNNN‹KBˆ’R‘VŒVˆ‹•ÛÛˆ‹ŒMËLLLMŒMËLL‹LËŒŒMËLLˆ‹’Ø[ZHšXÚÛ™[‹”İ[[Y\ˆÙ]Ø[‹•Ù\İ‹‘Õ˜\ÚXÈ‹‘Õ‹ML“™]Ù^‹œÙ\šXÙ\È‹‘Ù\›X[H‹LL‹Ì‹ÍL‹•QKKMŒ‹LLŒŒNNNNNNMËKBˆ“Ô’ŒTÔÈ‹“Üİ‹ŒMËLLLMŒMËLLLŒŒŒMËLL‹“ZX[˜H™[˜Ú[‹‘\İ[ˆœš[šÛX[›ˆ‹Ù[˜[‹‘Õ˜\ÚXÈ‹‘Õ‹MLÛÛ™XÛÛH‹XÚ›ÛÙŞH‹•[š]Yİ]\È‹MLŒ‹N‹•QK‹KBˆŒ’ÒS’MÔÈ‹•ÛÛˆ‹ŒMËLLLMŒMËLLLM‹ŒŒMËLL‹“ZX[˜H™[˜Ú[‹‘\İ[ˆœš[šÛX[›ˆ‹Ù[˜[‹“QÈÜXÚX[‹“QÈ‹MK•İYÚ˜\‹œ™]Z[‹•[š]Yİ]\È‹ÌÌ‹ËÎNK•QKK‹‹ŒŒÍŒÍŒÍŒÍŒÍŒÍŒÍ‹KBˆ”Q““Ñ‹“Üİ‹ŒMËLLLMŒMËLLLNŒŒMËLL‹“X\Hœ™]Y[˜\™È‹“Y[š[ˆX\[ˆ‹Ù[˜[‹‘Õ›È‹‘Õ‹ŒK”İ™Y]^‹œ™]Z[‹™[Ú][H‹LÍÍ‹LMK•QKKBˆ“ĞŒÓÒÎ”H‹•ÛÛˆ‹ŒMËLLLMŒMËLL‹L‹ŒŒMËLLˆ‹“X\Hœ™]Y[˜\™È‹“Y[š[ˆX\[ˆ‹Ù[˜[‹‘Õ˜\ÚXÈ‹‘Õ‹ML‘ÛXÚH‹œÛÙØ\™H‹•[š]Yİ]\È‹ŒNLË•QKKŒMKÌËLŒLNNNNNNNKBˆTÌÔ“Òˆ‹“Üİ‹ŒMËLLLMŒMËLL‹LÌKŒŒMËLLˆ‹“šY\ÚHY™š[™\È‹“Y[š[ˆX\[ˆ‹Ù[˜[‹‘Õ\È˜\ÚXÈ‹‘Õ‹LM‹”›Û‹]XÚ‹›YYXØ[‹•[š]Yİ]\È‹ÎLŒ‹‹ÍË•QKÎKBˆ–PÔ’’ÍUÈ‹“Üİ‹ŒMËLLLMŒMËLLLŒËŒŒMËLL‹”›ÜØ[[˜HY]\ˆ‹Ù[XH›İXÚH‹•Ù\İ‹“QÈY˜[˜ÙY‹“QÈ‹ÌÎLË“™]Ù^‹œÙ\šXÙ\È‹‘Ù\›X[H‹LL‹Ì‹ÍL‹•QKKKBˆ‘‘RÎQÑ‹•ÛÛˆ‹ŒMËLLLMŒMËLLLŒ‹ŒŒMËLL‹•™\œÚYH[Xœ˜[™‹‘\İ[ˆœš[šÛX[›ˆ‹Ù[˜[‹“QÈÜXÚX[‹“QÈ‹MK”ØÛİXÚ‹›X\šÙ][™È‹•[š]Yİ]\È‹KŒÎKL•QKKNLŒMMMMMMMKKBˆ‘VR•Í“‹‘[™ØYÚ[™È‹ŒMËLLLM•šXÚÚHY›[[YH‹Ù[XH›İXÚH‹•Ù\İ‹‘Õ\È›È‹‘Õ‹M‹•[šÛ›İÛˆ‹•[šÛ›İÛˆ‹•[šÛ›İÛˆ‹SÑKˆ‘U’ÔV•ˆ‹“Üİ‹ŒMËLLLMŒMËLLKLKŒŒMËLLH‹•šXÚÚHY›[[YH‹Ù[XH›İXÚH‹•Ù\İ‹“QÈÜXÚX[‹“QÈ‹MK‘Ü™Y[‹T\È‹œÙ\šXÙ\È‹•[š]Yİ]\È‹L‹ŒNKNLŒ‹•QKNKBˆ’QÍ”LPˆ‹“Üİ‹ŒMËLLLMŒMËLLLŒËŒŒMËLL‹–˜[™H]H‹”İ[[Y\ˆÙ]Ø[‹•Ù\İ‹‘Õ\È›È‹‘Õ‹M‹’]˜[ˆ‹œÙ\šXÙ\È‹•[š]Yİ]\È‹ÎL‹‹LNK•QKKKBˆÖPSSŒˆ‹•ÛÛˆ‹ŒMËLLLMŒMËLLLMKŒŒMËLL‹–˜[™H]H‹”İ[[Y\ˆÙ]Ø[‹•Ù\İ‹‘Õ›È‹‘Õ‹ŒK–ZÛ[™È‹™š[˜[˜ÙH‹•[š]Yİ]\È‹ÍLÍËŒŒLË•QKK‹KLŒLLMÍMŒÎMKBˆQÔĞ•R“R‹“Üİ‹ŒMËLLLMKŒMËLLLŒŒMËLL‹[›˜HÛ™[[™È‹‘\İ[ˆœš[šÛX[›ˆ‹Ù[˜[‹“QÈÜXÚX[‹“QÈ‹MK’\ÙÛH‹›YYXØ[‹•[š]Yİ]\È‹ÌMÎŒM•QKKKBˆ–ÕÓLˆ‹‘[™ØYÚ[™È‹ŒMËLLLMKØ\ÜÙ^HÜ™\ÜÈ‹”›ØØÛÈ™]X™\‹‘X\İ‹‘Õ›È‹‘Õ‹ŒK•İYÚ˜\‹œ™]Z[‹•[š]Yİ]\È‹ÌÌ‹ËÎNKSÑKKBˆ‘PĞ”Ó‹“Üİ‹ŒMËLLLMKŒMËLLLŒŒMËLL‹Ø\ÜÙ^HÜ™\ÜÈ‹”›ØØÛÈ™]X™\‹‘X\İ‹‘Õ\È›È‹‘Õ‹M‹–›İØ\™H‹œÛÙØ\™H‹•[š]Yİ]\È‹ÎËLÎK•QKKKBˆ”RT’Vˆ‹“Üİ‹ŒMËLLLMKŒMËLLLM‹ŒŒMËLL‹ÙXÚ[H[\Ú[ˆ‹‘\İ[ˆœš[šÛX[›ˆ‹Ù[˜[‹“QÈY˜[˜ÙY‹“QÈ‹ÌÎLË”İ™Y]^‹œ™]Z[‹™[Ú][H‹LÍÍ‹LMK•QKKKBˆŒLTT‹“Üİ‹ŒMËLLLMKŒMËLLLKŒŒMËLL‹‘[šY[[[XXÚÈ‹”›ØØÛÈ™]X™\‹‘X\İ‹‘Õ\È›È‹‘Õ‹M‹‘Ø[š˜Y›^‹œ™]Z[‹’˜\[ˆ‹LMNÌKMÍÎK•QKLKBˆ•Q‘Œ‘TH‹•ÛÛˆ‹ŒMËLLLMKŒMËLLKLKŒŒMËLLH‹‘[šY[[[XXÚÈ‹”›ØØÛÈ™]X™\‹‘X\İ‹‘Õ›È‹‘Õ‹ŒK’Ú[›˜[\\È‹œ™]Z[‹•[š]Yİ]\È‹Ì‹Ì‹NÌK•QKKLLLËMËLŒŒMÍMŒLÌ‹KBˆ’TTLNÈ‹•ÛÛˆ‹ŒMËLLLMKŒMËLLLM‹ŒŒMËLL‹‘\˜Ù[ØÚXÚ‹“Y[š[ˆX\[ˆ‹Ù[˜[‹‘Õ\È˜\ÚXÈ‹‘Õ‹LM‹”›Û‹]XÚ‹›YYXØ[‹•[š]Yİ]\È‹ÎLŒ‹‹ÍË•QKKLMMKLŒLLNMÌLNMËKBˆŒMLÍPÈ‹•ÛÛˆ‹ŒMËLLLMKŒMËLLLM‹ŒŒMËLL‹‘\˜Ù[ØÚXÚ‹“Y[š[ˆX\[ˆ‹Ù[˜[‹‘Õ›È‹‘Õ‹ŒK‘ÛXÚH‹œÛÙØ\™H‹•[š]Yİ]\È‹ŒNLË•QKKKKLŒLÌÍLMMŒKKBˆ•LŒŒÒÎUÈ‹•ÛÛˆ‹ŒMËLLLMKŒMËLLLM‹ŒŒMËLL‹‘\˜Ù[ØÚXÚ‹“Y[š[ˆX\[ˆ‹Ù[˜[‹‘Õ›È‹‘Õ‹ŒK”İ™Y]^‹œ™]Z[‹™[Ú][H‹LÍÍ‹LMK•QKKLÍ‹KLŒŒÎLÎMÌŒŒLÍËKBˆŒÔŒUÍÓÈ‹•ÛÛˆ‹ŒMËLLLMKŒMËLLLŒŒMËLL‹‘Û›ˆØ[™[‹”›ØØÛÈ™]X™\‹‘X\İ‹‘Õ\È˜\ÚXÈ‹‘Õ‹LM‹ÛÛ™^‹›YYXØ[‹•[š]Yİ]\È‹MK•QKKLŒ‹LËŒÌLŒNMÎLŒNKKBˆ“Q”ÓRÈ‹“Üİ‹ŒMËLLLMKŒMËLLLNKŒŒMËLL‹‘ÛY\ÈÛÛÛİYÚ‹“Y[š[ˆX\[ˆ‹Ù[˜[‹‘Õ›È‹‘Õ‹ŒKÛÙZİÈ‹œÛÙØ\™H‹•[š]Yİ]\È‹ÌMKK•QKKBˆV”ĞVH‹“Üİ‹ŒMËLLLMKŒMËLLLŒKŒŒMËLL‹’^Y[ˆ™[Û\È‹Ù[XH›İXÚH‹•Ù\İ‹“QÈÜXÚX[‹“QÈ‹MK‘˜^][İH‹[XÛÛ[][šXØ][ÛœÈ‹•[š]Yİ]\È‹NK‹MNMK•QK‹KBˆÌ”ÕL–‹•ÛÛˆ‹ŒMËLLLMKŒMËLL‹LŒŒŒMËLLˆ‹’^Y[ˆ™[Û\È‹Ù[XH›İXÚH‹•Ù\İ‹‘Õ\È˜\ÚXÈ‹‘Õ‹LM‹‘Ü›Ûİ™\İ™Y]‹œ™]Z[‹•[š]Yİ]\È‹ŒŒËNK•QKKMM‹ŒLMMŒŒÍÎMMŒ‹KBˆM“ÕTÕÍÈ‹“Üİ‹ŒMËLLLMKŒMËLLLŒËŒŒMËLL‹’Ø\H[™š^ÛÛˆ‹”İ[[Y\ˆÙ]Ø[‹•Ù\İ‹‘Õ˜\ÚXÈ‹‘Õ‹ML‘š[š›Øˆ‹™[\Ş[Y[‹•[š]Yİ]\È‹ŒNKKÍ•QKKBˆTÍNÔ‹“Üİ‹ŒMËLLLMKŒMËLLL‹ŒŒMËLL‹’Ø\H[™š^ÛÛˆ‹”İ[[Y\ˆÙ]Ø[‹•Ù\İ‹‘Õ˜\ÚXÈ‹‘Õ‹ML’ÛÛ™^‹XÚ›ÛÙŞH‹•[š]Yİ]\È‹ÍÌŒÎLÍÍM‹•QKLKKBˆ–“–UÓĞˆ‹•ÛÛˆ‹ŒMËLLLMKŒMËLLLM‹ŒŒMËLL‹’Ø\H[™š^ÛÛˆ‹”İ[[Y\ˆÙ]Ø[‹•Ù\İ‹‘Õ\È˜\ÚXÈ‹‘Õ‹LM‹–ZÛ[™È‹™š[˜[˜ÙH‹•[š]Yİ]\È‹ÍLÍËŒŒLË•QKKKŒŒLNMÌL‹KBˆ“‘’UQÔÈ‹•ÛÛˆ‹ŒMËLLLMKŒMËLLKL‹ŒŒMËLLH‹’Ø\H[™š^ÛÛˆ‹”İ[[Y\ˆÙ]Ø[‹•Ù\İ‹‘Õ\È›È‹‘Õ‹M‹‘Û˜ÛÛˆ‹XÚ›ÛÙŞH‹•[š]Yİ]\È‹NËÌ‹MLK•QKKNË‹LŒÌŒNÌLŒMÎKBˆN‘H‹•ÛÛˆ‹ŒMËLLLMKŒMËLLLM‹ŒŒMËLL‹’Ø\H[™š^ÛÛˆ‹”İ[[Y\ˆÙ]Ø[‹•Ù\İ‹‘Õ›È‹‘Õ‹ŒK‘˜\ÙZ]XÙH‹œ™]Z[‹•[š]Yİ]\È‹MLKÍLŒË•QKKLÍKLŒLÍÌMÌÌLMËKBˆ”ÕÒÑĞÌÍ‹“Üİ‹ŒMËLLLMKŒMËLLLŒKŒŒMËLL‹“ZX[˜H™[˜Ú[‹‘\İ[ˆœš[šÛX[›ˆ‹Ù[˜[‹“QÈÜXÚX[‹“QÈ‹MK™[X˜\ÙH‹›X\šÙ][™È‹•[š]Yİ]\È‹ŒMÌËNL•QK‹KBˆÌÖNMTˆ‹“Üİ‹ŒMËLLLMKŒMËLLLŒŒMËLL‹“X\Hœ™]Y[˜\™È‹“Y[š[ˆX\[ˆ‹Ù[˜[‹‘Õ\È›È‹‘Õ‹M‹‘ÛØ™^ÛÜœÜ˜][Ûˆ‹XÚ›ÛÙŞH‹“›ÜØ^H‹LŒŒËÌ‹MË•QKKKBˆŒ’PÎQ’È‹“Üİ‹ŒMËLLLMKŒMËLLLŒËŒŒMËLL‹“X\Hœ™]Y[˜\™È‹“Y[š[ˆX\[ˆ‹Ù[˜[‹‘Õ›È‹‘Õ‹ŒK”İ™Y]^‹œ™]Z[‹™[Ú][H‹LÍÍ‹LMK•QKKBˆ““MÓRPH‹•ÛÛˆ‹ŒMËLLLMKŒMËLLLŒËŒŒMËLL‹“[ÜÙ\Èœ˜\ÙH‹‘\İ[ˆœš[šÛX[›ˆ‹Ù[˜[‹‘Õ\È›È‹‘Õ‹M‹ÛÙZİÈ‹œÛÙØ\™H‹•[š]Yİ]\È‹ÌMKK•QKKMKŒŒNMÌÎLLNKKBˆ“QVÍRÕMˆ‹“Üİ‹ŒMËLLLMKŒMËLL‹LËŒŒMËLLˆ‹”™YYÛ\\ˆ‹”›ØØÛÈ™]X™\‹‘X\İ‹“QÈY˜[˜ÙY‹“QÈ‹ÌÎLË•H™]È[ÜšÈ[œ]Z\™\ˆ‹›YYXØ[‹•[š]Yİ]\È‹ÎKŒŒKÎL‹•QKÌËKBˆ•QÍÒLˆ‹•ÛÛˆ‹ŒMËLLLMKŒMËLLKLŒŒMËLLH‹”™YYÛ\\ˆ‹”›ØØÛÈ™]X™\‹‘X\İ‹‘Õ\È›È‹‘Õ‹M‹’[š]XÚ‹[XÛÛ[][šXØ][ÛœÈ‹•[š]Yİ]\È‹ŒÎMKŒKŒÍK•QKKLŒMÎLLÌMÌÍÍMÍÍLËKBˆÍŒVŒR‹“Üİ‹ŒMËLLLMKŒMËLLLKŒŒMËLL‹•™\œÚYH[Xœ˜[™‹‘\İ[ˆœš[šÛX[›ˆ‹Ù[˜[‹“QÈÜXÚX[‹“QÈ‹MK’[š]H‹›X\šÙ][™È‹•[š]Yİ]\È‹ËNK•QKLKBˆ–ĞRÍMSˆ‹•ÛÛˆ‹ŒMËLLLMKŒMËLLLŒËŒŒMËLL‹•Ú[\›ˆ˜\œ™[ˆ‹Ø\˜HÜØÚ‹‘X\İ‹“QÈÜXÚX[‹“QÈ‹MK”İ[XXÙH‹œ™]Z[‹”›ÛX[šXH‹MËKLË•QKKLKŒÌÌÌÌÌÌÌKBˆRÖQH‹•ÛÛˆ‹ŒMËLLLMKŒMËLLLŒËŒŒMËLL‹–˜[™H]H‹”İ[[Y\ˆÙ]Ø[‹•Ù\İ‹‘Õ\È›È‹‘Õ‹M‹‘[XÚ›ÛÙŞH‹œÛÙØ\™H‹•[š]Yİ]\È‹NÎKM‹•QKKŒÍËLŒŒLMLLÍKBˆ”RSÕ‘‹•ÛÛˆ‹ŒMËLLLM‹ŒMËLL‹LLËŒŒMËLLˆ‹[›˜HÛ™[[™È‹‘\İ[ˆœš[šÛX[›ˆ‹Ù[˜[‹“QÈÜXÚX[‹“QÈ‹MK”İ[œ™Y^‹™š[˜[˜ÙH‹•[š]Yİ]\È‹MNŒ‹ÍÎN•QKKMËNLŒÍŒÍŒÍŒÍŒÍŒÍŒÍKBˆ’UÔMÖÈ‹•ÛÛˆ‹ŒMËLLLM‹ŒMËLLKLËŒŒMËLLH‹ÙXÚ[H[\Ú[ˆ‹‘\İ[ˆœš[šÛX[›ˆ‹Ù[˜[‹‘Õ\È˜\ÚXÈ‹‘Õ‹LM‹”İ]Û[™ÜÈ‹™[\Ş[Y[‹•[š]Yİ]\È‹LKŒËN‹•QKKNLNŒMÌMLÌÌMLÌ‹KBˆ•”ÌM’H‹•ÛÛˆ‹ŒMËLLLM‹ŒMËLLLMËŒŒMËLL‹ÛÜ›\ÜÈÛÜÛYH‹Ø\˜HÜØÚ‹‘X\İ‹‘Õ›È‹‘Õ‹ŒK–™[˜ÛÜœÜ˜][Ûˆ‹XÚ›ÛÙŞH‹Ú[˜H‹ÎKM‹•QKKËKŒLNLŒÍLMÎMŒËKBˆ–ŒMÌÔ–H‹•ÛÛˆ‹ŒMËLLLM‹ŒMËLL‹LKŒŒMËLLˆ‹‘[šY[[[XXÚÈ‹”›ØØÛÈ™]X™\‹‘X\İ‹‘Õ\È˜\ÚXÈ‹‘Õ‹LM‹”İ[XXÙH‹œ™]Z[‹”›ÛX[šXH‹MËKLË•QKKLÌŒLNMÌLNMËKBˆ•‘ĞÍÕˆ‹“Üİ‹ŒMËLLLM‹ŒMËLLLNKŒŒMËLL‹‘\˜Ù[ØÚXÚ‹“Y[š[ˆX\[ˆ‹Ù[˜[‹‘Õ›È‹‘Õ‹ŒK”İ[œ™Y^‹™š[˜[˜ÙH‹•[š]Yİ]\È‹MNŒ‹ÍÎN•QKËKBˆŒÖÍÒÓÈ‹“Üİ‹ŒMËLLLM‹ŒMËLLLMËŒŒMËLL‹‘\˜Ù[ØÚXÚ‹“Y[š[ˆX\[ˆ‹Ù[˜[‹“QÈÜXÚX[‹“QÈ‹MK–[YÛÚ]H‹›YYXØ[‹•[š]Yİ]\È‹KŒLŒL•QKKKBˆ“ÕÑÖS”È‹•ÛÛˆ‹ŒMËLLLM‹ŒMËLLLKŒŒMËLL‹‘\˜Ù[ØÚXÚ‹“Y[š[ˆX\[ˆ‹Ù[˜[‹‘Õ›È‹‘Õ‹ŒK”›Û‹]XÚ‹›YYXØ[‹•[š]Yİ]\È‹ÎLŒ‹‹ÍË•QKKÍKLŒMLÍNNÎMKKBˆ–MÓŒTŒÓ‹•ÛÛˆ‹ŒMËLLLM‹ŒMËLLLMËŒŒMËLL‹‘\˜Ù[ØÚXÚ‹“Y[š[ˆX\[ˆ‹Ù[˜[‹“QÈY˜[˜ÙY‹“QÈ‹ÌÎLËÛÛ™XÛÛH‹XÚ›ÛÙŞH‹•[š]Yİ]\È‹MLŒ‹N‹•QKKÍLKLŒNNMÍNËKBˆÖÔ‹“Üİ‹ŒMËLLLM‹ŒMËLLL‹ŒŒMËLL‹‘Û›ˆØ[™[‹”›ØØÛÈ™]X™\‹‘X\İ‹‘Õ˜\ÚXÈ‹‘Õ‹ML’[š]XÚ‹[XÛÛ[][šXØ][ÛœÈ‹•[š]Yİ]\È‹ŒÎMKŒKŒÍK•QKLKBˆ•ÑMUT‹“Üİ‹ŒMËLLLM‹ŒMËLLLŒŒMËLL‹‘ÛY\ÈÛÛÛİYÚ‹“Y[š[ˆX\[ˆ‹Ù[˜[‹“QÈÜXÚX[‹“QÈ‹MKÛÙZİÈ‹œÛÙØ\™H‹•[š]Yİ]\È‹ÌMKK•QKKBˆ’“ŒÍLÑM‹•ÛÛˆ‹ŒMËLLLM‹ŒMËLLLŒŒŒMËLL‹’^Y[ˆ™[Û\È‹Ù[XH›İXÚH‹•Ù\İ‹“QÈY˜[˜ÙY‹“QÈ‹ÌÎLËÚY\œÈ‹™[\Z[›Y[‹•[š]Yİ]\È‹KKÌ‹•QKKÍÍLŒLÍÍNŒŒKKBˆ’ÓÒÍŒ”‘‹“Üİ‹ŒMËLLLM‹ŒMËLLLŒ‹ŒŒMËLL‹’Ø[ZHšXÚÛ™[‹”İ[[Y\ˆÙ]Ø[‹•Ù\İ‹‘Õ›È‹‘Õ‹ŒK”ÛÛœ›Ûˆ‹[XÛÛ[][šXØ][ÛœÈ‹•[š]Yİ]\È‹MNKKLL•QK‹KBˆMNP’È‹“Üİ‹ŒMËLLLM‹ŒMËLLL‹ŒŒMËLL‹’Ø\H[™š^ÛÛˆ‹”İ[[Y\ˆÙ]Ø[‹•Ù\İ‹‘Õ˜\ÚXÈ‹‘Õ‹ML‘˜^][İH‹[XÛÛ[][šXØ][ÛœÈ‹•[š]Yİ]\È‹NK‹MNMK•QKLKBˆ–”ÍTÒÌH‹“Üİ‹ŒMËLLLM‹ŒMËLLLŒKŒŒMËLL‹’Ø\H[™š^ÛÛˆ‹”İ[[Y\ˆÙ]Ø[‹•Ù\İ‹‘Õ˜\ÚXÈ‹‘Õ‹ML”Ú[™Û]XÚ›È‹œ™]Z[‹•[š]Yİ]\È‹ŒŒMMLÍÍ•QKKKBˆ’LÍ–H‹•ÛÛˆ‹ŒMËLLLM‹ŒMËLLKLL‹ŒŒMËLLH‹’Ø\H[™š^ÛÛˆ‹”İ[[Y\ˆÙ]Ø[‹•Ù\İ‹‘Õ˜\ÚXÈ‹‘Õ‹ML“˜[K^š[H‹œÙ\šXÙ\È‹œ˜^š[‹KNKLMÎK•QKKNLKËLŒÍMMMMMMKKBˆ“QMÒVŒUÖH‹•ÛÛˆ‹ŒMËLLLM‹ŒMËLLLŒŒMËLL‹’Ø\H[™š^ÛÛˆ‹”İ[[Y\ˆÙ]Ø[‹•Ù\İ‹“QÈÜXÚX[‹“QÈ‹MK‘[XÚ›ÛÙŞH‹œÛÙØ\™H‹•[š]Yİ]\È‹NÎKM‹•QKKŒLÌÌÌÌÌÌËKBˆ”ÕÎLŒV–‹•ÛÛˆ‹ŒMËLLLM‹ŒMËLLLŒËŒŒMËLL‹“X\šÚ]H[œÙ[ˆ‹Ù[XH›İXÚH‹•Ù\İ‹‘Õ\È˜\ÚXÈ‹‘Õ‹LM‹‘ÛÛ^‹™š[˜[˜ÙH‹•[š]Yİ]\È‹L‹KMK•QKKLŒËŒÌÌMLÌÌ‹KBˆ“R”‘Pˆ‹“Üİ‹ŒMËLLLM‹ŒMËLLLŒKŒŒMËLL‹“X\Hœ™]Y[˜\™È‹“Y[š[ˆX\[ˆ‹Ù[˜[‹‘Õ\È˜\ÚXÈ‹‘Õ‹LM‹’İXÚH‹XÚ›ÛÙŞH‹’ÛÜ™XH‹MÌŒÎMNK•QKKKBˆ•Ì”R•RÌVH‹•ÛÛˆ‹ŒMËLLLM‹ŒMËLLLŒŒMËLL‹“[ÜÙ\Èœ˜\ÙH‹‘\İ[ˆœš[šÛX[›ˆ‹Ù[˜[‹‘Õ˜\ÚXÈ‹‘Õ‹ML™]]XÚ‹›YYXØ[‹’Ù[XH‹ËŒNLNK•QKKMŒ‹L‹LŒŒNNNNNNMËKBˆŒTÓÍÍˆ‹“Üİ‹ŒMËLLLM‹ŒMËLLKLNKŒŒMËLLH‹“šY\ÚHY™š[™\È‹“Y[š[ˆX\[ˆ‹Ù[˜[‹‘Õ\È˜\ÚXÈ‹‘Õ‹LM‹’İXÚH‹XÚ›ÛÙŞH‹’ÛÜ™XH‹MÌŒÎMNK•QKÍKBˆ“PÍÌMÕÔ‘È‹“Üİ‹ŒMËLLLM‹ŒMËLLLNŒŒMËLL‹”›ÜÚYH\YÜİ[ÜÈ‹Ø\˜HÜØÚ‹‘X\İ‹‘Õ›È‹‘Õ‹ŒK•™Z[Y[Ø\][\™\œÈ‹™š[˜[˜ÙH‹•[š]Yİ]\È‹‹ŒKË•QK‹KBˆ”MÌPŒQ‹•ÛÛˆ‹ŒMËLLLM‹ŒMËLLLMËŒŒMËLL‹•™\œÚYH[Xœ˜[™‹‘\İ[ˆœš[šÛX[›ˆ‹Ù[˜[‹“QÈÜXÚX[‹“QÈ‹MK’\ÙÛH‹›YYXØ[‹•[š]Yİ]\È‹ÌMÎŒM•QKKMËKLŒÍŒÍŒÍŒÍŒÍŒÍŒÍKBˆ’UÔÍÔ‹•ÛÛˆ‹ŒMËLLLM‹ŒMËLL‹LŒKŒŒMËLLˆ‹•šXÚÚHY›[[YH‹Ù[XH›İXÚH‹•Ù\İ‹‘Õ˜\ÚXÈ‹‘Õ‹ML‘Ü™Y[‹T\È‹œÙ\šXÙ\È‹•[š]Yİ]\È‹L‹ŒNKNLŒ‹•QKKLÍK‹ŒÌÌÌÌÌÌÌ‹KBˆ‘ĞŒÔÍÑ–H‹•ÛÛˆ‹ŒMËLLLM‹ŒMËLLLKŒŒMËLL‹•šXÚÚHY›[[YH‹Ù[XH›İXÚH‹•Ù\İ‹‘Õ›È‹‘Õ‹ŒKÛÛ™^‹›YYXØ[‹•[š]Yİ]\È‹MK•QKKNKŒNNMŒÌÍÌÍKKBˆŒÎ•Ò‘È‹•ÛÛˆ‹ŒMËLLLM‹ŒMËLLLNŒŒMËLL‹•šXÚÚHY›[[YH‹Ù[XH›İXÚH‹•Ù\İ‹“QÈÜXÚX[‹“QÈ‹MK“^\]›Û^‹›YYXØ[‹•[š]Yİ]\È‹MŒNKÎK•QKKM‹‹LŒNNNNNNNKKBˆ’Ñ”ÑÍQˆ‹‘[™ØYÚ[™È‹ŒMËLLLM‹•š[Û]XÛ[[™‹Ø\˜HÜØÚ‹‘X\İ‹‘Õ˜\ÚXÈ‹‘Õ‹ML•[šÛ›İÛˆ‹•[šÛ›İÛˆ‹•[šÛ›İÛˆ‹SÑKˆUÑÓŒÑÖ‹‘[™ØYÚ[™È‹ŒMËLLLM‹•š[Û]XÛ[[™‹Ø\˜HÜØÚ‹‘X\İ‹‘Õ\È˜\ÚXÈ‹‘Õ‹LM‹•[šÛ›İÛˆ‹•[šÛ›İÛˆ‹•[šÛ›İÛˆ‹SÑKˆRQS–H‹•ÛÛˆ‹ŒMËLLLM‹ŒMËLLLŒËŒŒMËLL‹–˜[™H]H‹”İ[[Y\ˆÙ]Ø[‹•Ù\İ‹‘Õ\È›È‹‘Õ‹M‹‘ÛÛÙÚ[›Ûˆ‹›X\šÙ][™È‹•[š]Yİ]\È‹ML‹ÌËLLË•QKKM‹ËŒNLNMMMLM‹KBˆ”ÔQM’ÑMÕˆ‹•ÛÛˆ‹ŒMËLLLMËŒMËLLLŒËŒŒMËLL‹[›˜HÛ™[[™È‹‘\İ[ˆœš[šÛX[›ˆ‹Ù[˜[‹“QÈÜXÚX[‹“QÈ‹MK™[X˜\ÙH‹›X\šÙ][™È‹•[š]Yİ]\È‹ŒMÌËNL•QKKMK‹KBˆ“ÓR–H‹“Üİ‹ŒMËLLLMËŒMËLLLKŒŒMËLL‹›Üš\È˜^ˆ‹”›ØØÛÈ™]X™\‹‘X\İ‹‘Õ\È›È‹‘Õ‹M‹–YX\š[ˆ‹œ™]Z[‹•[š]Yİ]\È‹ŒŒKŒKÎLK•QKKBˆŒÔSNSÈ‹•ÛÛˆ‹ŒMËLLLMËŒMËLLLKŒŒMËLL‹Ø\ÜÙ^HÜ™\ÜÈ‹”›ØØÛÈ™]X™\‹‘X\İ‹‘Õ›È‹‘Õ‹ŒK–^›Ø˜[H‹™[\Z[›Y[‹•[š]Yİ]\È‹ÎÎŒÎKÍ•QKKLML‹LŒNNMNLÌKKBˆ’ÖU‘H‹“Üİ‹ŒMËLLLMËŒMËLL‹LLËŒŒMËLLˆ‹ÛÜ›\ÜÈÛÜÛYH‹Ø\˜HÜØÚ‹‘X\İ‹“QÈY˜[˜ÙY‹“QÈ‹ÌÎLË”\Üİ[š[ˆ‹œ™]Z[‹•[š]Yİ]\È‹MNKNN•QKMËKBˆVSÑÕSSH‹“Üİ‹ŒMËLLLMËŒMËLLLŒŒMËLL‹‘\˜Ù[ØÚXÚ‹“Y[š[ˆX\[ˆ‹Ù[˜[‹‘Õ›È‹‘Õ‹ŒK”[™Ù˜\ÙH‹XÚ›ÛÙŞH‹•[š]Yİ]\È‹LŒ‹LŒÎ•QKËKBˆÎLÌÖ”Pˆ‹•ÛÛˆ‹ŒMËLLLMËŒMËLLLŒËŒŒMËLL‹‘\˜Ù[ØÚXÚ‹“Y[š[ˆX\[ˆ‹Ù[˜[‹‘Õ›È‹‘Õ‹ŒKØ[˜Ú]H‹œ™]Z[‹•[š]Yİ]\È‹ÌNŒ‹•QKKMN‹LŒLÌŒLÌŒÍÌŒËKBˆ‘ÎSNRQTVH‹“Üİ‹ŒMËLLLMËŒMËLLLŒËŒŒMËLL‹‘ÛY\ÈÛÛÛİYÚ‹“Y[š[ˆX\[ˆ‹Ù[˜[‹‘Õ›È‹‘Õ‹ŒK”[™Ù˜\ÙH‹XÚ›ÛÙŞH‹•[š]Yİ]\È‹LŒ‹LŒÎ•QK‹KBˆ“L•’ÓV”‹•ÛÛˆ‹ŒMËLLLMËŒMËLLLNKŒŒMËLL‹’›Û˜][ˆ™\[İ‹“Y[š[ˆX\[ˆ‹Ù[˜[‹‘Õ›È‹‘Õ‹ŒK”İ[œ™Y^‹™š[˜[˜ÙH‹•[š]Yİ]\È‹MNŒ‹ÍÎN•QKKL‹‹LŒÌMLNÍMÌ‹KBˆ–M“’MQP•ˆ‹‘[™ØYÚ[™È‹ŒMËLLLMË’Ø[ZHšXÚÛ™[‹”İ[[Y\ˆÙ]Ø[‹•Ù\İ‹‘Õ\È˜\ÚXÈ‹‘Õ‹LM‹•[šÛ›İÛˆ‹•[šÛ›İÛˆ‹•[šÛ›İÛˆ‹SÑKˆ“ÑÍÖ•N‹‘[™ØYÚ[™È‹ŒMËLLLMË’Ø[ZHšXÚÛ™[‹”İ[[Y\ˆÙ]Ø[‹•Ù\İ‹‘Õ›È‹‘Õ‹ŒK•[šÛ›İÛˆ‹•[šÛ›İÛˆ‹•[šÛ›İÛˆ‹SÑKˆVÖLT‹“Üİ‹ŒMËLLLMËŒMËLLLŒËŒŒMËLL‹“X\šÚ]H[œÙ[ˆ‹Ù[XH›İXÚH‹•Ù\İ‹‘Õ˜\ÚXÈ‹‘Õ‹ML’]˜[ˆ‹œÙ\šXÙ\È‹•[š]Yİ]\È‹ÎL‹‹LNK•QK‹KBˆĞÓQÌPÖH‹“Üİ‹ŒMËLLLMËŒMËLLL‹ŒŒMËLL‹“X\šÚ]H[œÙ[ˆ‹Ù[XH›İXÚH‹•Ù\İ‹“QÈÜXÚX[‹“QÈ‹MK‘ÛÛÙÚ[›Ûˆ‹›X\šÙ][™È‹•[š]Yİ]\È‹ML‹ÌËLLË•QKKKBˆ’Ñ“•MLˆ‹“Üİ‹ŒMËLLLMËŒMËLLL‹ŒŒMËLL‹“X\šÚ]H[œÙ[ˆ‹Ù[XH›İXÚH‹•Ù\İ‹“QÈÜXÚX[‹“QÈ‹MK“˜[K^š[H‹œÙ\šXÙ\È‹œ˜^š[‹KNKLMÎK•QKKKBˆŒUT–RÌÒ‹•ÛÛˆ‹ŒMËLLLMËŒMËLLL‹ŒŒMËLL‹“X\Hœ™]Y[˜\™È‹“Y[š[ˆX\[ˆ‹Ù[˜[‹“QÈÜXÚX[‹“QÈ‹MK™[X˜\ÙH‹›X\šÙ][™È‹•[š]Yİ]\È‹ŒMÌËNL•QKKKLŒMŒÍŒÍŒÍŒÍŒÍŒÍKBˆ“USÑ“È‹•ÛÛˆ‹ŒMËLLLMËŒMËLLLËŒŒMËLL‹•™\œÚYH[Xœ˜[™‹‘\İ[ˆœš[šÛX[›ˆ‹Ù[˜[‹“QÈÜXÚX[‹“QÈ‹MK™]]XÚ‹›YYXØ[‹’Ù[XH‹ËŒNLNK•QKKMLŒNNNNNNN‹KBˆŒ‘Ì’Óˆ‹•ÛÛˆ‹ŒMËLLLMËŒMËLLL‹ŒŒMËLL‹•šXÚÚHY›[[YH‹Ù[XH›İXÚH‹•Ù\İ‹“QÈÜXÚX[‹“QÈ‹MK–ZÛ[™È‹™š[˜[˜ÙH‹•[š]Yİ]\È‹ÍLÍËŒŒLË•QKKKLŒŒÍŒÍŒÍŒÍŒÍŒÍŒÍ‹KBˆÍ•ÎTÒˆ‹“Üİ‹ŒMËLLLMËŒMËLLLNŒŒMËLL‹•š[Û]XÛ[[™‹Ø\˜HÜØÚ‹‘X\İ‹‘Õ\È˜\ÚXÈ‹‘Õ‹LM‹™]\ÛÛÚ[ˆ‹›YYXØ[‹•[š]Yİ]\È‹LKKMK•QKKKBˆÒ“TSMÖÈ‹“Üİ‹ŒMËLLLMËŒMËLLLNŒŒMËLL‹•š[Û]XÛ[[™‹Ø\˜HÜØÚ‹‘X\İ‹“QÈÜXÚX[‹“QÈ‹MK•H™]È[ÜšÈ[œ]Z\™\ˆ‹›YYXØ[‹•[š]Yİ]\È‹ÎKŒŒKÎL‹•QKKKBˆ”TVTÔH‹“Üİ‹ŒMËLLLMËŒMËLLLNKŒŒMËLL‹•Ú[\›ˆ˜\œ™[ˆ‹Ø\˜HÜØÚ‹‘X\İ‹“QÈÜXÚX[‹“QÈ‹MK“X\ÜÚ]™H[˜[ZXÈ‹™[\Z[›Y[‹•[š]Yİ]\È‹KŒ‹LMK•QK‹KBˆ“–PQ‹•ÛÛˆ‹ŒMËLLLMËŒMËLL‹LLŒŒMËLLˆ‹–˜[™H]H‹”İ[[Y\ˆÙ]Ø[‹•Ù\İ‹‘Õ\È˜\ÚXÈ‹‘Õ‹LM‹’Ø[‹XÛÙH‹œÛÙØ\™H‹•[š]Yİ]\È‹LMNŒËÍ•QKKLLKMLŒÌLMLLLMKKBˆP“U•UR‹“Üİ‹ŒMËLLLNŒMËLLLNKŒŒMËLL‹Ø\ÜÙ^HÜ™\ÜÈ‹”›ØØÛÈ™]X™\‹‘X\İ‹“QÈY˜[˜ÙY‹“QÈ‹ÌÎLË•H™]È[ÜšÈ[œ]Z\™\ˆ‹›YYXØ[‹•[š]Yİ]\È‹ÎKŒŒKÎL‹•QKKKBˆTMÌLˆ‹•ÛÛˆ‹ŒMËLLLNŒMËLLLŒŒŒMËLL‹ÙXÚ[H[\Ú[ˆ‹‘\İ[ˆœš[šÛX[›ˆ‹Ù[˜[‹‘Õ\È˜\ÚXÈ‹‘Õ‹LM‹’[š]H‹›X\šÙ][™È‹•[š]Yİ]\È‹ËNK•QKKLŒ‹LŒMLLLMLLKKBˆUL‘VVH‹•ÛÛˆ‹ŒMËLLLNŒMËLL‹LNKŒŒMËLLˆ‹ÙXÚ[H[\Ú[ˆ‹‘\İ[ˆœš[šÛX[›ˆ‹Ù[˜[‹“QÈY˜[˜ÙY‹“QÈ‹ÌÎLË‘ÛØ™^ÛÜœÜ˜][Ûˆ‹XÚ›ÛÙŞH‹“›ÜØ^H‹LŒŒËÌ‹MË•QKKÌMŒ‹ŒÍLNMLÎLNKKBˆŒÓRĞTL–RH‹“Üİ‹ŒMËLLLNŒMËLLLKŒŒMËLL‹ÛÜ›\ÜÈÛÜÛYH‹Ø\˜HÜØÚ‹‘X\İ‹‘Õ\È˜\ÚXÈ‹‘Õ‹LM‹’ÛÛ™^‹XÚ›ÛÙŞH‹•[š]Yİ]\È‹ÍÌŒÎLÍÍM‹•QKËKBˆĞMÌ‘È‹•ÛÛˆ‹ŒMËLLLNŒMËLLL‹ŒŒMËLL‹ÛÜ›\ÜÈÛÜÛYH‹Ø\˜HÜØÚ‹‘X\İ‹“QÈY˜[˜ÙY‹“QÈ‹ÌÎLË–›İØ\™H‹œÛÙØ\™H‹•[š]Yİ]\È‹ÎËLÎK•QKKÌŒKŒMLLÍÌŒLNKKBˆ”ŒÎNĞH‹“Üİ‹ŒMËLLLNŒMËLLKLKŒŒMËLLH‹‘[šY[[[XXÚÈ‹”›ØØÛÈ™]X™\‹‘X\İ‹‘Õ\È˜\ÚXÈ‹‘Õ‹LM‹“X\ÜÚ]™H[˜[ZXÈ‹™[\Z[›Y[‹•[š]Yİ]\È‹KŒ‹LMK•QKNKBˆ”NM”MÍÔÈ‹•ÛÛˆ‹ŒMËLLLNŒMËLLLŒŒŒMËLL‹‘\˜Ù[ØÚXÚ‹“Y[š[ˆX\[ˆ‹Ù[˜[‹‘Õ›È‹‘Õ‹ŒK”˜[™Ü™Y[ˆ‹XÚ›ÛÙŞH‹”[˜[XH‹LÎËÍÍK•QKKLÌ‹ŒMÌÌÌLNLÍKKBˆ”PUÓTÕLˆ‹“Üİ‹ŒMËLLLNŒMËLLLŒŒMËLL‹‘Û›ˆØ[™[‹”›ØØÛÈ™]X™\‹‘X\İ‹‘Õ˜\ÚXÈ‹‘Õ‹ML›]ÛÛ\[H‹XÚ›ÛÙŞH‹•[š]Yİ]\È‹L‹ŒÌ‹ÌË•QK‹KBˆPQRVT‹“Üİ‹ŒMËLLLNŒMËLLKLKŒŒMËLLH‹‘Û›ˆØ[™[‹”›ØØÛÈ™]X™\‹‘X\İ‹‘Õ›È‹‘Õ‹ŒK‘ÛØ\™H‹›X\šÙ][™È‹•[š]Yİ]\È‹LNMËMÌ•QK‹KBˆ–ŒŒM•ÑUH‹•ÛÛˆ‹ŒMËLLLNŒMËLLLŒŒŒMËLL‹‘[X\ÙHÛXÚÈ‹Ù[XH›İXÚH‹•Ù\İ‹“QÈÜXÚX[‹“QÈ‹MK”Ú[™Û]XÚ›È‹œ™]Z[‹•[š]Yİ]\È‹ŒŒMMLÍÍ•QKKË‹ŒMMMMMMM‹KBˆQR”Ğ‘È‹•ÛÛˆ‹ŒMËLLLNŒMËLLLKŒŒMËLL‹‘Ø\œ™]Ú[™\ˆ‹Ø\˜HÜØÚ‹‘X\İ‹‘Õ\È›È‹‘Õ‹M‹’ÛÛ™^‹XÚ›ÛÙŞH‹•[š]Yİ]\È‹ÍÌŒÎLÍÍM‹•QKKÍLKËŒLÌÌÍMMÍLLËKBˆ”ÔQÌÕ‹“Üİ‹ŒMËLLLNŒMËLLLŒŒMËLL‹‘ÛY\ÈÛÛÛİYÚ‹“Y[š[ˆX\[ˆ‹Ù[˜[‹“QÈY˜[˜ÙY‹“QÈ‹ÌÎLË’ÛÛ›X]š^‹›X\šÙ][™È‹•[š]Yİ]\È‹ÍÍKËLNL•QK‹KBˆÕLVS‹“Üİ‹ŒMËLLLNŒMËLLLNKŒŒMËLL‹’^Y[ˆ™[Û\È‹Ù[XH›İXÚH‹•Ù\İ‹“QÈY˜[˜ÙY‹“QÈ‹ÌÎLË‘Ü™Y[‹T\È‹œÙ\šXÙ\È‹•[š]Yİ]\È‹L‹ŒNKNLŒ‹•QKKKBˆ•Œ–QÖUˆ‹•ÛÛˆ‹ŒMËLLLNŒMËLL‹LŒŒŒMËLLˆ‹’^Y[ˆ™[Û\È‹Ù[XH›İXÚH‹•Ù\İ‹“QÈÜXÚX[‹“QÈ‹MK–KXÛÜœÜ˜][Ûˆ‹™[\Ş[Y[‹•[š]Yİ]\È‹ÌKŒÍKMMŒK•QKKLKŒËŒÌÌÌÌÌÌÌKBˆŒQÕ•LUÈ‹•ÛÛˆ‹ŒMËLLLNŒMËLLLŒ‹ŒŒMËLL‹’^Y[ˆ™[Û\È‹Ù[XH›İXÚH‹•Ù\İ‹“QÈY˜[˜ÙY‹“QÈ‹ÌÎLË”Ú[™Û]XÚ›È‹œ™]Z[‹•[š]Yİ]\È‹ŒŒMMLÍÍ•QKKÍM‹LŒLÌMLÌMŒKKBˆ”QÍÔ‘ÓÑÈ‹“Üİ‹ŒMËLLLNŒMËLLL‹ŒŒMËLL‹’Ø[ZHšXÚÛ™[‹”İ[[Y\ˆÙ]Ø[‹•Ù\İ‹‘Õ›È‹‘Õ‹ŒK”^˜\‹œ™]Z[‹•[š]Yİ]\È‹ÍËKÍ•QKKBˆ’R–RNSÈ‹•ÛÛˆ‹ŒMËLLLNŒMËLLLŒŒMËLL‹’Ø[ZHšXÚÛ™[‹”İ[[Y\ˆÙ]Ø[‹•Ù\İ‹“QÈY˜[˜ÙY‹“QÈ‹ÌÎLË‘Ü›Ûİ™\İ™Y]‹œ™]Z[‹•[š]Yİ]\È‹ŒŒËNK•QKKÍLÍ‹‹LŒŒMMNLÎMÌÌMËKBˆ“MS•UUM‹“Üİ‹ŒMËLLLNŒMËLLKLŒ‹ŒŒMËLLH‹’Ø\H[™š^ÛÛˆ‹”İ[[Y\ˆÙ]Ø[‹•Ù\İ‹‘Õ˜\ÚXÈ‹‘Õ‹ML‘[XÚ›ÛÙŞH‹œÛÙØ\™H‹•[š]Yİ]\È‹NÎKM‹•QKÍKKBˆ–ÖTLM‘”È‹“Üİ‹ŒMËLLLNŒMËLLKLKŒŒMËLLH‹’Ø\H[™š^ÛÛˆ‹”İ[[Y\ˆÙ]Ø[‹•Ù\İ‹“QÈÜXÚX[‹“QÈ‹MK“˜[K^š[H‹œÙ\šXÙ\È‹œ˜^š[‹KNKLMÎK•QKNKBˆ••“ML”‹•ÛÛˆ‹ŒMËLLLNŒMËLL‹LMËŒŒMËLLˆ‹’Ø\H[™š^ÛÛˆ‹”İ[[Y\ˆÙ]Ø[‹•Ù\İ‹“QÈÜXÚX[‹“QÈ‹MK”\Üİš\‹™[\Z[›Y[‹•[š]Yİ]\È‹ÍKKÌMK•QKKNKŒLŒÌÌÌÌÌÌÌKBˆŒÕÔTÌ•ˆ‹•ÛÛˆ‹ŒMËLLLNŒMËLLLŒŒŒMËLL‹“ZX[˜H™[˜Ú[‹‘\İ[ˆœš[šÛX[›ˆ‹Ù[˜[‹‘Õ˜\ÚXÈ‹‘Õ‹ML‘[šÛ[™È‹™š[˜[˜ÙH‹•[š]Yİ]\È‹NKKÌŒË•QKKÍ‹ŒLÎNNNNNNKBˆŒT“‘Ìˆ‹•ÛÛˆ‹ŒMËLLLNŒMËLLLÌŒŒMËLL‹“X\Hœ™]Y[˜\™È‹“Y[š[ˆX\[ˆ‹Ù[˜[‹“QÈÜXÚX[‹“QÈ‹MKš[ÚÛ[™È‹›YYXØ[‹”[\[™\È‹NËŒÍLÍM‹•QKKËL‹ŒŒNNNNNNNKBˆ•ÒLQŒ‹•ÛÛˆ‹ŒMËLLLNŒMËLL‹LNKŒŒMËLLˆ‹“X\Hœ™]Y[˜\™È‹“Y[š[ˆX\[ˆ‹Ù[˜[‹“QÈÜXÚX[‹“QÈ‹MK’İXÚH‹XÚ›ÛÙŞH‹’ÛÜ™XH‹MÌŒÎMNK•QKKŒŒ‹LŒLLLLLLLKBˆÔ–‹“Üİ‹ŒMËLLLNŒMËLLLKŒŒMËLL‹“šY\ÚHY™š[™\È‹“Y[š[ˆX\[ˆ‹Ù[˜[‹‘Õ˜\ÚXÈ‹‘Õ‹ML•™Y\][İH‹[XÛÛ[][šXØ][ÛœÈ‹•[š]Yİ]\È‹L‹ŒKNMK•QKLKKBˆUQPM’Õ•H‹•ÛÛˆ‹ŒMËLLLNŒMËLLLËŒŒMËLL‹“šY\ÚHY™š[™\È‹“Y[š[ˆX\[ˆ‹Ù[˜[‹‘Õ˜\ÚXÈ‹‘Õ‹ML”›Û‹]XÚ‹›YYXØ[‹•[š]Yİ]\È‹ÎLŒ‹‹ÍË•QKKŒKKŒMŒNNNNNN‹KBˆ‘ĞUTÔSH‹“Üİ‹ŒMËLLLNŒMËLL‹LLKŒŒMËLLˆ‹”™YYÛ\\ˆ‹”›ØØÛÈ™]X™\‹‘X\İ‹‘Õ\È˜\ÚXÈ‹‘Õ‹LM‹–^›Ø˜[H‹™[\Z[›Y[‹•[š]Yİ]\È‹ÎÎŒÎKÍ•QKMKBˆŒÖLSÔH‹•ÛÛˆ‹ŒMËLLLNŒMËLLLNKŒŒMËLL‹”™YYÛ\\ˆ‹”›ØØÛÈ™]X™\‹‘X\İ‹“QÈÜXÚX[‹“QÈ‹MK‘ÙZÚÛÈ	ˆÛÈ‹œ™]Z[‹•[š]Yİ]\È‹LŒËÍL‹•QKKMKŒNNNNNNN‹KBˆ”••R”VN‹‘[™ØYÚ[™È‹ŒMËLLLN”›ÜØ[[˜HY]\ˆ‹Ù[XH›İXÚH‹•Ù\İ‹“QÈÜXÚX[‹“QÈ‹MK•[šÛ›İÛˆ‹•[šÛ›İÛˆ‹•[šÛ›İÛˆ‹SÑKˆ•ÍÑÕ’LÔÈ‹“Üİ‹ŒMËLLLNŒMËLL‹L‹ŒŒMËLLˆ‹”›ÜØ[[˜HY]\ˆ‹Ù[XH›İXÚH‹•Ù\İ‹“QÈÜXÚX[‹“QÈ‹MK”\Üİš\‹™[\Z[›Y[‹•[š]Yİ]\È‹ÍKKÌMK•QKKKBˆÔ‘•ÒH‹“Üİ‹ŒMËLLLNŒMËLLLKŒŒMËLL‹”›ÜÚYH\YÜİ[ÜÈ‹Ø\˜HÜØÚ‹‘X\İ‹‘Õ\È˜\ÚXÈ‹‘Õ‹LM‹•[Xœ™[HÛÜœÜ˜][Ûˆ‹™š[˜[˜ÙH‹•[š]Yİ]\È‹ŒŒ‹ŒMLLLË•QKËKBˆ’ÌRVH‹“Üİ‹ŒMËLLLNŒMËLLLŒŒMËLL‹”›ÜÚYH\YÜİ[ÜÈ‹Ø\˜HÜØÚ‹‘X\İ‹“QÈÜXÚX[‹“QÈ‹MK’[š]XÚ‹[XÛÛ[][šXØ][ÛœÈ‹•[š]Yİ]\È‹ŒÎMKŒKŒÍK•QKLKBˆ––RQUŒˆ‹“Üİ‹ŒMËLLLNŒMËLL‹LÌKŒŒMËLLˆ‹•šXÚÚHY›[[YH‹Ù[XH›İXÚH‹•Ù\İ‹‘Õ˜\ÚXÈ‹‘Õ‹ML‘Û˜ÛÛˆ‹XÚ›ÛÙŞH‹•[š]Yİ]\È‹NËÌ‹MLK•QKÍKBˆ•ÔÒ‘Ñˆ‹“Üİ‹ŒMËLLLNŒMËLLLŒŒMËLL‹•šXÚÚHY›[[YH‹Ù[XH›İXÚH‹•Ù\İ‹“QÈY˜[˜ÙY‹“QÈ‹ÌÎLË’İXÚH‹XÚ›ÛÙŞH‹’ÛÜ™XH‹MÌŒÎMNK•QK‹KBˆ‘SÎTˆ‹•ÛÛˆ‹ŒMËLLLNŒMËLLLËŒŒMËLL‹•šXÚÚHY›[[YH‹Ù[XH›İXÚH‹•Ù\İ‹“QÈY˜[˜ÙY‹“QÈ‹ÌÎLË”˜[İXÚ‹[XÛÛ[][šXØ][ÛœÈ‹•[š]Yİ]\È‹LN‹ÌMK•QKKÌÍŒËKŒMÌÌMÎM‹KBˆ”ŒUÒŒˆ‹•ÛÛˆ‹ŒMËLLLNKŒMËLLLÌŒŒMËLL‹[›˜HÛ™[[™È‹‘\İ[ˆœš[šÛX[›ˆ‹Ù[˜[‹‘Õ\È˜\ÚXÈ‹‘Õ‹LM‹’İXÚH‹XÚ›ÛÙŞH‹’ÛÜ™XH‹MÌŒÎMNK•QKKLKLKŒŒÎŒLÌLÎM‹KBˆ“ÖÕĞĞVÈ‹“Üİ‹ŒMËLLLNKŒMËLLLÌKŒŒMËLL‹Ø\ÜÙ^HÜ™\ÜÈ‹”›ØØÛÈ™]X™\‹‘X\İ‹‘Õ›È‹‘Õ‹ŒK“Ü[XÚ‹™š[˜[˜ÙH‹•[š]Yİ]\È‹ÍMKŒŒËLË•QKL‹KBˆÑ••QLÖH‹•ÛÛˆ‹ŒMËLLLNKŒMËLLLŒKŒŒMËLL‹Ø\ÜÙ^HÜ™\ÜÈ‹”›ØØÛÈ™]X™\‹‘X\İ‹‘Õ\È˜\ÚXÈ‹‘Õ‹LM‹XÛYHÛÜœÜ˜][Ûˆ‹XÚ›ÛÙŞH‹•[š]Yİ]\È‹LLŒŒ‹•QKKLM‹‹KBˆ‘RQQÒ“H‹•ÛÛˆ‹ŒMËLLLNKŒMËLLLKŒŒMËLL‹ÙXÚ[H[\Ú[ˆ‹‘\İ[ˆœš[šÛX[›ˆ‹Ù[˜[‹“QÈÜXÚX[‹“QÈ‹MK”›Û‹]XÚ‹›YYXØ[‹•[š]Yİ]\È‹ÎLŒ‹‹ÍË•QKKŒ‹LLŒLÌÌÌÌÌÌËKBˆ’RÑ‘ÎLQˆ‹“Üİ‹ŒMËLLLNKŒMËLL‹L‹ŒŒMËLLˆ‹ÛÜ›\ÜÈÛÜÛYH‹Ø\˜HÜØÚ‹‘X\İ‹“QÈY˜[˜ÙY‹“QÈ‹ÌÎLË’Ø[‹XÛÙH‹œÛÙØ\™H‹•[š]Yİ]\È‹LMNŒËÍ•QKKBˆ”ÒNQÌˆ‹•ÛÛˆ‹ŒMËLLLNKŒMËLLLŒKŒŒMËLL‹ÛÜ›\ÜÈÛÜÛYH‹Ø\˜HÜØÚ‹‘X\İ‹‘Õ\È˜\ÚXÈ‹‘Õ‹LM‹’ÛÛ™^‹XÚ›ÛÙŞH‹•[š]Yİ]\È‹ÍÌŒÎLÍÍM‹•QKKLLK‹LŒŒLMÎÌŒLMÌKKBˆŒÓMÑ•‹“Üİ‹ŒMËLLLNKŒMËLLLŒŒMËLL‹‘[šY[[[XXÚÈ‹”›ØØÛÈ™]X™\‹‘X\İ‹‘Õ›È‹‘Õ‹ŒK›]ÛÛ\[H‹XÚ›ÛÙŞH‹•[š]Yİ]\È‹L‹ŒÌ‹ÌË•QKKKBˆVRUÓÕSÖˆ‹•ÛÛˆ‹ŒMËLLLNKŒMËLLLŒŒMËLL‹‘[šY[[[XXÚÈ‹”›ØØÛÈ™]X™\‹‘X\İ‹‘Õ›È‹‘Õ‹ŒKš[Ü^‹›YYXØ[‹•[š]Yİ]\È‹Ì‹‹LM‹•QKKÍLËKŒMÌÍLMMNNMKKBˆ“LÑÖ–V‹“Üİ‹ŒMËLLLNKŒMËLLLŒŒMËLL‹‘\˜Ù[ØÚXÚ‹“Y[š[ˆX\[ˆ‹Ù[˜[‹‘Õ›È‹‘Õ‹ŒK‘š[šYÚ‹™š[˜[˜ÙH‹•[š]Yİ]\È‹LL‹ËMÍNK•QKKKBˆ•UPÔÑR–‹•ÛÛˆ‹ŒMËLLLNKŒMËLLLËŒŒMËLL‹‘\˜Ù[ØÚXÚ‹“Y[š[ˆX\[ˆ‹Ù[˜[‹‘Õ\È›È‹‘Õ‹M‹•Ø\™\\ÙH‹œÙ\šXÙ\È‹•[š]Yİ]\È‹ŒKÌËLÍ‹•QKKŒÍ‹LŒMÍÍLLLŒKKBˆ“ÔTUÕ”Öˆ‹•ÛÛˆ‹ŒMËLLLNKŒMËLLLËŒŒMËLL‹‘\˜Ù[ØÚXÚ‹“Y[š[ˆX\[ˆ‹Ù[˜[‹‘Õ›È‹‘Õ‹ŒK™]]XÚ‹›YYXØ[‹’Ù[XH‹ËŒNLNK•QKKŒÍNÍŒÍÍNMŒŒKBˆÕÕSÍNÈ‹“Üİ‹ŒMËLLLNKŒMËLLL‹ŒŒMËLL‹‘Ø\œ™]Ú[™\ˆ‹Ø\˜HÜØÚ‹‘X\İ‹‘Õ˜\ÚXÈ‹‘Õ‹ML“ÛÛYYXH‹™[\Ş[Y[‹•[š]Yİ]\È‹‹ŒL‹ÍK•QKËKBˆ–Q–“•Vˆ‹•ÛÛˆ‹ŒMËLLLNKŒMËLLKLKŒŒMËLLH‹‘Ø\œ™]Ú[™\ˆ‹Ø\˜HÜØÚ‹‘X\İ‹“QÈY˜[˜ÙY‹“QÈ‹ÌÎLË“Ü[XÚ‹™š[˜[˜ÙH‹•[š]Yİ]\È‹ÍMKŒŒËLË•QKKÍŒ‹LËLŒMÌMÌL‹KBˆ“ÌQ“’ˆ‹“Üİ‹ŒMËLLLNKŒMËLLLŒŒŒMËLL‹‘ÛY\ÈÛÛÛİYÚ‹“Y[š[ˆX\[ˆ‹Ù[˜[‹“QÈÜXÚX[‹“QÈ‹MK’İXÚH‹XÚ›ÛÙŞH‹’ÛÜ™XH‹MÌŒÎMNK•QKKKBˆ”M“QÔL‹•ÛÛˆ‹ŒMËLLLNKŒMËLL‹LKŒŒMËLLˆ‹‘ÛY\ÈÛÛÛİYÚ‹“Y[š[ˆX\[ˆ‹Ù[˜[‹‘Õ›È‹‘Õ‹ŒK’[š]H‹›X\šÙ][™È‹•[š]Yİ]\È‹ËNK•QKKLNL‹LKLŒÍMMNNLMMÎ‹KBˆ‘S“ÓQˆ‹•ÛÛˆ‹ŒMËLLLNKŒMËLLLŒŒMËLL‹’^Y[ˆ™[Û\È‹Ù[XH›İXÚH‹•Ù\İ‹‘Õ\È˜\ÚXÈ‹‘Õ‹LM‹’İXÚH‹XÚ›ÛÙŞH‹’ÛÜ™XH‹MÌŒÎMNK•QKKLŒ‹KLŒLNŒLÌLÎŒLÌKKBˆÓ–’‹•ÛÛˆ‹ŒMËLLLNKŒMËLLLKŒŒMËLL‹’^Y[ˆ™[Û\È‹Ù[XH›İXÚH‹•Ù\İ‹‘Õ\È›È‹‘Õ‹M‹’‹U^Ûˆ‹œ™]Z[‹•[š]Yİ]\È‹LÎËÍNË•QKKML‹‹ŒMMŒLMMMÌÌKKBˆ–TR‘ÑRMÌH‹‘[™ØYÚ[™È‹ŒMËLLLNK’˜[Y\È\ØÙ[˜Ú[È‹”İ[[Y\ˆÙ]Ø[‹•Ù\İ‹‘Õ\È›È‹‘Õ‹M‹•[šÛ›İÛˆ‹•[šÛ›İÛˆ‹•[šÛ›İÛˆ‹SÑKˆ–Í–RLÑÈ‹•ÛÛˆ‹ŒMËLLLNKŒMËLLL‹ŒŒMËLL‹’˜[Y\È\ØÙ[˜Ú[È‹”İ[[Y\ˆÙ]Ø[‹•Ù\İ‹‘Õ\È›È‹‘Õ‹M‹–ZÛ[™È‹™š[˜[˜ÙH‹•[š]Yİ]\È‹ÍLÍËŒŒLË•QKKMMKËLŒMNÌLŒÎMMKBˆ””Ğ‘PÍRÑˆ‹•ÛÛˆ‹ŒMËLLLNKŒMËLLLŒŒŒMËLL‹’˜[Y\È\ØÙ[˜Ú[È‹”İ[[Y\ˆÙ]Ø[‹•Ù\İ‹‘Õ›È‹‘Õ‹ŒK‘˜\ÙZ]XÙH‹œ™]Z[‹•[š]Yİ]\È‹MLKÍLŒË•QKKÎKKŒMŒÎMLMLMÎKKBˆ–”ÔŒVH‹“Üİ‹ŒMËLLLNKŒMËLLKLKŒŒMËLLH‹’›Û˜][ˆ™\[İ‹“Y[š[ˆX\[ˆ‹Ù[˜[‹‘Õ\È›È‹‘Õ‹M‹’İXÚH‹XÚ›ÛÙŞH‹’ÛÜ™XH‹MÌŒÎMNK•QKLËKBˆ–‘Ò’‹‘[™ØYÚ[™È‹ŒMËLLLNK’Ø[ZHšXÚÛ™[‹”İ[[Y\ˆÙ]Ø[‹•Ù\İ‹‘Õ›È‹‘Õ‹ŒK•[šÛ›İÛˆ‹•[šÛ›İÛˆ‹•[šÛ›İÛˆ‹SÑKˆÌMÕ’ÓÈ‹‘[™ØYÚ[™È‹ŒMËLLLNK’Ø\H[™š^ÛÛˆ‹”İ[[Y\ˆÙ]Ø[‹•Ù\İ‹“QÈY˜[˜ÙY‹“QÈ‹ÌÎLË•[šÛ›İÛˆ‹•[šÛ›İÛˆ‹•[šÛ›İÛˆ‹SÑKˆ‘””ÖQR‘H‹“Üİ‹ŒMËLLLNKŒMËLLLŒKŒŒMËLL‹“ZX[˜H™[˜Ú[‹‘\İ[ˆœš[šÛX[›ˆ‹Ù[˜[‹“QÈY˜[˜ÙY‹“QÈ‹ÌÎLË‘ÛØ™^ÛÜœÜ˜][Ûˆ‹XÚ›ÛÙŞH‹“›ÜØ^H‹LŒŒËÌ‹MË•QK‹KBˆ“UÍÈ‹•ÛÛˆ‹ŒMËLLLNKŒMËLLL‹ŒŒMËLL‹“ZX[˜H™[˜Ú[‹‘\İ[ˆœš[šÛX[›ˆ‹Ù[˜[‹‘Õ˜\ÚXÈ‹‘Õ‹ML”›Û‹]XÚ‹›YYXØ[‹•[š]Yİ]\È‹ÎLŒ‹‹ÍË•QKKLKËŒNKBˆŒ‘”Ñ–ĞH‹‘[™ØYÚ[™È‹ŒMËLLLNK“X\šÚ]H[œÙ[ˆ‹Ù[XH›İXÚH‹•Ù\İ‹“QÈÜXÚX[‹“QÈ‹MK•[šÛ›İÛˆ‹•[šÛ›İÛˆ‹•[šÛ›İÛˆ‹SÑKˆ•ÍÌ•MÔ‹‘[™ØYÚ[™È‹ŒMËLLLNK“X\šÚ]H[œÙ[ˆ‹Ù[XH›İXÚH‹•Ù\İ‹“QÈÜXÚX[‹“QÈ‹MK•[šÛ›İÛˆ‹•[šÛ›İÛˆ‹•[šÛ›İÛˆ‹SÑKˆ’LMPŒĞ“•È‹“Üİ‹ŒMËLLLNKŒMËLLKLŒŒMËLLH‹“X\šÚ]H[œÙ[ˆ‹Ù[XH›İXÚH‹•Ù\İ‹“QÈY˜[˜ÙY‹“QÈ‹ÌÎLË”^˜\‹œ™]Z[‹•[š]Yİ]\È‹ÍËKÍ•QKKBˆŒPÕÑUÒ‹•ÛÛˆ‹ŒMËLLLNKŒMËLLLŒKŒŒMËLL‹“X\šÚ]H[œÙ[ˆ‹Ù[XH›İXÚH‹•Ù\İ‹‘Õ˜\ÚXÈ‹‘Õ‹ML‘ÛÛÙÚ[›Ûˆ‹›X\šÙ][™È‹•[š]Yİ]\È‹ML‹ÌËLLË•QKKMLË‹LŒMMMMMMLÎKBˆ’”“MUˆ‹“Üİ‹ŒMËLLLNKŒMËLLLKŒŒMËLL‹“X\Hœ™]Y[˜\™È‹“Y[š[ˆX\[ˆ‹Ù[˜[‹‘Õ›È‹‘Õ‹ŒK”ØÛİXÚ‹›X\šÙ][™È‹•[š]Yİ]\È‹KŒÎKL•QKLKBˆ”ÓSÔR•ˆ‹‘[™ØYÚ[™È‹ŒMËLLLNK“X]\™Y[ˆX\˜Ø[›È‹”İ[[Y\ˆÙ]Ø[‹•Ù\İ‹‘Õ\È˜\ÚXÈ‹‘Õ‹LM‹•[šÛ›İÛˆ‹•[šÛ›İÛˆ‹•[šÛ›İÛˆ‹SÑKˆ”“ÓMQH‹•ÛÛˆ‹ŒMËLLLNKŒMËLLKLKŒŒMËLLH‹“X]\™Y[ˆX\˜Ø[›È‹”İ[[Y\ˆÙ]Ø[‹•Ù\İ‹‘Õ˜\ÚXÈ‹‘Õ‹ML›XÚŞš[H‹œ™]Z[‹•[š]Yİ]\È‹MËŒLKMN•QKKLLËŒÌÌÌÌÌÌÌ‹KBˆÍMÓÑ“‹“Üİ‹ŒMËLLLNKŒMËLLLŒKŒŒMËLL‹”™YYÛ\\ˆ‹”›ØØÛÈ™]X™\‹‘X\İ‹“QÈY˜[˜ÙY‹“QÈ‹ÌÎLË”\Üİ[š[ˆ‹œ™]Z[‹•[š]Yİ]\È‹MNKNN•QK‹KBˆ“ÒSÑÒQLˆ‹“Üİ‹ŒMËLLLNKŒMËLLLÌKŒŒMËLL‹•™\œÚYH[Xœ˜[™‹‘\İ[ˆœš[šÛX[›ˆ‹Ù[˜[‹‘Õ\È˜\ÚXÈ‹‘Õ‹LM‹”›Û‹]XÚ‹›YYXØ[‹•[š]Yİ]\È‹ÎLŒ‹‹ÍË•QKL‹KBˆ”ĞÓŒĞ–MÈ‹•ÛÛˆ‹ŒMËLLLNKŒMËLLLËŒŒMËLL‹•™\œÚYH[Xœ˜[™‹‘\İ[ˆœš[šÛX[›ˆ‹Ù[˜[‹“QÈÜXÚX[‹“QÈ‹MK’[š]H‹›X\šÙ][™È‹•[š]Yİ]\È‹ËNK•QKKLËŒÍŒÍŒÍŒÍŒÍŒÍŒÍKBˆ’‘ŒÎRÓĞˆ‹•ÛÛˆ‹ŒMËLLLNKŒMËLLLŒŒŒMËLL‹•™\œÚYH[Xœ˜[™‹‘\İ[ˆœš[šÛX[›ˆ‹Ù[˜[‹“QÈY˜[˜ÙY‹“QÈ‹ÌÎLË”İ]Û[™ÜÈ‹™[\Ş[Y[‹•[š]Yİ]\È‹LKŒËN‹•QKKÍKKŒNNLÍŒÌLŒKKBˆ“ÔÍNSV–‹“Üİ‹ŒMËLLLNKŒMËLLL‹ŒŒMËLL‹•šXÚÚHY›[[YH‹Ù[XH›İXÚH‹•Ù\İ‹‘Õ›È‹‘Õ‹ŒK’‹U^Ûˆ‹œ™]Z[‹•[š]Yİ]\È‹LÎËÍNË•QKËKBˆ“ÌÔÌÔÑŒÕÈ‹“Üİ‹ŒMËLLLNKŒMËLLLŒKŒŒMËLL‹•šXÚÚHY›[[YH‹Ù[XH›İXÚH‹•Ù\İ‹‘Õ›È‹‘Õ‹ŒK”˜[İXÚ‹[XÛÛ[][šXØ][ÛœÈ‹•[š]Yİ]\È‹LN‹ÌMK•QK‹KBˆ•ĞL”“È‹•ÛÛˆ‹ŒMËLLLNKŒMËLLLŒŒŒMËLL‹•šXÚÚHY›[[YH‹Ù[XH›İXÚH‹•Ù\İ‹‘Õ\È›È‹‘Õ‹M‹‘Ü›Ûİ™\İ™Y]‹œ™]Z[‹•[š]Yİ]\È‹ŒŒËNK•QKKLÍKŒŒÎMLÌÌMÌMÌËKBˆ‘ÒÔTVTSH‹•ÛÛˆ‹ŒMËLLLNKŒMËLL‹LKŒŒMËLLˆ‹•Ú[\›ˆ˜\œ™[ˆ‹Ø\˜HÜØÚ‹‘X\İ‹‘Õ›È‹‘Õ‹ŒK’Ø[‹XÛÙH‹œÛÙØ\™H‹•[š]Yİ]\È‹LMNŒËÍ•QKKÌÍËŒNŒLÍÍÎKBˆ“ÖÒR‹•ÛÛˆ‹ŒMËLLLNKŒMËLL‹LM‹ŒŒMËLLˆ‹•Ú[\›ˆ˜\œ™[ˆ‹Ø\˜HÜØÚ‹‘X\İ‹“QÈY˜[˜ÙY‹“QÈ‹ÌÎLËÛÛ™^‹›YYXØ[‹•[š]Yİ]\È‹MK•QKKÌKNŒMNMŒŒÍLÌŒ‹KBˆ‘“ÕŒ‹“Üİ‹ŒMËLLLŒŒMËLLLŒKŒŒMËLL‹[›˜HÛ™[[™È‹‘\İ[ˆœš[šÛX[›ˆ‹Ù[˜[‹“QÈY˜[˜ÙY‹“QÈ‹ÌÎLË‘ÛXÚH‹œÛÙØ\™H‹•[š]Yİ]\È‹ŒNLË•QKKKBˆ”‘SÍÖTH‹•ÛÛˆ‹ŒMËLLLŒŒMËLLLÌŒŒMËLL‹[›˜HÛ™[[™È‹‘\İ[ˆœš[šÛX[›ˆ‹Ù[˜[‹“QÈÜXÚX[‹“QÈ‹MK‘ÛÙÛŞ›ÛÛH‹[XÛÛ[][šXØ][ÛœÈ‹•[š]Yİ]\È‹‹NË•QKKMLŒNNNNNNN‹KBˆ”LRÒÈ‹•ÛÛˆ‹ŒMËLLLŒŒMËLLLËŒŒMËLL‹Ø\ÜÙ^HÜ™\ÜÈ‹”›ØØÛÈ™]X™\‹‘X\İ‹‘Õ›È‹‘Õ‹ŒK”Ú[\È‹›YYXØ[‹•[š]Yİ]\È‹NŒÎŒL•QKKÍKËŒNÌÍÌŒÍÎLL‹KBˆ•LRÍŒÈ‹•ÛÛˆ‹ŒMËLLLŒŒMËLLLËŒŒMËLL‹ÙXÚ[H[\Ú[ˆ‹‘\İ[ˆœš[šÛX[›ˆ‹Ù[˜[‹“QÈY˜[˜ÙY‹“QÈ‹ÌÎLË•Ø\™\\ÙH‹œÙ\šXÙ\È‹•[š]Yİ]\È‹ŒKÌËLÍ‹•QKKÎËLŒLÍNMŒMNŒÎKBˆ”–ŒÔ‹•ÛÛˆ‹ŒMËLLLŒŒMËLLL‹ŒŒMËLL‹ÛÜ›\ÜÈÛÜÛYH‹Ø\˜HÜØÚ‹‘X\İ‹‘Õ›È‹‘Õ‹ŒK’[š]XÚ‹[XÛÛ[][šXØ][ÛœÈ‹•[š]Yİ]\È‹ŒÎMKŒKŒÍK•QKKË‹ŒLLÍMLÍLLKKBˆ“S–VLĞÈ‹•ÛÛˆ‹ŒMËLLLŒŒMËLLLËŒŒMËLL‹‘\˜Ù[ØÚXÚ‹“Y[š[ˆX\[ˆ‹Ù[˜[‹‘Õ›È‹‘Õ‹ŒKÛÙZİÈ‹œÛÙØ\™H‹•[š]Yİ]\È‹ÌMKK•QKKÍKËŒŒÍÍŒÌÌËKBˆ“’ŒVQÑ•È‹•ÛÛˆ‹ŒMËLLLŒŒMËLLLŒŒMËLL‹‘\˜Ù[ØÚXÚ‹“Y[š[ˆX\[ˆ‹Ù[˜[‹‘Õ›È‹‘Õ‹ŒK”İ[œ™Y^‹™š[˜[˜ÙH‹•[š]Yİ]\È‹MNŒ‹ÍÎN•QKKNKŒLÌNMLÌLŒMÍNKKBˆÖÌR‘”H‹“Üİ‹ŒMËLLLŒŒMËLLLŒŒMËLL‹‘ÛY\ÈÛÛÛİYÚ‹“Y[š[ˆX\[ˆ‹Ù[˜[‹‘Õ\È›È‹‘Õ‹M‹Ø[˜Ú]H‹œ™]Z[‹•[š]Yİ]\È‹ÌNŒ‹•QKKBˆ•ÔÕÒ’ŒŒÍ‹“Üİ‹ŒMËLLLŒŒMËLLLŒ‹ŒŒMËLL‹‘ÛY\ÈÛÛÛİYÚ‹“Y[š[ˆX\[ˆ‹Ù[˜[‹“QÈÜXÚX[‹“QÈ‹MK‘Ù[˜ÛÈ\˜HÛ]™HÚ[ÛÛ\[H‹œ™]Z[‹’][H‹MŒÌËMŒÍK•QK‹KBˆ“Q’ÖS”H‹•ÛÛˆ‹ŒMËLLLŒŒMËLLLÌŒŒMËLL‹‘ÛY\ÈÛÛÛİYÚ‹“Y[š[ˆX\[ˆ‹Ù[˜[‹“QÈÜXÚX[‹“QÈ‹MK”İ[œ™Y^‹™š[˜[˜ÙH‹•[š]Yİ]\È‹MNŒ‹ÍÎN•QKKŒLLŒLLLLLLLKBˆ“NQULÍ‘H‹•ÛÛˆ‹ŒMËLLLŒŒMËLLLŒKŒŒMËLL‹’^Y[ˆ™[Û\È‹Ù[XH›İXÚH‹•Ù\İ‹‘Õ\È›È‹‘Õ‹M‹’]˜[ˆ‹œÙ\šXÙ\È‹•[š]Yİ]\È‹ÎL‹‹LNK•QKKŒ‹KLŒNLŒÌÎMŒMËKBˆ’ĞT’UÔH‹“Üİ‹ŒMËLLLŒŒMËLLLËŒŒMËLL‹’˜[Y\È\ØÙ[˜Ú[È‹”İ[[Y\ˆÙ]Ø[‹•Ù\İ‹‘Õ\È›È‹‘Õ‹M‹‘ÛÛ^‹™š[˜[˜ÙH‹•[š]Yİ]\È‹L‹KMK•QKËKBˆ•ÑÒŒ•‘H‹•ÛÛˆ‹ŒMËLLLŒŒMËLL‹LKŒŒMËLLˆ‹’˜[Y\È\ØÙ[˜Ú[È‹”İ[[Y\ˆÙ]Ø[‹•Ù\İ‹‘Õ\È›È‹‘Õ‹M‹“™]Ù^‹œÙ\šXÙ\È‹‘Ù\›X[H‹LL‹Ì‹ÍL‹•QKKLMK‹ŒÌNMÌÍÍÌÌ‹KBˆ”–UÑU’È‹‘[™ØYÚ[™È‹ŒMËLLLŒ’Ø[ZHšXÚÛ™[‹”İ[[Y\ˆÙ]Ø[‹•Ù\İ‹‘Õ˜\ÚXÈ‹‘Õ‹ML‘˜\ÙZ]XÙH‹œ™]Z[‹•[š]Yİ]\È‹MLKÍLŒËSÑKKBˆ’”ÓÓÔÕH‹•ÛÛˆ‹ŒMËLLLŒŒMËLL‹LM‹ŒŒMËLLˆ‹’Ø[ZHšXÚÛ™[‹”İ[[Y\ˆÙ]Ø[‹•Ù\İ‹‘Õ˜\ÚXÈ‹‘Õ‹ML”İ[›˜[\^‹›X\šÙ][™È‹”Û[™‹MŒÍËMNLË•QKKMKMËLŒÌÌÌÌÌÌÌËKBˆ“ŒPRÒU‹•ÛÛˆ‹ŒMËLLLŒŒMËLL‹LŒ‹ŒŒMËLLˆ‹“X]\™Y[ˆX\˜Ø[›È‹”İ[[Y\ˆÙ]Ø[‹•Ù\İ‹‘Õ\È›È‹‘Õ‹M‹–KXÛÜœÜ˜][Ûˆ‹™[\Ş[Y[‹•[š]Yİ]\È‹ÌKŒÍKMMŒK•QKKNËŒËLŒÌÌMNMMÌMKKBˆŒÌPL”Î‹•ÛÛˆ‹ŒMËLLLŒŒMËLL‹LL‹ŒŒMËLLˆ‹“šY\ÚHY™š[™\È‹“Y[š[ˆX\[ˆ‹Ù[˜[‹‘Õ\È˜\ÚXÈ‹‘Õ‹LM‹‘[šÛ[™È‹™š[˜[˜ÙH‹•[š]Yİ]\È‹NKKÌŒË•QKKLLÍKLËLŒÍMNÎMMŒNÎMKBˆ”ŒVŒR“‹•ÛÛˆ‹ŒMËLLLŒŒMËLL‹LŒKŒŒMËLLˆ‹”™YYÛ\\ˆ‹”›ØØÛÈ™]X™\‹‘X\İ‹‘Õ\È˜\ÚXÈ‹‘Õ‹LM‹’ÛÛ™^‹XÚ›ÛÙŞH‹•[š]Yİ]\È‹ÍÌŒÎLÍÍM‹•QKKLËŒ‹ŒMÍŒMLLLMKKBˆŒ‘NULUÈ‹‘[™ØYÚ[™È‹ŒMËLLLŒ”›ÜÚYH\YÜİ[ÜÈ‹Ø\˜HÜØÚ‹‘X\İ‹‘Õ›È‹‘Õ‹ŒK’ÛÛ™^‹XÚ›ÛÙŞH‹•[š]Yİ]\È‹ÍÌŒÎLÍÍM‹SÑKKBˆ“R“Ñ‘ÍÈ‹“Üİ‹ŒMËLLLŒŒMËLLLËŒŒMËLL‹•šXÚÚHY›[[YH‹Ù[XH›İXÚH‹•Ù\İ‹“QÈÜXÚX[‹“QÈ‹MK‘Ü™Y[‹T\È‹œÙ\šXÙ\È‹•[š]Yİ]\È‹L‹ŒNKNLŒ‹•QKËKBˆ‘ÓTÔMÈ‹“Üİ‹ŒMËLLLŒŒMËLLLŒŒMËLL‹•šXÚÚHY›[[YH‹Ù[XH›İXÚH‹•Ù\İ‹“QÈÜXÚX[‹“QÈ‹MK“^\]›Û^‹›YYXØ[‹•[š]Yİ]\È‹MŒNKÎK•QKKBˆ‘RRÑÔÌ•H‹•ÛÛˆ‹ŒMËLLLŒŒMËLLKLËŒŒMËLLH‹•šXÚÚHY›[[YH‹Ù[XH›İXÚH‹•Ù\İ‹“QÈÜXÚX[‹“QÈ‹MK‘[XÚ›ÛÙŞH‹œÛÙØ\™H‹•[š]Yİ]\È‹NÎKM‹•QKKMŒLÌÌÌÌÌÌËKBˆ‘V“QÔ•ˆ‹•ÛÛˆ‹ŒMËLLLŒŒMËLLLÌŒŒMËLL‹–˜[™H]H‹”İ[[Y\ˆÙ]Ø[‹•Ù\İ‹‘Õ\È›È‹‘Õ‹M‹’]˜[ˆ‹œÙ\šXÙ\È‹•[š]Yİ]\È‹ÎL‹‹LNK•QKKLÎLŒMÌMÌŒÌŒMNKBˆÌSLT”Õ‹•ÛÛˆ‹ŒMËLLLŒŒMËLLLËŒŒMËLL‹–˜[™H]H‹”İ[[Y\ˆÙ]Ø[‹•Ù\İ‹‘Õ›È‹‘Õ‹ŒK”^˜\‹œ™]Z[‹•[š]Yİ]\È‹ÍËKÍ•QKKLKËŒMÍÌŒNLÍËKBˆ’ÒV“ÑPÌÓH‹“Üİ‹ŒMËLLLŒKŒMËLLLŒËŒŒMËLL‹[›˜HÛ™[[™È‹‘\İ[ˆœš[šÛX[›ˆ‹Ù[˜[‹‘Õ\È˜\ÚXÈ‹‘Õ‹LM‹™[X˜\ÙH‹›X\šÙ][™È‹•[š]Yİ]\È‹ŒMÌËNL•QK‹KBˆÓÍÕÒH‹“Üİ‹ŒMËLLLŒKŒMËLLLËŒŒMËLL‹[›˜HÛ™[[™È‹‘\İ[ˆœš[šÛX[›ˆ‹Ù[˜[‹“QÈÜXÚX[‹“QÈ‹MK”›Û‹]XÚ‹›YYXØ[‹•[š]Yİ]\È‹ÎLŒ‹‹ÍË•QK‹KBˆ“TVT’ÍÈ‹•ÛÛˆ‹ŒMËLLLŒKŒMËLL‹LM‹ŒŒMËLLˆ‹[›˜HÛ™[[™È‹‘\İ[ˆœš[šÛX[›ˆ‹Ù[˜[‹‘Õ\È›È‹‘Õ‹M‹ÛÙZİÈ‹œÛÙØ\™H‹•[š]Yİ]\È‹ÌMKK•QKKMMËM‹LŒLLLÌÌMÎLÍLŒKKBˆSVÈ‹“Üİ‹ŒMËLLLŒKŒMËLLKLKŒŒMËLLH‹Ø\ÜÙ^HÜ™\ÜÈ‹”›ØØÛÈ™]X™\‹‘X\İ‹‘Õ\È˜\ÚXÈ‹‘Õ‹LM‹‘ÛØ\™H‹›X\šÙ][™È‹•[š]Yİ]\È‹LNMËMÌ•QKÎKKBˆS••UÌÎ‹“Üİ‹ŒMËLLLŒKŒMËLLLŒŒMËLL‹ÙXÚ[H[\Ú[ˆ‹‘\İ[ˆœš[šÛX[›ˆ‹Ù[˜[‹‘Õ\È˜\ÚXÈ‹‘Õ‹LM‹”İ™Y]^‹œ™]Z[‹™[Ú][H‹LÍÍ‹LMK•QKËKBˆ’SÕUSH‹“Üİ‹ŒMËLLLŒKŒMËLLLËŒŒMËLL‹ÙXÚ[H[\Ú[ˆ‹‘\İ[ˆœš[šÛX[›ˆ‹Ù[˜[‹“QÈY˜[˜ÙY‹“QÈ‹ÌÎLË‘Ù[˜ÛÈ\˜HÛ]™HÚ[ÛÛ\[H‹œ™]Z[‹’][H‹MŒÌËMŒÍK•QK‹KBˆŒÑV“•ÍÈ‹“Üİ‹ŒMËLLLŒKŒMËLLLÌKŒŒMËLL‹‘\˜Ù[ØÚXÚ‹“Y[š[ˆX\[ˆ‹Ù[˜[‹‘Õ›È‹‘Õ‹ŒKš[ÚÛ[™È‹›YYXØ[‹”[\[™\È‹NËŒÍLÍM‹•QKLKBˆŒPRSŒ‹•ÛÛˆ‹ŒMËLLLŒKŒMËLLLKŒŒMËLL‹‘\˜Ù[ØÚXÚ‹“Y[š[ˆX\[ˆ‹Ù[˜[‹‘Õ›È‹‘Õ‹ŒK”İ]Û[™ÜÈ‹™[\Ş[Y[‹•[š]Yİ]\È‹LKŒËN‹•QKKÌÌ‹ŒNŒLŒMKBˆ’ÔÖRMQÈ‹•ÛÛˆ‹ŒMËLLLŒKŒMËLLKLËŒŒMËLLH‹‘\˜Ù[ØÚXÚ‹“Y[š[ˆX\[ˆ‹Ù[˜[‹“QÈÜXÚX[‹“QÈ‹MKÛÙZİÈ‹œÛÙØ\™H‹•[š]Yİ]\È‹ÌMKK•QKKMKMËKBˆ•ÍŒÍÓH‹“Üİ‹ŒMËLLLŒKŒMËLLLÌŒŒMËLL‹‘Û›ˆØ[™[‹”›ØØÛÈ™]X™\‹‘X\İ‹‘Õ˜\ÚXÈ‹‘Õ‹ML–^›Ø˜[H‹™[\Z[›Y[‹•[š]Yİ]\È‹ÎÎŒÎKÍ•QKKKBˆ’ÖLPÑTÕSˆ‹“Üİ‹ŒMËLLLŒKŒMËLLLKŒŒMËLL‹‘Û›ˆØ[™[‹”›ØØÛÈ™]X™\‹‘X\İ‹‘Õ\È›È‹‘Õ‹M‹•H™]È[ÜšÈ[œ]Z\™\ˆ‹›YYXØ[‹•[š]Yİ]\È‹ÎKŒŒKÎL‹•QKKBˆ“MRÌ–ˆ‹•ÛÛˆ‹ŒMËLLLŒKŒMËLLLÌŒŒMËLL‹‘ÛY\ÈÛÛÛİYÚ‹“Y[š[ˆX\[ˆ‹Ù[˜[‹“QÈÜXÚX[‹“QÈ‹MK’ÛÛ›X]š^‹›X\šÙ][™È‹•[š]Yİ]\È‹ÍÍKËLNL•QKKL‹KŒMMMMMMM‹KBˆ‘STÔ••‹“Üİ‹ŒMËLLLŒKŒMËLLLŒ‹ŒŒMËLL‹’›Û˜][ˆ™\[İ‹“Y[š[ˆX\[ˆ‹Ù[˜[‹‘Õ˜\ÚXÈ‹‘Õ‹ML‘Ù[˜ÛÈ\˜HÛ]™HÚ[ÛÛ\[H‹œ™]Z[‹’][H‹MŒÌËMŒÍK•QKKKBˆ”“–‘Œ•‹“Üİ‹ŒMËLLLŒKŒMËLL‹LMŒŒMËLLˆ‹’Ø[ZHšXÚÛ™[‹”İ[[Y\ˆÙ]Ø[‹•Ù\İ‹‘Õ˜\ÚXÈ‹‘Õ‹ML‘Û˜ÛÛˆ‹XÚ›ÛÙŞH‹•[š]Yİ]\È‹NËÌ‹MLK•QKMKBˆ‘•ÓŒNH‹“Üİ‹ŒMËLLLŒKŒMËLLLŒËŒŒMËLL‹’Ø\H[™š^ÛÛˆ‹”İ[[Y\ˆÙ]Ø[‹•Ù\İ‹‘Õ˜\ÚXÈ‹‘Õ‹MLÚY\œÈ‹™[\Z[›Y[‹•[š]Yİ]\È‹KKÌ‹•QK‹KBˆL•”NÓÈ‹•ÛÛˆ‹ŒMËLLLŒKŒMËLLLËŒŒMËLL‹’Ø\H[™š^ÛÛˆ‹”İ[[Y\ˆÙ]Ø[‹•Ù\İ‹‘Õ˜\ÚXÈ‹‘Õ‹ML“X™š[‹›YYXØ[‹•[š]Yİ]\È‹ÍKŒÍËLŒ‹•QKKMÍK‹LŒMMMMMMMKBˆ’ÑÖÓÖˆ‹“Üİ‹ŒMËLLLŒKŒMËLLLÌŒŒMËLL‹“X]\™Y[ˆX\˜Ø[›È‹”İ[[Y\ˆÙ]Ø[‹•Ù\İ‹‘Õ˜\ÚXÈ‹‘Õ‹ML‘Ü™Y[‹T\È‹œÙ\šXÙ\È‹•[š]Yİ]\È‹L‹ŒNKNLŒ‹•QKKKBˆ–ÓÈ‹“Üİ‹ŒMËLLLŒKŒMËLLKLKŒŒMËLLH‹“šY\ÚHY™š[™\È‹“Y[š[ˆX\[ˆ‹Ù[˜[‹“QÈÜXÚX[‹“QÈ‹MK‘Û^›ÛÛH‹™[\Z[›Y[‹•[š]Yİ]\È‹ŒMËËMLK•QKLKKBˆ“R‘ÔĞˆ‹•ÛÛˆ‹ŒMËLLLŒKŒMËLLLKŒŒMËLL‹”™YYÛ\\ˆ‹”›ØØÛÈ™]X™\‹‘X\İ‹“QÈY˜[˜ÙY‹“QÈ‹ÌÎLË”\Üİ[š[ˆ‹œ™]Z[‹•[š]Yİ]\È‹MNKNN•QKKÍŒL‹LŒMLÍLMMÌËKBˆ•’SMH‹“Üİ‹ŒMËLLLŒKŒMËLLLKŒŒMËLL‹•š[Û]XÛ[[™‹Ø\˜HÜØÚ‹‘X\İ‹“QÈÜXÚX[‹“QÈ‹MK–˜][šXÛÛˆ‹œ™]Z[‹•[š]Yİ]\È‹ÌKŒL‹M•QKKBˆÑLH‹•ÛÛˆ‹ŒMËLLLŒKŒMËLL‹LMKŒŒMËLLˆ‹•Ú[\›ˆ˜\œ™[ˆ‹Ø\˜HÜØÚ‹‘X\İ‹‘Õ›È‹‘Õ‹ŒK’\Ù[XİšXÜÈ‹XÚ›ÛÙŞH‹•[š]Yİ]\È‹LËŒLKM•QKKMÌMKLŒÌLLMÍÎÍKKBˆ––U“ŒÈ‹•ÛÛˆ‹ŒMËLLLŒKŒMËLLLÌKŒŒMËLL‹•Ú[\›ˆ˜\œ™[ˆ‹Ø\˜HÜØÚ‹‘X\İ‹“QÈY˜[˜ÙY‹“QÈ‹ÌÎLË‘Ø[š˜Y›^‹œ™]Z[‹’˜\[ˆ‹LMNÌKMÍÎK•QKKNMKLŒLMÌÌÌNMÍ‹KBˆŒŒÕUNˆ‹•ÛÛˆ‹ŒMËLLLŒ‹ŒMËLL‹LÌŒŒMËLLˆ‹›Üš\È˜^ˆ‹”›ØØÛÈ™]X™\‹‘X\İ‹‘Õ˜\ÚXÈ‹‘Õ‹ML–˜][šXÛÛˆ‹œ™]Z[‹•[š]Yİ]\È‹ÌKŒL‹M•QKKM‹KŒÌÌÌÌÌÌÌÌ‹KBˆ•VT‘–ŒÈ‹•ÛÛˆ‹ŒMËLLLŒ‹ŒMËLL‹LŒŒŒMËLLˆ‹›Üš\È˜^ˆ‹”›ØØÛÈ™]X™\‹‘X\İ‹‘Õ\È˜\ÚXÈ‹‘Õ‹LM‹‘ÙZÚÛÈ	ˆÛÈ‹œ™]Z[‹•[š]Yİ]\È‹LŒËÍL‹•QKKLNNKLŒLNMÌLNMËKBˆŒ’Ô’S’‹•ÛÛˆ‹ŒMËLLLŒ‹ŒMËLLLŒŒMËLL‹Ø\ÜÙ^HÜ™\ÜÈ‹”›ØØÛÈ™]X™\‹‘X\İ‹‘Õ\È›È‹‘Õ‹M‹”\Üİ[š[ˆ‹œ™]Z[‹•[š]Yİ]\È‹MNKNN•QKKML‹LŒÌÍÌÌNMLKKBˆ‘ÍR–VT“È‹•ÛÛˆ‹ŒMËLLLŒ‹ŒMËLLLŒŒMËLL‹ÙXÚ[H[\Ú[ˆ‹‘\İ[ˆœš[šÛX[›ˆ‹Ù[˜[‹“QÈY˜[˜ÙY‹“QÈ‹ÌÎLË‘Û^›ÛÛH‹™[\Z[›Y[‹•[š]Yİ]\È‹ŒMËËMLK•QKKÍŒM‹‹LŒMÌŒÍMŒML‹KBˆVÒMÖ‹“Üİ‹ŒMËLLLŒ‹ŒMËLLKLÌŒŒMËLLH‹ÛÜ›\ÜÈÛÜÛYH‹Ø\˜HÜØÚ‹‘X\İ‹‘ÕÈL‹‘ÕÈ‹Í’Ø[‹XÛÙH‹œÛÙØ\™H‹•[š]Yİ]\È‹LMNŒËÍ•QKÎKKBˆ’’UMLPÈ‹“Üİ‹ŒMËLLLŒ‹ŒMËLLL‹ŒŒMËLL‹‘[šY[[[XXÚÈ‹”›ØØÛÈ™]X™\‹‘X\İ‹“QÈY˜[˜ÙY‹“QÈ‹ÌÎLË“X]İXÚ‹›X\šÙ][™È‹’›Ü™[ˆ‹ÌË‹MLM‹•QKKBˆĞÌ’PÔQÈ‹•ÛÛˆ‹ŒMËLLLŒ‹ŒMËLL‹LKŒŒMËLLˆ‹‘\˜Ù[ØÚXÚ‹“Y[š[ˆX\[ˆ‹Ù[˜[‹‘Õ\È˜\ÚXÈ‹‘Õ‹LM‹”[™Ù˜\ÙH‹XÚ›ÛÙŞH‹•[š]Yİ]\È‹LŒ‹LŒÎ•QKKLËŒŒLMÎÌŒLM‹KBˆ”‘ÍLÌTH‹•ÛÛˆ‹ŒMËLLLŒ‹ŒMËLLLÌŒŒMËLL‹‘\˜Ù[ØÚXÚ‹“Y[š[ˆX\[ˆ‹Ù[˜[‹‘Õ›È‹‘Õ‹ŒK’[š]H‹›X\šÙ][™È‹•[š]Yİ]\È‹ËNK•QKKÍMÎŒMÎÌÌMNMÍËKBˆTVŒ’Sˆ‹•ÛÛˆ‹ŒMËLLLŒ‹ŒMËLLLKŒŒMËLL‹‘[X\ÙHÛXÚÈ‹Ù[XH›İXÚH‹•Ù\İ‹‘Õ˜\ÚXÈ‹‘Õ‹ML‘š[š›Øˆ‹™[\Ş[Y[‹•[š]Yİ]\È‹ŒNKKÍ•QKKMËŒLLLLLLLKKBˆŒÑÔ•M•“H‹•ÛÛˆ‹ŒMËLLLŒ‹ŒMËLLLKŒŒMËLL‹‘[X\ÙHÛXÚÈ‹Ù[XH›İXÚH‹•Ù\İ‹“QÈY˜[˜ÙY‹“QÈ‹ÌÎLË‘[XÚ›ÛÙŞH‹œÛÙØ\™H‹•[š]Yİ]\È‹NÎKM‹•QKKÌ‹ËŒLMNLNMMNLËKBˆ‘M”ÓÓˆ‹•ÛÛˆ‹ŒMËLLLŒ‹ŒMËLLLŒŒMËLL‹‘[X\ÙHÛXÚÈ‹Ù[XH›İXÚH‹•Ù\İ‹“QÈY˜[˜ÙY‹“QÈ‹ÌÎLË’İXÚH‹XÚ›ÛÙŞH‹’ÛÜ™XH‹MÌŒÎMNK•QKKÍL‹LŒMÎNLLŒLÍŒM‹KBˆMUÔSH‹•ÛÛˆ‹ŒMËLLLŒ‹ŒMËLLLKŒŒMËLL‹‘Ø\œ™]Ú[™\ˆ‹Ø\˜HÜØÚ‹‘X\İ‹‘Õ›È‹‘Õ‹ŒK’Ø[‹XÛÙH‹œÛÙØ\™H‹•[š]Yİ]\È‹LMNŒËÍ•QKKLÍŒËLŒLLNLÌNMLÌL‹KBˆ•NTSSÍVˆ‹•ÛÛˆ‹ŒMËLLLŒ‹ŒMËLLKLKŒŒMËLLH‹’˜[Y\È\ØÙ[˜Ú[È‹”İ[[Y\ˆÙ]Ø[‹•Ù\İ‹‘Õ›È‹‘Õ‹ŒKÚY\œÈ‹™[\Z[›Y[‹•[š]Yİ]\È‹KKÌ‹•QKKNLKLLŒÍLŒŒÎLÍMM‹KBˆ•ÔP“N‹•ÛÛˆ‹ŒMËLLLŒ‹ŒMËLLLÌŒŒMËLL‹’˜[Y\È\ØÙ[˜Ú[È‹”İ[[Y\ˆÙ]Ø[‹•Ù\İ‹“QÈY˜[˜ÙY‹“QÈ‹ÌÎLËÚY\œÈ‹™[\Z[›Y[‹•[š]Yİ]\È‹KKÌ‹•QKKÌMŒLMÍÍÌNÌLL‹KBˆ•QM“ÓÔTÈ‹“Üİ‹ŒMËLLLŒ‹ŒMËLLLÌŒŒMËLL‹’›Û˜][ˆ™\[İ‹“Y[š[ˆX\[ˆ‹Ù[˜[‹‘Õ\È˜\ÚXÈ‹‘Õ‹LM‹ÛÛ™XÛÛH‹XÚ›ÛÙŞH‹•[š]Yİ]\È‹MLŒ‹N‹•QKKBˆ•ÍPP””’ĞÈ‹•ÛÛˆ‹ŒMËLLLŒ‹ŒMËLLLÌKŒŒMËLL‹“X\šÚ]H[œÙ[ˆ‹Ù[XH›İXÚH‹•Ù\İ‹‘Õ\È˜\ÚXÈ‹‘Õ‹LM‹”˜[İXÚ‹[XÛÛ[][šXØ][ÛœÈ‹•[š]Yİ]\È‹LN‹ÌMK•QKKNKKŒLLÌÌNLËKBˆ–NÒMPS“È‹“Üİ‹ŒMËLLLŒ‹ŒMËLLKLËŒŒMËLLH‹“X\Hœ™]Y[˜\™È‹“Y[š[ˆX\[ˆ‹Ù[˜[‹‘Õ\È˜\ÚXÈ‹‘Õ‹LM‹’\ÙÛH‹›YYXØ[‹•[š]Yİ]\È‹ÌMÎŒM•QKL‹KBˆÕNÑ‘ÕÈ‹•ÛÛˆ‹ŒMËLLLŒ‹ŒMËLLLŒËŒŒMËLL‹“X\Hœ™]Y[˜\™È‹“Y[š[ˆX\[ˆ‹Ù[˜[‹‘Õ\È›È‹‘Õ‹M‹”İ™Y]^‹œ™]Z[‹™[Ú][H‹LÍÍ‹LMK•QKKŒŒÌËKLŒLÍNLÍÎMÎÎNKBˆ”‘•R•Õ“È‹•ÛÛˆ‹ŒMËLLLŒ‹ŒMËLLKLŒŒMËLLH‹“X\Hœ™]Y[˜\™È‹“Y[š[ˆX\[ˆ‹Ù[˜[‹“QÈÜXÚX[‹“QÈ‹MK‘Û^›ÛÛH‹™[\Z[›Y[‹•[š]Yİ]\È‹ŒMËËMLK•QKKMKÍËKBˆ–“QRÑ–ÍH‹“Üİ‹ŒMËLLLŒ‹ŒMËLLLŒŒMËLL‹“šY\ÚHY™š[™\È‹“Y[š[ˆX\[ˆ‹Ù[˜[‹“QÈÜXÚX[‹“QÈ‹MK‘ÛØ™^ÛÜœÜ˜][Ûˆ‹XÚ›ÛÙŞH‹“›ÜØ^H‹LŒŒËÌ‹MË•QK‹KBˆ“Ì“SÌÌÈ‹•ÛÛˆ‹ŒMËLLLŒ‹ŒMËLL‹LLŒŒMËLLˆ‹“šY\ÚHY™š[™\È‹“Y[š[ˆX\[ˆ‹Ù[˜[‹‘Õ\È›È‹‘Õ‹M‹ÛÛ™XÛÛH‹XÚ›ÛÙŞH‹•[š]Yİ]\È‹MLŒ‹N‹•QKKŒM‹KLŒLŒÎMMÎŒNM‹KBˆ‘Ó‘“LT“H‹‘[™ØYÚ[™È‹ŒMËLLLŒ‹”›ÜØ[[˜HY]\ˆ‹Ù[XH›İXÚH‹•Ù\İ‹‘Õ˜\ÚXÈ‹‘Õ‹ML•[šÛ›İÛˆ‹•[šÛ›İÛˆ‹•[šÛ›İÛˆ‹SÑKˆU•Òˆ‹“Üİ‹ŒMËLLLŒ‹ŒMËLLLKŒŒMËLL‹”›ÜØ[[˜HY]\ˆ‹Ù[XH›İXÚH‹•Ù\İ‹“QÈÜXÚX[‹“QÈ‹MK‘ÛÛ^‹™š[˜[˜ÙH‹•[š]Yİ]\È‹L‹KMK•QKËKBˆLPÔL‹“Üİ‹ŒMËLLLŒ‹ŒMËLL‹L‹ŒŒMËLLˆ‹”›ÜÚYH\YÜİ[ÜÈ‹Ø\˜HÜØÚ‹‘X\İ‹‘Õ\È˜\ÚXÈ‹‘Õ‹LM‹•[Xœ™[HÛÜœÜ˜][Ûˆ‹™š[˜[˜ÙH‹•[š]Yİ]\È‹ŒŒ‹ŒMLLLË•QKKKBˆ“Ñ‘UVTH‹•ÛÛˆ‹ŒMËLLLŒ‹ŒMËLLLŒŒMËLL‹•šXÚÚHY›[[YH‹Ù[XH›İXÚH‹•Ù\İ‹‘Õ›È‹‘Õ‹ŒK’]˜[ˆ‹œÙ\šXÙ\È‹•[š]Yİ]\È‹ÎL‹‹LNK•QKKLNL‹LŒÍMLÍLLMÎKKBˆ”ÌÕL’ˆ‹“Üİ‹ŒMËLLLŒËŒMËLLLKŒŒMËLL‹Ø\ÜÙ^HÜ™\ÜÈ‹”›ØØÛÈ™]X™\‹‘X\İ‹“QÈY˜[˜ÙY‹“QÈ‹ÌÎLË’[š]XÚ‹[XÛÛ[][šXØ][ÛœÈ‹•[š]Yİ]\È‹ŒÎMKŒKŒÍK•QK‹KBˆ•TÔÓ’’‹•ÛÛˆ‹ŒMËLLLŒËŒMËLLKLKŒŒMËLLH‹Ø\ÜÙ^HÜ™\ÜÈ‹”›ØØÛÈ™]X™\‹‘X\İ‹‘Õ\È˜\ÚXÈ‹‘Õ‹LM‹‘ÙZÚÛÈ	ˆÛÈ‹œ™]Z[‹•[š]Yİ]\È‹LŒËÍL‹•QKKLËKŒŒMMŒŒÍÎMMŒŒKKBˆ““ÕÒNÈ‹•ÛÛˆ‹ŒMËLLLŒËŒMËLLLÌKŒŒMËLL‹‘\˜Ù[ØÚXÚ‹“Y[š[ˆX\[ˆ‹Ù[˜[‹‘Õ\È˜\ÚXÈ‹‘Õ‹LM‹‘ÛXÚH‹œÛÙØ\™H‹•[š]Yİ]\È‹ŒNLË•QKKLŒÍËLŒLMŒÍLÍM‹KBˆ’TPTÌÑ‹•ÛÛˆ‹ŒMËLLLŒËŒMËLLLKŒŒMËLL‹‘\˜Ù[ØÚXÚ‹“Y[š[ˆX\[ˆ‹Ù[˜[‹‘Õ\È˜\ÚXÈ‹‘Õ‹LM‹”İ™Y]^‹œ™]Z[‹™[Ú][H‹LÍÍ‹LMK•QKKMK‹ŒLNMLMMÍLMKKBˆ’•ÕÕ‘ÎÑÈ‹•ÛÛˆ‹ŒMËLLLŒËŒMËLLKLËŒŒMËLLH‹‘\˜Ù[ØÚXÚ‹“Y[š[ˆX\[ˆ‹Ù[˜[‹‘Õ›È‹‘Õ‹ŒK’[š]H‹›X\šÙ][™È‹•[š]Yİ]\È‹ËNK•QKKMÌKLKLŒNÍÍMŒÍËKBˆÔSĞRVˆ‹•ÛÛˆ‹ŒMËLLLŒËŒMËLLLŒŒMËLL‹‘\˜Ù[ØÚXÚ‹“Y[š[ˆX\[ˆ‹Ù[˜[‹‘Õ›È‹‘Õ‹ŒK’\ÙÛH‹›YYXØ[‹•[š]Yİ]\È‹ÌMÎŒM•QKKMKKLŒMÎLŒMNLÌÌLM‹KBˆ“–TÓˆ‹•ÛÛˆ‹ŒMËLLLŒËŒMËLLL‹ŒŒMËLL‹‘\˜Ù[ØÚXÚ‹“Y[š[ˆX\[ˆ‹Ù[˜[‹‘Õ›È‹‘Õ‹ŒK”[™Ù˜\ÙH‹XÚ›ÛÙŞH‹•[š]Yİ]\È‹LŒ‹LŒÎ•QKKËŒMLÌNÎNÌÍKKBˆ’“ÍNMU‹•ÛÛˆ‹ŒMËLLLŒËŒMËLL‹LL‹ŒŒMËLLˆ‹‘Û›ˆØ[™[‹”›ØØÛÈ™]X™\‹‘X\İ‹‘Õ˜\ÚXÈ‹‘Õ‹ML”Ú[\È‹›YYXØ[‹•[š]Yİ]\È‹NŒÎŒL•QKKLLKLŒÌLLLLLLKKBˆ‘QÌNÕH‹“Üİ‹ŒMËLLLŒËŒMËLLLÌŒŒMËLL‹‘[X\ÙHÛXÚÈ‹Ù[XH›İXÚH‹•Ù\İ‹‘Õ\È›È‹‘Õ‹M‹”ÛÛœ›Ûˆ‹[XÛÛ[][šXØ][ÛœÈ‹•[š]Yİ]\È‹MNKKLL•QKËKBˆ•‘S‘VRÕÈ‹“Üİ‹ŒMËLLLŒËŒMËLLKLŒŒMËLLH‹‘Ø\œ™]Ú[™\ˆ‹Ø\˜HÜØÚ‹‘X\İ‹‘Õ›È‹‘Õ‹ŒK“ÛÛYYXH‹™[\Ş[Y[‹•[š]Yİ]\È‹‹ŒL‹ÍK•QKL‹KBˆŒÓQÓRPQH‹“Üİ‹ŒMËLLLŒËŒMËLLLŒŒMËLL‹‘ÛY\ÈÛÛÛİYÚ‹“Y[š[ˆX\[ˆ‹Ù[˜[‹“QÈY˜[˜ÙY‹“QÈ‹ÌÎLË”İ[œ™Y^‹™š[˜[˜ÙH‹•[š]Yİ]\È‹MNŒ‹ÍÎN•QKKKBˆ’’‘ÔTL’È‹‘[™ØYÚ[™È‹ŒMËLLLŒË’Ø\H[™š^ÛÛˆ‹”İ[[Y\ˆÙ]Ø[‹•Ù\İ‹‘Õ\È›È‹‘Õ‹M‹”˜[™Ü™Y[ˆ‹XÚ›ÛÙŞH‹”[˜[XH‹LÎËÍÍKSÑKKBˆ•Œ”‹•ÛÛˆ‹ŒMËLLLŒËŒMËLLKLKŒŒMËLLH‹’Ø\H[™š^ÛÛˆ‹”İ[[Y\ˆÙ]Ø[‹•Ù\İ‹‘Õ›È‹‘Õ‹ŒK–KXÛÜœÜ˜][Ûˆ‹™[\Ş[Y[‹•[š]Yİ]\È‹ÌKŒÍKMMŒK•QKKÎ‹LËŒLLNNMŒLËKBˆ‘VTÔ‘QH‹“Üİ‹ŒMËLLLŒËŒMËLLKLNKŒŒMËLLH‹“X\Hœ™]Y[˜\™È‹“Y[š[ˆX\[ˆ‹Ù[˜[‹‘Õ\È˜\ÚXÈ‹‘Õ‹LM‹‘[šÛ[™È‹™š[˜[˜ÙH‹•[š]Yİ]\È‹NKKÌŒË•QKËKBˆŒTÒÓ”ÑÌˆ‹•ÛÛˆ‹ŒMËLLLŒËŒMËLLLÌŒŒMËLL‹“X\Hœ™]Y[˜\™È‹“Y[š[ˆX\[ˆ‹Ù[˜[‹‘Õ\È›È‹‘Õ‹M‹•™Y\][İH‹[XÛÛ[][šXØ][ÛœÈ‹•[š]Yİ]\È‹L‹ŒKNMK•QKKMLM‹ËLŒŒŒŒLMŒMŒLNKBˆ‘Í“UPÍTˆ‹“Üİ‹ŒMËLLLŒËŒMËLLKL‹ŒŒMËLLH‹•™\œÚYH[Xœ˜[™‹‘\İ[ˆœš[šÛX[›ˆ‹Ù[˜[‹‘Õ\È›È‹‘Õ‹M‹‘š[šYÚ‹™š[˜[˜ÙH‹•[š]Yİ]\È‹LL‹ËMÍNK•QKMKBˆ–ÓST“ÑÈ‹‘[™ØYÚ[™È‹ŒMËLLLŒË•šXÚÚHY›[[YH‹Ù[XH›İXÚH‹•Ù\İ‹‘Õ\È›È‹‘Õ‹M‹•[šÛ›İÛˆ‹•[šÛ›İÛˆ‹•[šÛ›İÛˆ‹SÑKˆTÍˆ‹“Üİ‹ŒMËLLLŒËŒMËLLLŒŒMËLL‹•šXÚÚHY›[[YH‹Ù[XH›İXÚH‹•Ù\İ‹‘Õ›È‹‘Õ‹ŒK”˜[İXÚ‹[XÛÛ[][šXØ][ÛœÈ‹•[š]Yİ]\È‹LN‹ÌMK•QKKKBˆÕR’TÕÕˆ‹•ÛÛˆ‹ŒMËLLLŒËŒMËLL‹LŒŒMËLLˆ‹•šXÚÚHY›[[YH‹Ù[XH›İXÚH‹•Ù\İ‹“QÈÜXÚX[‹“QÈ‹MKÛÛ™^‹›YYXØ[‹•[š]Yİ]\È‹MK•QKKLK‹ŒÌÌÌÌÌÌÌKBˆ–TÑ‘‘UPÔH‹“Üİ‹ŒMËLLLŒËŒMËLLLŒŒMËLL‹–˜[™H]H‹”İ[[Y\ˆÙ]Ø[‹•Ù\İ‹‘Õ\È˜\ÚXÈ‹‘Õ‹LM‹‘Ü›Ûİ™\İ™Y]‹œ™]Z[‹•[š]Yİ]\È‹ŒŒËNK•QKKKBˆ“Ö‘LÑÈ‹•ÛÛˆ‹ŒMËLLLŒËŒMËLLLÌKŒŒMËLL‹–˜[™H]H‹”İ[[Y\ˆÙ]Ø[‹•Ù\İ‹‘Õ\È˜\ÚXÈ‹‘Õ‹LM‹’Ø[‹XÛÙH‹œÛÙØ\™H‹•[š]Yİ]\È‹LMNŒËÍ•QKKLNMKLŒLÌÌMLÌËKBˆŒŒUÓÑH‹“Üİ‹ŒMËLLLŒMËLLL‹ŒŒMËLL‹›Üš\È˜^ˆ‹”›ØØÛÈ™]X™\‹‘X\İ‹‘Õ\È˜\ÚXÈ‹‘Õ‹LM‹“X]İXÚ‹›X\šÙ][™È‹’›Ü™[ˆ‹ÌË‹MLM‹•QK‹KBˆ‘”ĞÍL’ˆ‹“Üİ‹ŒMËLLLŒMËLLLKŒŒMËLL‹Ø\ÜÙ^HÜ™\ÜÈ‹”›ØØÛÈ™]X™\‹‘X\İ‹‘Õ\È›È‹‘Õ‹M‹”Ú[\È‹›YYXØ[‹•[š]Yİ]\È‹NŒÎŒL•QKKKBˆ–UQÓ‘‹•ÛÛˆ‹ŒMËLLLŒMËLLKL‹ŒŒMËLLH‹Ø\ÜÙ^HÜ™\ÜÈ‹”›ØØÛÈ™]X™\‹‘X\İ‹“QÈY˜[˜ÙY‹“QÈ‹ÌÎLË’Ú[›˜[\\È‹œ™]Z[‹•[š]Yİ]\È‹Ì‹Ì‹NÌK•QKKÍNKLŒMÍÌLÍÎMŒKKBˆ”ÍÕU––LÈ‹‘[™ØYÚ[™È‹ŒMËLLLÛÜ›\ÜÈÛÜÛYH‹Ø\˜HÜØÚ‹‘X\İ‹“QÈÜXÚX[‹“QÈ‹MK•[šÛ›İÛˆ‹•[šÛ›İÛˆ‹•[šÛ›İÛˆ‹SÑKˆ’ÓÔ“ÓTQH‹“Üİ‹ŒMËLLLŒMËLLLKŒŒMËLL‹‘[šY[[[XXÚÈ‹”›ØØÛÈ™]X™\‹‘X\İ‹‘Õ\È˜\ÚXÈ‹‘Õ‹LM‹“X\ÜÚ]™H[˜[ZXÈ‹™[\Z[›Y[‹•[š]Yİ]\È‹KŒ‹LMK•QKKKBˆTÌ’ÔĞÕ‹“Üİ‹ŒMËLLLŒMËLLKLŒŒMËLLH‹‘\˜Ù[ØÚXÚ‹“Y[š[ˆX\[ˆ‹Ù[˜[‹‘Õ\È˜\ÚXÈ‹‘Õ‹LM‹ÛÙZİÈ‹œÛÙØ\™H‹•[š]Yİ]\È‹ÌMKK•QKMKKBˆ”ÌÑÕ“ÍNPˆ‹•ÛÛˆ‹ŒMËLLLŒMËLL‹LKŒŒMËLLˆ‹‘\˜Ù[ØÚXÚ‹“Y[š[ˆX\[ˆ‹Ù[˜[‹‘Õ›È‹‘Õ‹ŒK”İ[œ™Y^‹™š[˜[˜ÙH‹•[š]Yİ]\È‹MNŒ‹ÍÎN•QKKMM‹ÎLŒMMMMÍÌKKBˆ“Ñ”Œ‹•ÛÛˆ‹ŒMËLLLŒMËLL‹LÌKŒŒMËLLˆ‹’˜[Y\È\ØÙ[˜Ú[È‹”İ[[Y\ˆÙ]Ø[‹•Ù\İ‹“QÈY˜[˜ÙY‹“QÈ‹ÌÎLË‘š[š›Øˆ‹™[\Ş[Y[‹•[š]Yİ]\È‹ŒNKKÍ•QKKÌM‹ŒNNMÍNËKBˆ”–QRÓÕˆ‹“Üİ‹ŒMËLLLŒMËLLLKŒŒMËLL‹’›Û˜][ˆ™\[İ‹“Y[š[ˆX\[ˆ‹Ù[˜[‹‘Õ\È˜\ÚXÈ‹‘Õ‹LM‹‘Û^›ÛÛH‹™[\Z[›Y[‹•[š]Yİ]\È‹ŒMËËMLK•QKKKBˆ“UÓ”ÒNH‹•ÛÛˆ‹ŒMËLLLŒMËLLLKŒŒMËLL‹’›Û˜][ˆ™\[İ‹“Y[š[ˆX\[ˆ‹Ù[˜[‹‘Õ˜\ÚXÈ‹‘Õ‹ML™]]XÚ‹›YYXØ[‹’Ù[XH‹ËŒNLNK•QKKLNKKŒMŒÍŒÍŒÍŒÍŒÍŒÍKBˆ•ÓN”H‹•ÛÛˆ‹ŒMËLLLŒMËLLLKŒŒMËLL‹’›Û˜][ˆ™\[İ‹“Y[š[ˆX\[ˆ‹Ù[˜[‹‘Õ\È˜\ÚXÈ‹‘Õ‹LM‹™]]XÚ‹›YYXØ[‹’Ù[XH‹ËŒNLNK•QKKLËKLŒLÍLÍNLLKKBˆ”ÔUÍŒ’RH‹“Üİ‹ŒMËLLLŒMËLLL‹ŒŒMËLL‹’Ø[ZHšXÚÛ™[‹”İ[[Y\ˆÙ]Ø[‹•Ù\İ‹“QÈY˜[˜ÙY‹“QÈ‹ÌÎLË‘˜\ÙZ]XÙH‹œ™]Z[‹•[š]Yİ]\È‹MLKÍLŒË•QK‹KBˆ”ÑÌ‘TÈ‹•ÛÛˆ‹ŒMËLLLŒMËLLLÌKŒŒMËLL‹“ZX[˜H™[˜Ú[‹‘\İ[ˆœš[šÛX[›ˆ‹Ù[˜[‹‘Õ\È˜\ÚXÈ‹‘Õ‹LM‹”›Û‹]XÚ‹›YYXØ[‹•[š]Yİ]\È‹ÎLŒ‹‹ÍË•QKKLLÌËËLŒÌÍÍNLLÍNLL‹KBˆULÎQ‘‹“Üİ‹ŒMËLLLŒMËLL‹LŒŒMËLLˆ‹“X\Hœ™]Y[˜\™È‹“Y[š[ˆX\[ˆ‹Ù[˜[‹‘Õ˜\ÚXÈ‹‘Õ‹ML’İXÚH‹XÚ›ÛÙŞH‹’ÛÜ™XH‹MÌŒÎMNK•QKŒKKBˆ“MÕÕR’ˆ‹“Üİ‹ŒMËLLLŒMËLL‹LKŒŒMËLLˆ‹“X\Hœ™]Y[˜\™È‹“Y[š[ˆX\[ˆ‹Ù[˜[‹“QÈY˜[˜ÙY‹“QÈ‹ÌÎLË‘Ù[˜ÛÈ\˜HÛ]™HÚ[ÛÛ\[H‹œ™]Z[‹’][H‹MŒÌËMŒÍK•QK‹KBˆ”ÍM“•‘H‹•ÛÛˆ‹ŒMËLLLŒMËLLKLLŒŒMËLLH‹“X]\™Y[ˆX\˜Ø[›È‹”İ[[Y\ˆÙ]Ø[‹•Ù\İ‹‘Õ\È›È‹‘Õ‹M‹‘[XÚ›ÛÙŞH‹œÛÙØ\™H‹•[š]Yİ]\È‹NÎKM‹•QKKMKMËŒMÎMMMLNM‹KBˆ–LÍÍÔÒÒH‹“Üİ‹ŒMËLLLŒMËLLLÌŒŒMËLL‹•™\œÚYH[Xœ˜[™‹‘\İ[ˆœš[šÛX[›ˆ‹Ù[˜[‹“QÈY˜[˜ÙY‹“QÈ‹ÌÎLË•™Y\][İH‹[XÛÛ[][šXØ][ÛœÈ‹•[š]Yİ]\È‹L‹ŒKNMK•QK‹KBˆ‘ÖNU‘È‹•ÛÛˆ‹ŒMËLLLŒMËLLL‹ŒŒMËLL‹•šXÚÚHY›[[YH‹Ù[XH›İXÚH‹•Ù\İ‹‘Õ˜\ÚXÈ‹‘Õ‹MLÚY\œÈ‹™[\Z[›Y[‹•[š]Yİ]\È‹KKÌ‹•QKKLÍK‹ŒÌÌÌÌÌÌÌ‹KBˆ’ÓĞ–•ÔH‹‘[™ØYÚ[™È‹ŒMËLLL•Ú[\›ˆ˜\œ™[ˆ‹Ø\˜HÜØÚ‹‘X\İ‹‘Õ˜\ÚXÈ‹‘Õ‹ML•[šÛ›İÛˆ‹•[šÛ›İÛˆ‹•[šÛ›İÛˆ‹SÑKˆ–”ÒUPÍ‹“Üİ‹ŒMËLLLŒMËLLKLËŒŒMËLLH‹–˜[™H]H‹”İ[[Y\ˆÙ]Ø[‹•Ù\İ‹“QÈY˜[˜ÙY‹“QÈ‹ÌÎLË–›ÛÛZ]‹™[\Z[›Y[‹•[š]Yİ]\È‹ÌŒNKMÎ•QKMKBˆÎVVMNH‹•ÛÛˆ‹ŒMËLLLKŒMËLLKL‹ŒŒMËLLH‹[›˜HÛ™[[™È‹‘\İ[ˆœš[šÛX[›ˆ‹Ù[˜[‹“QÈÜXÚX[‹“QÈ‹MKØ[˜Ú]H‹œ™]Z[‹•[š]Yİ]\È‹ÌNŒ‹•QKKNKÌ‹LŒÌÌÌÌÌÌÌKBˆ“ÖR“TPˆ‹‘[™ØYÚ[™È‹ŒMËLLLKÛÜ›\ÜÈÛÜÛYH‹Ø\˜HÜØÚ‹‘X\İ‹‘Õ˜\ÚXÈ‹‘Õ‹ML•[šÛ›İÛˆ‹•[šÛ›İÛˆ‹•[šÛ›İÛˆ‹SÑKˆ–QRU”PÑ‹•ÛÛˆ‹ŒMËLLLKŒMËLLLËŒŒMËLL‹‘[šY[[[XXÚÈ‹”›ØØÛÈ™]X™\‹‘X\İ‹‘Õ˜\ÚXÈ‹‘Õ‹MLÛÛ™^‹›YYXØ[‹•[š]Yİ]\È‹MK•QKKL‹‹ŒÍŒÍŒÍŒÍŒÍŒÍŒÍ‹KBˆŒÍQÕ“NH‹•ÛÛˆ‹ŒMËLLLKŒMËLLKLKŒŒMËLLH‹‘Û›ˆØ[™[‹”›ØØÛÈ™]X™\‹‘X\İ‹‘Õ˜\ÚXÈ‹‘Õ‹MLXÛYHÛÜœÜ˜][Ûˆ‹XÚ›ÛÙŞH‹•[š]Yİ]\È‹LLŒŒ‹•QKKN‹LKLŒMMMMMMMKBˆ“RPÒRŒH‹“Üİ‹ŒMËLLLKŒMËLLLËŒŒMËLL‹‘ÛY\ÈÛÛÛİYÚ‹“Y[š[ˆX\[ˆ‹Ù[˜[‹“QÈY˜[˜ÙY‹“QÈ‹ÌÎLË”ØÛİXÚ‹›X\šÙ][™È‹•[š]Yİ]\È‹KŒÎKL•QK‹KBˆ‘P‘ÍLH‹•ÛÛˆ‹ŒMËLLLKŒMËLLKLLŒŒMËLLH‹’›Û˜][ˆ™\[İ‹“Y[š[ˆX\[ˆ‹Ù[˜[‹‘Õ›È‹‘Õ‹ŒK”[™Ù˜\ÙH‹XÚ›ÛÙŞH‹•[š]Yİ]\È‹LŒ‹LŒÎ•QKKÍM‹M‹ŒMLÌNŒ‹KBˆ‘SRÎTŒÑÈ‹•ÛÛˆ‹ŒMËLLLKŒMËLLL‹ŒŒMËLL‹“X\šÚ]H[œÙ[ˆ‹Ù[XH›İXÚH‹•Ù\İ‹‘Õ˜\ÚXÈ‹‘Õ‹MLÛÛ™^‹›YYXØ[‹•[š]Yİ]\È‹MK•QKKM‹KLŒLLLLLLLKKBˆ’Ñ“Uˆ‹‘[™ØYÚ[™È‹ŒMËLLLK“X]\™Y[ˆX\˜Ø[›È‹”İ[[Y\ˆÙ]Ø[‹•Ù\İ‹“QÈY˜[˜ÙY‹“QÈ‹ÌÎLË•[šÛ›İÛˆ‹•[šÛ›İÛˆ‹•[šÛ›İÛˆ‹SÑKˆÑÕÓLUÕ‹•ÛÛˆ‹ŒMËLLLKŒMËLL‹LÌŒŒMËLLˆ‹“[ÜÙ\Èœ˜\ÙH‹‘\İ[ˆœš[šÛX[›ˆ‹Ù[˜[‹‘Õ˜\ÚXÈ‹‘Õ‹ML’İXÚH‹XÚ›ÛÙŞH‹’ÛÜ™XH‹MÌŒÎMNK•QKKLÍË‹ŒŒÍŒÍŒÍŒÍŒÍŒÍŒÍËKBˆ•LÑUÈ‹•ÛÛˆ‹ŒMËLLLKŒMËLL‹LŒKŒŒMËLLˆ‹•š[Û]XÛ[[™‹Ø\˜HÜØÚ‹‘X\İ‹“QÈÜXÚX[‹“QÈ‹MK•H™]È[ÜšÈ[œ]Z\™\ˆ‹›YYXØ[‹•[š]Yİ]\È‹ÎKŒŒKÎL‹•QKKËMËŒMMMMMMM‹KBˆ‘NRLÔT‹•ÛÛˆ‹ŒMËLLLKŒMËLLKLËŒŒMËLLH‹–˜[™H]H‹”İ[[Y\ˆÙ]Ø[‹•Ù\İ‹‘Õ˜\ÚXÈ‹‘Õ‹MLÛÛ™^‹›YYXØ[‹•[š]Yİ]\È‹MK•QKKËKŒNÌÌÌÌÌÌËKBˆŒÔÍTÓÈ‹•ÛÛˆ‹ŒMËLLL‹ŒMËLLLËŒŒMËLL‹[›˜HÛ™[[™È‹‘\İ[ˆœš[šÛX[›ˆ‹Ù[˜[‹‘Õ\È˜\ÚXÈ‹‘Õ‹LM‹‘Û^›ÛÛH‹™[\Z[›Y[‹•[š]Yİ]\È‹ŒMËËMLK•QKKLLËKLŒŒÎŒLÌLÎËKBˆŒÔTSÕ•H‹•ÛÛˆ‹ŒMËLLL‹ŒMËLL‹LŒŒMËLLˆ‹[›˜HÛ™[[™È‹‘\İ[ˆœš[šÛX[›ˆ‹Ù[˜[‹“QÈÜXÚX[‹“QÈ‹MK‘š[šYÚ‹™š[˜[˜ÙH‹•[š]Yİ]\È‹LL‹ËMÍNK•QKKMËŒËLŒÍŒÍŒÍŒÍŒÍŒÍŒÍKBˆ•P•MLMÕÈ‹“Üİ‹ŒMËLLL‹ŒMËLLKL‹ŒŒMËLLH‹Ø\ÜÙ^HÜ™\ÜÈ‹”›ØØÛÈ™]X™\‹‘X\İ‹‘Õ˜\ÚXÈ‹‘Õ‹ML™]\ÛÛÚ[ˆ‹›YYXØ[‹•[š]Yİ]\È‹LKKMK•QKLKKBˆNRUÔÖH‹“Üİ‹ŒMËLLL‹ŒMËLLKLŒŒMËLLH‹ÙXÚ[H[\Ú[ˆ‹‘\İ[ˆœš[šÛX[›ˆ‹Ù[˜[‹‘Õ\È›È‹‘Õ‹M‹’İXÚH‹XÚ›ÛÙŞH‹’ÛÜ™XH‹MÌŒÎMNK•QKKKBˆ•VQMÑ”È‹•ÛÛˆ‹ŒMËLLL‹ŒMËLLKLŒŒMËLLH‹ÛÜ›\ÜÈÛÜÛYH‹Ø\˜HÜØÚ‹‘X\İ‹‘Õ›È‹‘Õ‹ŒK“ÛÛYYXH‹™[\Ş[Y[‹•[š]Yİ]\È‹‹ŒL‹ÍK•QKKLKKŒŒLÎNLNMÌM‹KBˆ‘“’‹“Üİ‹ŒMËLLL‹ŒMËLLLÌŒŒMËLL‹‘\˜Ù[ØÚXÚ‹“Y[š[ˆX\[ˆ‹Ù[˜[‹‘Õ›È‹‘Õ‹ŒK’\ÙÛH‹›YYXØ[‹•[š]Yİ]\È‹ÌMÎŒM•QKKBˆ”•ÔŒÌÕN‹“Üİ‹ŒMËLLL‹ŒMËLLLËŒŒMËLL‹‘\˜Ù[ØÚXÚ‹“Y[š[ˆX\[ˆ‹Ù[˜[‹‘Õ›È‹‘Õ‹ŒK–[YÛÚ]H‹›YYXØ[‹•[š]Yİ]\È‹KŒLŒL•QKKKBˆULLUˆ‹•ÛÛˆ‹ŒMËLLL‹ŒMËLLLŒŒMËLL‹‘[X\ÙHÛXÚÈ‹Ù[XH›İXÚH‹•Ù\İ‹‘Õ˜\ÚXÈ‹‘Õ‹ML‘˜\ÙZ]XÙH‹œ™]Z[‹•[š]Yİ]\È‹MLKÍLŒË•QKKL‹ŒÍŒÍŒÍŒÍŒÍŒÍŒÍ‹KBˆPMM’È‹“Üİ‹ŒMËLLL‹ŒMËLLLËŒŒMËLL‹‘ÛY\ÈÛÛÛİYÚ‹“Y[š[ˆX\[ˆ‹Ù[˜[‹‘Õ›È‹‘Õ‹ŒK‘ÛXÚH‹œÛÙØ\™H‹•[š]Yİ]\È‹ŒNLË•QKKKBˆ•QĞQPPŒÈ‹•ÛÛˆ‹ŒMËLLL‹ŒMËLLLÌKŒŒMËLL‹“X\Hœ™]Y[˜\™È‹“Y[š[ˆX\[ˆ‹Ù[˜[‹‘Õ›È‹‘Õ‹ŒK”ØÛİXÚ‹›X\šÙ][™È‹•[š]Yİ]\È‹KŒÎKL•QKKÍÍËKŒLŒMÌÍLMMNNKKBˆ•L’’LTˆ‹•ÛÛˆ‹ŒMËLLL‹ŒMËLLLËŒŒMËLL‹“X\Hœ™]Y[˜\™È‹“Y[š[ˆX\[ˆ‹Ù[˜[‹“QÈY˜[˜ÙY‹“QÈ‹ÌÎLË™]]XÚ‹›YYXØ[‹’Ù[XH‹ËŒNLNK•QKKÌÍLËKŒLMÎMÍÌÌŒŒN‹KBˆM‘ŒÌVˆ‹“Üİ‹ŒMËLLL‹ŒMËLLLÌKŒŒMËLL‹“X]\™Y[ˆX\˜Ø[›È‹”İ[[Y\ˆÙ]Ø[‹•Ù\İ‹‘Õ\È›È‹‘Õ‹M‹’Ø[‹XÛÙH‹œÛÙØ\™H‹•[š]Yİ]\È‹LMNŒËÍ•QKKKBˆ“ÌÑ‘MRÖ‹•ÛÛˆ‹ŒMËLLL‹ŒMËLLKLËŒŒMËLLH‹“X]\™Y[ˆX\˜Ø[›È‹”İ[[Y\ˆÙ]Ø[‹•Ù\İ‹“QÈÜXÚX[‹“QÈ‹MK‘˜\ÙZ]XÙH‹œ™]Z[‹•[š]Yİ]\È‹MLKÍLŒË•QKKLŒLLLLLLLKKBˆ•PÓÕNÈ‹“Üİ‹ŒMËLLL‹ŒMËLLLÌŒŒMËLL‹“šY\ÚHY™š[™\È‹“Y[š[ˆX\[ˆ‹Ù[˜[‹‘Õ˜\ÚXÈ‹‘Õ‹MLÛÛ™XÛÛH‹XÚ›ÛÙŞH‹•[š]Yİ]\È‹MLŒ‹N‹•QKKBˆŒÌRUŒSÈ‹‘[™ØYÚ[™È‹ŒMËLLL‹•šXÚÚHY›[[YH‹Ù[XH›İXÚH‹•Ù\İ‹‘Õ˜\ÚXÈ‹‘Õ‹ML•[šÛ›İÛˆ‹•[šÛ›İÛˆ‹•[šÛ›İÛˆ‹SÑKˆ–‘ÎQMˆ‹“Üİ‹ŒMËLLL‹ŒMËLLLŒŒMËLL‹•šXÚÚHY›[[YH‹Ù[XH›İXÚH‹•Ù\İ‹‘Õ˜\ÚXÈ‹‘Õ‹ML›XÚŞš[H‹œ™]Z[‹•[š]Yİ]\È‹MËŒLKMN•QK‹KBˆ‘L”ŒÎMLH‹“Üİ‹ŒMËLLL‹ŒMËLLLËŒŒMËLL‹•šXÚÚHY›[[YH‹Ù[XH›İXÚH‹•Ù\İ‹‘Õ˜\ÚXÈ‹‘Õ‹ML‘Ü›Ûİ™\İ™Y]‹œ™]Z[‹•[š]Yİ]\È‹ŒŒËNK•QKKKBˆ’ÒTPRÑÈ‹“Üİ‹ŒMËLLL‹ŒMËLLKLŒŒMËLLH‹•šXÚÚHY›[[YH‹Ù[XH›İXÚH‹•Ù\İ‹“QÈY˜[˜ÙY‹“QÈ‹ÌÎLË”İ[›˜[\^‹›X\šÙ][™È‹”Û[™‹MŒÍËMNLË•QKKKBˆ““RMÎV–U‹“Üİ‹ŒMËLLL‹ŒMËLLLÌKŒŒMËLL‹•š[Û]XÛ[[™‹Ø\˜HÜØÚ‹‘X\İ‹‘Õ˜\ÚXÈ‹‘Õ‹ML‘Ø[š˜Y›^‹œ™]Z[‹’˜\[ˆ‹LMNÌKMÍÎK•QKKKBˆ”•LÒNTˆ‹“Üİ‹ŒMËLLL‹ŒMËLLLŒŒMËLL‹•š[Û]XÛ[[™‹Ø\˜HÜØÚ‹‘X\İ‹‘Õ˜\ÚXÈ‹‘Õ‹ML–™[˜ÛÜœÜ˜][Ûˆ‹XÚ›ÛÙŞH‹Ú[˜H‹ÎKM‹•QK‹KBˆÍUÕ‹‘[™ØYÚ[™È‹ŒMËLLL‹–˜[™H]H‹”İ[[Y\ˆÙ]Ø[‹•Ù\İ‹‘Õ›È‹‘Õ‹ŒK‘ÛÙÛŞ›ÛÛH‹[XÛÛ[][šXØ][ÛœÈ‹•[š]Yİ]\È‹‹NËSÑKKBˆ’QLSÕTÈ‹•ÛÛˆ‹ŒMËLLLËŒMËLL‹LËŒŒMËLLˆ‹[›˜HÛ™[[™È‹‘\İ[ˆœš[šÛX[›ˆ‹Ù[˜[‹‘Õ\È›È‹‘Õ‹M‹”[™Ù˜\ÙH‹XÚ›ÛÙŞH‹•[š]Yİ]\È‹LŒ‹LŒÎ•QKKLKKŒÎMÌÎNMËKBˆMRPP’H‹•ÛÛˆ‹ŒMËLLLËŒMËLLLŒŒMËLL‹›Üš\È˜^ˆ‹”›ØØÛÈ™]X™\‹‘X\İ‹‘Õ›È‹‘Õ‹ŒKš[Ü^‹›YYXØ[‹•[š]Yİ]\È‹Ì‹‹LM‹•QKKLÍKKLŒMMÌLÌÌÍÍNLKKBˆ‘“Ñ”ÌÌ‘È‹“Üİ‹ŒMËLLLËŒMËLLLKŒŒMËLL‹Ø\ÜÙ^HÜ™\ÜÈ‹”›ØØÛÈ™]X™\‹‘X\İ‹‘Õ\È›È‹‘Õ‹M‹–^›Ø˜[H‹™[\Z[›Y[‹•[š]Yİ]\È‹ÎÎŒÎKÍ•QK‹KBˆ”PÍÎH‹“Üİ‹ŒMËLLLËŒMËLLKLËŒŒMËLLH‹ÙXÚ[H[\Ú[ˆ‹‘\İ[ˆœš[šÛX[›ˆ‹Ù[˜[‹“QÈY˜[˜ÙY‹“QÈ‹ÌÎLËÛÛ™XÛÛH‹XÚ›ÛÙŞH‹•[š]Yİ]\È‹MLŒ‹N‹•QKLKKBˆ‘ÖR•’”U‹•ÛÛˆ‹ŒMËLLLËŒMËLLLKŒŒMËLL‹ÛÜ›\ÜÈÛÜÛYH‹Ø\˜HÜØÚ‹‘X\İ‹‘Õ˜\ÚXÈ‹‘Õ‹ML“X]İXÚ‹›X\šÙ][™È‹’›Ü™[ˆ‹ÌË‹MLM‹•QKKŒK‹LŒLÌÌÌÌÌÌKBˆ”–M•ˆ‹“Üİ‹ŒMËLLLËŒMËLLKLLŒŒMËLLH‹‘\˜Ù[ØÚXÚ‹“Y[š[ˆX\[ˆ‹Ù[˜[‹‘ÕÈL‹‘ÕÈ‹Í•™Y\][İH‹[XÛÛ[][šXØ][ÛœÈ‹•[š]Yİ]\È‹L‹ŒKNMK•QKMKBˆÕÔTNVH‹•ÛÛˆ‹ŒMËLLLËŒMËLL‹LKŒŒMËLLˆ‹‘\˜Ù[ØÚXÚ‹“Y[š[ˆX\[ˆ‹Ù[˜[‹“QÈÜXÚX[‹“QÈ‹MK‘š[šYÚ‹™š[˜[˜ÙH‹•[š]Yİ]\È‹LL‹ËMÍNK•QKKLËŒËŒÍŒÍŒÍŒÍŒÍŒÍŒÍKBˆÓ’”ÌÍÍˆ‹•ÛÛˆ‹ŒMËLLLËŒMËLLKLLŒŒMËLLH‹‘[X\ÙHÛXÚÈ‹Ù[XH›İXÚH‹•Ù\İ‹“QÈÜXÚX[‹“QÈ‹MK‘Ü›Ûİ™\İ™Y]‹œ™]Z[‹•[š]Yİ]\È‹ŒŒËNK•QKK‹MŒMŒÍŒÍŒÍŒÍŒÍŒÍKBˆ’ÒÓÌ‘Q’È‹“Üİ‹ŒMËLLLËŒMËLLLKŒŒMËLL‹’˜[Y\È\ØÙ[˜Ú[È‹”İ[[Y\ˆÙ]Ø[‹•Ù\İ‹‘Õ›È‹‘Õ‹ŒK’]˜[ˆ‹œÙ\šXÙ\È‹•[š]Yİ]\È‹ÎL‹‹LNK•QK‹KBˆ”’“U–S‹•ÛÛˆ‹ŒMËLLLËŒMËLLLKŒŒMËLL‹’›Û˜][ˆ™\[İ‹“Y[š[ˆX\[ˆ‹Ù[˜[‹‘Õ˜\ÚXÈ‹‘Õ‹ML•™Y\][İH‹[XÛÛ[][šXØ][ÛœÈ‹•[š]Yİ]\È‹L‹ŒKNMK•QKKLÎ‹ŒŒNNNNNNNKBˆ“Q–TÔÔÑÈ‹•ÛÛˆ‹ŒMËLLLËŒMËLL‹LMKŒŒMËLLˆ‹’Ø[ZHšXÚÛ™[‹”İ[[Y\ˆÙ]Ø[‹•Ù\İ‹“QÈÜXÚX[‹“QÈ‹MK”^˜\‹œ™]Z[‹•[š]Yİ]\È‹ÍËKÍ•QKKLËKŒÍŒÍŒÍŒÍŒÍŒÍŒÍKBˆ‘Œ‘ŒSH‹•ÛÛˆ‹ŒMËLLLËŒMËLLKLËŒŒMËLLH‹“ZX[˜H™[˜Ú[‹‘\İ[ˆœš[šÛX[›ˆ‹Ù[˜[‹“QÈY˜[˜ÙY‹“QÈ‹ÌÎLË‘ÛXÚH‹œÛÙØ\™H‹•[š]Yİ]\È‹ŒNLË•QKKÌM‹ËŒNNMÍNËKBˆ”U”•‘‹“Üİ‹ŒMËLLLËŒMËLLLŒŒMËLL‹“X\šÚ]H[œÙ[ˆ‹Ù[XH›İXÚH‹•Ù\İ‹‘Õ˜\ÚXÈ‹‘Õ‹ML‘Û˜ÛÛˆ‹XÚ›ÛÙŞH‹•[š]Yİ]\È‹NËÌ‹MLK•QKKKBˆÑ–“UÖ’•‹•ÛÛˆ‹ŒMËLLLËŒMËLLKLËŒŒMËLLH‹“X\Hœ™]Y[˜\™È‹“Y[š[ˆX\[ˆ‹Ù[˜[‹“QÈY˜[˜ÙY‹“QÈ‹ÌÎLË’\ÙÛH‹›YYXØ[‹•[š]Yİ]\È‹ÌMÎŒM•QKKÍMŒKLKLŒMLLÍÌŒLNKKBˆÕ’Lˆ‹•ÛÛˆ‹ŒMËLLLËŒMËLLKL‹ŒŒMËLLH‹“X]\™Y[ˆX\˜Ø[›È‹”İ[[Y\ˆÙ]Ø[‹•Ù\İ‹‘Õ\È›È‹‘Õ‹M‹”Ú[™Û]XÚ›È‹œ™]Z[‹•[š]Yİ]\È‹ŒŒMMLÍÍ•QKKMMKLLŒÌMMMÎMŒLLLKKBˆ“NÒÌ”H‹•ÛÛˆ‹ŒMËLLLËŒMËLL‹LMŒŒMËLLˆ‹“[ÜÙ\Èœ˜\ÙH‹‘\İ[ˆœš[šÛX[›ˆ‹Ù[˜[‹‘Õ˜\ÚXÈ‹‘Õ‹ML‘Û^›ÛÛH‹™[\Z[›Y[‹•[š]Yİ]\È‹ŒMËËMLK•QKKM‹LŒNLÌÌÌÌÌÌËKBˆU–TÓŒÈ‹•ÛÛˆ‹ŒMËLLLËŒMËLLKLKŒŒMËLLH‹”™YYÛ\\ˆ‹”›ØØÛÈ™]X™\‹‘X\İ‹“QÈY˜[˜ÙY‹“QÈ‹ÌÎLË‘Ûœ]XYXÚ‹XÚ›ÛÙŞH‹•[š]Yİ]\È‹MÌL‹ÌNM•QKKÌNKŒÎMÎÍÎNKKBˆ”Ö‘ÕÔS‹•ÛÛˆ‹ŒMËLLLËŒMËLLKLL‹ŒŒMËLLH‹”›ÜØ[[˜HY]\ˆ‹Ù[XH›İXÚH‹•Ù\İ‹‘Õ˜\ÚXÈ‹‘Õ‹ML‘ÛÛÙÚ[›Ûˆ‹›X\šÙ][™È‹•[š]Yİ]\È‹ML‹ÌËLLË•QKKMÍËM‹LŒLLLLLLLKKBˆ–SMQÍLPÈ‹•ÛÛˆ‹ŒMËLLLËŒMËLLLŒŒMËLL‹•™\œÚYH[Xœ˜[™‹‘\İ[ˆœš[šÛX[›ˆ‹Ù[˜[‹“QÈÜXÚX[‹“QÈ‹MK”İ]Û[™ÜÈ‹™[\Ş[Y[‹•[š]Yİ]\È‹LKŒËN‹•QKKLKŒLLLLLLLKKBˆ‘ÍÕLÔH‹“Üİ‹ŒMËLLLËŒMËLLLKŒŒMËLL‹•šXÚÚHY›[[YH‹Ù[XH›İXÚH‹•Ù\İ‹‘Õ˜\ÚXÈ‹‘Õ‹ML“^\]›Û^‹›YYXØ[‹•[š]Yİ]\È‹MŒNKÎK•QK‹KBˆ‘”“‘ÓVTÈ‹•ÛÛˆ‹ŒMËLLLŒMËLLLKŒŒMËLL‹[›˜HÛ™[[™È‹‘\İ[ˆœš[šÛX[›ˆ‹Ù[˜[‹“QÈÜXÚX[‹“QÈ‹MK™[X˜\ÙH‹›X\šÙ][™È‹•[š]Yİ]\È‹ŒMÌËNL•QKK‹KLŒ‹KBˆ“ÖLŒ‘H‹•ÛÛˆ‹ŒMËLLLŒMËLLKLL‹ŒŒMËLLH‹ÛÜ›\ÜÈÛÜÛYH‹Ø\˜HÜØÚ‹‘X\İ‹‘Õ\È˜\ÚXÈ‹‘Õ‹LM‹‘ÙZÚÛÈ	ˆÛÈ‹œ™]Z[‹•[š]Yİ]\È‹LŒËÍL‹•QKKLÎKMKŒMMLLMLLLMKKBˆ–”Ö‘”ÖTÈ‹“Üİ‹ŒMËLLLŒMËLLLKŒŒMËLL‹‘\˜Ù[ØÚXÚ‹“Y[š[ˆX\[ˆ‹Ù[˜[‹“QÈY˜[˜ÙY‹“QÈ‹ÌÎLËÛÛ™XÛÛH‹XÚ›ÛÙŞH‹•[š]Yİ]\È‹MLŒ‹N‹•QKKKBˆ–ÑV‹“Üİ‹ŒMËLLLŒMËLLKLËŒŒMËLLH‹‘Û›ˆØ[™[‹”›ØØÛÈ™]X™\‹‘X\İ‹“QÈY˜[˜ÙY‹“QÈ‹ÌÎLË‘Ûœ]XYXÚ‹XÚ›ÛÙŞH‹•[š]Yİ]\È‹MÌL‹ÌNM•QK‹KBˆ’ÒÌ‘LÍRH‹•ÛÛˆ‹ŒMËLLLŒMËLLLKŒŒMËLL‹‘[X\ÙHÛXÚÈ‹Ù[XH›İXÚH‹•Ù\İ‹‘ÕÈL‹‘ÕÈ‹ÍÚY\œÈ‹™[\Z[›Y[‹•[š]Yİ]\È‹KKÌ‹•QKKÎMÌKKLŒMMÌŒMNMÎKBˆ”PÎH‹‘[™ØYÚ[™È‹ŒMËLLL’Ø[ZHšXÚÛ™[‹”İ[[Y\ˆÙ]Ø[‹•Ù\İ‹‘Õ\È›È‹‘Õ‹M‹•[šÛ›İÛˆ‹•[šÛ›İÛˆ‹•[šÛ›İÛˆ‹SÑKˆÑR–RÕÑH‹‘[™ØYÚ[™È‹ŒMËLLL’Ø\H[™š^ÛÛˆ‹”İ[[Y\ˆÙ]Ø[‹•Ù\İ‹‘Õ˜\ÚXÈ‹‘Õ‹ML–ZÛ[™È‹™š[˜[˜ÙH‹•[š]Yİ]\È‹ÍLÍËŒŒLËSÑKKBˆ“”Ì“Ó”ˆ‹•ÛÛˆ‹ŒMËLLLŒMËLLKLLKŒŒMËLLH‹“X\šÚ]H[œÙ[ˆ‹Ù[XH›İXÚH‹•Ù\İ‹‘Õ˜\ÚXÈ‹‘Õ‹ML–KXÛÜœÜ˜][Ûˆ‹™[\Ş[Y[‹•[š]Yİ]\È‹ÌKŒÍKMMŒK•QKKNNMLŒÌÌÌÌÌÌÌ‹KBˆ”“‘L‘ˆ‹“Üİ‹ŒMËLLLŒMËLLLKŒŒMËLL‹•™\œÚYH[Xœ˜[™‹‘\İ[ˆœš[šÛX[›ˆ‹Ù[˜[‹“QÈÜXÚX[‹“QÈ‹MK”İ]Û[™ÜÈ‹™[\Ş[Y[‹•[š]Yİ]\È‹LKŒËN‹•QKKKBˆ”ÕPÈ‹“Üİ‹ŒMËLLLŒMËLLLKŒŒMËLL‹•šXÚÚHY›[[YH‹Ù[XH›İXÚH‹•Ù\İ‹‘Õ›È‹‘Õ‹ŒK’‹U^Ûˆ‹œ™]Z[‹•[š]Yİ]\È‹LÎËÍNË•QKKKBˆ•“QĞÔ”ÕÔ‹•ÛÛˆ‹ŒMËLLLŒMËLLKLMŒŒMËLLH‹•š[Û]XÛ[[™‹Ø\˜HÜØÚ‹‘X\İ‹“QÈÜXÚX[‹“QÈ‹MK›]ÛÛ\[H‹XÚ›ÛÙŞH‹•[š]Yİ]\È‹L‹ŒÌ‹ÌË•QKKŒKMËLŒLLLLLLLKKBˆ’Uˆ‹“Üİ‹ŒMËLLLŒMËLLKLËŒŒMËLLH‹–˜[™H]H‹”İ[[Y\ˆÙ]Ø[‹•Ù\İ‹‘Õ˜\ÚXÈ‹‘Õ‹ML”˜[İXÚ‹[XÛÛ[][šXØ][ÛœÈ‹•[š]Yİ]\È‹LN‹ÌMK•QKLKBˆ‘–MÔÎPRH‹•ÛÛˆ‹ŒMËLLLŒMËLLKLL‹ŒŒMËLLH‹–˜[™H]H‹”İ[[Y\ˆÙ]Ø[‹•Ù\İ‹“QÈY˜[˜ÙY‹“QÈ‹ÌÎLË”\Üİš\‹™[\Z[›Y[‹•[š]Yİ]\È‹ÍKKÌMK•QKKÌ‹MKŒLMNLNMMNLËKBˆ–“RLÌÈ‹“Üİ‹ŒMËLLLKŒMËLLKLL‹ŒŒMËLLH‹Ø\ÜÙ^HÜ™\ÜÈ‹”›ØØÛÈ™]X™\‹‘X\İ‹‘Õ˜\ÚXÈ‹‘Õ‹ML‘ÙZÚÛÈ	ˆÛÈ‹œ™]Z[‹•[š]Yİ]\È‹LŒËÍL‹•QKMKBˆ•UÒ”Uˆ‹•ÛÛˆ‹ŒMËLLLKŒMËLLKLLKŒŒMËLLH‹ÛÜ›\ÜÈÛÜÛYH‹Ø\˜HÜØÚ‹‘X\İ‹‘Õ\È›È‹‘Õ‹M‹“ÛÛYYXH‹™[\Ş[Y[‹•[š]Yİ]\È‹‹ŒL‹ÍK•QKKM‹LËLŒNLMŒLNŒŒËKBˆ”ÔMŒÓÎ‹“Üİ‹ŒMËLLLKŒMËLLKLŒŒMËLLH‹‘\˜Ù[ØÚXÚ‹“Y[š[ˆX\[ˆ‹Ù[˜[‹“QÈY˜[˜ÙY‹“QÈ‹ÌÎLËÛÙZİÈ‹œÛÙØ\™H‹•[š]Yİ]\È‹ÌMKK•QK‹KBˆ“ÔÌVH‹•ÛÛˆ‹ŒMËLLLKŒMËLLLÌŒŒMËLL‹‘\˜Ù[ØÚXÚ‹“Y[š[ˆX\[ˆ‹Ù[˜[‹‘Õ›È‹‘Õ‹ŒKÛÙZİÈ‹œÛÙØ\™H‹•[š]Yİ]\È‹ÌMKK•QKKÌÌËKŒNLÍÍÎLKKBˆ’QÍ“•ÔÔˆ‹•ÛÛˆ‹ŒMËLLLKŒMËLL‹LÌŒŒMËLLˆ‹‘ÛY\ÈÛÛÛİYÚ‹“Y[š[ˆX\[ˆ‹Ù[˜[‹“QÈY˜[˜ÙY‹“QÈ‹ÌÎLËØ[˜Ú]H‹œ™]Z[‹•[š]Yİ]\È‹ÌNŒ‹•QKKLÌKŒ‹ŒLÍŒMŒÎ‹KBˆ’Ó’–H‹•ÛÛˆ‹ŒMËLLLKŒMËLLLÌKŒŒMËLL‹’›Û˜][ˆ™\[İ‹“Y[š[ˆX\[ˆ‹Ù[˜[‹“QÈÜXÚX[‹“QÈ‹MKš[ÚÛ[™È‹›YYXØ[‹”[\[™\È‹NËŒÍLÍM‹•QKKŒ‹‹LŒLÌÌÌÌÌÌËKBˆ‘•ÖLÖ”È‹“Üİ‹ŒMËLLLKŒMËLLKLËŒŒMËLLH‹”›ÜÚYH\YÜİ[ÜÈ‹Ø\˜HÜØÚ‹‘X\İ‹“QÈY˜[˜ÙY‹“QÈ‹ÌÎLË’ÛÛ™^‹XÚ›ÛÙŞH‹•[š]Yİ]\È‹ÍÌŒÎLÍÍM‹•QKKKBˆ‘LQVH‹•ÛÛˆ‹ŒMËLLLKŒMËLLLÌKŒŒMËLL‹–˜[™H]H‹”İ[[Y\ˆÙ]Ø[‹•Ù\İ‹‘Õ›È‹‘Õ‹ŒK‘Ü™Y[‹T\È‹œÙ\šXÙ\È‹•[š]Yİ]\È‹L‹ŒNKNLŒ‹•QKKMÎ‹ŒLÌÌÍÍNLŒÎKKBˆ’‘TQÑU‹•ÛÛˆ‹ŒMËLLLÌŒMËLLKLŒŒMËLLH‹Ø\ÜÙ^HÜ™\ÜÈ‹”›ØØÛÈ™]X™\‹‘X\İ‹‘Õ›È‹‘Õ‹ŒK’Ú[›˜[\\È‹œ™]Z[‹•[š]Yİ]\È‹Ì‹Ì‹NÌK•QKKLŒÎKKLŒÌÌÌNLÍ‹KBˆŒŒLUM“È‹‘[™ØYÚ[™È‹ŒMËLLLÌ‘[šY[[[XXÚÈ‹”›ØØÛÈ™]X™\‹‘X\İ‹‘Õ\È˜\ÚXÈ‹‘Õ‹LM‹XÛYHÛÜœÜ˜][Ûˆ‹XÚ›ÛÙŞH‹•[š]Yİ]\È‹LLŒŒ‹SÑKKBˆŒR”ÍMÔÈ‹•ÛÛˆ‹ŒMËLLLÌŒMËLLKLLKŒŒMËLLH‹‘ÛY\ÈÛÛÛİYÚ‹“Y[š[ˆX\[ˆ‹Ù[˜[‹‘Õ˜\ÚXÈ‹‘Õ‹ML•™Y\][İH‹[XÛÛ[][šXØ][ÛœÈ‹•[š]Yİ]\È‹L‹ŒKNMK•QKKLÎKL‹Œ‹KBˆ•ÍQ’MVÈ‹‘[™ØYÚ[™È‹ŒMËLLLÌ’^Y[ˆ™[Û\È‹Ù[XH›İXÚH‹•Ù\İ‹“QÈÜXÚX[‹“QÈ‹MK•[šÛ›İÛˆ‹•[šÛ›İÛˆ‹•[šÛ›İÛˆ‹SÑKˆ•Ñ”NU‹•ÛÛˆ‹ŒMËLLLÌŒMËLLLÌKŒŒMËLL‹’›Û˜][ˆ™\[İ‹“Y[š[ˆX\[ˆ‹Ù[˜[‹‘Õ\È˜\ÚXÈ‹‘Õ‹LM‹”˜[™Ü™Y[ˆ‹XÚ›ÛÙŞH‹”[˜[XH‹LÎËÍÍK•QKKMÌËKŒLLŒŒŒÍÌÍÌŒŒËKBˆ‘ÌQ”•ˆ‹“Üİ‹ŒMËLLLÌŒMËLLLÌKŒŒMËLL‹“ZX[˜H™[˜Ú[‹‘\İ[ˆœš[šÛX[›ˆ‹Ù[˜[‹“QÈÜXÚX[‹“QÈ‹MK”İ]Û[™ÜÈ‹™[\Ş[Y[‹•[š]Yİ]\È‹LKŒËN‹•QKKKBˆ‘ÎRUĞ“‹“Üİ‹ŒMËLLLÌŒMËLLLÌKŒŒMËLL‹”™YYÛ\\ˆ‹”›ØØÛÈ™]X™\‹‘X\İ‹‘Õ\È›È‹‘Õ‹M‹‘Ø[š˜Y›^‹œ™]Z[‹’˜\[ˆ‹LMNÌKMÍÎK•QKKKBˆ”–UÖ”TÈ‹•ÛÛˆ‹ŒMËLLLÌŒMËLLKLŒŒMËLLH‹•šXÚÚHY›[[YH‹Ù[XH›İXÚH‹•Ù\İ‹‘Õ˜\ÚXÈ‹‘Õ‹ML’ÛÛ™^‹XÚ›ÛÙŞH‹•[š]Yİ]\È‹ÍÌŒÎLÍÍM‹•QKKŒŒ‹KLŒLÌLLLLLLKKBˆ“”ÑUQˆ‹“Üİ‹ŒMËLLLÌŒMËLLKLMKŒŒMËLLH‹–˜[™H]H‹”İ[[Y\ˆÙ]Ø[‹•Ù\İ‹‘Õ\È˜\ÚXÈ‹‘Õ‹LM‹”İ[›˜[\^‹›X\šÙ][™È‹”Û[™‹MŒÍËMNLË•QKM‹KBˆ’RM–M“ˆ‹“Üİ‹ŒMËLLLÌKŒMËLLKLLŒŒMËLLH‹[›˜HÛ™[[™È‹‘\İ[ˆœš[šÛX[›ˆ‹Ù[˜[‹“QÈÜXÚX[‹“QÈ‹MK’\ÙÛH‹›YYXØ[‹•[š]Yİ]\È‹ÌMÎŒM•QKLKBˆ–“SÕQŒTˆ‹•ÛÛˆ‹ŒMËLLLÌKŒMËLLKLËŒŒMËLLH‹›Üš\È˜^ˆ‹”›ØØÛÈ™]X™\‹‘X\İ‹“QÈY˜[˜ÙY‹“QÈ‹ÌÎLËÛÛ™^‹›YYXØ[‹•[š]Yİ]\È‹MK•QKKMÌ‹ËLŒŒMNLÌÌÌÎŒKKBˆ•RSÕˆ‹•ÛÛˆ‹ŒMËLLLÌKŒMËLLKLMŒŒMËLLH‹Ø\ÜÙ^HÜ™\ÜÈ‹”›ØØÛÈ™]X™\‹‘X\İ‹‘Õ›È‹‘Õ‹ŒK•[Xœ™[HÛÜœÜ˜][Ûˆ‹™š[˜[˜ÙH‹•[š]Yİ]\È‹ŒŒ‹ŒMLLLË•QKKLKMŒŒMÍMŒLÌËKBˆ‘TÍŒÒ‹•ÛÛˆ‹ŒMËLLLÌKŒMËLL‹LLŒŒMËLLˆ‹Ø\ÜÙ^HÜ™\ÜÈ‹”›ØØÛÈ™]X™\‹‘X\İ‹“QÈY˜[˜ÙY‹“QÈ‹ÌÎLË’ÛÛ™^‹XÚ›ÛÙŞH‹•[š]Yİ]\È‹ÍÌŒÎLÍÍM‹•QKKMKŒŒMÌMÍLÎNLÍLM‹KBˆŒÖPVÕ‹“Üİ‹ŒMËLLLÌKŒMËLL‹LŒ‹ŒŒMËLLˆ‹‘\˜Ù[ØÚXÚ‹“Y[š[ˆX\[ˆ‹Ù[˜[‹‘Õ›È‹‘Õ‹ŒKØ[˜Ú]H‹œ™]Z[‹•[š]Yİ]\È‹ÌNŒ‹•QKL‹KBˆR“ÍÔÒQĞˆ‹“Üİ‹ŒMËLLLÌKŒMËLLKLLŒŒMËLLH‹‘\˜Ù[ØÚXÚ‹“Y[š[ˆX\[ˆ‹Ù[˜[‹‘Õ›È‹‘Õ‹ŒKÛÛ™XÛÛH‹XÚ›ÛÙŞH‹•[š]Yİ]\È‹MLŒ‹N‹•QKLKBˆTTĞÕH‹•ÛÛˆ‹ŒMËLLLÌKŒMËLLKLKŒŒMËLLH‹‘Û›ˆØ[™[‹”›ØØÛÈ™]X™\‹‘X\İ‹‘Õ˜\ÚXÈ‹‘Õ‹ML‘Ø[š˜Y›^‹œ™]Z[‹’˜\[ˆ‹LMNÌKMÍÎK•QKK‹KŒLMŒÍŒÍŒÍŒÍŒÍŒÍ‹KBˆŒ‘ÌÔH‹•ÛÛˆ‹ŒMËLLLÌKŒMËLLKLŒŒMËLLH‹‘Û›ˆØ[™[‹”›ØØÛÈ™]X™\‹‘X\İ‹‘Õ˜\ÚXÈ‹‘Õ‹ML”\Üİ[š[ˆ‹œ™]Z[‹•[š]Yİ]\È‹MNKNN•QKKLŒNNNNNNN‹KBˆ“ÌTĞÓÕLLH‹‘[™ØYÚ[™È‹ŒMËLLLÌK‘[X\ÙHÛXÚÈ‹Ù[XH›İXÚH‹•Ù\İ‹“QÈÜXÚX[‹“QÈ‹MK•[šÛ›İÛˆ‹•[šÛ›İÛˆ‹•[šÛ›İÛˆ‹SÑKˆ’P”ŒÍ“‘È‹“Üİ‹ŒMËLLLÌKŒMËLLKLKŒŒMËLLH‹‘[X\ÙHÛXÚÈ‹Ù[XH›İXÚH‹•Ù\İ‹“QÈÜXÚX[‹“QÈ‹MK‘š[š›Øˆ‹™[\Ş[Y[‹•[š]Yİ]\È‹ŒNKKÍ•QKKKBˆ•ÖÓRÈ‹•ÛÛˆ‹ŒMËLLLÌKŒMËLLKLŒŒMËLLH‹‘Ø\œ™]Ú[™\ˆ‹Ø\˜HÜØÚ‹‘X\İ‹‘Õ\È›È‹‘Õ‹M‹“ÛÛYYXH‹™[\Ş[Y[‹•[š]Yİ]\È‹‹ŒL‹ÍK•QKKNLŒÍÌÍŒÎMMÍ‹KBˆ‘ŒMTÕLÍ‹•ÛÛˆ‹ŒMËLLLÌKŒMËLL‹LŒKŒŒMËLLˆ‹‘ÛY\ÈÛÛÛİYÚ‹“Y[š[ˆX\[ˆ‹Ù[˜[‹“QÈY˜[˜ÙY‹“QÈ‹ÌÎLËÛÛ™^‹›YYXØ[‹•[š]Yİ]\È‹MK•QKKÌNLKŒÎNNŒLLŒMKBˆ“ÓPÑ•QÕH‹‘[™ØYÚ[™È‹ŒMËLLLÌK’˜[Y\È\ØÙ[˜Ú[È‹”İ[[Y\ˆÙ]Ø[‹•Ù\İ‹‘Õ›È‹‘Õ‹ŒK•[šÛ›İÛˆ‹•[šÛ›İÛˆ‹•[šÛ›İÛˆ‹SÑKˆ’Ó•ÌÕÒ‹•ÛÛˆ‹ŒMËLLLÌKŒMËLLKLKŒŒMËLLH‹’Ø[ZHšXÚÛ™[‹”İ[[Y\ˆÙ]Ø[‹•Ù\İ‹‘Õ\È›È‹‘Õ‹M‹‘ÛÛÙÚ[›Ûˆ‹›X\šÙ][™È‹•[š]Yİ]\È‹ML‹ÌËLLË•QKKMLL‹KLŒMÌMLÌMËKBˆ‘TÓ”ÌSÔÎH‹•ÛÛˆ‹ŒMËLLLÌKŒMËLLKLËŒŒMËLLH‹’Ø[ZHšXÚÛ™[‹”İ[[Y\ˆÙ]Ø[‹•Ù\İ‹‘Õ\È›È‹‘Õ‹M‹’Ø[‹XÛÙH‹œÛÙØ\™H‹•[š]Yİ]\È‹LMNŒËÍ•QKKÍ‹ËŒLÍNÌŒÌLÍÍŒMKBˆ’VÍÎH‹•ÛÛˆ‹ŒMËLLLÌKŒMËLLKL‹ŒŒMËLLH‹’Ø\H[™š^ÛÛˆ‹”İ[[Y\ˆÙ]Ø[‹•Ù\İ‹‘Õ˜\ÚXÈ‹‘Õ‹ML–KXÛÜœÜ˜][Ûˆ‹™[\Ş[Y[‹•[š]Yİ]\È‹ÌKŒÍKMMŒK•QKKLË‹LŒNÌÌÌÌÌÌËKBˆŒMŒPÍUÈ‹“Üİ‹ŒMËLLLÌKŒMËLLKLLŒŒMËLLH‹“ZX[˜H™[˜Ú[‹‘\İ[ˆœš[šÛX[›ˆ‹Ù[˜[‹‘Õ\È˜\ÚXÈ‹‘Õ‹LM‹ÛÛ™XÛÛH‹XÚ›ÛÙŞH‹•[š]Yİ]\È‹MLŒ‹N‹•QKLKBˆŒÖŒ’Ô‹•ÛÛˆ‹ŒMËLLLÌKŒMËLLKLLKŒŒMËLLH‹“X\šÚ]H[œÙ[ˆ‹Ù[XH›İXÚH‹•Ù\İ‹“QÈY˜[˜ÙY‹“QÈ‹ÌÎLË‘[XÚ›ÛÙŞH‹œÛÙØ\™H‹•[š]Yİ]\È‹NÎKM‹•QKKNLKLŒNMNNLMÍÍÌMN‹KBˆ”ÑĞ–MPH‹•ÛÛˆ‹ŒMËLLLÌKŒMËLLKLKŒŒMËLLH‹”™YYÛ\\ˆ‹”›ØØÛÈ™]X™\‹‘X\İ‹‘Õ˜\ÚXÈ‹‘Õ‹MLÛÛ™^‹›YYXØ[‹•[š]Yİ]\È‹MK•QKKMLËKLŒMMMMMMLÎKBˆŒÕRÈ‹“Üİ‹ŒMËLLLÌKŒMËLLKLËŒŒMËLLH‹”›ÜÚYH\YÜİ[ÜÈ‹Ø\˜HÜØÚ‹‘X\İ‹‘Õ\È›È‹‘Õ‹M‹–^›Ø˜[H‹™[\Z[›Y[‹•[š]Yİ]\È‹ÎÎŒÎKÍ•QKËKBˆ•Ì–””‘PÈ‹“Üİ‹ŒMËLLLÌKŒMËLLKLËŒŒMËLLH‹•šXÚÚHY›[[YH‹Ù[XH›İXÚH‹•Ù\İ‹“QÈÜXÚX[‹“QÈ‹MK’Ø[‹XÛÙH‹œÛÙØ\™H‹•[š]Yİ]\È‹LMNŒËÍ•QKËKBˆ’•”Qˆ‹‘[™ØYÚ[™È‹ŒMËLLLÌK•Ú[\›ˆ˜\œ™[ˆ‹Ø\˜HÜØÚ‹‘X\İ‹‘Õ\È›È‹‘Õ‹M‹•[šÛ›İÛˆ‹•[šÛ›İÛˆ‹•[šÛ›İÛˆ‹SÑKˆQRVŒÕ‹“Üİ‹ŒMËLLKLKŒMËLLKLLËŒŒMËLLH‹Ø\ÜÙ^HÜ™\ÜÈ‹”›ØØÛÈ™]X™\‹‘X\İ‹‘Õ\È˜\ÚXÈ‹‘Õ‹LM‹’Ø[‹XÛÙH‹œÛÙØ\™H‹•[š]Yİ]\È‹LMNŒËÍ•QKL‹KBˆ–ÑÒLH‹“Üİ‹ŒMËLLKLKŒMËLLKLMKŒŒMËLLH‹ÙXÚ[H[\Ú[ˆ‹‘\İ[ˆœš[šÛX[›ˆ‹Ù[˜[‹‘Õ\È›È‹‘Õ‹M‹‘ÛØ™^ÛÜœÜ˜][Ûˆ‹XÚ›ÛÙŞH‹“›ÜØ^H‹LŒŒËÌ‹MË•QKMKBˆ“QÌÖÍŒH‹•ÛÛˆ‹ŒMËLLKLKŒMËLL‹LŒ‹ŒŒMËLLˆ‹ÙXÚ[H[\Ú[ˆ‹‘\İ[ˆœš[šÛX[›ˆ‹Ù[˜[‹‘Õ\È›È‹‘Õ‹M‹’\ÙÛH‹›YYXØ[‹•[š]Yİ]\È‹ÌMÎŒM•QKKMLLKLŒLÌLÌÎLÌÎNËKBˆ”UH‹•ÛÛˆ‹ŒMËLLKLKŒMËLLKLKŒŒMËLLH‹‘ÛY\ÈÛÛÛİYÚ‹“Y[š[ˆX\[ˆ‹Ù[˜[‹“QÈÜXÚX[‹“QÈ‹MK™]]XÚ‹›YYXØ[‹’Ù[XH‹ËŒNLNK•QKKLËŒÍŒÍŒÍŒÍŒÍŒÍŒÍKBˆ’ÓT”ŒTM‹“Üİ‹ŒMËLLKLKŒMËLLKLMËŒŒMËLLH‹’›Û˜][ˆ™\[İ‹“Y[š[ˆX\[ˆ‹Ù[˜[‹‘Õ˜\ÚXÈ‹‘Õ‹ML•™Y\][İH‹[XÛÛ[][šXØ][ÛœÈ‹•[š]Yİ]\È‹L‹ŒKNMK•QKM‹KBˆ’”Ñ•”VH‹•ÛÛˆ‹ŒMËLLKLKŒMËLLKL‹ŒŒMËLLH‹’Ø[ZHšXÚÛ™[‹”İ[[Y\ˆÙ]Ø[‹•Ù\İ‹“QÈY˜[˜ÙY‹“QÈ‹ÌÎLË‘˜\ÙZ]XÙH‹œ™]Z[‹•[š]Yİ]\È‹MLKÍLŒË•QKKÌKŒMMÌÎÍÍËKBˆ‘–Ğ–MQ”ˆ‹•ÛÛˆ‹ŒMËLLKLKŒMËLLKLMŒŒMËLLH‹“X]\™Y[ˆX\˜Ø[›È‹”İ[[Y\ˆÙ]Ø[‹•Ù\İ‹“QÈY˜[˜ÙY‹“QÈ‹ÌÎLË”˜[İXÚ‹[XÛÛ[][šXØ][ÛœÈ‹•[š]Yİ]\È‹LN‹ÌMK•QKK‹LËŒMMLÌNMÍÍŒMÌKKBˆMTÍÖ•ˆ‹“Üİ‹ŒMËLLKLKŒMËLLKL‹ŒŒMËLLH‹•šXÚÚHY›[[YH‹Ù[XH›İXÚH‹•Ù\İ‹‘Õ˜\ÚXÈ‹‘Õ‹ML‘ÛÛÙÚ[›Ûˆ‹›X\šÙ][™È‹•[š]Yİ]\È‹ML‹ÌËLLË•QKKKBˆ•VÓNV‹“Üİ‹ŒMËLLKLKŒMËLLKLLŒŒMËLLH‹•šXÚÚHY›[[YH‹Ù[XH›İXÚH‹•Ù\İ‹‘Õ\È›È‹‘Õ‹M‹–ZÛ[™È‹™š[˜[˜ÙH‹•[š]Yİ]\È‹ÍLÍËŒŒLË•QKKKBˆ‘ÒQRLÌÈ‹•ÛÛˆ‹ŒMËLLKLKŒMËLLKLLŒŒMËLLH‹•šXÚÚHY›[[YH‹Ù[XH›İXÚH‹•Ù\İ‹‘Õ\È˜\ÚXÈ‹‘Õ‹LM‹“^\]›Û^‹›YYXØ[‹•[š]Yİ]\È‹MŒNKÎK•QKKMŒKŒLÍNLLÍ‹KBˆ’U••“‘‹•ÛÛˆ‹ŒMËLLKLKŒMËLLKL‹ŒŒMËLLH‹•šXÚÚHY›[[YH‹Ù[XH›İXÚH‹•Ù\İ‹“QÈÜXÚX[‹“QÈ‹MK“˜[K^š[H‹œÙ\šXÙ\È‹œ˜^š[‹KNKLMÎK•QKKMKKKBˆMV“•ÒÈ‹‘[™ØYÚ[™È‹ŒMËLLKLK•š[Û]XÛ[[™‹Ø\˜HÜØÚ‹‘X\İ‹“QÈÜXÚX[‹“QÈ‹MK•[šÛ›İÛˆ‹•[šÛ›İÛˆ‹•[šÛ›İÛˆ‹SÑKˆ‘’ÒÍÍˆ‹•ÛÛˆ‹ŒMËLLKL‹ŒMËLLKLËŒŒMËLLH‹›Üš\È˜^ˆ‹”›ØØÛÈ™]X™\‹‘X\İ‹‘Õ›È‹‘Õ‹ŒK‘Ûœ]XYXÚ‹XÚ›ÛÙŞH‹•[š]Yİ]\È‹MÌL‹ÌNM•QKKMMKKŒLÎMMŒLMÌÍÌËKBˆ•R‘ÖL‹‘[™ØYÚ[™È‹ŒMËLLKL‹ÛÜ›\ÜÈÛÜÛYH‹Ø\˜HÜØÚ‹‘X\İ‹“QÈÜXÚX[‹“QÈ‹MK•[šÛ›İÛˆ‹•[šÛ›İÛˆ‹•[šÛ›İÛˆ‹SÑKˆ”ÔÔÕQ‘H‹“Üİ‹ŒMËLLKL‹ŒMËLLKLKŒŒMËLLH‹‘[šY[[[XXÚÈ‹”›ØØÛÈ™]X™\‹‘X\İ‹‘Õ\È˜\ÚXÈ‹‘Õ‹LM‹ÛÛ™^‹›YYXØ[‹•[š]Yİ]\È‹MK•QKËKBˆ•”ÓPŒÒ•È‹•ÛÛˆ‹ŒMËLLKL‹ŒMËLLKLŒŒMËLLH‹‘Û›ˆØ[™[‹”›ØØÛÈ™]X™\‹‘X\İ‹‘Õ˜\ÚXÈ‹‘Õ‹MLX˜˜Hİ[\‹œÛÙØ\™H‹•[š]Yİ]\È‹NËŒÎKŒLË•QKKLÌ‹‹ŒÌÌÌÌÌÌÌËKBˆ•U”ÍUÒ”‘È‹•ÛÛˆ‹ŒMËLLKL‹ŒMËLLKLËŒŒMËLLH‹’›Û˜][ˆ™\[İ‹“Y[š[ˆX\[ˆ‹Ù[˜[‹‘Õ˜\ÚXÈ‹‘Õ‹MLØ[˜Ú]H‹œ™]Z[‹•[š]Yİ]\È‹ÌNŒ‹•QKKÎKKŒLLLLLLLKKBˆ“SĞ“ÎS‹“Üİ‹ŒMËLLKL‹ŒMËLLKLËŒŒMËLLH‹’Ø[ZHšXÚÛ™[‹”İ[[Y\ˆÙ]Ø[‹•Ù\İ‹‘Õ˜\ÚXÈ‹‘Õ‹ML–ZÛ[™È‹™š[˜[˜ÙH‹•[š]Yİ]\È‹ÍLÍËŒŒLË•QKKKBˆ“ŒŒPMÕ‹‘[™ØYÚ[™È‹ŒMËLLKL‹“X\šÚ]H[œÙ[ˆ‹Ù[XH›İXÚH‹•Ù\İ‹‘Õ›È‹‘Õ‹ŒK•[šÛ›İÛˆ‹•[šÛ›İÛˆ‹•[šÛ›İÛˆ‹SÑKˆR”Œ–ˆ‹•ÛÛˆ‹ŒMËLLKL‹ŒMËLLKLKŒŒMËLLH‹“X\šÚ]H[œÙ[ˆ‹Ù[XH›İXÚH‹•Ù\İ‹‘Õ›È‹‘Õ‹ŒK–ZÛ[™È‹™š[˜[˜ÙH‹•[š]Yİ]\È‹ÍLÍËŒŒLË•QKKLŒKËŒŒŒŒÍÍLÍMÎMNKBˆŒVÌUÖ‹•ÛÛˆ‹ŒMËLLKL‹ŒMËLLKLM‹ŒŒMËLLH‹”™YYÛ\\ˆ‹”›ØØÛÈ™]X™\‹‘X\İ‹‘Õ˜\ÚXÈ‹‘Õ‹ML‘Ø[š˜Y›^‹œ™]Z[‹’˜\[ˆ‹LMNÌKMÍÎK•QKKNKMLŒŒÍŒÍŒÍŒÍŒÍŒÍŒÍËKBˆ”LTLÑP–ˆ‹“Üİ‹ŒMËLLKL‹ŒMËLLKLËŒŒMËLLH‹•šXÚÚHY›[[YH‹Ù[XH›İXÚH‹•Ù\İ‹‘Õ˜\ÚXÈ‹‘Õ‹ML”İ[›˜[\^‹›X\šÙ][™È‹”Û[™‹MŒÍËMNLË•QKKKBˆRÕQÓMH‹•ÛÛˆ‹ŒMËLLKL‹ŒMËLLKL‹ŒŒMËLLH‹•šXÚÚHY›[[YH‹Ù[XH›İXÚH‹•Ù\İ‹‘Õ˜\ÚXÈ‹‘Õ‹ML”ÛÛœ›Ûˆ‹[XÛÛ[][šXØ][ÛœÈ‹•[š]Yİ]\È‹MNKKLL•QKKÌŒŒNNNNNNNKBˆ–ŒÈ‹“Üİ‹ŒMËLLKLËŒMËLLKLKŒŒMËLLH‹‘\˜Ù[ØÚXÚ‹“Y[š[ˆX\[ˆ‹Ù[˜[‹‘Õ›È‹‘Õ‹ŒKÛÙZİÈ‹œÛÙØ\™H‹•[š]Yİ]\È‹ÌMKK•QK‹KBˆ’RV•UÑÈ‹•ÛÛˆ‹ŒMËLLKLËŒMËLL‹L‹ŒŒMËLLˆ‹’›Û˜][ˆ™\[İ‹“Y[š[ˆX\[ˆ‹Ù[˜[‹‘Õ˜\ÚXÈ‹‘Õ‹ML‘Ù[˜ÛÈ\˜HÛ]™HÚ[ÛÛ\[H‹œ™]Z[‹’][H‹MŒÌËMŒÍK•QKKMÍËKLŒLLLLLLLKKBˆ‘LS’Í‘LÈ‹‘[™ØYÚ[™È‹ŒMËLLKLË’Ø[ZHšXÚÛ™[‹”İ[[Y\ˆÙ]Ø[‹•Ù\İ‹‘Õ˜\ÚXÈ‹‘Õ‹ML•[šÛ›İÛˆ‹•[šÛ›İÛˆ‹•[šÛ›İÛˆ‹SÑKˆ–ÑQÍU‹‘[™ØYÚ[™È‹ŒMËLLKLË“X\šÚ]H[œÙ[ˆ‹Ù[XH›İXÚH‹•Ù\İ‹‘Õ\È˜\ÚXÈ‹‘Õ‹LM‹–›ÛÛZ]‹™[\Z[›Y[‹•[š]Yİ]\È‹ÌŒNKMÎSÑKKBˆ•ÕŒR•È‹•ÛÛˆ‹ŒMËLLKLËŒMËLL‹LNŒŒMËLLˆ‹“X\Hœ™]Y[˜\™È‹“Y[š[ˆX\[ˆ‹Ù[˜[‹‘Õ›È‹‘Õ‹ŒK•™Y\][İH‹[XÛÛ[][šXØ][ÛœÈ‹•[š]Yİ]\È‹L‹ŒKNMK•QKKNLKKŒÍÌÎMNÌÍKKBˆ””MQ“”È‹•ÛÛˆ‹ŒMËLLKLËŒMËLLKLNŒŒMËLLH‹“X]\™Y[ˆX\˜Ø[›È‹”İ[[Y\ˆÙ]Ø[‹•Ù\İ‹‘Õ˜\ÚXÈ‹‘Õ‹ML‘Ü›Ûİ™\İ™Y]‹œ™]Z[‹•[š]Yİ]\È‹ŒŒËNK•QKKŒ‹MKLŒŒÍŒÍŒÍŒÍŒÍŒÍKBˆP–•L‘ÖH‹•ÛÛˆ‹ŒMËLLKLËŒMËLL‹LÌKŒŒMËLLˆ‹“X]\™Y[ˆX\˜Ø[›È‹”İ[[Y\ˆÙ]Ø[‹•Ù\İ‹‘Õ\È›È‹‘Õ‹M‹”\Üİš\‹™[\Z[›Y[‹•[š]Yİ]\È‹ÍKKÌMK•QKKLLKNŒÌLÌÌÍNŒ‹KBˆŒQ“PÕTÑ”È‹•ÛÛˆ‹ŒMËLLKLŒMËLL‹LŒŒMËLLˆ‹›Üš\È˜^ˆ‹”›ØØÛÈ™]X™\‹‘X\İ‹‘Õ\È›È‹‘Õ‹M‹”\Üİ[š[ˆ‹œ™]Z[‹•[š]Yİ]\È‹MNKNN•QKKMÌÍËÍLŒLMNÌLŒÎMKBˆ•Ò“ÍL’LN‹‘[™ØYÚ[™È‹ŒMËLLKLØ\ÜÙ^HÜ™\ÜÈ‹”›ØØÛÈ™]X™\‹‘X\İ‹‘Õ›È‹‘Õ‹ŒK’[š]H‹›X\šÙ][™È‹•[š]Yİ]\È‹ËNKSÑKKBˆ–”TÔÒÓÈ‹•ÛÛˆ‹ŒMËLLKLŒMËLLKL‹ŒŒMËLLH‹Ø\ÜÙ^HÜ™\ÜÈ‹”›ØØÛÈ™]X™\‹‘X\İ‹‘Õ˜\ÚXÈ‹‘Õ‹ML‘Ûœ]XYXÚ‹XÚ›ÛÙŞH‹•[š]Yİ]\È‹MÌL‹ÌNM•QKKNË‹LŒŒKKBˆ”ÕÖSÍÕÓÈ‹“Üİ‹ŒMËLLKLŒMËLLKLŒŒMËLLH‹‘\˜Ù[ØÚXÚ‹“Y[š[ˆX\[ˆ‹Ù[˜[‹‘Õ›È‹‘Õ‹ŒK’İXÚH‹XÚ›ÛÙŞH‹’ÛÜ™XH‹MÌŒÎMNK•QKKBˆŒ•Q’TH‹•ÛÛˆ‹ŒMËLLKLŒMËLLKLLŒŒMËLLH‹’˜[Y\È\ØÙ[˜Ú[È‹”İ[[Y\ˆÙ]Ø[‹•Ù\İ‹‘Õ\È›È‹‘Õ‹M‹”İ[›˜[\^‹›X\šÙ][™È‹”Û[™‹MŒÍËMNLË•QKKLÌK‹ŒŒLLMÍKKBˆ”ÔMÌP•ÒÈ‹‘[™ØYÚ[™È‹ŒMËLLKL’Ø\H[™š^ÛÛˆ‹”İ[[Y\ˆÙ]Ø[‹•Ù\İ‹‘Õ›È‹‘Õ‹ŒK–™[˜ÛÜœÜ˜][Ûˆ‹XÚ›ÛÙŞH‹Ú[˜H‹ÎKM‹SÑKKBˆ“ÓŒPQ‹‘[™ØYÚ[™È‹ŒMËLLKL“X\šÚ]H[œÙ[ˆ‹Ù[XH›İXÚH‹•Ù\İ‹‘Õ›È‹‘Õ‹ŒK•[šÛ›İÛˆ‹•[šÛ›İÛˆ‹•[šÛ›İÛˆ‹SÑKˆ–“Í‘TÈ‹“Üİ‹ŒMËLLKLŒMËLLKLKŒŒMËLLH‹“X\Hœ™]Y[˜\™È‹“Y[š[ˆX\[ˆ‹Ù[˜[‹‘Õ›È‹‘Õ‹ŒK”˜[™Ü™Y[ˆ‹XÚ›ÛÙŞH‹”[˜[XH‹LÎËÍÍK•QKKKBˆ•ÓŒ–H‹‘[™ØYÚ[™È‹ŒMËLLKL“X]\™Y[ˆX\˜Ø[›È‹”İ[[Y\ˆÙ]Ø[‹•Ù\İ‹‘Õ\È›È‹‘Õ‹M‹•[šÛ›İÛˆ‹•[šÛ›İÛˆ‹•[šÛ›İÛˆ‹SÑKˆ‘SQÍ‹•ÛÛˆ‹ŒMËLLKLŒMËLLKLŒKŒŒMËLLH‹”™YYÛ\\ˆ‹”›ØØÛÈ™]X™\‹‘X\İ‹‘Õ›È‹‘Õ‹ŒK”\Üİ[š[ˆ‹œ™]Z[‹•[š]Yİ]\È‹MNKNN•QKKŒÍËMËŒLŒLLÍLÍŒÌŒËKBˆ“LŒÕ•LNH‹“Üİ‹ŒMËLLKLŒMËLLKLMŒŒMËLLH‹”›ÜÚYH\YÜİ[ÜÈ‹Ø\˜HÜØÚ‹‘X\İ‹‘Õ\È›È‹‘Õ‹M‹’ÛÛ™^‹XÚ›ÛÙŞH‹•[š]Yİ]\È‹ÍÌŒÎLÍÍM‹•QKLKBˆ”“ÓÕ‘•È‹‘[™ØYÚ[™È‹ŒMËLLKL–˜[™H]H‹”İ[[Y\ˆÙ]Ø[‹•Ù\İ‹‘Õ˜\ÚXÈ‹‘Õ‹ML•[šÛ›İÛˆ‹•[šÛ›İÛˆ‹•[šÛ›İÛˆ‹SÑKˆ–PU•MPÈ‹•ÛÛˆ‹ŒMËLLKLŒMËLL‹LL‹ŒŒMËLLˆ‹–˜[™H]H‹”İ[[Y\ˆÙ]Ø[‹•Ù\İ‹‘Õ˜\ÚXÈ‹‘Õ‹ML‘˜\ÙZ]XÙH‹œ™]Z[‹•[š]Yİ]\È‹MLKÍLŒË•QKKKÎŒLMMMMMMKKBˆ–•QVUR‹•ÛÛˆ‹ŒMËLLKLKŒMËLLKLKŒŒMËLLH‹[›˜HÛ™[[™È‹‘\İ[ˆœš[šÛX[›ˆ‹Ù[˜[‹‘Õ˜\ÚXÈ‹‘Õ‹ML™]]XÚ‹›YYXØ[‹’Ù[XH‹ËŒNLNK•QKKŒLÌÌÌÌÌÌËKBˆ’PŒ‘ÕSˆ‹‘[™ØYÚ[™È‹ŒMËLLKLKØ\ÜÙ^HÜ™\ÜÈ‹”›ØØÛÈ™]X™\‹‘X\İ‹“QÈÜXÚX[‹“QÈ‹MK•[šÛ›İÛˆ‹•[šÛ›İÛˆ‹•[šÛ›İÛˆ‹SÑKˆŒÔŒÍÑUÈ‹‘[™ØYÚ[™È‹ŒMËLLKLKÛÜ›\ÜÈÛÜÛYH‹Ø\˜HÜØÚ‹‘X\İ‹“QÈY˜[˜ÙY‹“QÈ‹ÌÎLË•[šÛ›İÛˆ‹•[šÛ›İÛˆ‹•[šÛ›İÛˆ‹SÑKˆ“PMM–ÕÔˆ‹‘[™ØYÚ[™È‹ŒMËLLKLK‘[šY[[[XXÚÈ‹”›ØØÛÈ™]X™\‹‘X\İ‹‘Õ˜\ÚXÈ‹‘Õ‹ML’\Ù[XİšXÜÈ‹XÚ›ÛÙŞH‹•[š]Yİ]\È‹LËŒLKMSÑKKBˆ–ŒÑT‹•ÛÛˆ‹ŒMËLLKLKŒMËLLKLM‹ŒŒMËLLH‹‘[X\ÙHÛXÚÈ‹Ù[XH›İXÚH‹•Ù\İ‹“QÈÜXÚX[‹“QÈ‹MK“˜[K^š[H‹œÙ\šXÙ\È‹œ˜^š[‹KNKLMÎK•QKKLKLKŒÌÌÌÌÌÌÌKBˆ•”V•UQH‹“Üİ‹ŒMËLLKLKŒMËLLKLM‹ŒŒMËLLH‹‘ÛY\ÈÛÛÛİYÚ‹“Y[š[ˆX\[ˆ‹Ù[˜[‹‘Õ˜\ÚXÈ‹‘Õ‹MLØ[˜Ú]H‹œ™]Z[‹•[š]Yİ]\È‹ÌNŒ‹•QKLKKBˆ‘NQ’Lˆ‹•ÛÛˆ‹ŒMËLLKLKŒMËLL‹LÌKŒŒMËLLˆ‹‘ÛY\ÈÛÛÛİYÚ‹“Y[š[ˆX\[ˆ‹Ù[˜[‹“QÈÜXÚX[‹“QÈ‹MK‘ÛÙÛŞ›ÛÛH‹[XÛÛ[][šXØ][ÛœÈ‹•[š]Yİ]\È‹‹NË•QKKL‹M‹ŒMMMMMMM‹KBˆ“““‘SSÖH‹‘[™ØYÚ[™È‹ŒMËLLKLK’˜[Y\È\ØÙ[˜Ú[È‹”İ[[Y\ˆÙ]Ø[‹•Ù\İ‹‘Õ\È›È‹‘Õ‹M‹•[šÛ›İÛˆ‹•[šÛ›İÛˆ‹•[šÛ›İÛˆ‹SÑKˆ’Ò‘QRMH‹•ÛÛˆ‹ŒMËLLKLKŒMËLLKLŒ‹ŒŒMËLLH‹’˜[Y\È\ØÙ[˜Ú[È‹”İ[[Y\ˆÙ]Ø[‹•Ù\İ‹‘Õ\È˜\ÚXÈ‹‘Õ‹LM‹”İ[›˜[\^‹›X\šÙ][™È‹”Û[™‹MŒÍËMNLË•QKKLŒNMËLŒLLLÌLÎŒLÌLÎKKBˆ‘”TÎR”Uˆ‹•ÛÛˆ‹ŒMËLLKLKŒMËLLKLL‹ŒŒMËLLH‹’Ø\H[™š^ÛÛˆ‹”İ[[Y\ˆÙ]Ø[‹•Ù\İ‹‘Õ\È›È‹‘Õ‹M‹”\Üİš\‹™[\Z[›Y[‹•[š]Yİ]\È‹ÍKKÌMK•QKKMKËLŒÍŒÌŒŒŒLMŒM‹KBˆ”ÕÍ•Õˆ‹“Üİ‹ŒMËLLKLKŒMËLLKLMËŒŒMËLLH‹“X\Hœ™]Y[˜\™È‹“Y[š[ˆX\[ˆ‹Ù[˜[‹“QÈY˜[˜ÙY‹“QÈ‹ÌÎLË‘ÛXÚH‹œÛÙØ\™H‹•[š]Yİ]\È‹ŒNLË•QKL‹KBˆ’ÖVPŒÔH‹“Üİ‹ŒMËLLKLKŒMËLLKLMËŒŒMËLLH‹”™YYÛ\\ˆ‹”›ØØÛÈ™]X™\‹‘X\İ‹“QÈÜXÚX[‹“QÈ‹MK“X\ÜÚ]™H[˜[ZXÈ‹™[\Z[›Y[‹•[š]Yİ]\È‹KŒ‹LMK•QKL‹KBˆŒÕPM“ÌÓ‘È‹•ÛÛˆ‹ŒMËLLKLKŒMËLLKLËŒŒMËLLH‹”™YYÛ\\ˆ‹”›ØØÛÈ™]X™\‹‘X\İ‹‘Õ\È›È‹‘Õ‹M‹’ÛÛ™^‹XÚ›ÛÙŞH‹•[š]Yİ]\È‹ÍÌŒÎLÍÍM‹•QKKÍË‹LŒŒÍÍLŒÍÌLÎMËKBˆ”QÓUMÑ‹‘[™ØYÚ[™È‹ŒMËLLKLK”›ÜÚYH\YÜİ[ÜÈ‹Ø\˜HÜØÚ‹‘X\İ‹‘Õ›È‹‘Õ‹ŒK•[šÛ›İÛˆ‹•[šÛ›İÛˆ‹•[šÛ›İÛˆ‹SÑKˆŒÓSĞR‹•ÛÛˆ‹ŒMËLLKLKŒMËLLKLLKŒŒMËLLH‹•™\œÚYH[Xœ˜[™‹‘\İ[ˆœš[šÛX[›ˆ‹Ù[˜[‹“QÈÜXÚX[‹“QÈ‹MKØ[˜Ú]H‹œ™]Z[‹•[š]Yİ]\È‹ÌNŒ‹•QKKŒK‹LŒLLLLLLLKKBˆ•ĞRSÓÈ‹“Üİ‹ŒMËLLKLKŒMËLLKLŒKŒŒMËLLH‹•š[Û]XÛ[[™‹Ø\˜HÜØÚ‹‘X\İ‹“QÈÜXÚX[‹“QÈ‹MK“Ü[XÚ‹™š[˜[˜ÙH‹•[š]Yİ]\È‹ÍMKŒŒËLË•QKM‹KBˆP“UÖSUˆ‹•ÛÛˆ‹ŒMËLLKLKŒMËLLKLMËŒŒMËLLH‹–˜[™H]H‹”İ[[Y\ˆÙ]Ø[‹•Ù\İ‹“QÈÜXÚX[‹“QÈ‹MK”ØÛİš[™‹œÛÙØ\™H‹•[š]Yİ]\È‹ŒÍMËMÎ•QKKŒ‹L‹LŒLÌÌÌÌÌÌËKBˆ’MU’UÕÈ‹‘[™ØYÚ[™È‹ŒMËLLKL‹›Üš\È˜^ˆ‹”›ØØÛÈ™]X™\‹‘X\İ‹‘Õ\È›È‹‘Õ‹M‹›]ÛÛ\[H‹XÚ›ÛÙŞH‹•[š]Yİ]\È‹L‹ŒÌ‹ÌËSÑKKBˆÍ–”TÔVH‹“Üİ‹ŒMËLLKL‹ŒMËLLKLËŒŒMËLLH‹‘\˜Ù[ØÚXÚ‹“Y[š[ˆX\[ˆ‹Ù[˜[‹‘Õ›È‹‘Õ‹ŒK™]]XÚ‹›YYXØ[‹’Ù[XH‹ËŒNLNK•QKKKBˆ‘ÔTŒÍUH‹“Üİ‹ŒMËLLKL‹ŒMËLLKLËŒŒMËLLH‹‘[X\ÙHÛXÚÈ‹Ù[XH›İXÚH‹•Ù\İ‹‘Õ\È˜\ÚXÈ‹‘Õ‹LM‹‘˜^][İH‹[XÛÛ[][šXØ][ÛœÈ‹•[š]Yİ]\È‹NK‹MNMK•QKKKBˆ•QSQŒÍ‹•ÛÛˆ‹ŒMËLLKL‹ŒMËLL‹LNKŒŒMËLLˆ‹‘ÛY\ÈÛÛÛİYÚ‹“Y[š[ˆX\[ˆ‹Ù[˜[‹“QÈÜXÚX[‹“QÈ‹MK’ÛÛ›X]š^‹›X\šÙ][™È‹•[š]Yİ]\È‹ÍÍKËLNL•QKKËŒLÌÌÌÌÌÌËKBˆ’TÓÕT‹‘[™ØYÚ[™È‹ŒMËLLKL‹’Ø\H[™š^ÛÛˆ‹”İ[[Y\ˆÙ]Ø[‹•Ù\İ‹‘Õ˜\ÚXÈ‹‘Õ‹ML‘ÛÛ^‹™š[˜[˜ÙH‹•[š]Yİ]\È‹L‹KMKSÑKKBˆPMLÍL‹“Üİ‹ŒMËLLKL‹ŒMËLLKLLËŒŒMËLLH‹“šY\ÚHY™š[™\È‹“Y[š[ˆX\[ˆ‹Ù[˜[‹‘Õ›È‹‘Õ‹ŒK‘[šÛ[™È‹™š[˜[˜ÙH‹•[š]Yİ]\È‹NKKÌŒË•QKËKBˆŒP•ÎÍÒ‘‹‘[™ØYÚ[™È‹ŒMËLLKL‹•š[Û]XÛ[[™‹Ø\˜HÜØÚ‹‘X\İ‹“QÈÜXÚX[‹“QÈ‹MK•[šÛ›İÛˆ‹•[šÛ›İÛˆ‹•[šÛ›İÛˆ‹SÑKˆ•ÓÑURÓT‹•ÛÛˆ‹ŒMËLLKLËŒMËLLKLNŒŒMËLLH‹ÙXÚ[H[\Ú[ˆ‹‘\İ[ˆœš[šÛX[›ˆ‹Ù[˜[‹‘Õ\È˜\ÚXÈ‹‘Õ‹LM‹”İ[œ™Y^‹™š[˜[˜ÙH‹•[š]Yİ]\È‹MNŒ‹ÍÎN•QKKLNKLKŒÌÍÍNLLÍNLL‹KBˆÌ‘”ÒSV”‹‘[™ØYÚ[™È‹ŒMËLLKLËÛÜ›\ÜÈÛÜÛYH‹Ø\˜HÜØÚ‹‘X\İ‹‘Õ›È‹‘Õ‹ŒK•[šÛ›İÛˆ‹•[šÛ›İÛˆ‹•[šÛ›İÛˆ‹SÑKˆ•‘Ò”H‹•ÛÛˆ‹ŒMËLLKLËŒMËLL‹LŒŒŒMËLLˆ‹‘\˜Ù[ØÚXÚ‹“Y[š[ˆX\[ˆ‹Ù[˜[‹‘Õ›È‹‘Õ‹ŒK’ÛÛ›X]š^‹›X\šÙ][™È‹•[š]Yİ]\È‹ÍÍKËLNL•QKKLÌKËLŒÍMNMÍLÌKKBˆ’‘’SR•L‹•ÛÛˆ‹ŒMËLLKLËŒMËLL‹LŒ‹ŒŒMËLLˆ‹“ZX[˜H™[˜Ú[‹‘\İ[ˆœš[šÛX[›ˆ‹Ù[˜[‹‘Õ˜\ÚXÈ‹‘Õ‹ML™[X˜\ÙH‹›X\šÙ][™È‹•[š]Yİ]\È‹ŒMÌËNL•QKKMMËKLŒLÌÌÌÌÌÌËKBˆŒÑÕ“RLQÈ‹•ÛÛˆ‹ŒMËLLKLËŒMËLLKLMŒŒMËLLH‹”›ÜÚYH\YÜİ[ÜÈ‹Ø\˜HÜØÚ‹‘X\İ‹“QÈY˜[˜ÙY‹“QÈ‹ÌÎLË›]ÛÛ\[H‹XÚ›ÛÙŞH‹•[š]Yİ]\È‹L‹ŒÌ‹ÌË•QKKÍ‹ËLŒMÌNLŒÍÍŒÌKBˆÌÍNT–H‹•ÛÛˆ‹ŒMËLLKLŒMËLLKL‹ŒŒMËLLH‹ÙXÚ[H[\Ú[ˆ‹‘\İ[ˆœš[šÛX[›ˆ‹Ù[˜[‹“QÈY˜[˜ÙY‹“QÈ‹ÌÎLË‘[šÛ[™È‹™š[˜[˜ÙH‹•[š]Yİ]\È‹NKKÌŒË•QKKMNŒLLMÎÎÎMÍKBˆ“SRVQSQH‹•ÛÛˆ‹ŒMËLLKLŒMËLLKLNKŒŒMËLLH‹‘ÛY\ÈÛÛÛİYÚ‹“Y[š[ˆX\[ˆ‹Ù[˜[‹‘Õ\È˜\ÚXÈ‹‘Õ‹LM‹‘Ù[˜ÛÈ\˜HÛ]™HÚ[ÛÛ\[H‹œ™]Z[‹’][H‹MŒÌËMŒÍK•QKKLÌKLKŒŒLŒNMÎLŒ‹KBˆ‘ÔÎURÕQÕˆ‹“Üİ‹ŒMËLLKLŒMËLLKLM‹ŒŒMËLLH‹’›Û˜][ˆ™\[İ‹“Y[š[ˆX\[ˆ‹Ù[˜[‹‘Õ›È‹‘Õ‹ŒK•™Y\][İH‹[XÛÛ[][šXØ][ÛœÈ‹•[š]Yİ]\È‹L‹ŒKNMK•QKKBˆ–SUÕ’–ˆ‹“Üİ‹ŒMËLLKLŒMËLLKL‹ŒŒMËLLH‹’Ø[ZHšXÚÛ™[‹”İ[[Y\ˆÙ]Ø[‹•Ù\İ‹‘Õ\È›È‹‘Õ‹M‹”İ[›˜[\^‹›X\šÙ][™È‹”Û[™‹MŒÍËMNLË•QKNKBˆ“ŒŒ–RSH‹•ÛÛˆ‹ŒMËLLKLŒMËLL‹LŒŒMËLLˆ‹’Ø[ZHšXÚÛ™[‹”İ[[Y\ˆÙ]Ø[‹•Ù\İ‹‘Õ\È˜\ÚXÈ‹‘Õ‹LM‹”\Üİš\‹™[\Z[›Y[‹•[š]Yİ]\È‹ÍKKÌMK•QKKL‹‹ŒLÍÌÍÌŒŒÍÌÍÌ‹KBˆ“ÕU’Í‹•ÛÛˆ‹ŒMËLLKLŒMËLLKLLKŒŒMËLLH‹’Ø\H[™š^ÛÛˆ‹”İ[[Y\ˆÙ]Ø[‹•Ù\İ‹‘Õ\È˜\ÚXÈ‹‘Õ‹LM‹”^˜\‹œ™]Z[‹•[š]Yİ]\È‹ÍËKÍ•QKKLŒËËLŒMÍŒÍÌÍÌŒŒÍÌËKBˆ•T“UŒ’È‹“Üİ‹ŒMËLLKLŒMËLL‹LÌŒŒMËLLˆ‹“ZX[˜H™[˜Ú[‹‘\İ[ˆœš[šÛX[›ˆ‹Ù[˜[‹“QÈÜXÚX[‹“QÈ‹MK’ÛÛ›X]š^‹›X\šÙ][™È‹•[š]Yİ]\È‹ÍÍKËLNL•QKL‹KBˆ’Í•”ÑÕPˆ‹•ÛÛˆ‹ŒMËLLKLŒMËLLKLMËŒŒMËLLH‹“X\Hœ™]Y[˜\™È‹“Y[š[ˆX\[ˆ‹Ù[˜[‹‘Õ\È˜\ÚXÈ‹‘Õ‹LM‹•Ø\™\\ÙH‹œÙ\šXÙ\È‹•[š]Yİ]\È‹ŒKÌËLÍ‹•QKKNKKŒLLÍÌÍÌŒŒÍÍKBˆÔÖÖQLPÈ‹•ÛÛˆ‹ŒMËLLKLŒMËLLKLŒŒŒMËLLH‹“šY\ÚHY™š[™\È‹“Y[š[ˆX\[ˆ‹Ù[˜[‹‘Õ\È˜\ÚXÈ‹‘Õ‹LM‹”ØÛİXÚ‹›X\šÙ][™È‹•[š]Yİ]\È‹KŒÎKL•QKKLLÌËL‹LŒÌÍÍNLLÍNLL‹KBˆUÌ”ÍÈ‹•ÛÛˆ‹ŒMËLLKLŒMËLL‹LËŒŒMËLLˆ‹•š[Û]XÛ[[™‹Ø\˜HÜØÚ‹‘X\İ‹“QÈÜXÚX[‹“QÈ‹MKX˜˜Hİ[\‹œÛÙØ\™H‹•[š]Yİ]\È‹NËŒÎKŒLË•QKKM‹KLŒNNNNNNNKKBˆ”RÌLVS‹‘[™ØYÚ[™È‹ŒMËLLKL•Ú[\›ˆ˜\œ™[ˆ‹Ø\˜HÜØÚ‹‘X\İ‹‘Õ\È˜\ÚXÈ‹‘Õ‹LM‹•[šÛ›İÛˆ‹•[šÛ›İÛˆ‹•[šÛ›İÛˆ‹SÑKˆ•ÍŒŒÒT‹‘[™ØYÚ[™È‹ŒMËLLKLK›Üš\È˜^ˆ‹”›ØØÛÈ™]X™\‹‘X\İ‹‘Õ˜\ÚXÈ‹‘Õ‹ML•[šÛ›İÛˆ‹•[šÛ›İÛˆ‹•[šÛ›İÛˆ‹SÑKˆ’ŒÖ“‘‹“Üİ‹ŒMËLLKLKŒMËLLKLLËŒŒMËLLH‹‘Û›ˆØ[™[‹”›ØØÛÈ™]X™\‹‘X\İ‹‘Õ˜\ÚXÈ‹‘Õ‹ML–™[˜ÛÜœÜ˜][Ûˆ‹XÚ›ÛÙŞH‹Ú[˜H‹ÎKM‹•QKKBˆ‘ĞĞĞ”’‘‹•ÛÛˆ‹ŒMËLLKLKŒMËLLKLËŒŒMËLLH‹‘Ø\œ™]Ú[™\ˆ‹Ø\˜HÜØÚ‹‘X\İ‹‘Õ\È›È‹‘Õ‹M‹”İ[XXÙH‹œ™]Z[‹”›ÛX[šXH‹MËKLË•QKKNŒLLÍNLMÍKBˆ‘ÍÖ–‘ÎQH‹•ÛÛˆ‹ŒMËLLKLKŒMËLLKLŒ‹ŒŒMËLLH‹’˜[Y\È\ØÙ[˜Ú[È‹”İ[[Y\ˆÙ]Ø[‹•Ù\İ‹‘Õ˜\ÚXÈ‹‘Õ‹ML’Ø[‹XÛÙH‹œÛÙØ\™H‹•[š]Yİ]\È‹LMNŒËÍ•QKKËLËŒNMMMMMMMKKBˆ•NT•Ó‹•ÛÛˆ‹ŒMËLLKLKŒMËLLKLŒËŒŒMËLLH‹’Ø[ZHšXÚÛ™[‹”İ[[Y\ˆÙ]Ø[‹•Ù\İ‹‘Õ˜\ÚXÈ‹‘Õ‹ML‘ÛÛÙÚ[›Ûˆ‹›X\šÙ][™È‹•[š]Yİ]\È‹ML‹ÌËLLË•QKKMŒ‹MLŒŒNNNNNNMËKBˆ““”‘SMH‹•ÛÛˆ‹ŒMËLLKLKŒMËLLKLŒKŒŒMËLLH‹’Ø[ZHšXÚÛ™[‹”İ[[Y\ˆÙ]Ø[‹•Ù\İ‹‘Õ˜\ÚXÈ‹‘Õ‹ML‘Ü›Ûİ™\İ™Y]‹œ™]Z[‹•[š]Yİ]\È‹ŒŒËNK•QKKÍËL‹ŒŒMMMMMMKKBˆ•RUH‹“Üİ‹ŒMËLLKLKŒMËLLKLŒËŒŒMËLLH‹’Ø\H[™š^ÛÛˆ‹”İ[[Y\ˆÙ]Ø[‹•Ù\İ‹“QÈY˜[˜ÙY‹“QÈ‹ÌÎLË”˜[İXÚ‹[XÛÛ[][šXØ][ÛœÈ‹•[š]Yİ]\È‹LN‹ÌMK•QKMKBˆURÖPˆ‹•ÛÛˆ‹ŒMËLLKLKŒMËLLKLMŒŒMËLLH‹’Ø\H[™š^ÛÛˆ‹”İ[[Y\ˆÙ]Ø[‹•Ù\İ‹‘Õ˜\ÚXÈ‹‘Õ‹ML’Ø[‹XÛÙH‹œÛÙØ\™H‹•[š]Yİ]\È‹LMNŒËÍ•QKKŒ‹KLŒLNNNNNN‹KBˆ–“LRÖ””È‹•ÛÛˆ‹ŒMËLLKLKŒMËLL‹LLŒŒMËLLˆ‹“X\šÚ]H[œÙ[ˆ‹Ù[XH›İXÚH‹•Ù\İ‹“QÈÜXÚX[‹“QÈ‹MK”ÛÛœ›Ûˆ‹[XÛÛ[][šXØ][ÛœÈ‹•[š]Yİ]\È‹MNKKLL•QKKM‹ÌKLŒNNNNNNNKKBˆŒ‘‘ÕV‘H‹“Üİ‹ŒMËLLKLKŒMËLLKLËŒŒMËLLH‹“X]\™Y[ˆX\˜Ø[›È‹”İ[[Y\ˆÙ]Ø[‹•Ù\İ‹“QÈY˜[˜ÙY‹“QÈ‹ÌÎLË”İ[›˜[\^‹›X\šÙ][™È‹”Û[™‹MŒÍËMNLË•QKNKBˆŒÌÑÍ•‹•ÛÛˆ‹ŒMËLLKLKŒMËLLKLŒKŒŒMËLLH‹“[ÜÙ\Èœ˜\ÙH‹‘\İ[ˆœš[šÛX[›ˆ‹Ù[˜[‹“QÈÜXÚX[‹“QÈ‹MK•Ø\™\\ÙH‹œÙ\šXÙ\È‹•[š]Yİ]\È‹ŒKÌËLÍ‹•QKKML‹ŒNNNNNNN‹KBˆ’“LV’ÓÈ‹‘[™ØYÚ[™È‹ŒMËLLKLK•šXÚÚHY›[[YH‹Ù[XH›İXÚH‹•Ù\İ‹‘Õ›È‹‘Õ‹ŒK•[šÛ›İÛˆ‹•[šÛ›İÛˆ‹•[šÛ›İÛˆ‹SÑKˆ”TĞÕ’“’ˆ‹“Üİ‹ŒMËLLKLKŒMËLLKLŒËŒŒMËLLH‹•Ú[\›ˆ˜\œ™[ˆ‹Ø\˜HÜØÚ‹‘X\İ‹‘Õ›È‹‘Õ‹ŒKXÛYHÛÜœÜ˜][Ûˆ‹XÚ›ÛÙŞH‹•[š]Yİ]\È‹LLŒŒ‹•QKMKBˆÌÒÔR•‘H‹•ÛÛˆ‹ŒMËLLKLLŒMËLLKLNŒŒMËLLH‹ÛÜ›\ÜÈÛÜÛYH‹Ø\˜HÜØÚ‹‘X\İ‹‘Õ˜\ÚXÈ‹‘Õ‹MLXÛYHÛÜœÜ˜][Ûˆ‹XÚ›ÛÙŞH‹•[š]Yİ]\È‹LLŒŒ‹•QKKMÍËLŒLLLLLLLKKBˆ“–’RŒÒÒÑÈ‹“Üİ‹ŒMËLLKLLŒMËLLKLM‹ŒŒMËLLH‹‘[šY[[[XXÚÈ‹”›ØØÛÈ™]X™\‹‘X\İ‹‘Õ\È˜\ÚXÈ‹‘Õ‹LM‹“X\ÜÚ]™H[˜[ZXÈ‹™[\Z[›Y[‹•[š]Yİ]\È‹KŒ‹LMK•QK‹KBˆ‘”LÍH‹•ÛÛˆ‹ŒMËLLKLLŒMËLLKLŒŒŒMËLLH‹‘\˜Ù[ØÚXÚ‹“Y[š[ˆX\[ˆ‹Ù[˜[‹‘Õ›È‹‘Õ‹ŒK”›Û‹]XÚ‹›YYXØ[‹•[š]Yİ]\È‹ÎLŒ‹‹ÍË•QKKLŒÌÌÌŒŒLÌŒÌÍÍKKBˆPÌLÕPN‹•ÛÛˆ‹ŒMËLLKLLŒMËLL‹LŒ‹ŒŒMËLLˆ‹’Ø\H[™š^ÛÛˆ‹”İ[[Y\ˆÙ]Ø[‹•Ù\İ‹‘Õ\È›È‹‘Õ‹M‹“^\]›Û^‹›YYXØ[‹•[š]Yİ]\È‹MŒNKÎK•QKKŒNK‹LŒMLÌÌNNMMŒŒŒKBˆ‘ÍMH‹•ÛÛˆ‹ŒMËLLKLLŒMËLL‹LKŒŒMËLLˆ‹’Ø\H[™š^ÛÛˆ‹”İ[[Y\ˆÙ]Ø[‹•Ù\İ‹‘Õ›È‹‘Õ‹ŒKÛÛ™^‹›YYXØ[‹•[š]Yİ]\È‹MK•QKKÌËŒKŒÌNLLNLÌËKBˆ–”ÖUĞÓ”ˆ‹“Üİ‹ŒMËLLKLLŒMËLLKL‹ŒŒMËLLH‹“X\šÚ]H[œÙ[ˆ‹Ù[XH›İXÚH‹•Ù\İ‹‘ÕÈL‹‘ÕÈ‹Í–ZÛ[™È‹™š[˜[˜ÙH‹•[š]Yİ]\È‹ÍLÍËŒŒLË•QKM‹KBˆ•“’”QÈ‹•ÛÛˆ‹ŒMËLLKLLŒMËLL‹LKŒŒMËLLˆ‹”™YYÛ\\ˆ‹”›ØØÛÈ™]X™\‹‘X\İ‹‘Õ\È›È‹‘Õ‹M‹–˜][šXÛÛˆ‹œ™]Z[‹•[š]Yİ]\È‹ÌKŒL‹M•QKKNKKŒMLLÍLŒŒÎ‹KBˆŒÕÖTUTH‹‘[™ØYÚ[™È‹ŒMËLLKLL”›ÜØ[[˜HY]\ˆ‹Ù[XH›İXÚH‹•Ù\İ‹“QÈÜXÚX[‹“QÈ‹MK•[šÛ›İÛˆ‹•[šÛ›İÛˆ‹•[šÛ›İÛˆ‹SÑKˆLÖPŒ–Sˆ‹•ÛÛˆ‹ŒMËLLKLLKŒMËLLKLŒŒŒMËLLH‹ÛÜ›\ÜÈÛÜÛYH‹Ø\˜HÜØÚ‹‘X\İ‹‘Õ\È˜\ÚXÈ‹‘Õ‹LM‹’Ú[›˜[\\È‹œ™]Z[‹•[š]Yİ]\È‹Ì‹Ì‹NÌK•QKKLNKLŒÍŒÌÍMÍŒÍKBˆÎ’TQ‘Sˆ‹“Üİ‹ŒMËLLKLLKŒMËLLKLMŒŒMËLLH‹‘\˜Ù[ØÚXÚ‹“Y[š[ˆX\[ˆ‹Ù[˜[‹‘Õ\È›È‹‘Õ‹M‹™]]XÚ‹›YYXØ[‹’Ù[XH‹ËŒNLNK•QKËKBˆŒQRŒÑ‹“Üİ‹ŒMËLLKLLKŒMËLLKLNŒŒMËLLH‹‘Û›ˆØ[™[‹”›ØØÛÈ™]X™\‹‘X\İ‹‘Õ\È˜\ÚXÈ‹‘Õ‹LM‹“Ü[XÚ‹™š[˜[˜ÙH‹•[š]Yİ]\È‹ÍMKŒŒËLË•QKËKBˆ•‘ÍÍLˆ‹•ÛÛˆ‹ŒMËLLKLLKŒMËLL‹LŒŒMËLLˆ‹’›Û˜][ˆ™\[İ‹“Y[š[ˆX\[ˆ‹Ù[˜[‹“QÈÜXÚX[‹“QÈ‹MK•™Y\][İH‹[XÛÛ[][šXØ][ÛœÈ‹•[š]Yİ]\È‹L‹ŒKNMK•QKKMËŒËLŒÍŒÍŒÍŒÍŒÍŒÍŒÍKBˆÑVÕ‹“Üİ‹ŒMËLLKLLKŒMËLLKLŒ‹ŒŒMËLLH‹“X\Hœ™]Y[˜\™È‹“Y[š[ˆX\[ˆ‹Ù[˜[‹‘Õ\È›È‹‘Õ‹M‹•İYÚ˜\‹œ™]Z[‹•[š]Yİ]\È‹ÌÌ‹ËÎNK•QKLKKBˆ–‘‘PTMÈ‹“Üİ‹ŒMËLLKLLKŒMËLLKLŒ‹ŒŒMËLLH‹“šY\ÚHY™š[™\È‹“Y[š[ˆX\[ˆ‹Ù[˜[‹‘Õ\È˜\ÚXÈ‹‘Õ‹LM‹‘Ù[˜ÛÈ\˜HÛ]™HÚ[ÛÛ\[H‹œ™]Z[‹’][H‹MŒÌËMŒÍK•QKLKKBˆ–LR‘‘Uˆ‹•ÛÛˆ‹ŒMËLLKLLKŒMËLL‹LŒŒŒMËLLˆ‹•™\œÚYH[Xœ˜[™‹‘\İ[ˆœš[šÛX[›ˆ‹Ù[˜[‹“QÈÜXÚX[‹“QÈ‹MKÛÙZİÈ‹œÛÙØ\™H‹•[š]Yİ]\È‹ÌMKK•QKKÎKŒLÌÌÌÌÌÌËKBˆÑÖ•ÌSH‹•ÛÛˆ‹ŒMËLLKLLKŒMËLLKLLËŒŒMËLLH‹•š[Û]XÛ[[™‹Ø\˜HÜØÚ‹‘X\İ‹“QÈÜXÚX[‹“QÈ‹MKš[Ü^‹›YYXØ[‹•[š]Yİ]\È‹Ì‹‹LM‹•QKKLK‹ŒÌÌÌÌÌÌÌKBˆÖMNLÈ‹“Üİ‹ŒMËLLKLL‹ŒMËLLKLKŒŒMËLLH‹[›˜HÛ™[[™È‹‘\İ[ˆœš[šÛX[›ˆ‹Ù[˜[‹“QÈÜXÚX[‹“QÈ‹MK’[š]H‹›X\šÙ][™È‹•[š]Yİ]\È‹ËNK•QKLËKBˆ•ŒMNŒÈ‹•ÛÛˆ‹ŒMËLLKLL‹ŒMËLLKLLËŒŒMËLLH‹ÛÜ›\ÜÈÛÜÛYH‹Ø\˜HÜØÚ‹‘X\İ‹‘Õ\È˜\ÚXÈ‹‘Õ‹LM‹•[Xœ™[HÛÜœÜ˜][Ûˆ‹™š[˜[˜ÙH‹•[š]Yİ]\È‹ŒŒ‹ŒMLLLË•QKKLLÎKLŒÎÌŒLMÎÌŒLM‹KBˆ“‘PVLTH‹•ÛÛˆ‹ŒMËLLKLL‹ŒMËLL‹LŒKŒŒMËLLˆ‹‘\˜Ù[ØÚXÚ‹“Y[š[ˆX\[ˆ‹Ù[˜[‹“QÈÜXÚX[‹“QÈ‹MK”İ™Y]^‹œ™]Z[‹™[Ú][H‹LÍÍ‹LMK•QKKKÎKŒLLLLLLLKKBˆ“MTŒˆ‹“Üİ‹ŒMËLLKLL‹ŒMËLLKLŒKŒŒMËLLH‹‘Ø\œ™]Ú[™\ˆ‹Ø\˜HÜØÚ‹‘X\İ‹“QÈY˜[˜ÙY‹“QÈ‹ÌÎLË”İ[XXÙH‹œ™]Z[‹”›ÛX[šXH‹MËKLË•QKKKBˆ•ÔŒTÍÕ‹•ÛÛˆ‹ŒMËLLKLL‹ŒMËLL‹LŒŒMËLLˆ‹‘ÛY\ÈÛÛÛİYÚ‹“Y[š[ˆX\[ˆ‹Ù[˜[‹‘Õ˜\ÚXÈ‹‘Õ‹ML‘Ù[˜ÛÈ\˜HÛ]™HÚ[ÛÛ\[H‹œ™]Z[‹’][H‹MŒÌËMŒÍK•QKKL‹LŒNNNNNNN‹KBˆPNQÓ‹•ÛÛˆ‹ŒMËLLKLL‹ŒMËLL‹LKŒŒMËLLˆ‹’Ø\H[™š^ÛÛˆ‹”İ[[Y\ˆÙ]Ø[‹•Ù\İ‹‘Õ˜\ÚXÈ‹‘Õ‹ML“^\]›Û^‹›YYXØ[‹•[š]Yİ]\È‹MŒNKÎK•QKKÌËŒMMMMMMM‹KBˆÍ”–”È‹•ÛÛˆ‹ŒMËLLKLL‹ŒMËLL‹LÌKŒŒMËLLˆ‹“ZX[˜H™[˜Ú[‹‘\İ[ˆœš[šÛX[›ˆ‹Ù[˜[‹‘Õ˜\ÚXÈ‹‘Õ‹ML’\ÙÛH‹›YYXØ[‹•[š]Yİ]\È‹ÌMÎŒM•QKKMËKLŒÌLLLLLLKKBˆQLÕS”H‹•ÛÛˆ‹ŒMËLLKLL‹ŒMËLL‹LKŒŒMËLLˆ‹“X\šÚ]H[œÙ[ˆ‹Ù[XH›İXÚH‹•Ù\İ‹“QÈY˜[˜ÙY‹“QÈ‹ÌÎLË“™]Ù^‹œÙ\šXÙ\È‹‘Ù\›X[H‹LL‹Ì‹ÍL‹•QKKÎÍ‹ËLŒLÌMŒLŒÍŒÍÌ‹KBˆÔNQS‹•ÛÛˆ‹ŒMËLLKLL‹ŒMËLLKLMŒŒMËLLH‹“X\Hœ™]Y[˜\™È‹“Y[š[ˆX\[ˆ‹Ù[˜[‹‘Õ\È›È‹‘Õ‹M‹”˜[™Ü™Y[ˆ‹XÚ›ÛÙŞH‹”[˜[XH‹LÎËÍÍK•QKKNLM‹‹LŒÎLMNÎLÌMLKKBˆMQNSVUˆ‹•ÛÛˆ‹ŒMËLLKLL‹ŒMËLLKLŒ‹ŒŒMËLLH‹“X]\™Y[ˆX\˜Ø[›È‹”İ[[Y\ˆÙ]Ø[‹•Ù\İ‹‘Õ\È˜\ÚXÈ‹‘Õ‹LM‹ÚY\œÈ‹™[\Z[›Y[‹•[š]Yİ]\È‹KKÌ‹•QKKLÎLŒMMŒNÎMMŒ‹KBˆŒÒLH‹•ÛÛˆ‹ŒMËLLKLL‹ŒMËLLKLMKŒŒMËLLH‹“X]\™Y[ˆX\˜Ø[›È‹”İ[[Y\ˆÙ]Ø[‹•Ù\İ‹‘Õ\È˜\ÚXÈ‹‘Õ‹LM‹’Ø[‹XÛÙH‹œÛÙØ\™H‹•[š]Yİ]\È‹LMNŒËÍ•QKKLLËLŒMMÍLMMÍKKBˆ“Õ–’ÖRL‹•ÛÛˆ‹ŒMËLLKLL‹ŒMËLL‹LKŒŒMËLLˆ‹•™\œÚYH[Xœ˜[™‹‘\İ[ˆœš[šÛX[›ˆ‹Ù[˜[‹“QÈÜXÚX[‹“QÈ‹MK‘ÛÙÛŞ›ÛÛH‹[XÛÛ[][šXØ][ÛœÈ‹•[š]Yİ]\È‹‹NË•QKKŒKNKLŒLLLLLLLKKBˆŒUÌ‘QV‹“Üİ‹ŒMËLLKLL‹ŒMËLL‹LŒŒMËLLˆ‹•šXÚÚHY›[[YH‹Ù[XH›İXÚH‹•Ù\İ‹“QÈÜXÚX[‹“QÈ‹MK‘˜^][İH‹[XÛÛ[][šXØ][ÛœÈ‹•[š]Yİ]\È‹NK‹MNMK•QK‹KBˆMÍÓÍÌÈ‹•ÛÛˆ‹ŒMËLLKLL‹ŒMËLLKLNKŒŒMËLLH‹•Ú[\›ˆ˜\œ™[ˆ‹Ø\˜HÜØÚ‹‘X\İ‹“QÈY˜[˜ÙY‹“QÈ‹ÌÎLË“X]İXÚ‹›X\šÙ][™È‹’›Ü™[ˆ‹ÌË‹MLM‹•QKKLKËLŒNŒLÎMNLÎLÎKKBˆ“QQŒ‹“Üİ‹ŒMËLLKLL‹ŒMËLLKLMKŒŒMËLLH‹–˜[™H]H‹”İ[[Y\ˆÙ]Ø[‹•Ù\İ‹‘Õ\È˜\ÚXÈ‹‘Õ‹LM‹’]˜[ˆ‹œÙ\šXÙ\È‹•[š]Yİ]\È‹ÎL‹‹LNK•QKËKBˆL’Q‘UÑ‹•ÛÛˆ‹ŒMËLLKLL‹ŒMËLLKLMËŒŒMËLLH‹–˜[™H]H‹”İ[[Y\ˆÙ]Ø[‹•Ù\İ‹‘Õ›È‹‘Õ‹ŒK”\Üİš\‹™[\Z[›Y[‹•[š]Yİ]\È‹ÍKKÌMK•QKKLMKLŒNNMNLÌKKBˆ“U”MMT’‹•ÛÛˆ‹ŒMËLLKLLËŒMËLLKLŒŒMËLLH‹›Üš\È˜^ˆ‹”›ØØÛÈ™]X™\‹‘X\İ‹‘Õ˜\ÚXÈ‹‘Õ‹ML–›İØ\™H‹œÛÙØ\™H‹•[š]Yİ]\È‹ÎËLÎK•QKKLËLKŒLÍŒÍŒÍŒÍŒÍŒÍKBˆŒUŒÓÌLV‘‹“Üİ‹ŒMËLLKLLËŒMËLLKLŒËŒŒMËLLH‹Ø\ÜÙ^HÜ™\ÜÈ‹”›ØØÛÈ™]X™\‹‘X\İ‹‘Õ˜\ÚXÈ‹‘Õ‹ML’Ú[›˜[\\È‹œ™]Z[‹•[š]Yİ]\È‹Ì‹Ì‹NÌK•QKLKBˆRP–”SMˆ‹•ÛÛˆ‹ŒMËLLKLLËŒMËLLKLŒŒŒMËLLH‹‘[šY[[[XXÚÈ‹”›ØØÛÈ™]X™\‹‘X\İ‹‘Õ\È˜\ÚXÈ‹‘Õ‹LM‹’Ú[›˜[\\È‹œ™]Z[‹•[š]Yİ]\È‹Ì‹Ì‹NÌK•QKKLŒËLŒLMÎÌŒLMÎËKBˆ’VSUVQˆ‹“Üİ‹ŒMËLLKLLËŒMËLLKLŒKŒŒMËLLH‹’›Û˜][ˆ™\[İ‹“Y[š[ˆX\[ˆ‹Ù[˜[‹‘Õ˜\ÚXÈ‹‘Õ‹ML’\ÙÛH‹›YYXØ[‹•[š]Yİ]\È‹ÌMÎŒM•QKKBˆ“Ò–RÌH‹“Üİ‹ŒMËLLKLLËŒMËLLKLMŒŒMËLLH‹’Ø[ZHšXÚÛ™[‹”İ[[Y\ˆÙ]Ø[‹•Ù\İ‹‘Õ˜\ÚXÈ‹‘Õ‹ML’ÛÛ™^‹XÚ›ÛÙŞH‹•[š]Yİ]\È‹ÍÌŒÎLÍÍM‹•QKKKBˆ’LÌÕPÓÌH‹“Üİ‹ŒMËLLKLLËŒMËLLKLÌŒŒMËLLH‹’Ø[ZHšXÚÛ™[‹”İ[[Y\ˆÙ]Ø[‹•Ù\İ‹‘Õ›È‹‘Õ‹ŒK’İXÚH‹XÚ›ÛÙŞH‹’ÛÜ™XH‹MÌŒÎMNK•QKMËKBˆ“UVÎMˆ‹“Üİ‹ŒMËLLKLLËŒMËLLKLNKŒŒMËLLH‹“ZX[˜H™[˜Ú[‹‘\İ[ˆœš[šÛX[›ˆ‹Ù[˜[‹‘Õ˜\ÚXÈ‹‘Õ‹ML”İ™Y]^‹œ™]Z[‹™[Ú][H‹LÍÍ‹LMK•QK‹KBˆ‘ÌUÎMÖH‹‘[™ØYÚ[™È‹ŒMËLLKLLË“X]\™Y[ˆX\˜Ø[›È‹”İ[[Y\ˆÙ]Ø[‹•Ù\İ‹‘Õ\È˜\ÚXÈ‹‘Õ‹LM‹•[šÛ›İÛˆ‹•[šÛ›İÛˆ‹•[šÛ›İÛˆ‹SÑKˆ•SPM‘ˆ‹•ÛÛˆ‹ŒMËLLKLMŒMËLLKLMKŒŒMËLLH‹[›˜HÛ™[[™È‹‘\İ[ˆœš[šÛX[›ˆ‹Ù[˜[‹‘Õ\È›È‹‘Õ‹M‹•™Y\][İH‹[XÛÛ[][šXØ][ÛœÈ‹•[š]Yİ]\È‹L‹ŒKNMK•QKKLÍ‹KŒÍÍMÍÍLLŒ‹KBˆ“–ÓMĞÍÈ‹‘[™ØYÚ[™È‹ŒMËLLKLM‘[šY[[[XXÚÈ‹”›ØØÛÈ™]X™\‹‘X\İ‹‘Õ\È˜\ÚXÈ‹‘Õ‹LM‹Ø[˜Ú]H‹œ™]Z[‹•[š]Yİ]\È‹ÌNŒ‹SÑKKBˆ’ÎN‘•ÔÈ‹“Üİ‹ŒMËLLKLMŒMËLLKLŒŒMËLLH‹‘Ø\œ™]Ú[™\ˆ‹Ø\˜HÜØÚ‹‘X\İ‹‘Õ\È›È‹‘Õ‹M‹š[Ü^‹›YYXØ[‹•[š]Yİ]\È‹Ì‹‹LM‹•QKMKBˆ’”L’‹“Üİ‹ŒMËLLKLMŒMËLLKLŒŒŒMËLLH‹‘ÛY\ÈÛÛÛİYÚ‹“Y[š[ˆX\[ˆ‹Ù[˜[‹‘Õ\È˜\ÚXÈ‹‘Õ‹LM‹’ÛÛ›X]š^‹›X\šÙ][™È‹•[š]Yİ]\È‹ÍÍKËLNL•QK‹KBˆŒ’TMÌN‹“Üİ‹ŒMËLLKLMŒMËLLKLŒËŒŒMËLLH‹’^Y[ˆ™[Û\È‹Ù[XH›İXÚH‹•Ù\İ‹“QÈY˜[˜ÙY‹“QÈ‹ÌÎLË”ØÛİš[™‹œÛÙØ\™H‹•[š]Yİ]\È‹ŒÍMËMÎ•QKKKBˆÔÒ’Õ“TH‹“Üİ‹ŒMËLLKLMŒMËLLKLM‹ŒŒMËLLH‹’˜[Y\È\ØÙ[˜Ú[È‹”İ[[Y\ˆÙ]Ø[‹•Ù\İ‹‘Õ˜\ÚXÈ‹‘Õ‹ML–KXÛÜœÜ˜][Ûˆ‹™[\Ş[Y[‹•[š]Yİ]\È‹ÌKŒÍKMMŒK•QK‹KBˆ“ŒÖU‘VLˆ‹•ÛÛˆ‹ŒMËLLKLMŒMËLLKLŒËŒŒMËLLH‹“X\Hœ™]Y[˜\™È‹“Y[š[ˆX\[ˆ‹Ù[˜[‹‘Õ\È˜\ÚXÈ‹‘Õ‹LM‹”›Û‹]XÚ‹›YYXØ[‹•[š]Yİ]\È‹ÎLŒ‹‹ÍË•QKKMËKŒLÍNMLLLMKKBˆ“”RVH‹“Üİ‹ŒMËLLKLMŒMËLLKLŒËŒŒMËLLH‹”™YYÛ\\ˆ‹”›ØØÛÈ™]X™\‹‘X\İ‹‘Õ\È›È‹‘Õ‹M‹’ÛÛ™^‹XÚ›ÛÙŞH‹•[š]Yİ]\È‹ÍÌŒÎLÍÍM‹•QKKKBˆ”ÒS•ˆ‹•ÛÛˆ‹ŒMËLLKLMŒMËLLKLKŒŒMËLLH‹•š[Û]XÛ[[™‹Ø\˜HÜØÚ‹‘X\İ‹“QÈY˜[˜ÙY‹“QÈ‹ÌÎLË’Ú[›˜[\\È‹œ™]Z[‹•[š]Yİ]\È‹Ì‹Ì‹NÌK•QKKÌÍ‹MKŒMLÌMŒMKKBˆ“RĞRĞÑ”H‹•ÛÛˆ‹ŒMËLLKLMKŒMËLL‹LÌŒŒMËLLˆ‹›Üš\È˜^ˆ‹”›ØØÛÈ™]X™\‹‘X\İ‹‘Õ\È›È‹‘Õ‹M‹‘Ø[š˜Y›^‹œ™]Z[‹’˜\[ˆ‹LMNÌKMÍÎK•QKKMŒLKLŒŒÌÍLMËKBˆVRÍR‹“Üİ‹ŒMËLLKLMKŒMËLL‹LMKŒŒMËLLˆ‹Ø\ÜÙ^HÜ™\ÜÈ‹”›ØØÛÈ™]X™\‹‘X\İ‹“QÈY˜[˜ÙY‹“QÈ‹ÌÎLËÛÛ™^‹›YYXØ[‹•[š]Yİ]\È‹MK•QKÌKBˆ”“ÎT‘H‹•ÛÛˆ‹ŒMËLLKLMKŒMËLLKLÌŒŒMËLLH‹Ø\ÜÙ^HÜ™\ÜÈ‹”›ØØÛÈ™]X™\‹‘X\İ‹‘Õ˜\ÚXÈ‹‘Õ‹ML‘Ûœ]XYXÚ‹XÚ›ÛÙŞH‹•[š]Yİ]\È‹MÌL‹ÌNM•QKKMMËMKLŒLÌÌÌÌÌÌËKBˆ‘UÍPTÖ‹“Üİ‹ŒMËLLKLMKŒMËLLKLŒŒŒMËLLH‹‘\˜Ù[ØÚXÚ‹“Y[š[ˆX\[ˆ‹Ù[˜[‹‘Õ›È‹‘Õ‹ŒK•Ø\™\\ÙH‹œÙ\šXÙ\È‹•[š]Yİ]\È‹ŒKÌËLÍ‹•QKKKBˆ“Q’ÔMPˆ‹•ÛÛˆ‹ŒMËLLKLMKŒMËLLKLÌŒŒMËLLH‹‘\˜Ù[ØÚXÚ‹“Y[š[ˆX\[ˆ‹Ù[˜[‹‘Õ›È‹‘Õ‹ŒK™[X˜\ÙH‹›X\šÙ][™È‹•[š]Yİ]\È‹ŒMÌËNL•QKKMŒMKLŒMŒMNÌÌÍMÍÎKKBˆÓÒTŒÍ”ˆ‹•ÛÛˆ‹ŒMËLLKLMKŒMËLL‹LËŒŒMËLLˆ‹‘Û›ˆØ[™[‹”›ØØÛÈ™]X™\‹‘X\İ‹‘Õ›È‹‘Õ‹ŒKXÛYHÛÜœÜ˜][Ûˆ‹XÚ›ÛÙŞH‹•[š]Yİ]\È‹LLŒŒ‹•QKKN‹LŒÌNÌLÎMŒÎLKBˆÖ•ÕÓL‹‘[™ØYÚ[™È‹ŒMËLLKLMK’Ø[ZHšXÚÛ™[‹”İ[[Y\ˆÙ]Ø[‹•Ù\İ‹“QÈÜXÚX[‹“QÈ‹MK”ØÛİš[™‹œÛÙØ\™H‹•[š]Yİ]\È‹ŒÍMËMÎSÑKKBˆ‘ÔLLÓÌTH‹“Üİ‹ŒMËLLKLMKŒMËLLKLŒ‹ŒŒMËLLH‹’Ø[ZHšXÚÛ™[‹”İ[[Y\ˆÙ]Ø[‹•Ù\İ‹‘Õ›È‹‘Õ‹ŒK’Ø[‹XÛÙH‹œÛÙØ\™H‹•[š]Yİ]\È‹LMNŒËÍ•QKËKBˆ”ÎQQ‘Ô‹“Üİ‹ŒMËLLKLMKŒMËLLKLŒŒMËLLH‹’Ø\H[™š^ÛÛˆ‹”İ[[Y\ˆÙ]Ø[‹•Ù\İ‹‘Õ˜\ÚXÈ‹‘Õ‹ML’ÛÛ™^‹XÚ›ÛÙŞH‹•[š]Yİ]\È‹ÍÌŒÎLÍÍM‹•QKLËKBˆSÖ–•‹•ÛÛˆ‹ŒMËLLKLMKŒMËLLKLKŒŒMËLLH‹–˜[™H]H‹”İ[[Y\ˆÙ]Ø[‹•Ù\İ‹‘Õ˜\ÚXÈ‹‘Õ‹ML’Ø[‹XÛÙH‹œÛÙØ\™H‹•[š]Yİ]\È‹LMNŒËÍ•QKKLÌLŒÍŒÍŒÍŒÍŒÍŒÍŒÍKBˆ‘–T•ÓÍÈ‹•ÛÛˆ‹ŒMËLLKLM‹ŒMËLL‹LÌKŒŒMËLLˆ‹[›˜HÛ™[[™È‹‘\İ[ˆœš[šÛX[›ˆ‹Ù[˜[‹“QÈY˜[˜ÙY‹“QÈ‹ÌÎLË’İXÚH‹XÚ›ÛÙŞH‹’ÛÜ™XH‹MÌŒÎMNK•QKKÌÌKŒÍLÍÌŒŒÍMNKKBˆ”‘SÓQH‹‘[™ØYÚ[™È‹ŒMËLLKLM‹›Üš\È˜^ˆ‹”›ØØÛÈ™]X™\‹‘X\İ‹“QÈY˜[˜ÙY‹“QÈ‹ÌÎLË•[šÛ›İÛˆ‹•[šÛ›İÛˆ‹•[šÛ›İÛˆ‹SÑKˆŒQĞLĞSH‹•ÛÛˆ‹ŒMËLLKLM‹ŒMËLLKLŒŒŒMËLLH‹’^Y[ˆ™[Û\È‹Ù[XH›İXÚH‹•Ù\İ‹“QÈY˜[˜ÙY‹“QÈ‹ÌÎLË’ÛÛ™^‹XÚ›ÛÙŞH‹•[š]Yİ]\È‹ÍÌŒÎLÍÍM‹•QKKÍLŒÎNÌÌŒLMŒÌMËKBˆ”“ÖM’H‹“Üİ‹ŒMËLLKLM‹ŒMËLLKLŒŒŒMËLLH‹’˜[Y\È\ØÙ[˜Ú[È‹”İ[[Y\ˆÙ]Ø[‹•Ù\İ‹‘Õ\È›È‹‘Õ‹M‹’ÛÛ™^‹XÚ›ÛÙŞH‹•[š]Yİ]\È‹ÍÌŒÎLÍÍM‹•QKKBˆ”‘ĞV’ÓTH‹•ÛÛˆ‹ŒMËLLKLM‹ŒMËLLKLŒ‹ŒŒMËLLH‹’›Û˜][ˆ™\[İ‹“Y[š[ˆX\[ˆ‹Ù[˜[‹‘Õ˜\ÚXÈ‹‘Õ‹ML”İ[œ™Y^‹™š[˜[˜ÙH‹•[š]Yİ]\È‹MNŒ‹ÍÎN•QKKMÍK‹LŒMMMMMMMKBˆ“R•RÔˆ‹“Üİ‹ŒMËLLKLM‹ŒMËLLKLŒËŒŒMËLLH‹“X\šÚ]H[œÙ[ˆ‹Ù[XH›İXÚH‹•Ù\İ‹“QÈÜXÚX[‹“QÈ‹MK›XÚŞš[H‹œ™]Z[‹•[š]Yİ]\È‹MËŒLKMN•QKËKBˆŒ”ÓŒÔÈ‹‘[™ØYÚ[™È‹ŒMËLLKLM‹“X]\™Y[ˆX\˜Ø[›È‹”İ[[Y\ˆÙ]Ø[‹•Ù\İ‹‘Õ\È˜\ÚXÈ‹‘Õ‹LM‹•[šÛ›İÛˆ‹•[šÛ›İÛˆ‹•[šÛ›İÛˆ‹SÑKˆŒŒ–“ÍÕ‹•ÛÛˆ‹ŒMËLLKLM‹ŒMËLL‹LKŒŒMËLLˆ‹“X]\™Y[ˆX\˜Ø[›È‹”İ[[Y\ˆÙ]Ø[‹•Ù\İ‹“QÈY˜[˜ÙY‹“QÈ‹ÌÎLË’‹U^Ûˆ‹œ™]Z[‹•[š]Yİ]\È‹LÎËÍNË•QKKÌÌKMKŒÍNMMŒÎÎÎMËKBˆ‘”VV’ˆ‹“Üİ‹ŒMËLLKLM‹ŒMËLLKLMËŒŒMËLLH‹“[ÜÙ\Èœ˜\ÙH‹‘\İ[ˆœš[šÛX[›ˆ‹Ù[˜[‹‘Õ\È›È‹‘Õ‹M‹š[ÚÛ[™È‹›YYXØ[‹”[\[™\È‹NËŒÍLÍM‹•QKKKBˆ“Ö‘ÓÍ‹“Üİ‹ŒMËLLKLM‹ŒMËLLKL‹ŒŒMËLLH‹“šY\ÚHY™š[™\È‹“Y[š[ˆX\[ˆ‹Ù[˜[‹‘Õ\È˜\ÚXÈ‹‘Õ‹LM‹Ø[˜Ú]H‹œ™]Z[‹•[š]Yİ]\È‹ÌNŒ‹•QKLKBˆ“•ÒV‘Ì“ˆ‹•ÛÛˆ‹ŒMËLLKLM‹ŒMËLLKLŒŒMËLLH‹”™YYÛ\\ˆ‹”›ØØÛÈ™]X™\‹‘X\İ‹‘Õ\È˜\ÚXÈ‹‘Õ‹LM‹“X]İXÚ‹›X\šÙ][™È‹’›Ü™[ˆ‹ÌË‹MLM‹•QKKLÍKŒMMMLÍÌMMKBˆ’TÌ’ÑSÈ‹“Üİ‹ŒMËLLKLMËŒMËLL‹LŒŒMËLLˆ‹›Üš\È˜^ˆ‹”›ØØÛÈ™]X™\‹‘X\İ‹“QÈÜXÚX[‹“QÈ‹MK”\Üİ[š[ˆ‹œ™]Z[‹•[š]Yİ]\È‹MNKNN•QKMËKBˆLŒ–•H‹•ÛÛˆ‹ŒMËLLKLMËŒMËLLKLŒŒMËLLH‹‘\˜Ù[ØÚXÚ‹“Y[š[ˆX\[ˆ‹Ù[˜[‹‘Õ\È›È‹‘Õ‹M‹’[š]H‹›X\šÙ][™È‹•[š]Yİ]\È‹ËNK•QKKËŒLNLÎLÍLNMLNKBˆ”ŒMĞR‹•ÛÛˆ‹ŒMËLLKLMËŒMËLLKLKŒŒMËLLH‹‘Û›ˆØ[™[‹”›ØØÛÈ™]X™\‹‘X\İ‹“QÈY˜[˜ÙY‹“QÈ‹ÌÎLË–YX\š[ˆ‹œ™]Z[‹•[š]Yİ]\È‹ŒŒKŒKÎLK•QKKÍL‹LŒÌÎMÍNÌNMLŒŒËKBˆ’SRÒÎLVˆ‹•ÛÛˆ‹ŒMËLLKLMËŒMËLL‹LLËŒŒMËLLˆ‹‘[X\ÙHÛXÚÈ‹Ù[XH›İXÚH‹•Ù\İ‹“QÈY˜[˜ÙY‹“QÈ‹ÌÎLË”\Üİš\‹™[\Z[›Y[‹•[š]Yİ]\È‹ÍKKÌMK•QKKÍLÎ‹LŒÌÍLÌÍLKBˆ”Œ’’ÒÕ“ÓÈ‹“Üİ‹ŒMËLLKLMËŒMËLLKLËŒŒMËLLH‹’Ø[ZHšXÚÛ™[‹”İ[[Y\ˆÙ]Ø[‹•Ù\İ‹‘Õ\È˜\ÚXÈ‹‘Õ‹LM‹ÚY\œÈ‹™[\Z[›Y[‹•[š]Yİ]\È‹KKÌ‹•QKLKBˆ“ÎLÓ–‹“Üİ‹ŒMËLLKLMËŒMËLLKLËŒŒMËLLH‹’Ø\H[™š^ÛÛˆ‹”İ[[Y\ˆÙ]Ø[‹•Ù\İ‹‘Õ˜\ÚXÈ‹‘Õ‹ML‘ÛÛÙÚ[›Ûˆ‹›X\šÙ][™È‹•[š]Yİ]\È‹ML‹ÌËLLË•QKLKBˆ’LÍ•ÍH‹•ÛÛˆ‹ŒMËLLKLMËŒMËLL‹L‹ŒŒMËLLˆ‹”™YYÛ\\ˆ‹”›ØØÛÈ™]X™\‹‘X\İ‹‘Õ›È‹‘Õ‹ŒKX˜˜Hİ[\‹œÛÙØ\™H‹•[š]Yİ]\È‹NËŒÎKŒLË•QKKMMNKŒLÎÍLÌÎÎŒÌËKBˆ•TQÔP“ˆ‹•ÛÛˆ‹ŒMËLLKLMËŒMËLLKL‹ŒŒMËLLH‹”›ÜÚYH\YÜİ[ÜÈ‹Ø\˜HÜØÚ‹‘X\İ‹‘Õ›È‹‘Õ‹ŒK‘ÛØ\™H‹›X\šÙ][™È‹•[š]Yİ]\È‹LNMËMÌ•QKKŒŒKŒMLNMMÌÌ‹KBˆ‘ÑTMH‹•ÛÛˆ‹ŒMËLLKLMËŒMËLLKLNŒŒMËLLH‹•™\œÚYH[Xœ˜[™‹‘\İ[ˆœš[šÛX[›ˆ‹Ù[˜[‹‘Õ\È›È‹‘Õ‹M‹‘Û^›ÛÛH‹™[\Z[›Y[‹•[š]Yİ]\È‹ŒMËËMLK•QKKMLËKLŒÌLNLNMLMÌŒMKBˆ“’SÒ’–NH‹“Üİ‹ŒMËLLKLMËŒMËLLKLKŒŒMËLLH‹•š[Û]XÛ[[™‹Ø\˜HÜØÚ‹‘X\İ‹“QÈÜXÚX[‹“QÈ‹MKš[Ü^‹›YYXØ[‹•[š]Yİ]\È‹Ì‹‹LM‹•QKKBˆ•“M”ĞTVU‹•ÛÛˆ‹ŒMËLLKLMËŒMËLLKL‹ŒŒMËLLH‹•š[Û]XÛ[[™‹Ø\˜HÜØÚ‹‘X\İ‹“QÈÜXÚX[‹“QÈ‹MK‘Ûœ]XYXÚ‹XÚ›ÛÙŞH‹•[š]Yİ]\È‹MÌL‹ÌNM•QKKKKLŒNNNNNNN‹KBˆ‘L“UL•‹•ÛÛˆ‹ŒMËLLKLMËŒMËLL‹LKŒŒMËLLˆ‹–˜[™H]H‹”İ[[Y\ˆÙ]Ø[‹•Ù\İ‹‘Õ˜\ÚXÈ‹‘Õ‹ML“™]Ù^‹œÙ\šXÙ\È‹‘Ù\›X[H‹LL‹Ì‹ÍL‹•QKKMËNŒMŒÍŒÍŒÍŒÍŒÍŒÍŒËKBˆÓSÑÒÓˆ‹•ÛÛˆ‹ŒMËLLKLNŒMËLL‹LËŒŒMËLLˆ‹›Üš\È˜^ˆ‹”›ØØÛÈ™]X™\‹‘X\İ‹‘Õ›È‹‘Õ‹ŒK”İ[XXÙH‹œ™]Z[‹”›ÛX[šXH‹MËKLË•QKKKNKŒÍLMÍNMŒ‹KBˆŒÓ’ÌÕÑU‹•ÛÛˆ‹ŒMËLLKLNŒMËLLKLŒKŒŒMËLLH‹Ø\ÜÙ^HÜ™\ÜÈ‹”›ØØÛÈ™]X™\‹‘X\İ‹‘Õ›È‹‘Õ‹ŒK“X\ÜÚ]™H[˜[ZXÈ‹™[\Z[›Y[‹•[š]Yİ]\È‹KŒ‹LMK•QKKËËŒLNNLŒLÎMŒKKBˆVMÒQVH‹“Üİ‹ŒMËLLKLNŒMËLL‹L‹ŒŒMËLLˆ‹‘[šY[[[XXÚÈ‹”›ØØÛÈ™]X™\‹‘X\İ‹‘Õ\È˜\ÚXÈ‹‘Õ‹LM‹“Ü[XÚ‹™š[˜[˜ÙH‹•[š]Yİ]\È‹ÍMKŒŒËLË•QKNKBˆ•RQMQÍ‘ÕÈ‹•ÛÛˆ‹ŒMËLLKLNŒMËLLKLKŒŒMËLLH‹‘\˜Ù[ØÚXÚ‹“Y[š[ˆX\[ˆ‹Ù[˜[‹‘Õ›È‹‘Õ‹ŒKØ[˜Ú]H‹œ™]Z[‹•[š]Yİ]\È‹ÌNŒ‹•QKKŒMËLKŒŒÌMÌÌÌLL‹KBˆ‘ĞÌ•RÍH‹•ÛÛˆ‹ŒMËLLKLNŒMËLL‹LŒŒMËLLˆ‹‘[X\ÙHÛXÚÈ‹Ù[XH›İXÚH‹•Ù\İ‹‘ÕÈL‹‘ÕÈ‹Í–ZÛ[™È‹™š[˜[˜ÙH‹•[š]Yİ]\È‹ÍLÍËŒŒLË•QKKLŒŒM‹LŒLMŒNLLÌÌMŒNNKKBˆTÌ’“‘Ó‹“Üİ‹ŒMËLLKLNŒMËLLKLÌŒŒMËLLH‹’›Û˜][ˆ™\[İ‹“Y[š[ˆX\[ˆ‹Ù[˜[‹‘Õ\È˜\ÚXÈ‹‘Õ‹LM‹‘[šÛ[™È‹™š[˜[˜ÙH‹•[š]Yİ]\È‹NKKÌŒË•QKL‹KBˆŒ’ÖH‹•ÛÛˆ‹ŒMËLLKLNŒMËLL‹LŒŒMËLLˆ‹’Ø[ZHšXÚÛ™[‹”İ[[Y\ˆÙ]Ø[‹•Ù\İ‹‘Õ˜\ÚXÈ‹‘Õ‹ML’ÛÛ™^‹XÚ›ÛÙŞH‹•[š]Yİ]\È‹ÍÌŒÎLÍÍM‹•QKKËM‹LŒMLLLLLLKKBˆ”TQH‹“Üİ‹ŒMËLLKLNŒMËLLKLŒKŒŒMËLLH‹’Ø\H[™š^ÛÛˆ‹”İ[[Y\ˆÙ]Ø[‹•Ù\İ‹‘Õ˜\ÚXÈ‹‘Õ‹ML”ØÛİš[™‹œÛÙØ\™H‹•[š]Yİ]\È‹ŒÍMËMÎ•QKËKBˆ‘LÓ““N‹“Üİ‹ŒMËLLKLNŒMËLL‹LKŒŒMËLLˆ‹“X]\™Y[ˆX\˜Ø[›È‹”İ[[Y\ˆÙ]Ø[‹•Ù\İ‹‘Õ\È›È‹‘Õ‹M‹›XÚŞš[H‹œ™]Z[‹•[š]Yİ]\È‹MËŒLKMN•QKMËKBˆ•RRL”PŒˆ‹“Üİ‹ŒMËLLKLNŒMËLLKLŒŒMËLLH‹“[ÜÙ\Èœ˜\ÙH‹‘\İ[ˆœš[šÛX[›ˆ‹Ù[˜[‹“QÈÜXÚX[‹“QÈ‹MK‘[šÛ[™È‹™š[˜[˜ÙH‹•[š]Yİ]\È‹NKKÌŒË•QKLKBˆTÒ”’ŒRˆ‹•ÛÛˆ‹ŒMËLLKLNKŒMËLLKLŒŒŒMËLLH‹›Üš\È˜^ˆ‹”›ØØÛÈ™]X™\‹‘X\İ‹‘Õ\È˜\ÚXÈ‹‘Õ‹LM‹“X]İXÚ‹›X\šÙ][™È‹’›Ü™[ˆ‹ÌË‹MLM‹•QKK‹KŒNLMŒNÎMMŒNKBˆ”UQUH‹•ÛÛˆ‹ŒMËLLKLNKŒMËLLKLŒŒMËLLH‹ÙXÚ[H[\Ú[ˆ‹‘\İ[ˆœš[šÛX[›ˆ‹Ù[˜[‹“QÈY˜[˜ÙY‹“QÈ‹ÌÎLË”˜[™Ü™Y[ˆ‹XÚ›ÛÙŞH‹”[˜[XH‹LÎËÍÍK•QKKÌŒ‹KŒMLLLÍLMÌŒËKBˆ”ĞÕÓM‹•ÛÛˆ‹ŒMËLLKLNKŒMËLLKLŒŒŒMËLLH‹‘[šY[[[XXÚÈ‹”›ØØÛÈ™]X™\‹‘X\İ‹‘Õ˜\ÚXÈ‹‘Õ‹ML‘ÙZÚÛÈ	ˆÛÈ‹œ™]Z[‹•[š]Yİ]\È‹LŒËÍL‹•QKKÎKLŒŒÌÌÌÌÌÌÌËKBˆ”•’MT‘•È‹•ÛÛˆ‹ŒMËLLKLNKŒMËLLKLŒŒŒMËLLH‹‘\˜Ù[ØÚXÚ‹“Y[š[ˆX\[ˆ‹Ù[˜[‹‘Õ˜\ÚXÈ‹‘Õ‹ML‘[šÛ[™È‹™š[˜[˜ÙH‹•[š]Yİ]\È‹NKKÌŒË•QKKMKKŒNNNNNNNËKBˆ”U•ÔRˆ‹•ÛÛˆ‹ŒMËLLKLNKŒMËLLKLŒŒMËLLH‹‘Û›ˆØ[™[‹”›ØØÛÈ™]X™\‹‘X\İ‹‘Õ\È›È‹‘Õ‹M‹’Ø[‹XÛÙH‹œÛÙØ\™H‹•[š]Yİ]\È‹LMNŒËÍ•QKKMKLŒNLNMLMÌŒLÎNKKBˆÓMÕQQT‹“Üİ‹ŒMËLLKLNKŒMËLLKLŒKŒŒMËLLH‹’›Û˜][ˆ™\[İ‹“Y[š[ˆX\[ˆ‹Ù[˜[‹‘Õ˜\ÚXÈ‹‘Õ‹ML•İYÚ˜\‹œ™]Z[‹•[š]Yİ]\È‹ÌÌ‹ËÎNK•QK‹KBˆ’•ÍLSÍÈ‹“Üİ‹ŒMËLLKLNKŒMËLL‹LŒŒMËLLˆ‹“X]\™Y[ˆX\˜Ø[›È‹”İ[[Y\ˆÙ]Ø[‹•Ù\İ‹“QÈY˜[˜ÙY‹“QÈ‹ÌÎLË“^\]›Û^‹›YYXØ[‹•[š]Yİ]\È‹MŒNKÎK•QKMKKBˆ’ÕMÖRÑ‹•ÛÛˆ‹ŒMËLLKLNKŒMËLLKLŒŒMËLLH‹“šY\ÚHY™š[™\È‹“Y[š[ˆX\[ˆ‹Ù[˜[‹‘Õ˜\ÚXÈ‹‘Õ‹ML’\ÙÛH‹›YYXØ[‹•[š]Yİ]\È‹ÌMÎŒM•QKKŒ‹KLŒŒÍŒÍŒÍŒÍŒÍŒÍKBˆ‘ÔÑNUÓUH‹•ÛÛˆ‹ŒMËLLKLNKŒMËLLKLŒŒMËLLH‹•šXÚÚHY›[[YH‹Ù[XH›İXÚH‹•Ù\İ‹‘Õ›È‹‘Õ‹ŒK‘š[š›Øˆ‹™[\Ş[Y[‹•[š]Yİ]\È‹ŒNKKÍ•QKKMKŒNŒLNMMËKBˆ“UÍLTH‹•ÛÛˆ‹ŒMËLLKLŒŒMËLLKLKŒŒMËLLH‹[›˜HÛ™[[™È‹‘\İ[ˆœš[šÛX[›ˆ‹Ù[˜[‹“QÈÜXÚX[‹“QÈ‹MK”[™Ù˜\ÙH‹XÚ›ÛÙŞH‹•[š]Yİ]\È‹LŒ‹LŒÎ•QKKL‹KŒMMMMMMM‹KBˆ’MŒ’LÑÈ‹‘[™ØYÚ[™È‹ŒMËLLKLŒØ\ÜÙ^HÜ™\ÜÈ‹”›ØØÛÈ™]X™\‹‘X\İ‹‘Õ\È˜\ÚXÈ‹‘Õ‹LM‹•[šÛ›İÛˆ‹•[šÛ›İÛˆ‹•[šÛ›İÛˆ‹SÑKˆ”PL–SVˆ‹“Üİ‹ŒMËLLKLŒŒMËLLKLËŒŒMËLLH‹ÛÜ›\ÜÈÛÜÛYH‹Ø\˜HÜØÚ‹‘X\İ‹‘Õ›È‹‘Õ‹ŒK–YX\š[ˆ‹œ™]Z[‹•[š]Yİ]\È‹ŒŒKŒKÎLK•QKËKBˆ•NQ•Œ‹•ÛÛˆ‹ŒMËLLKLŒŒMËLL‹LŒŒMËLLˆ‹’Ø[ZHšXÚÛ™[‹”İ[[Y\ˆÙ]Ø[‹•Ù\İ‹‘Õ˜\ÚXÈ‹‘Õ‹ML‘ÛÛÙÚ[›Ûˆ‹›X\šÙ][™È‹•[š]Yİ]\È‹ML‹ÌËLLË•QKKLNŒÍŒÍŒÍŒÍŒÍŒÍŒÍ‹KBˆÌTÓÖ‘È‹•ÛÛˆ‹ŒMËLLKLŒŒMËLL‹LŒŒMËLLˆ‹’Ø\H[™š^ÛÛˆ‹”İ[[Y\ˆÙ]Ø[‹•Ù\İ‹‘Õ˜\ÚXÈ‹‘Õ‹ML’Ø[‹XÛÙH‹œÛÙØ\™H‹•[š]Yİ]\È‹LMNŒËÍ•QKKNKMLŒÌLLLLLLKBˆ’QÎT”ÓÖˆ‹•ÛÛˆ‹ŒMËLLKLŒŒMËLL‹LKŒŒMËLLˆ‹“[ÜÙ\Èœ˜\ÙH‹‘\İ[ˆœš[šÛX[›ˆ‹Ù[˜[‹‘Õ\È›È‹‘Õ‹M‹”İ[œ™Y^‹™š[˜[˜ÙH‹•[š]Yİ]\È‹MNŒ‹ÍÎN•QKKMÍM‹NKLŒNNMÍNŒÌMËKBˆŒÑÑ–ÔÓ‹•ÛÛˆ‹ŒMËLLKLŒŒMËLLKLŒËŒŒMËLLH‹“[ÜÙ\Èœ˜\ÙH‹‘\İ[ˆœš[šÛX[›ˆ‹Ù[˜[‹“QÈY˜[˜ÙY‹“QÈ‹ÌÎLË”İ™Y]^‹œ™]Z[‹™[Ú][H‹LÍÍ‹LMK•QKKÌMŒKËŒÍÍŒÍÍŒKBˆ”NS’Ñ‹‘[™ØYÚ[™È‹ŒMËLLKLŒ•š[Û]XÛ[[™‹Ø\˜HÜØÚ‹‘X\İ‹“QÈÜXÚX[‹“QÈ‹MK•[šÛ›İÛˆ‹•[šÛ›İÛˆ‹•[šÛ›İÛˆ‹SÑKˆ‘ÌQNÈ‹•ÛÛˆ‹ŒMËLLKLŒŒMËLL‹LŒŒMËLLˆ‹•Ú[\›ˆ˜\œ™[ˆ‹Ø\˜HÜØÚ‹‘X\İ‹‘Õ\È›È‹‘Õ‹M‹•[Xœ™[HÛÜœÜ˜][Ûˆ‹™š[˜[˜ÙH‹•[š]Yİ]\È‹ŒŒ‹ŒMLLLË•QKKLŒKNŒMÎNLÍÌÌLÍŒËKBˆ‘ŒÑTSÑH‹“Üİ‹ŒMËLLKLŒKŒMËLLKLKŒŒMËLLH‹Ø\ÜÙ^HÜ™\ÜÈ‹”›ØØÛÈ™]X™\‹‘X\İ‹“QÈY˜[˜ÙY‹“QÈ‹ÌÎLË’Ø[‹XÛÙH‹œÛÙØ\™H‹•[š]Yİ]\È‹LMNŒËÍ•QKKBˆ‘TRU”Qˆ‹•ÛÛˆ‹ŒMËLLKLŒKŒMËLL‹LŒŒMËLLˆ‹ÙXÚ[H[\Ú[ˆ‹‘\İ[ˆœš[šÛX[›ˆ‹Ù[˜[‹“QÈÜXÚX[‹“QÈ‹MK™[X˜\ÙH‹›X\šÙ][™È‹•[š]Yİ]\È‹ŒMÌËNL•QKKNMËLŒMMMMMMMKKBˆ”ÒÌĞLL’H‹•ÛÛˆ‹ŒMËLLKLŒKŒMËLL‹LŒKŒŒMËLLˆ‹ÛÜ›\ÜÈÛÜÛYH‹Ø\˜HÜØÚ‹‘X\İ‹“QÈÜXÚX[‹“QÈ‹MK“X\ÜÚ]™H[˜[ZXÈ‹™[\Z[›Y[‹•[š]Yİ]\È‹KŒ‹LMK•QKKMËÌLŒÍŒÍŒÍŒÍŒÍŒÍŒÍKBˆ‘Œ“ÕQMH‹•ÛÛˆ‹ŒMËLLKLŒKŒMËLL‹LLŒŒMËLLˆ‹‘Û›ˆØ[™[‹”›ØØÛÈ™]X™\‹‘X\İ‹‘Õ›È‹‘Õ‹ŒKX˜˜Hİ[\‹œÛÙØ\™H‹•[š]Yİ]\È‹NËŒÎKŒLË•QKKM‹NKLŒLÌÍÎMÌNLL‹KBˆ–ÒÔÌ•È‹“Üİ‹ŒMËLLKLŒKŒMËLLKLŒŒMËLLH‹‘ÛY\ÈÛÛÛİYÚ‹“Y[š[ˆX\[ˆ‹Ù[˜[‹‘Õ\È›È‹‘Õ‹M‹‘Û^›ÛÛH‹™[\Z[›Y[‹•[š]Yİ]\È‹ŒMËËMLK•QKËKBˆQLÒ“Ó”‹•ÛÛˆ‹ŒMËLLKLŒKŒMËLLKLKŒŒMËLLH‹’˜[Y\È\ØÙ[˜Ú[È‹”İ[[Y\ˆÙ]Ø[‹•Ù\İ‹‘Õ\È›È‹‘Õ‹M‹“^\]›Û^‹›YYXØ[‹•[š]Yİ]\È‹MŒNKÎK•QKKLÌ‹LŒLŒMM‹KBˆ‘••ĞQÓ‹•ÛÛˆ‹ŒMËLLKLŒKŒMËLL‹LŒ‹ŒŒMËLLˆ‹’Ø\H[™š^ÛÛˆ‹”İ[[Y\ˆÙ]Ø[‹•Ù\İ‹‘Õ˜\ÚXÈ‹‘Õ‹ML“™]Ù^‹œÙ\šXÙ\È‹‘Ù\›X[H‹LL‹Ì‹ÍL‹•QKKNMËÌKLŒMMMMMMMKBˆUVVRUÈ‹“Üİ‹ŒMËLLKLŒKŒMËLLKLËŒŒMËLLH‹“X\šÚ]H[œÙ[ˆ‹Ù[XH›İXÚH‹•Ù\İ‹“QÈY˜[˜ÙY‹“QÈ‹ÌÎLË‘Ü™Y[‹T\È‹œÙ\šXÙ\È‹•[š]Yİ]\È‹L‹ŒNKNLŒ‹•QK‹KBˆŒÌÒ–UÒŒV‹•ÛÛˆ‹ŒMËLLKLŒKŒMËLL‹LKŒŒMËLLˆ‹“X]\™Y[ˆX\˜Ø[›È‹”İ[[Y\ˆÙ]Ø[‹•Ù\İ‹‘Õ˜\ÚXÈ‹‘Õ‹MLÚY\œÈ‹™[\Z[›Y[‹•[š]Yİ]\È‹KKÌ‹•QKKŒNKÎLŒLMMMMMMKKBˆ“LUQˆ‹•ÛÛˆ‹ŒMËLLKLŒKŒMËLL‹LKŒŒMËLLˆ‹•šXÚÚHY›[[YH‹Ù[XH›İXÚH‹•Ù\İ‹“QÈY˜[˜ÙY‹“QÈ‹ÌÎLË‘˜^][İH‹[XÛÛ[][šXØ][ÛœÈ‹•[š]Yİ]\È‹NK‹MNMK•QKKNLLŒŒÍŒÍÌNMŒŒÍKBˆ”R–•V‘È‹“Üİ‹ŒMËLLKLŒKŒMËLLKL‹ŒŒMËLLH‹•Ú[\›ˆ˜\œ™[ˆ‹Ø\˜HÜØÚ‹‘X\İ‹‘Õ›È‹‘Õ‹ŒK”İ[XXÙH‹œ™]Z[‹”›ÛX[šXH‹MËKLË•QKKKBˆ•ĞQUÕÖQ‹•ÛÛˆ‹ŒMËLLKLŒ‹ŒMËLL‹LËŒŒMËLLˆ‹Ø\ÜÙ^HÜ™\ÜÈ‹”›ØØÛÈ™]X™\‹‘X\İ‹‘Õ˜\ÚXÈ‹‘Õ‹ML–YX\š[ˆ‹œ™]Z[‹•[š]Yİ]\È‹ŒŒKŒKÎLK•QKKŒKMKLŒLÌÌÌÌÌÌËKBˆŒÔ’”ŒÍ‹•ÛÛˆ‹ŒMËLLKLŒ‹ŒMËLL‹L‹ŒŒMËLLˆ‹ÛÜ›\ÜÈÛÜÛYH‹Ø\˜HÜØÚ‹‘X\İ‹‘Õ›È‹‘Õ‹ŒK’ÛÛ™^‹XÚ›ÛÙŞH‹•[š]Yİ]\È‹ÍÌŒÎLÍÍM‹•QKKL‹MŒÌLÌLLKKBˆ‘–’“’TH‹“Üİ‹ŒMËLLKLŒ‹ŒMËLLKLËŒŒMËLLH‹“X]\™Y[ˆX\˜Ø[›È‹”İ[[Y\ˆÙ]Ø[‹•Ù\İ‹‘Õ\È˜\ÚXÈ‹‘Õ‹LM‹”˜[İXÚ‹[XÛÛ[][šXØ][ÛœÈ‹•[š]Yİ]\È‹LN‹ÌMK•QKKKBˆTM–”H‹“Üİ‹ŒMËLLKLŒ‹ŒMËLL‹L‹ŒŒMËLLˆ‹”™YYÛ\\ˆ‹”›ØØÛÈ™]X™\‹‘X\İ‹‘Õ›È‹‘Õ‹ŒK–YX\š[ˆ‹œ™]Z[‹•[š]Yİ]\È‹ŒŒKŒKÎLK•QKMKBˆ•LV’Î‹•ÛÛˆ‹ŒMËLLKLŒ‹ŒMËLL‹LKŒŒMËLLˆ‹•š[Û]XÛ[[™‹Ø\˜HÜØÚ‹‘X\İ‹“QÈÜXÚX[‹“QÈ‹MK’Ø[‹XÛÙH‹œÛÙØ\™H‹•[š]Yİ]\È‹LMNŒËÍ•QKKËLËŒMMMMMMM‹KBˆ’ŒQÌ”Ö’Ñ‹‘[™ØYÚ[™È‹ŒMËLLKLŒ‹–˜[™H]H‹”İ[[Y\ˆÙ]Ø[‹•Ù\İ‹‘Õ˜\ÚXÈ‹‘Õ‹ML‘ÛÛÙÚ[›Ûˆ‹›X\šÙ][™È‹•[š]Yİ]\È‹ML‹ÌËLLËSÑKKBˆ‘QÒÈ‹“Üİ‹ŒMËLLKLŒËŒMËLL‹L‹ŒŒMËLLˆ‹ÛÜ›\ÜÈÛÜÛYH‹Ø\˜HÜØÚ‹‘X\İ‹‘Õ˜\ÚXÈ‹‘Õ‹ML‘Ûœ]XYXÚ‹XÚ›ÛÙŞH‹•[š]Yİ]\È‹MÌL‹ÌNM•QKKKBˆ–SUÑÍŒÔÈ‹‘[™ØYÚ[™È‹ŒMËLLKLŒË’Ø\H[™š^ÛÛˆ‹”İ[[Y\ˆÙ]Ø[‹•Ù\İ‹‘Õ\È˜\ÚXÈ‹‘Õ‹LM‹•Ø\™\\ÙH‹œÙ\šXÙ\È‹•[š]Yİ]\È‹ŒKÌËLÍ‹SÑKKBˆU”ÍN‹•ÛÛˆ‹ŒMËLLKLŒËŒMËLL‹LŒŒMËLLˆ‹’Ø\H[™š^ÛÛˆ‹”İ[[Y\ˆÙ]Ø[‹•Ù\İ‹‘Õ˜\ÚXÈ‹‘Õ‹ML”ÛÛœ›Ûˆ‹[XÛÛ[][šXØ][ÛœÈ‹•[š]Yİ]\È‹MNKKLL•QKKMKŒL‹KBˆ”ÍQ’ŒÌT‹“Üİ‹ŒMËLLKLŒËŒMËLLKLKŒŒMËLLH‹“X\Hœ™]Y[˜\™È‹“Y[š[ˆX\[ˆ‹Ù[˜[‹“QÈY˜[˜ÙY‹“QÈ‹ÌÎLË”›Û‹]XÚ‹›YYXØ[‹•[š]Yİ]\È‹ÎLŒ‹‹ÍË•QK‹KBˆŒ’“QH‹“Üİ‹ŒMËLLKLŒËŒMËLLKLŒŒMËLLH‹“šY\ÚHY™š[™\È‹“Y[š[ˆX\[ˆ‹Ù[˜[‹“QÈÜXÚX[‹“QÈ‹MK•İYÚ˜\‹œ™]Z[‹•[š]Yİ]\È‹ÌÌ‹ËÎNK•QKKKBˆ–ÑÒ‘LRÌ‹•ÛÛˆ‹ŒMËLLKLŒËŒMËLL‹LËŒŒMËLLˆ‹”›ÜØ[[˜HY]\ˆ‹Ù[XH›İXÚH‹•Ù\İ‹“QÈÜXÚX[‹“QÈ‹MK‘[XÚ›ÛÙŞH‹œÛÙØ\™H‹•[š]Yİ]\È‹NÎKM‹•QKKKMŒLLLLLLLKKBˆ”ŒÕ‘‘ˆ‹‘[™ØYÚ[™È‹ŒMËLLKLŒË•šXÚÚHY›[[YH‹Ù[XH›İXÚH‹•Ù\İ‹“QÈÜXÚX[‹“QÈ‹MK•[šÛ›İÛˆ‹•[šÛ›İÛˆ‹•[šÛ›İÛˆ‹SÑKˆ”UTÌÖˆ‹‘[™ØYÚ[™È‹ŒMËLLKLŒË•š[Û]XÛ[[™‹Ø\˜HÜØÚ‹‘X\İ‹“QÈÜXÚX[‹“QÈ‹MK’Ø[‹XÛÙH‹œÛÙØ\™H‹•[š]Yİ]\È‹LMNŒËÍSÑKKBˆ“–“ÌÑÈ‹•ÛÛˆ‹ŒMËLLKLŒMËLL‹LKŒŒMËLLˆ‹Ø\ÜÙ^HÜ™\ÜÈ‹”›ØØÛÈ™]X™\‹‘X\İ‹‘Õ\È˜\ÚXÈ‹‘Õ‹LM‹‘Ø[š˜Y›^‹œ™]Z[‹’˜\[ˆ‹LMNÌKMÍÎK•QKKLËLKŒMMNMÌLNMÌKKBˆ’RŒÓÓˆ‹•ÛÛˆ‹ŒMËLLKLŒMËLL‹LKŒŒMËLLˆ‹‘[šY[[[XXÚÈ‹”›ØØÛÈ™]X™\‹‘X\İ‹‘Õ›È‹‘Õ‹ŒKXÛYHÛÜœÜ˜][Ûˆ‹XÚ›ÛÙŞH‹•[š]Yİ]\È‹LLŒŒ‹•QKKKMKŒÍÎNLŒLMÎMÎKKBˆ’ÍÍ•H‹•ÛÛˆ‹ŒMËLLKLŒMËLL‹LŒŒMËLLˆ‹‘\˜Ù[ØÚXÚ‹“Y[š[ˆX\[ˆ‹Ù[˜[‹‘Õ›È‹‘Õ‹ŒKÛÙZİÈ‹œÛÙØ\™H‹•[š]Yİ]\È‹ÌMKK•QKKLLLLLŒNNMŒLŒÌŒËKBˆ’ÑÑ“Ñ‹•ÛÛˆ‹ŒMËLLKLŒMËLL‹LNŒŒMËLLˆ‹‘[X\ÙHÛXÚÈ‹Ù[XH›İXÚH‹•Ù\İ‹“QÈÜXÚX[‹“QÈ‹MK›XÚŞš[H‹œ™]Z[‹•[š]Yİ]\È‹MËŒLKMN•QKKŒ‹LŒLÌÌÌÌÌÌËKBˆŒSSÒQU‹•ÛÛˆ‹ŒMËLLKLŒMËLL‹LLKŒŒMËLLˆ‹’˜[Y\È\ØÙ[˜Ú[È‹”İ[[Y\ˆÙ]Ø[‹•Ù\İ‹‘Õ\È˜\ÚXÈ‹‘Õ‹LM‹’ÛÛ™^‹XÚ›ÛÙŞH‹•[š]Yİ]\È‹ÍÌŒÎLÍÍM‹•QKKLKMËŒÌŒLMÎÌŒKKBˆŒÌÒ•ÔRÌH‹•ÛÛˆ‹ŒMËLLKLŒMËLL‹LKŒŒMËLLˆ‹’Ø[ZHšXÚÛ™[‹”İ[[Y\ˆÙ]Ø[‹•Ù\İ‹‘Õ\È˜\ÚXÈ‹‘Õ‹LM‹“X™š[‹›YYXØ[‹•[š]Yİ]\È‹ÍKŒÍËLŒ‹•QKKKLKŒNLLNMÍLN‹KBˆ‘MRÔ•H‹‘[™ØYÚ[™È‹ŒMËLLKL’Ø\H[™š^ÛÛˆ‹”İ[[Y\ˆÙ]Ø[‹•Ù\İ‹‘Õ›È‹‘Õ‹ŒK“™]Ù^‹œÙ\šXÙ\È‹‘Ù\›X[H‹LL‹Ì‹ÍL‹SÑKKBˆ–UÑ––È‹“Üİ‹ŒMËLLKLŒMËLLKLKŒŒMËLLH‹“X\šÚ]H[œÙ[ˆ‹Ù[XH›İXÚH‹•Ù\İ‹“QÈY˜[˜ÙY‹“QÈ‹ÌÎLË‘ÛÛ^‹™š[˜[˜ÙH‹•[š]Yİ]\È‹L‹KMK•QKKKBˆĞPÒV”ÖH‹•ÛÛˆ‹ŒMËLLKLŒMËLL‹LKŒŒMËLLˆ‹•š[Û]XÛ[[™‹Ø\˜HÜØÚ‹‘X\İ‹“QÈY˜[˜ÙY‹“QÈ‹ÌÎLË‘ÙZÚÛÈ	ˆÛÈ‹œ™]Z[‹•[š]Yİ]\È‹LŒËÍL‹•QKKÍŒL‹LKLŒMLÍLMMÌËKBˆ“QRP“ÔÕÍÈ‹•ÛÛˆ‹ŒMËLLKLŒMËLLKLKŒŒMËLLH‹•Ú[\›ˆ˜\œ™[ˆ‹Ø\˜HÜØÚ‹‘X\İ‹‘Õ›È‹‘Õ‹ŒK–™[˜ÛÜœÜ˜][Ûˆ‹XÚ›ÛÙŞH‹Ú[˜H‹ÎKM‹•QKKLL‹KLŒNLLMŒÍNNLNLLKKBˆ“•RRÕÈ‹•ÛÛˆ‹ŒMËLLKLKŒMËLL‹LŒŒMËLLˆ‹[›˜HÛ™[[™È‹‘\İ[ˆœš[šÛX[›ˆ‹Ù[˜[‹“QÈY˜[˜ÙY‹“QÈ‹ÌÎLË‘Ù[˜ÛÈ\˜HÛ]™HÚ[ÛÛ\[H‹œ™]Z[‹’][H‹MŒÌËMŒÍK•QKKÍËÌËŒNMÍNÌLKBˆ”ŒÓ‘ÒLVH‹“Üİ‹ŒMËLLKLKŒMËLL‹LLŒŒMËLLˆ‹Ø\ÜÙ^HÜ™\ÜÈ‹”›ØØÛÈ™]X™\‹‘X\İ‹“QÈÜXÚX[‹“QÈ‹MK‘Ûœ]XYXÚ‹XÚ›ÛÙŞH‹•[š]Yİ]\È‹MÌL‹ÌNM•QKMKKBˆ”‘Œ‘ÌĞH‹•ÛÛˆ‹ŒMËLLKLKŒMËLL‹LLKŒŒMËLLˆ‹‘\˜Ù[ØÚXÚ‹“Y[š[ˆX\[ˆ‹Ù[˜[‹‘Õ˜\ÚXÈ‹‘Õ‹ML•Ø\™\\ÙH‹œÙ\šXÙ\È‹•[š]Yİ]\È‹ŒKÌËLÍ‹•QKKLÍËM‹ŒŒÍŒÍŒÍŒÍŒÍŒÍŒÍËKBˆ”ÑÖSÒLH‹•ÛÛˆ‹ŒMËLLKLKŒMËLL‹LLŒŒMËLLˆ‹’˜[Y\È\ØÙ[˜Ú[È‹”İ[[Y\ˆÙ]Ø[‹•Ù\İ‹‘Õ\È›È‹‘Õ‹M‹’]˜[ˆ‹œÙ\šXÙ\È‹•[š]Yİ]\È‹ÎL‹‹LNK•QKKMMËMKLŒLNMNLLÍËKBˆ–ŒRQŒSMSH‹•ÛÛˆ‹ŒMËLLKLKŒMËLLKLKŒŒMËLLH‹“[ÜÙ\Èœ˜\ÙH‹‘\İ[ˆœš[šÛX[›ˆ‹Ù[˜[‹‘Õ\È˜\ÚXÈ‹‘Õ‹LM‹’ÛÛ›X]š^‹›X\šÙ][™È‹•[š]Yİ]\È‹ÍÍKËLNL•QKKLKŒÎÌŒLMÎËKBˆŒLÌÑPÒÈ‹“Üİ‹ŒMËLLKLKŒMËLL‹LKŒŒMËLLˆ‹•šXÚÚHY›[[YH‹Ù[XH›İXÚH‹•Ù\İ‹‘Õ\È›È‹‘Õ‹M‹’Ø[‹XÛÙH‹œÛÙØ\™H‹•[š]Yİ]\È‹LMNŒËÍ•QKLKBˆ”MUUTUÈ‹“Üİ‹ŒMËLLKLKŒMËLLKLKŒŒMËLLH‹•š[Û]XÛ[[™‹Ø\˜HÜØÚ‹‘X\İ‹‘Õ\È˜\ÚXÈ‹‘Õ‹LM‹–YX\š[ˆ‹œ™]Z[‹•[š]Yİ]\È‹ŒŒKŒKÎLK•QKKBˆ’RVRˆ‹•ÛÛˆ‹ŒMËLLKLKŒMËLLKLKŒŒMËLLH‹•Ú[\›ˆ˜\œ™[ˆ‹Ø\˜HÜØÚ‹‘X\İ‹‘Õ›È‹‘Õ‹ŒK•[Xœ™[HÛÜœÜ˜][Ûˆ‹™š[˜[˜ÙH‹•[š]Yİ]\È‹ŒŒ‹ŒMLLLË•QKKLÍËLŒLÌLLMŒÎNKKBˆ‘P“P”Ò”H‹•ÛÛˆ‹ŒMËLLKL‹ŒMËLL‹LËŒŒMËLLˆ‹[›˜HÛ™[[™È‹‘\İ[ˆœš[šÛX[›ˆ‹Ù[˜[‹“QÈY˜[˜ÙY‹“QÈ‹ÌÎLË™[X˜\ÙH‹›X\šÙ][™È‹•[š]Yİ]\È‹ŒMÌËNL•QKKÎLKLŒLÌLŒÌNLLÍŒM‹KBˆ“PURPÌÑ‹“Üİ‹ŒMËLLKL‹ŒMËLL‹LLŒŒMËLLˆ‹ÛÜ›\ÜÈÛÜÛYH‹Ø\˜HÜØÚ‹‘X\İ‹‘Õ\È›È‹‘Õ‹M‹”İ[XXÙH‹œ™]Z[‹”›ÛX[šXH‹MËKLË•QKMKBˆŒŒ“Ìˆ‹•ÛÛˆ‹ŒMËLLKL‹ŒMËLL‹LMŒŒMËLLˆ‹ÛÜ›\ÜÈÛÜÛYH‹Ø\˜HÜØÚ‹‘X\İ‹‘Õ\È˜\ÚXÈ‹‘Õ‹LM‹“Ü[XÚ‹™š[˜[˜ÙH‹•[š]Yİ]\È‹ÍMKŒŒËLË•QKKLŒNLŒNMMNNMMKBˆ•LÌVR–RH‹“Üİ‹ŒMËLLKL‹ŒMËLL‹LLKŒŒMËLLˆ‹‘\˜Ù[ØÚXÚ‹“Y[š[ˆX\[ˆ‹Ù[˜[‹“QÈY˜[˜ÙY‹“QÈ‹ÌÎLË’\ÙÛH‹›YYXØ[‹•[š]Yİ]\È‹ÌMÎŒM•QKMKKBˆ–LÑU•LÈ‹•ÛÛˆ‹ŒMËLLKL‹ŒMËLL‹LËŒŒMËLLˆ‹‘ÛY\ÈÛÛÛİYÚ‹“Y[š[ˆX\[ˆ‹Ù[˜[‹‘Õ˜\ÚXÈ‹‘Õ‹ML”İ[œ™Y^‹™š[˜[˜ÙH‹•[š]Yİ]\È‹MNŒ‹ÍÎN•QKKMŒ‹LKLŒŒNNNNNNMËKBˆ’‘MŒÓ”•PH‹“Üİ‹ŒMËLLKL‹ŒMËLL‹LKŒŒMËLLˆ‹’Ø[ZHšXÚÛ™[‹”İ[[Y\ˆÙ]Ø[‹•Ù\İ‹‘Õ\È˜\ÚXÈ‹‘Õ‹LM‹‘˜^][İH‹[XÛÛ[][šXØ][ÛœÈ‹•[š]Yİ]\È‹NK‹MNMK•QKKKBˆ–PNÓSH‹•ÛÛˆ‹ŒMËLLKL‹ŒMËLL‹LKŒŒMËLLˆ‹’Ø[ZHšXÚÛ™[‹”İ[[Y\ˆÙ]Ø[‹•Ù\İ‹‘Õ˜\ÚXÈ‹‘Õ‹ML”İ[›˜[\^‹›X\šÙ][™È‹”Û[™‹MŒÍËMNLË•QKKŒKŒMŒÍŒÍŒÍŒÍŒÍŒÍKBˆÕÔRŒRH‹•ÛÛˆ‹ŒMËLLKL‹ŒMËLL‹LLKŒŒMËLLˆ‹•™\œÚYH[Xœ˜[™‹‘\İ[ˆœš[šÛX[›ˆ‹Ù[˜[‹“QÈÜXÚX[‹“QÈ‹MK”[™Ù˜\ÙH‹XÚ›ÛÙŞH‹•[š]Yİ]\È‹LŒ‹LŒÎ•QKK‹MKLŒ‹KBˆ‘MĞ–“SSÈ‹•ÛÛˆ‹ŒMËLLKL‹ŒMËLL‹LL‹ŒŒMËLLˆ‹•™\œÚYH[Xœ˜[™‹‘\İ[ˆœš[šÛX[›ˆ‹Ù[˜[‹“QÈY˜[˜ÙY‹“QÈ‹ÌÎLËØ[˜Ú]H‹œ™]Z[‹•[š]Yİ]\È‹ÌNŒ‹•QKKÌÌKM‹ŒÍMLŒÍÌNL‹KBˆ”T–Ñ‹“Üİ‹ŒMËLLKL‹ŒMËLLKLËŒŒMËLLH‹•š[Û]XÛ[[™‹Ø\˜HÜØÚ‹‘X\İ‹“QÈY˜[˜ÙY‹“QÈ‹ÌÎLË“X\ÜÚ]™H[˜[ZXÈ‹™[\Z[›Y[‹•[š]Yİ]\È‹KŒ‹LMK•QKKKBˆŒÍÓÖSÈ‹•ÛÛˆ‹ŒMËLLKLËŒMËLLKLÌŒŒMËLLH‹‘\˜Ù[ØÚXÚ‹“Y[š[ˆX\[ˆ‹Ù[˜[‹‘Õ›È‹‘Õ‹ŒK‘Ù[˜ÛÈ\˜HÛ]™HÚ[ÛÛ\[H‹œ™]Z[‹’][H‹MŒÌËMŒÍK•QKKËLŒLÎMÍLÌMŒÌMKKBˆ‘ÓVVRÓˆ‹•ÛÛˆ‹ŒMËLLKLËŒMËLL‹LL‹ŒŒMËLLˆ‹’^Y[ˆ™[Û\È‹Ù[XH›İXÚH‹•Ù\İ‹‘Õ\È˜\ÚXÈ‹‘Õ‹LM‹’‹U^Ûˆ‹œ™]Z[‹•[š]Yİ]\È‹LÎËÍNË•QKKLNL‹MKLŒÍNLLÍNLLŒËKBˆŒ‘•ÌÒH‹“Üİ‹ŒMËLLKLËŒMËLL‹LL‹ŒŒMËLLˆ‹”™YYÛ\\ˆ‹”›ØØÛÈ™]X™\‹‘X\İ‹“QÈY˜[˜ÙY‹“QÈ‹ÌÎLË›]ÛÛ\[H‹XÚ›ÛÙŞH‹•[š]Yİ]\È‹L‹ŒÌ‹ÌË•QKMKKBˆÔÎÓ‘H‹‘[™ØYÚ[™È‹ŒMËLLKLË”›ÜØ[[˜HY]\ˆ‹Ù[XH›İXÚH‹•Ù\İ‹“QÈÜXÚX[‹“QÈ‹MK•[šÛ›İÛˆ‹•[šÛ›İÛˆ‹•[šÛ›İÛˆ‹SÑKˆ“”SÓH‹‘[™ØYÚ[™È‹ŒMËLLKLË–˜[™H]H‹”İ[[Y\ˆÙ]Ø[‹•Ù\İ‹‘Õ˜\ÚXÈ‹‘Õ‹ML’[š]H‹›X\šÙ][™È‹•[š]Yİ]\È‹ËNKSÑKKBˆ•ÑLÎMRH‹•ÛÛˆ‹ŒMËLLKLŒMËLL‹LKŒŒMËLLˆ‹‘Û›ˆØ[™[‹”›ØØÛÈ™]X™\‹‘X\İ‹‘Õ\È˜\ÚXÈ‹‘Õ‹LM‹‘ÙZÚÛÈ	ˆÛÈ‹œ™]Z[‹•[š]Yİ]\È‹LŒËÍL‹•QKKLLÌKLKLŒÌNLÍÌMLÍÌ‹KBˆŒÔÓÓ‘V–‹•ÛÛˆ‹ŒMËLLKLŒMËLL‹LL‹ŒŒMËLLˆ‹’^Y[ˆ™[Û\È‹Ù[XH›İXÚH‹•Ù\İ‹‘Õ\È›È‹‘Õ‹M‹‘ÛÛÙÚ[›Ûˆ‹›X\šÙ][™È‹•[š]Yİ]\È‹ML‹ÌËLLË•QKKMÌ‹MLŒLÌLÌÎLÌÎNËKBˆ“PPM•“SH‹•ÛÛˆ‹ŒMËLLKLŒMËLL‹LLËŒŒMËLLˆ‹’Ø[ZHšXÚÛ™[‹”İ[[Y\ˆÙ]Ø[‹•Ù\İ‹‘Õ˜\ÚXÈ‹‘Õ‹MLÚY\œÈ‹™[\Z[›Y[‹•[š]Yİ]\È‹KKÌ‹•QKKMŒËMKLŒŒÍŒÍŒÍŒÍŒÍŒÍŒÍËKBˆŒL“È‹•ÛÛˆ‹ŒMËLLKLŒMËLL‹LLKŒŒMËLLˆ‹“X]\™Y[ˆX\˜Ø[›È‹”İ[[Y\ˆÙ]Ø[‹•Ù\İ‹‘Õ\È›È‹‘Õ‹M‹–ZÛ[™È‹™š[˜[˜ÙH‹•[š]Yİ]\È‹ÍLÍËŒŒLË•QKKN‹LËLŒÌÍMMÌÌMNM‹KBˆ•NUP‘ÕÈ‹“Üİ‹ŒMËLLKLŒMËLL‹LKŒŒMËLLˆ‹“šY\ÚHY™š[™\È‹“Y[š[ˆX\[ˆ‹Ù[˜[‹‘Õ˜\ÚXÈ‹‘Õ‹ML‘Û^›ÛÛH‹™[\Z[›Y[‹•[š]Yİ]\È‹ŒMËËMLK•QKËKBˆ‘UŒŒV–H‹“Üİ‹ŒMËLLKLŒMËLL‹L‹ŒŒMËLLˆ‹•šXÚÚHY›[[YH‹Ù[XH›İXÚH‹•Ù\İ‹“QÈY˜[˜ÙY‹“QÈ‹ÌÎLË’]˜[ˆ‹œÙ\šXÙ\È‹•[š]Yİ]\È‹ÎL‹‹LNK•QKKBˆ’•‘Ò“Uˆ‹‘[™ØYÚ[™È‹ŒMËLLKL–˜[™H]H‹”İ[[Y\ˆÙ]Ø[‹•Ù\İ‹‘Õ\È˜\ÚXÈ‹‘Õ‹LM‹•[šÛ›İÛˆ‹•[šÛ›İÛˆ‹•[šÛ›İÛˆ‹SÑKˆ”ÑÌÈ‹•ÛÛˆ‹ŒMËLLKLŒMËLL‹LŒŒMËLLˆ‹–˜[™H]H‹”İ[[Y\ˆÙ]Ø[‹•Ù\İ‹‘Õ˜\ÚXÈ‹‘Õ‹ML”˜[İXÚ‹[XÛÛ[][šXØ][ÛœÈ‹•[š]Yİ]\È‹LN‹ÌMK•QKKŒK‹LŒLÌÌÌÌÌÌKBˆ–RÒÎUĞˆ‹•ÛÛˆ‹ŒMËLLKLKŒMËLL‹LNŒŒMËLLˆ‹‘[X\ÙHÛXÚÈ‹Ù[XH›İXÚH‹•Ù\İ‹“QÈÜXÚX[‹“QÈ‹MK”ÛÛœ›Ûˆ‹[XÛÛ[][šXØ][ÛœÈ‹•[š]Yİ]\È‹MNKKLL•QKKNNKLŒMMMMMMMKKBˆÒMĞÖ‹•ÛÛˆ‹ŒMËLLKLKŒMËLL‹LMŒŒMËLLˆ‹’^Y[ˆ™[Û\È‹Ù[XH›İXÚH‹•Ù\İ‹“QÈÜXÚX[‹“QÈ‹MK›XÚŞš[H‹œ™]Z[‹•[š]Yİ]\È‹MËŒLKMN•QKKNMKLŒMMMMMMMKKBˆ•ŒŒÕ”ŒVH‹•ÛÛˆ‹ŒMËLLKLKŒMËLL‹LMŒŒMËLLˆ‹’^Y[ˆ™[Û\È‹Ù[XH›İXÚH‹•Ù\İ‹“QÈY˜[˜ÙY‹“QÈ‹ÌÎLË‘š[š›Øˆ‹™[\Ş[Y[‹•[š]Yİ]\È‹ŒNKKÍ•QKKÌKMKŒÌNÌŒÎÌÎLKKBˆL”M‘È‹•ÛÛˆ‹ŒMËLLKLKŒMËLL‹LŒŒMËLLˆ‹”™YYÛ\\ˆ‹”›ØØÛÈ™]X™\‹‘X\İ‹“QÈY˜[˜ÙY‹“QÈ‹ÌÎLË”\Üİ[š[ˆ‹œ™]Z[‹•[š]Yİ]\È‹MNKNN•QKKÍMKLŒMÍÌMÍNŒŒKKBˆ‘ÔQÎQÌH‹‘[™ØYÚ[™È‹ŒMËLLKLÌÛÜ›\ÜÈÛÜÛYH‹Ø\˜HÜØÚ‹‘X\İ‹‘Õ\È›È‹‘Õ‹M‹•[šÛ›İÛˆ‹•[šÛ›İÛˆ‹•[šÛ›İÛˆ‹SÑKˆ‘ÕQ–LH‹“Üİ‹ŒMËLLKLÌŒMËLL‹LMŒŒMËLLˆ‹‘\˜Ù[ØÚXÚ‹“Y[š[ˆX\[ˆ‹Ù[˜[‹“QÈY˜[˜ÙY‹“QÈ‹ÌÎLË‘š[šYÚ‹™š[˜[˜ÙH‹•[š]Yİ]\È‹LL‹ËMÍNK•QKMKBˆ“QÍS”RH‹•ÛÛˆ‹ŒMËLLKLÌŒMËLL‹LMŒŒMËLLˆ‹‘Û›ˆØ[™[‹”›ØØÛÈ™]X™\‹‘X\İ‹‘Õ\È›È‹‘Õ‹M‹’[š]XÚ‹[XÛÛ[][šXØ][ÛœÈ‹•[š]Yİ]\È‹ŒÎMKŒKŒÍK•QKKLŒMŒLÌLMNLNLÍ‹KBˆ‘ĞŒRÌÖMH‹•ÛÛˆ‹ŒMËLLKLÌŒMËLL‹LMKŒŒMËLLˆ‹‘Ø\œ™]Ú[™\ˆ‹Ø\˜HÜØÚ‹‘X\İ‹‘Õ˜\ÚXÈ‹‘Õ‹ML•H™]È[ÜšÈ[œ]Z\™\ˆ‹›YYXØ[‹•[š]Yİ]\È‹ÎKŒŒKÎL‹•QKKMÎKMKLŒLÌÌÌÌÌÌËKBˆ’ÒÓÕLLV‘‹•ÛÛˆ‹ŒMËLLKLÌŒMËLL‹LMŒŒMËLLˆ‹’Ø\H[™š^ÛÛˆ‹”İ[[Y\ˆÙ]Ø[‹•Ù\İ‹‘Õ\È˜\ÚXÈ‹‘Õ‹LM‹ÚY\œÈ‹™[\Z[›Y[‹•[š]Yİ]\È‹KKÌ‹•QKKLNMKMLŒLÌÌMLÌËKBˆ’ÒŒÒSÒÒ‹•ÛÛˆ‹ŒMËLLKLÌŒMËLL‹LKŒŒMËLLˆ‹“ZX[˜H™[˜Ú[‹‘\İ[ˆœš[šÛX[›ˆ‹Ù[˜[‹‘Õ\È›È‹‘Õ‹M‹”İ™Y]^‹œ™]Z[‹™[Ú][H‹LÍÍ‹LMK•QKKŒÍKLŒMMLLŒŒŒNMMKKBˆ”LÍUÔH‹•ÛÛˆ‹ŒMËLLKLÌŒMËLL‹LNKŒŒMËLLˆ‹•Ú[\›ˆ˜\œ™[ˆ‹Ø\˜HÜØÚ‹‘X\İ‹‘Õ\È˜\ÚXÈ‹‘Õ‹LM‹–˜][šXÛÛˆ‹œ™]Z[‹•[š]Yİ]\È‹ÌKŒL‹M•QKKLMÎKNKLŒÍMÌNLÌÌNLËKBˆ–Ì“MQ“È‹•ÛÛˆ‹ŒMËLL‹LKŒMËLL‹LŒ‹ŒŒMËLLˆ‹[›˜HÛ™[[™È‹‘\İ[ˆœš[šÛX[›ˆ‹Ù[˜[‹‘Õ\È˜\ÚXÈ‹‘Õ‹LM‹ÛÛ™^‹›YYXØ[‹•[š]Yİ]\È‹MK•QKKLËŒKLŒLÍLÍNLLKKBˆ“ÑŒ‘MH‹•ÛÛˆ‹ŒMËLL‹LKŒMËLL‹LMKŒŒMËLLˆ‹‘[X\ÙHÛXÚÈ‹Ù[XH›İXÚH‹•Ù\İ‹‘Õ\È˜\ÚXÈ‹‘Õ‹LM‹–›ÛÛZ]‹™[\Z[›Y[‹•[š]Yİ]\È‹ÌŒNKMÎ•QKKMLËMŒLÌÍLMMÍKKBˆ“ÎLÓU–T‹‘[™ØYÚ[™È‹ŒMËLL‹LK’Ø[ZHšXÚÛ™[‹”İ[[Y\ˆÙ]Ø[‹•Ù\İ‹‘Õ˜\ÚXÈ‹‘Õ‹ML•[šÛ›İÛˆ‹•[šÛ›İÛˆ‹•[šÛ›İÛˆ‹SÑKˆ–M–UR‹•ÛÛˆ‹ŒMËLL‹LKŒMËLL‹LKŒŒMËLLˆ‹“[ÜÙ\Èœ˜\ÙH‹‘\İ[ˆœš[šÛX[›ˆ‹Ù[˜[‹‘Õ\È›È‹‘Õ‹M‹‘Ù[˜ÛÈ\˜HÛ]™HÚ[ÛÛ\[H‹œ™]Z[‹’][H‹MŒÌËMŒÍK•QKKMŒNKLŒNLÎLLMLKBˆŒŒÖ“MÔˆ‹“Üİ‹ŒMËLL‹L‹ŒMËLL‹LL‹ŒŒMËLLˆ‹‘Û›ˆØ[™[‹”›ØØÛÈ™]X™\‹‘X\İ‹‘Õ\È˜\ÚXÈ‹‘Õ‹LM‹™]\ÛÛÚ[ˆ‹›YYXØ[‹•[š]Yİ]\È‹LKKMK•QKLKBˆ”–QÔQÈ‹“Üİ‹ŒMËLL‹L‹ŒMËLL‹LLKŒŒMËLLˆ‹‘Û›ˆØ[™[‹”›ØØÛÈ™]X™\‹‘X\İ‹‘Õ\È˜\ÚXÈ‹‘Õ‹LM‹‘ÛØ\™H‹›X\šÙ][™È‹•[š]Yİ]\È‹LNMËMÌ•QKKKBˆÓUMQH‹•ÛÛˆ‹ŒMËLL‹L‹ŒMËLL‹LŒŒŒMËLLˆ‹’^Y[ˆ™[Û\È‹Ù[XH›İXÚH‹•Ù\İ‹“QÈY˜[˜ÙY‹“QÈ‹ÌÎLË”^˜\‹œ™]Z[‹•[š]Yİ]\È‹ÍËKÍ•QKKÍMËNLŒLÎÍMŒŒMNKKBˆ’Ó“ÍÌÈ‹•ÛÛˆ‹ŒMËLL‹L‹ŒMËLL‹LMKŒŒMËLLˆ‹’Ø[ZHšXÚÛ™[‹”İ[[Y\ˆÙ]Ø[‹•Ù\İ‹‘Õ›È‹‘Õ‹ŒK‘Ü™Y[‹T\È‹œÙ\šXÙ\È‹•[š]Yİ]\È‹L‹ŒNKNLŒ‹•QKKNKLËLŒMŒMÎLŒMNLÌÌKKBˆÖQQQH‹•ÛÛˆ‹ŒMËLL‹L‹ŒMËLL‹LŒŒŒMËLLˆ‹’Ø\H[™š^ÛÛˆ‹”İ[[Y\ˆÙ]Ø[‹•Ù\İ‹‘Õ\È˜\ÚXÈ‹‘Õ‹LM‹”Ú[™Û]XÚ›È‹œ™]Z[‹•[š]Yİ]\È‹ŒŒMMLÍÍ•QKKNLËNŒLÎMÎLŒNMÎKKBˆ‘ÍÌĞLÍH‹•ÛÛˆ‹ŒMËLL‹LËŒMËLL‹LLŒŒMËLLˆ‹’˜[Y\È\ØÙ[˜Ú[È‹”İ[[Y\ˆÙ]Ø[‹•Ù\İ‹“QÈÜXÚX[‹“QÈ‹MK‘Û˜ÛÛˆ‹XÚ›ÛÙŞH‹•[š]Yİ]\È‹NËÌ‹MLK•QKKMËŒNNNNNNN‹KBˆŒUÕ‘PQNˆ‹“Üİ‹ŒMËLL‹LËŒMËLL‹LŒŒŒMËLLˆ‹’›Û˜][ˆ™\[İ‹“Y[š[ˆX\[ˆ‹Ù[˜[‹‘Õ\È˜\ÚXÈ‹‘Õ‹LM‹ÛÙZİÈ‹œÛÙØ\™H‹•[š]Yİ]\È‹ÌMKK•QKMËKBˆ•’‘UMLˆ‹•ÛÛˆ‹ŒMËLL‹LËŒMËLL‹LŒŒMËLLˆ‹”›ÜÚYH\YÜİ[ÜÈ‹Ø\˜HÜØÚ‹‘X\İ‹“QÈÜXÚX[‹“QÈ‹MK’[š]XÚ‹[XÛÛ[][šXØ][ÛœÈ‹•[š]Yİ]\È‹ŒÎMKŒKŒÍK•QKKNŒKLŒMMMMMMMKKBˆ’ÒT‘‹•ÛÛˆ‹ŒMËLL‹LŒMËLL‹LLËŒŒMËLLˆ‹[›˜HÛ™[[™È‹‘\İ[ˆœš[šÛX[›ˆ‹Ù[˜[‹“QÈÜXÚX[‹“QÈ‹MK’İXÚH‹XÚ›ÛÙŞH‹’ÛÜ™XH‹MÌŒÎMNK•QKKMËKLŒÍŒÍŒÍŒÍŒÍŒÍŒÍKBˆŒ’UÍLˆ‹“Üİ‹ŒMËLL‹LŒMËLL‹LŒŒMËLLˆ‹‘ÛY\ÈÛÛÛİYÚ‹“Y[š[ˆX\[ˆ‹Ù[˜[‹“QÈÜXÚX[‹“QÈ‹MK”İ™Y]^‹œ™]Z[‹™[Ú][H‹LÍÍ‹LMK•QKŒKBˆ“QÌÖ’ŒÈ‹•ÛÛˆ‹ŒMËLL‹LŒMËLL‹LLKŒŒMËLLˆ‹‘ÛY\ÈÛÛÛİYÚ‹“Y[š[ˆX\[ˆ‹Ù[˜[‹‘Õ\È˜\ÚXÈ‹‘Õ‹LM‹’[š]H‹›X\šÙ][™È‹•[š]Yİ]\È‹ËNK•QKKLLLËLŒLÍÌÍÌŒŒÍÌÍÌKKBˆ”L“ÑPˆ‹•ÛÛˆ‹ŒMËLL‹LŒMËLL‹LŒŒMËLLˆ‹•™\œÚYH[Xœ˜[™‹‘\İ[ˆœš[šÛX[›ˆ‹Ù[˜[‹“QÈÜXÚX[‹“QÈ‹MK”[™Ù˜\ÙH‹XÚ›ÛÙŞH‹•[š]Yİ]\È‹LŒ‹LŒÎ•QKKMËLŒÍŒÍŒÍŒÍŒÍŒÍŒÍKBˆ”ÖŒVQQˆ‹“Üİ‹ŒMËLL‹LŒMËLL‹LŒŒŒMËLLˆ‹–˜[™H]H‹”İ[[Y\ˆÙ]Ø[‹•Ù\İ‹‘Õ›È‹‘Õ‹ŒK‘š[š›Øˆ‹™[\Ş[Y[‹•[š]Yİ]\È‹ŒNKKÍ•QKM‹KBˆUÕVV“‘H‹•ÛÛˆ‹ŒMËLL‹LŒMËLL‹LMKŒŒMËLLˆ‹–˜[™H]H‹”İ[[Y\ˆÙ]Ø[‹•Ù\İ‹“QÈÜXÚX[‹“QÈ‹MK“˜[K^š[H‹œÙ\šXÙ\È‹œ˜^š[‹KNKLMÎK•QKKLKLŒMŒÍŒÍŒÍŒÍŒÍŒÍKBˆ”•ÑT•UU‹•ÛÛˆ‹ŒMËLL‹LKŒMËLL‹LËŒŒMËLLˆ‹›Üš\È˜^ˆ‹”›ØØÛÈ™]X™\‹‘X\İ‹‘Õ\È›È‹‘Õ‹M‹–›İØ\™H‹œÛÙØ\™H‹•[š]Yİ]\È‹ÎËLÎK•QKKLMÌ‹‹ŒMMÌLŒÍËKBˆ‘VL–ŒÌ”È‹“Üİ‹ŒMËLL‹LKŒMËLL‹LËŒŒMËLLˆ‹ÛÜ›\ÜÈÛÜÛYH‹Ø\˜HÜØÚ‹‘X\İ‹‘Õ\È˜\ÚXÈ‹‘Õ‹LM‹–›İØ\™H‹œÛÙØ\™H‹•[š]Yİ]\È‹ÎËLÎK•QKŒ‹KBˆÑVUÎT•È‹“Üİ‹ŒMËLL‹LKŒMËLL‹LKŒŒMËLLˆ‹’Ø\H[™š^ÛÛˆ‹”İ[[Y\ˆÙ]Ø[‹•Ù\İ‹‘Õ˜\ÚXÈ‹‘Õ‹ML‘ÛÛ^‹™š[˜[˜ÙH‹•[š]Yİ]\È‹L‹KMK•QKŒKBˆ“P“ÓQUˆ‹“Üİ‹ŒMËLL‹LKŒMËLL‹LNKŒŒMËLLˆ‹“X\šÚ]H[œÙ[ˆ‹Ù[XH›İXÚH‹•Ù\İ‹“QÈÜXÚX[‹“QÈ‹MK‘˜^][İH‹[XÛÛ[][šXØ][ÛœÈ‹•[š]Yİ]\È‹NK‹MNMK•QKMKBˆ’M‘’VŒ”ÍH‹•ÛÛˆ‹ŒMËLL‹LKŒMËLL‹LNKŒŒMËLLˆ‹“šY\ÚHY™š[™\È‹“Y[š[ˆX\[ˆ‹Ù[˜[‹‘Õ\È›È‹‘Õ‹M‹‘[šÛ[™È‹™š[˜[˜ÙH‹•[š]Yİ]\È‹NKKÌŒË•QKKŒMKMLŒLŒŒLMŒMŒLLËKBˆŒÑÕRÒQÌÈ‹‘[™ØYÚ[™È‹ŒMËLL‹LK•š[Û]XÛ[[™‹Ø\˜HÜØÚ‹‘X\İ‹“QÈÜXÚX[‹“QÈ‹MK•[šÛ›İÛˆ‹•[šÛ›İÛˆ‹•[šÛ›İÛˆ‹SÑKˆÑVQÌÕˆ‹•ÛÛˆ‹ŒMËLL‹L‹ŒMËLL‹LMŒŒMËLLˆ‹[›˜HÛ™[[™È‹‘\İ[ˆœš[šÛX[›ˆ‹Ù[˜[‹“QÈÜXÚX[‹“QÈ‹MK”İ]Û[™ÜÈ‹™[\Ş[Y[‹•[š]Yİ]\È‹LKŒËN‹•QKKM‹LŒNNNNNNNKKBˆ•QPP’ÔRˆ‹•ÛÛˆ‹ŒMËLL‹L‹ŒMËLL‹LL‹ŒŒMËLLˆ‹ÙXÚ[H[\Ú[ˆ‹‘\İ[ˆœš[šÛX[›ˆ‹Ù[˜[‹‘Õ˜\ÚXÈ‹‘Õ‹ML‘ÛXÚH‹œÛÙØ\™H‹•[š]Yİ]\È‹ŒNLË•QKKLMK‹ŒŒÍŒÍŒÍŒÍŒÍŒÍŒÍ‹KBˆÖ•LNH‹•ÛÛˆ‹ŒMËLL‹L‹ŒMËLL‹LŒËŒŒMËLLˆ‹‘Û›ˆØ[™[‹”›ØØÛÈ™]X™\‹‘X\İ‹‘Õ˜\ÚXÈ‹‘Õ‹ML‘ÛØ\™H‹›X\šÙ][™È‹•[š]Yİ]\È‹LNMËMÌ•QKKNMËLŒLLLLLLKKBˆ“ÌRÖ‘ˆ‹•ÛÛˆ‹ŒMËLL‹L‹ŒMËLL‹LÌŒŒMËLLˆ‹‘Û›ˆØ[™[‹”›ØØÛÈ™]X™\‹‘X\İ‹‘Õ˜\ÚXÈ‹‘Õ‹ML–YX\š[ˆ‹œ™]Z[‹•[š]Yİ]\È‹ŒŒKŒKÎLK•QKKKŒLMMMMMMKKBˆ“Ì’Tˆ‹“Üİ‹ŒMËLL‹L‹ŒMËLL‹LŒ‹ŒŒMËLLˆ‹’Ø\H[™š^ÛÛˆ‹”İ[[Y\ˆÙ]Ø[‹•Ù\İ‹‘Õ›È‹‘Õ‹ŒK‘˜^][İH‹[XÛÛ[][šXØ][ÛœÈ‹•[š]Yİ]\È‹NK‹MNMK•QKM‹KBˆL“ÓÕÖˆ‹•ÛÛˆ‹ŒMËLL‹L‹ŒMËLL‹LMŒŒMËLLˆ‹•™\œÚYH[Xœ˜[™‹‘\İ[ˆœš[šÛX[›ˆ‹Ù[˜[‹“QÈÜXÚX[‹“QÈ‹MK”˜[™Ü™Y[ˆ‹XÚ›ÛÙŞH‹”[˜[XH‹LÎËÍÍK•QKKKŒLLLLLLLKKBˆ•ÒÒT–M’ÑH‹•ÛÛˆ‹ŒMËLL‹LËŒMËLL‹LNŒŒMËLLˆ‹’Ø\H[™š^ÛÛˆ‹”İ[[Y\ˆÙ]Ø[‹•Ù\İ‹‘Õ\È˜\ÚXÈ‹‘Õ‹LM‹–ZÛ[™È‹™š[˜[˜ÙH‹•[š]Yİ]\È‹ÍLÍËŒŒLË•QKKLLLKLKLŒLÍŒLÌLÎŒLËKBˆ‘R–QU‹•ÛÛˆ‹ŒMËLL‹LËŒMËLL‹LŒŒMËLLˆ‹“X\Hœ™]Y[˜\™È‹“Y[š[ˆX\[ˆ‹Ù[˜[‹‘Õ\È›È‹‘Õ‹M‹•İYÚ˜\‹œ™]Z[‹•[š]Yİ]\È‹ÌÌ‹ËÎNK•QKKNŒ‹ŒKLŒLÌMÍÍÌŒÎŒÍKKBˆLQPÌ‹•ÛÛˆ‹ŒMËLL‹LËŒMËLL‹LM‹ŒŒMËLLˆ‹”›ÜØ[[˜HY]\ˆ‹Ù[XH›İXÚH‹•Ù\İ‹“QÈÜXÚX[‹“QÈ‹MK’‹U^Ûˆ‹œ™]Z[‹•[š]Yİ]\È‹LÎËÍNË•QKKMKŒNNNNNNN‹KBˆ””ÌÌULÖH‹‘[™ØYÚ[™È‹ŒMËLL‹LË–˜[™H]H‹”İ[[Y\ˆÙ]Ø[‹•Ù\İ‹‘Õ\È˜\ÚXÈ‹‘Õ‹LM‹•[šÛ›İÛˆ‹•[šÛ›İÛˆ‹•[šÛ›İÛˆ‹SÑKˆŒ’ÕÔM”Vˆ‹•ÛÛˆ‹ŒMËLL‹LŒMËLL‹LNŒŒMËLLˆ‹[›˜HÛ™[[™È‹‘\İ[ˆœš[šÛX[›ˆ‹Ù[˜[‹“QÈÜXÚX[‹“QÈ‹MKØ[˜Ú]H‹œ™]Z[‹•[š]Yİ]\È‹ÌNŒ‹•QKKŒLLŒLLLLLLLKBˆŒÖQVˆ‹“Üİ‹ŒMËLL‹LŒMËLL‹LŒ‹ŒŒMËLLˆ‹‘Û›ˆØ[™[‹”›ØØÛÈ™]X™\‹‘X\İ‹‘Õ›È‹‘Õ‹ŒK”\Üİ[š[ˆ‹œ™]Z[‹•[š]Yİ]\È‹MNKNN•QKMKBˆ•“S’È‹‘[™ØYÚ[™È‹ŒMËLL‹L’Ø\H[™š^ÛÛˆ‹”İ[[Y\ˆÙ]Ø[‹•Ù\İ‹‘Õ\È˜\ÚXÈ‹‘Õ‹LM‹•[šÛ›İÛˆ‹•[šÛ›İÛˆ‹•[šÛ›İÛˆ‹SÑKˆ–VM‘”‘‹•ÛÛˆ‹ŒMËLL‹LŒMËLL‹LKŒŒMËLLˆ‹’Ø\H[™š^ÛÛˆ‹”İ[[Y\ˆÙ]Ø[‹•Ù\İ‹‘Õ\È˜\ÚXÈ‹‘Õ‹LM‹‘ÛÛ^‹™š[˜[˜ÙH‹•[š]Yİ]\È‹L‹KMK•QKKLMŒKLŒMLÍÌMLÍËKBˆ”–S‘Vˆ‹•ÛÛˆ‹ŒMËLL‹LŒMËLL‹LNŒŒMËLLˆ‹•š[Û]XÛ[[™‹Ø\˜HÜØÚ‹‘X\İ‹“QÈÜXÚX[‹“QÈ‹MK‘ÙZÚÛÈ	ˆÛÈ‹œ™]Z[‹•[š]Yİ]\È‹LŒËÍL‹•QKKLŒLÌÌÌÌÌÌËKBˆ–MRURQQÈ‹•ÛÛˆ‹ŒMËLL‹LKŒMËLL‹LŒŒMËLLˆ‹ÙXÚ[H[\Ú[ˆ‹‘\İ[ˆœš[šÛX[›ˆ‹Ù[˜[‹‘Õ\È˜\ÚXÈ‹‘Õ‹LM‹Ø[˜Ú]H‹œ™]Z[‹•[š]Yİ]\È‹ÌNŒ‹•QKKN‹MKŒLÍMŒÍLÍKKBˆŒRÎ“H‹•ÛÛˆ‹ŒMËLL‹LKŒMËLL‹LM‹ŒŒMËLLˆ‹ÙXÚ[H[\Ú[ˆ‹‘\İ[ˆœš[šÛX[›ˆ‹Ù[˜[‹“QÈY˜[˜ÙY‹“QÈ‹ÌÎLË•İYÚ˜\‹œ™]Z[‹•[š]Yİ]\È‹ÌÌ‹ËÎNK•QKKÎËËLŒLÌŒNNMMM‹KBˆŒÒ‘MÒÈ‹•ÛÛˆ‹ŒMËLL‹LKŒMËLL‹LMËŒŒMËLLˆ‹ÛÜ›\ÜÈÛÜÛYH‹Ø\˜HÜØÚ‹‘X\İ‹‘Õ\È›È‹‘Õ‹M‹‘ÙZÚÛÈ	ˆÛÈ‹œ™]Z[‹•[š]Yİ]\È‹LŒËÍL‹•QKKLMËŒŒNÎÍNÍNËKBˆ“ĞÕĞÕÔH‹•ÛÛˆ‹ŒMËLL‹LKŒMËLL‹LŒŒMËLLˆ‹‘ÛY\ÈÛÛÛİYÚ‹“Y[š[ˆX\[ˆ‹Ù[˜[‹“QÈÜXÚX[‹“QÈ‹MKÛÙZİÈ‹œÛÙØ\™H‹•[š]Yİ]\È‹ÌMKK•QKKL‹MKŒMMMMMMM‹KBˆ”Ì’Ğ•Ì“È‹•ÛÛˆ‹ŒMËLL‹LKŒMËLL‹LŒËŒŒMËLLˆ‹’˜[Y\È\ØÙ[˜Ú[È‹”İ[[Y\ˆÙ]Ø[‹•Ù\İ‹‘Õ\È›È‹‘Õ‹M‹”ØÛİš[™‹œÛÙØ\™H‹•[š]Yİ]\È‹ŒÍMËMÎ•QKKMMÍ‹MLŒMÌMÌŒÌŒMNKKBˆ”RRÖNÈ‹•ÛÛˆ‹ŒMËLL‹LKŒMËLL‹LNŒŒMËLLˆ‹’Ø[ZHšXÚÛ™[‹”İ[[Y\ˆÙ]Ø[‹•Ù\İ‹“QÈÜXÚX[‹“QÈ‹MK”İ[›˜[\^‹›X\šÙ][™È‹”Û[™‹MŒÍËMNLË•QKKNKKLŒÌÌÌÌÌÌÌKBˆ‘“MLUÓˆ‹•ÛÛˆ‹ŒMËLL‹LKŒMËLL‹LËŒŒMËLLˆ‹’Ø\H[™š^ÛÛˆ‹”İ[[Y\ˆÙ]Ø[‹•Ù\İ‹‘Õ›È‹‘Õ‹ŒK’‹U^Ûˆ‹œ™]Z[‹•[š]Yİ]\È‹LÎËÍNË•QKKMÎNŒLÌÌÍÍNLŒÎKKBˆLŒPTPLÈ‹•ÛÛˆ‹ŒMËLL‹LKŒMËLL‹LKŒŒMËLLˆ‹“X\šÚ]H[œÙ[ˆ‹Ù[XH›İXÚH‹•Ù\İ‹‘Õ\È˜\ÚXÈ‹‘Õ‹LM‹“^\]›Û^‹›YYXØ[‹•[š]Yİ]\È‹MŒNKÎK•QKKLNL‹M‹LŒÍNLLÍNLLŒËKBˆ‘ÓVMMÔ‘‹‘[™ØYÚ[™È‹ŒMËLL‹LK“X]\™Y[ˆX\˜Ø[›È‹”İ[[Y\ˆÙ]Ø[‹•Ù\İ‹‘Õ˜\ÚXÈ‹‘Õ‹ML•[šÛ›İÛˆ‹•[šÛ›İÛˆ‹•[šÛ›İÛˆ‹SÑKˆÔÎÓ’Óˆ‹•ÛÛˆ‹ŒMËLL‹LKŒMËLL‹LŒŒMËLLˆ‹“šY\ÚHY™š[™\È‹“Y[š[ˆX\[ˆ‹Ù[˜[‹‘Õ\È˜\ÚXÈ‹‘Õ‹LM‹ÛÛ™XÛÛH‹XÚ›ÛÙŞH‹•[š]Yİ]\È‹MLŒ‹N‹•QKKLËMKŒÌLNMÌËKBˆ•”ÍVNÍ‹•ÛÛˆ‹ŒMËLL‹LKŒMËLL‹LMËŒŒMËLLˆ‹”™YYÛ\\ˆ‹”›ØØÛÈ™]X™\‹‘X\İ‹‘Õ\È›È‹‘Õ‹M‹’Ø[‹XÛÙH‹œÛÙØ\™H‹•[š]Yİ]\È‹LMNŒËÍ•QKKM‹LŒMÍÍÌŒÎŒÍŒŒLKKBˆ’–ŒÔÑˆ‹“Üİ‹ŒMËLL‹LKŒMËLL‹LKŒŒMËLLˆ‹”›ÜÚYH\YÜİ[ÜÈ‹Ø\˜HÜØÚ‹‘X\İ‹‘Õ›È‹‘Õ‹ŒK–^›Ø˜[H‹™[\Z[›Y[‹•[š]Yİ]\È‹ÎÎŒÎKÍ•QKŒKBˆ’””ÕNS‹“Üİ‹ŒMËLL‹LLŒMËLL‹LNKŒŒMËLLˆ‹[›˜HÛ™[[™È‹‘\İ[ˆœš[šÛX[›ˆ‹Ù[˜[‹‘Õ˜\ÚXÈ‹‘Õ‹ML”›Û‹]XÚ‹›YYXØ[‹•[š]Yİ]\È‹ÎLŒ‹‹ÍË•QKKKBˆÑÖPÑ•ÍH‹•ÛÛˆ‹ŒMËLL‹LLŒMËLL‹LMËŒŒMËLLˆ‹‘\˜Ù[ØÚXÚ‹“Y[š[ˆX\[ˆ‹Ù[˜[‹‘Õ›È‹‘Õ‹ŒK’[š]H‹›X\šÙ][™È‹•[š]Yİ]\È‹ËNK•QKKÍMKËŒLÍLLMÎÌNLKKBˆ‘M•QÍÕÈ‹•ÛÛˆ‹ŒMËLL‹LLŒMËLL‹LKŒŒMËLLˆ‹“X]\™Y[ˆX\˜Ø[›È‹”İ[[Y\ˆÙ]Ø[‹•Ù\İ‹“QÈÜXÚX[‹“QÈ‹MK–KXÛÜœÜ˜][Ûˆ‹™[\Ş[Y[‹•[š]Yİ]\È‹ÌKŒÍKMMŒK•QKKMKMKKBˆÒPR•H‹•ÛÛˆ‹ŒMËLL‹LLŒMËLL‹LNŒŒMËLLˆ‹•šXÚÚHY›[[YH‹Ù[XH›İXÚH‹•Ù\İ‹“QÈY˜[˜ÙY‹“QÈ‹ÌÎLË‘˜^][İH‹[XÛÛ[][šXØ][ÛœÈ‹•[š]Yİ]\È‹NK‹MNMK•QKKÌÎŒLÎNMŒÌŒ‹KBˆ‘–•ÕL’LÌ‹‘[™ØYÚ[™È‹ŒMËLL‹LL–˜[™H]H‹”İ[[Y\ˆÙ]Ø[‹•Ù\İ‹‘Õ\È›È‹‘Õ‹M‹•H™]È[ÜšÈ[œ]Z\™\ˆ‹›YYXØ[‹•[š]Yİ]\È‹ÎKŒŒKÎL‹SÑKKBˆŒSÕÓVˆ‹•ÛÛˆ‹ŒMËLL‹LLKŒMËLL‹LŒŒMËLLˆ‹[›˜HÛ™[[™È‹‘\İ[ˆœš[šÛX[›ˆ‹Ù[˜[‹‘Õ˜\ÚXÈ‹‘Õ‹MLÛÙZİÈ‹œÛÙØ\™H‹•[š]Yİ]\È‹ÌMKK•QKKLÍËMËŒŒÍŒÍŒÍŒÍŒÍŒÍŒÍËKBˆ–VTÎÈ‹•ÛÛˆ‹ŒMËLL‹LLKŒMËLL‹LNŒŒMËLLˆ‹‘ÛY\ÈÛÛÛİYÚ‹“Y[š[ˆX\[ˆ‹Ù[˜[‹‘Õ\È˜\ÚXÈ‹‘Õ‹LM‹’İXÚH‹XÚ›ÛÙŞH‹’ÛÜ™XH‹MÌŒÎMNK•QKKLŒŒËLŒLLÌLÎŒLÌLÎËKBˆ•Ö’Ó”Í‹•ÛÛˆ‹ŒMËLL‹LLKŒMËLL‹LŒKŒŒMËLLˆ‹“X\šÚ]H[œÙ[ˆ‹Ù[XH›İXÚH‹•Ù\İ‹“QÈÜXÚX[‹“QÈ‹MK‘š[š›Øˆ‹™[\Ş[Y[‹•[š]Yİ]\È‹ŒNKKÍ•QKKLËLŒÍŒÍŒÍŒÍŒÍŒÍŒÍKBˆ•ÔTÕSR”–ˆ‹•ÛÛˆ‹ŒMËLL‹LLKŒMËLL‹LNŒŒMËLLˆ‹•™\œÚYH[Xœ˜[™‹‘\İ[ˆœš[šÛX[›ˆ‹Ù[˜[‹“QÈÜXÚX[‹“QÈ‹MK”ØÛİXÚ‹›X\šÙ][™È‹•[š]Yİ]\È‹KŒÎKL•QKKŒËLŒLLLLLLLKBˆŒT’SÎTÑ‹•ÛÛˆ‹ŒMËLL‹LLKŒMËLL‹LKŒŒMËLLˆ‹•šXÚÚHY›[[YH‹Ù[XH›İXÚH‹•Ù\İ‹‘Õ˜\ÚXÈ‹‘Õ‹ML’İXÚH‹XÚ›ÛÙŞH‹’ÛÜ™XH‹MÌŒÎMNK•QKKMNŒLNNNNNN‹KBˆ•UĞÓÎÈ‹•ÛÛˆ‹ŒMËLL‹LL‹ŒMËLL‹LNŒŒMËLLˆ‹’›Û˜][ˆ™\[İ‹“Y[š[ˆX\[ˆ‹Ù[˜[‹‘Õ˜\ÚXÈ‹‘Õ‹ML‘Ù[˜ÛÈ\˜HÛ]™HÚ[ÛÛ\[H‹œ™]Z[‹’][H‹MŒÌËMŒÍK•QKK‹ŒLÌÌÌÌÌÌËKBˆŒÑ’”ÖQÈ‹“Üİ‹ŒMËLL‹LL‹ŒMËLL‹LKŒŒMËLLˆ‹’Ø[ZHšXÚÛ™[‹”İ[[Y\ˆÙ]Ø[‹•Ù\İ‹‘Õ˜\ÚXÈ‹‘Õ‹MLÚY\œÈ‹™[\Z[›Y[‹•[š]Yİ]\È‹KKÌ‹•QKMËKBˆPTQ•MÌN‹“Üİ‹ŒMËLL‹LL‹ŒMËLL‹LMKŒŒMËLLˆ‹“ZX[˜H™[˜Ú[‹‘\İ[ˆœš[šÛX[›ˆ‹Ù[˜[‹‘Õ˜\ÚXÈ‹‘Õ‹ML•İYÚ˜\‹œ™]Z[‹•[š]Yİ]\È‹ÌÌ‹ËÎNK•QKËKBˆUR‘MÒV”ˆ‹•ÛÛˆ‹ŒMËLL‹LL‹ŒMËLL‹L‹ŒŒMËLLˆ‹“X]\™Y[ˆX\˜Ø[›È‹”İ[[Y\ˆÙ]Ø[‹•Ù\İ‹‘Õ\È˜\ÚXÈ‹‘Õ‹LM‹’İXÚH‹XÚ›ÛÙŞH‹’ÛÜ™XH‹MÌŒÎMNK•QKKLÍKMŒNLMŒNÎMMŒNKBˆ“LÖVQˆ‹“Üİ‹ŒMËLL‹LL‹ŒMËLL‹LKŒŒMËLLˆ‹”™YYÛ\\ˆ‹”›ØØÛÈ™]X™\‹‘X\İ‹‘Õ\È˜\ÚXÈ‹‘Õ‹LM‹‘Ø[š˜Y›^‹œ™]Z[‹’˜\[ˆ‹LMNÌKMÍÎK•QKLËKBˆ”L‘Œ’Ğˆ‹‘[™ØYÚ[™È‹ŒMËLL‹LLËØ\ÜÙ^HÜ™\ÜÈ‹”›ØØÛÈ™]X™\‹‘X\İ‹‘Õ\È˜\ÚXÈ‹‘Õ‹LM‹–ZÛ[™È‹™š[˜[˜ÙH‹•[š]Yİ]\È‹ÍLÍËŒŒLËSÑKKBˆ’TTŒMŒ–•‹‘[™ØYÚ[™È‹ŒMËLL‹LLË‘[X\ÙHÛXÚÈ‹Ù[XH›İXÚH‹•Ù\İ‹‘Õ\È˜\ÚXÈ‹‘Õ‹LM‹•[šÛ›İÛˆ‹•[šÛ›İÛˆ‹•[šÛ›İÛˆ‹SÑKˆ••LTQS‹•ÛÛˆ‹ŒMËLL‹LLËŒMËLL‹LŒŒMËLLˆ‹’›Û˜][ˆ™\[İ‹“Y[š[ˆX\[ˆ‹Ù[˜[‹‘Õ\È˜\ÚXÈ‹‘Õ‹LM‹ÛÛ™XÛÛH‹XÚ›ÛÙŞH‹•[š]Yİ]\È‹MLŒ‹N‹•QKKLM‹MKLŒŒÎŒLÌLÎŒKKBˆŒÔ‘Ó’ÖUÕÈ‹•ÛÛˆ‹ŒMËLL‹LLËŒMËLL‹L‹ŒŒMËLLˆ‹’Ø\H[™š^ÛÛˆ‹”İ[[Y\ˆÙ]Ø[‹•Ù\İ‹‘Õ\È˜\ÚXÈ‹‘Õ‹LM‹’]˜[ˆ‹œÙ\šXÙ\È‹•[š]Yİ]\È‹ÎL‹‹LNK•QKKLŒKLËŒMNMÌMLÌÌMKKBˆ’ÎRÑÖ‘H‹‘[™ØYÚ[™È‹ŒMËLL‹LLË“X\šÚ]H[œÙ[ˆ‹Ù[XH›İXÚH‹•Ù\İ‹“QÈY˜[˜ÙY‹“QÈ‹ÌÎLË“^\]›Û^‹›YYXØ[‹•[š]Yİ]\È‹MŒNKÎKSÑKKBˆ’ÔÖUM‹•ÛÛˆ‹ŒMËLL‹LLËŒMËLL‹LËŒŒMËLLˆ‹“X\šÚ]H[œÙ[ˆ‹Ù[XH›İXÚH‹•Ù\İ‹“QÈY˜[˜ÙY‹“QÈ‹ÌÎLË‘˜^][İH‹[XÛÛ[][šXØ][ÛœÈ‹•[š]Yİ]\È‹NK‹MNMK•QKKÍ‹MLŒMMMÌŒLMÎKKBˆŒTVH‹•ÛÛˆ‹ŒMËLL‹LLËŒMËLL‹LËŒŒMËLLˆ‹•™\œÚYH[Xœ˜[™‹‘\İ[ˆœš[šÛX[›ˆ‹Ù[˜[‹“QÈY˜[˜ÙY‹“QÈ‹ÌÎLË–[YÛÚ]H‹›YYXØ[‹•[š]Yİ]\È‹KŒLŒL•QKKÍÌÍKMLŒLÎMMÍMNMMËKBˆ‘–PU’S“È‹•ÛÛˆ‹ŒMËLL‹LLËŒMËLL‹LMËŒŒMËLLˆ‹•šXÚÚHY›[[YH‹Ù[XH›İXÚH‹•Ù\İ‹“QÈÜXÚX[‹“QÈ‹MK‘š[š›Øˆ‹™[\Ş[Y[‹•[š]Yİ]\È‹ŒNKKÍ•QKKLŒLLLLLLLKKBˆŒ‘Ñ“È‹•ÛÛˆ‹ŒMËLL‹LMŒMËLL‹LNKŒŒMËLLˆ‹‘\˜Ù[ØÚXÚ‹“Y[š[ˆX\[ˆ‹Ù[˜[‹‘Õ›È‹‘Õ‹ŒK‘Û^›ÛÛH‹™[\Z[›Y[‹•[š]Yİ]\È‹ŒMËËMLK•QKKLL‹KLŒÎLMLÍÌMLLÌÎKBˆ”“ÍÒÍSH‹“Üİ‹ŒMËLL‹LMŒMËLL‹LKŒŒMËLLˆ‹’Ø\H[™š^ÛÛˆ‹”İ[[Y\ˆÙ]Ø[‹•Ù\İ‹‘Õ˜\ÚXÈ‹‘Õ‹MLÚY\œÈ‹™[\Z[›Y[‹•[š]Yİ]\È‹KKÌ‹•QKMKKBˆ–ŒNH‹•ÛÛˆ‹ŒMËLL‹LMŒMËLL‹LÌŒŒMËLLˆ‹’Ø\H[™š^ÛÛˆ‹”İ[[Y\ˆÙ]Ø[‹•Ù\İ‹“QÈÜXÚX[‹“QÈ‹MK’]˜[ˆ‹œÙ\šXÙ\È‹•[š]Yİ]\È‹ÎL‹‹LNK•QKKM‹Œ‹KBˆ“MPU“H‹“Üİ‹ŒMËLL‹LMŒMËLL‹LŒ‹ŒŒMËLLˆ‹•šXÚÚHY›[[YH‹Ù[XH›İXÚH‹•Ù\İ‹“QÈÜXÚX[‹“QÈ‹MK‘Û˜ÛÛˆ‹XÚ›ÛÙŞH‹•[š]Yİ]\È‹NËÌ‹MLK•QKKBˆ•TÒŒPÑH‹•ÛÛˆ‹ŒMËLL‹LMŒMËLL‹LM‹ŒŒMËLLˆ‹•š[Û]XÛ[[™‹Ø\˜HÜØÚ‹‘X\İ‹‘Õ\È˜\ÚXÈ‹‘Õ‹LM‹“X\ÜÚ]™H[˜[ZXÈ‹™[\Z[›Y[‹•[š]Yİ]\È‹KŒ‹LMK•QKKMŒ‹ŒLÍNLLÍ‹KBˆŒ”ÓTPUÓĞH‹•ÛÛˆ‹ŒMËLL‹LMKŒMËLL‹LÌŒŒMËLLˆ‹›Üš\È˜^ˆ‹”›ØØÛÈ™]X™\‹‘X\İ‹‘Õ\È›È‹‘Õ‹M‹–›İØ\™H‹œÛÙØ\™H‹•[š]Yİ]\È‹ÎËLÎK•QKKKMKLŒNÍÍÎM‹KBˆ•ÒL”ˆ‹‘[™ØYÚ[™È‹ŒMËLL‹LMK‘[šY[[[XXÚÈ‹”›ØØÛÈ™]X™\‹‘X\İ‹‘Õ\È˜\ÚXÈ‹‘Õ‹LM‹š[ÚÛ[™È‹›YYXØ[‹”[\[™\È‹NËŒÍLÍM‹SÑKKBˆ’VVMPˆ‹•ÛÛˆ‹ŒMËLL‹LMKŒMËLL‹LNKŒŒMËLLˆ‹“X]\™Y[ˆX\˜Ø[›È‹”İ[[Y\ˆÙ]Ø[‹•Ù\İ‹‘Õ\È˜\ÚXÈ‹‘Õ‹LM‹ÚY\œÈ‹™[\Z[›Y[‹•[š]Yİ]\È‹KKÌ‹•QKKLMŒMŒNÎMMŒNKBˆ“•ÍPÔUˆ‹“Üİ‹ŒMËLL‹LMKŒMËLL‹L‹ŒŒMËLLˆ‹•™\œÚYH[Xœ˜[™‹‘\İ[ˆœš[šÛX[›ˆ‹Ù[˜[‹“QÈY˜[˜ÙY‹“QÈ‹ÌÎLË‘[šÛ[™È‹™š[˜[˜ÙH‹•[š]Yİ]\È‹NKKÌŒË•QKLKKBˆ’PĞTLVˆ‹‘[™ØYÚ[™È‹ŒMËLL‹LMK–˜[™H]H‹”İ[[Y\ˆÙ]Ø[‹•Ù\İ‹‘Õ˜\ÚXÈ‹‘Õ‹MLš[Ü^‹›YYXØ[‹•[š]Yİ]\È‹Ì‹‹LM‹SÑKKBˆMMTH‹“Üİ‹ŒMËLL‹LM‹ŒMËLL‹LŒKŒŒMËLLˆ‹”›ÜØ[[˜HY]\ˆ‹Ù[XH›İXÚH‹•Ù\İ‹“QÈÜXÚX[‹“QÈ‹MK“™]Ù^‹œÙ\šXÙ\È‹‘Ù\›X[H‹LL‹Ì‹ÍL‹•QKKKBˆŒNSSVQˆ‹•ÛÛˆ‹ŒMËLL‹LM‹ŒMËLL‹LŒŒMËLLˆ‹”›ÜØ[[˜HY]\ˆ‹Ù[XH›İXÚH‹•Ù\İ‹“QÈY˜[˜ÙY‹“QÈ‹ÌÎLË’‹U^Ûˆ‹œ™]Z[‹•[š]Yİ]\È‹LÎËÍNË•QKKÌÍÎKŒLŒMŒMÌMÍMKBˆ”ML“È‹•ÛÛˆ‹ŒMËLL‹LMËŒMËLL‹L‹ŒŒMËLLˆ‹[›˜HÛ™[[™È‹‘\İ[ˆœš[šÛX[›ˆ‹Ù[˜[‹“QÈY˜[˜ÙY‹“QÈ‹ÌÎLË‘Û^›ÛÛH‹™[\Z[›Y[‹•[š]Yİ]\È‹ŒMËËMLK•QKKÌKŒLLÎNMŒKKBˆŒÕ”S•ÍVH‹•ÛÛˆ‹ŒMËLL‹LMËŒMËLL‹LÌKŒŒMËLLˆ‹’˜[Y\È\ØÙ[˜Ú[È‹”İ[[Y\ˆÙ]Ø[‹•Ù\İ‹‘Õ\È˜\ÚXÈ‹‘Õ‹LM‹ÚY\œÈ‹™[\Z[›Y[‹•[š]Yİ]\È‹KKÌ‹•QKKLËMŒLŒÍÎMMŒŒÎKBˆ”•ÑLNTÕH‹‘[™ØYÚ[™È‹ŒMËLL‹LMË’Ø\H[™š^ÛÛˆ‹”İ[[Y\ˆÙ]Ø[‹•Ù\İ‹‘Õ›È‹‘Õ‹ŒKÛÛ™XÛÛH‹XÚ›ÛÙŞH‹•[š]Yİ]\È‹MLŒ‹N‹SÑKKBˆ‘–SĞĞLÈ‹•ÛÛˆ‹ŒMËLL‹LMËŒMËLL‹LŒŒMËLLˆ‹“X\šÚ]H[œÙ[ˆ‹Ù[XH›İXÚH‹•Ù\İ‹“QÈÜXÚX[‹“QÈ‹MK’‹U^Ûˆ‹œ™]Z[‹•[š]Yİ]\È‹LÎËÍNË•QKKMLKŒNNNNNNN‹KBˆ”ÒÌÌÑRÔÈ‹•ÛÛˆ‹ŒMËLL‹LMËŒMËLL‹LKŒŒMËLLˆ‹”›ÜØ[[˜HY]\ˆ‹Ù[XH›İXÚH‹•Ù\İ‹“QÈÜXÚX[‹“QÈ‹MK‘ÛÛ^‹™š[˜[˜ÙH‹•[š]Yİ]\È‹L‹KMK•QKKKŒLLLLLLLKKBˆ”LÌÕ‘Öˆ‹“Üİ‹ŒMËLL‹LMËŒMËLL‹LÌKŒŒMËLLˆ‹•šXÚÚHY›[[YH‹Ù[XH›İXÚH‹•Ù\İ‹‘Õ\È˜\ÚXÈ‹‘Õ‹LM‹”ÛÛœ›Ûˆ‹[XÛÛ[][šXØ][ÛœÈ‹•[š]Yİ]\È‹MNKKLL•QKMKBˆ•“TÒÈ‹‘[™ØYÚ[™È‹ŒMËLL‹LMË•š[Û]XÛ[[™‹Ø\˜HÜØÚ‹‘X\İ‹“QÈÜXÚX[‹“QÈ‹MK•[šÛ›İÛˆ‹•[šÛ›İÛˆ‹•[šÛ›İÛˆ‹SÑKˆ•QÔ–‹•ÛÛˆ‹ŒMËLL‹LMËŒMËLL‹LŒŒMËLLˆ‹•š[Û]XÛ[[™‹Ø\˜HÜØÚ‹‘X\İ‹“QÈÜXÚX[‹“QÈ‹MK’ÛÛ™^‹XÚ›ÛÙŞH‹•[š]Yİ]\È‹ÍÌŒÎLÍÍM‹•QKKMKËKBˆ•ÓÌQRLÈ‹•ÛÛˆ‹ŒMËLL‹LMËŒMËLL‹L‹ŒŒMËLLˆ‹–˜[™H]H‹”İ[[Y\ˆÙ]Ø[‹•Ù\İ‹‘Õ›È‹‘Õ‹ŒK›XÚŞš[H‹œ™]Z[‹•[š]Yİ]\È‹MËŒLKMN•QKKLNM‹KLŒÍÍÎLNMÌŒNMËKBˆ”Ó•Q•”T‹•ÛÛˆ‹ŒMËLL‹LNŒMËLL‹LÌKŒŒMËLLˆ‹[›˜HÛ™[[™È‹‘\İ[ˆœš[šÛX[›ˆ‹Ù[˜[‹“QÈÜXÚX[‹“QÈ‹MK”[™Ù˜\ÙH‹XÚ›ÛÙŞH‹•[š]Yİ]\È‹LŒ‹LŒÎ•QKKMLËŒNNNNNNN‹KBˆUNÖUÖˆ‹•ÛÛˆ‹ŒMËLL‹LNŒMËLL‹L‹ŒŒMËLLˆ‹‘[X\ÙHÛXÚÈ‹Ù[XH›İXÚH‹•Ù\İ‹‘Õ›È‹‘Õ‹ŒK‘Û˜ÛÛˆ‹XÚ›ÛÙŞH‹•[š]Yİ]\È‹NËÌ‹MLK•QKKMLËLŒÌÎŒLMMÍÍŒŒ‹KBˆ–‘–P’‘VH‹•ÛÛˆ‹ŒMËLL‹LNŒMËLL‹LŒŒMËLLˆ‹•Ú[\›ˆ˜\œ™[ˆ‹Ø\˜HÜØÚ‹‘X\İ‹“QÈY˜[˜ÙY‹“QÈ‹ÌÎLË–›İØ\™H‹œÛÙØ\™H‹•[š]Yİ]\È‹ÎËLÎK•QKKÌMMK‹ŒÌMMMÌŒL‹KBˆ“‘Õ’’‹‘[™ØYÚ[™È‹ŒMËLL‹LNK›Üš\È˜^ˆ‹”›ØØÛÈ™]X™\‹‘X\İ‹‘Õ›È‹‘Õ‹ŒK•[šÛ›İÛˆ‹•[šÛ›İÛˆ‹•[šÛ›İÛˆ‹SÑKˆ“ÒPTS•È‹“Üİ‹ŒMËLL‹LNKŒMËLL‹LÌŒŒMËLLˆ‹‘\˜Ù[ØÚXÚ‹“Y[š[ˆX\[ˆ‹Ù[˜[‹‘Õ›È‹‘Õ‹ŒKš[ÚÛ[™È‹›YYXØ[‹”[\[™\È‹NËŒÍLÍM‹•QKLKKBˆ‘Ğ‘ÑŒNTˆ‹•ÛÛˆ‹ŒMËLL‹LNKŒMËLL‹LÌŒŒMËLLˆ‹”›ÜÚYH\YÜİ[ÜÈ‹Ø\˜HÜØÚ‹‘X\İ‹‘Õ›È‹‘Õ‹ŒK”\Üİ[š[ˆ‹œ™]Z[‹•[š]Yİ]\È‹MNKNN•QKKM‹LKŒLLÍNLMLÎMKBˆVQM”ˆ‹•ÛÛˆ‹ŒMËLL‹LNKŒMËLL‹LŒŒMËLLˆ‹•™\œÚYH[Xœ˜[™‹‘\İ[ˆœš[šÛX[›ˆ‹Ù[˜[‹“QÈÜXÚX[‹“QÈ‹MKš[ÚÛ[™È‹›YYXØ[‹”[\[™\È‹NËŒÍLÍM‹•QKKNKLŒMMMMMMMKKBˆ–V–L‹•ÛÛˆ‹ŒMËLL‹LNKŒMËLL‹LŒŒMËLLˆ‹•Ú[\›ˆ˜\œ™[ˆ‹Ø\˜HÜØÚ‹‘X\İ‹‘Õ›È‹‘Õ‹ŒK•[Xœ™[HÛÜœÜ˜][Ûˆ‹™š[˜[˜ÙH‹•[š]Yİ]\È‹ŒŒ‹ŒMLLLË•QKKÌMKKŒLMMÍÍÍÌMÌŒ‹KBˆÓ“ÔÖUH‹“Üİ‹ŒMËLL‹LŒŒMËLL‹LŒŒMËLLˆ‹‘Û›ˆØ[™[‹”›ØØÛÈ™]X™\‹‘X\İ‹“QÈY˜[˜ÙY‹“QÈ‹ÌÎLË–^›Ø˜[H‹™[\Z[›Y[‹•[š]Yİ]\È‹ÎÎŒÎKÍ•QKKBˆ’Í“ˆ‹‘[™ØYÚ[™È‹ŒMËLL‹LŒ’^Y[ˆ™[Û\È‹Ù[XH›İXÚH‹•Ù\İ‹“QÈÜXÚX[‹“QÈ‹MK”Ú[\È‹›YYXØ[‹•[š]Yİ]\È‹NŒÎŒLSÑKKBˆSNV•È‹•ÛÛˆ‹ŒMËLL‹LŒŒMËLL‹LKŒŒMËLLˆ‹”›ÜÚYH\YÜİ[ÜÈ‹Ø\˜HÜØÚ‹‘X\İ‹‘Õ›È‹‘Õ‹ŒK•™Z[Y[Ø\][\™\œÈ‹™š[˜[˜ÙH‹•[š]Yİ]\È‹‹ŒKË•QKKMMÍKLŒMMŒNLMŒMLŒKKBˆ’ÔRÎ”N‹‘[™ØYÚ[™È‹ŒMËLL‹LŒ•Ú[\›ˆ˜\œ™[ˆ‹Ø\˜HÜØÚ‹‘X\İ‹‘Õ\È˜\ÚXÈ‹‘Õ‹LM‹•[šÛ›İÛˆ‹•[šÛ›İÛˆ‹•[šÛ›İÛˆ‹SÑKˆ”‘S’H‹‘[™ØYÚ[™È‹ŒMËLL‹LŒKØ\ÜÙ^HÜ™\ÜÈ‹”›ØØÛÈ™]X™\‹‘X\İ‹‘Õ\È›È‹‘Õ‹M‹•[šÛ›İÛˆ‹•[šÛ›İÛˆ‹•[šÛ›İÛˆ‹SÑKˆL”“È‹•ÛÛˆ‹ŒMËLL‹LŒKŒMËLL‹LÌŒŒMËLLˆ‹‘ÛY\ÈÛÛÛİYÚ‹“Y[š[ˆX\[ˆ‹Ù[˜[‹“QÈY˜[˜ÙY‹“QÈ‹ÌÎLË‘Ù[˜ÛÈ\˜HÛ]™HÚ[ÛÛ\[H‹œ™]Z[‹’][H‹MŒÌËMŒÍK•QKKÍMKLŒMÍÌMÍNŒŒKKBˆ’ÑSVˆ‹•ÛÛˆ‹ŒMËLL‹LŒKŒMËLL‹LŒŒMËLLˆ‹’Ø[ZHšXÚÛ™[‹”İ[[Y\ˆÙ]Ø[‹•Ù\İ‹“QÈÜXÚX[‹“QÈ‹MK‘Û˜ÛÛˆ‹XÚ›ÛÙŞH‹•[š]Yİ]\È‹NËÌ‹MLK•QKKLËŒLLLLLLLKKBˆ“TQÍ•H‹•ÛÛˆ‹ŒMËLL‹LŒKŒMËLL‹LŒŒMËLLˆ‹•šXÚÚHY›[[YH‹Ù[XH›İXÚH‹•Ù\İ‹“QÈÜXÚX[‹“QÈ‹MK’İXÚH‹XÚ›ÛÙŞH‹’ÛÜ™XH‹MÌŒÎMNK•QKKŒKËLŒLLLLLLLKKBˆ‘RTĞˆ‹‘[™ØYÚ[™È‹ŒMËLL‹LŒ‹‘[X\ÙHÛXÚÈ‹Ù[XH›İXÚH‹•Ù\İ‹“QÈÜXÚX[‹“QÈ‹MK•[šÛ›İÛˆ‹•[šÛ›İÛˆ‹•[šÛ›İÛˆ‹SÑKˆR’–L‹“Üİ‹ŒMËLL‹LŒ‹ŒMËLL‹LÌKŒŒMËLLˆ‹’Ø\H[™š^ÛÛˆ‹”İ[[Y\ˆÙ]Ø[‹•Ù\İ‹“QÈÜXÚX[‹“QÈ‹MK”İ[›˜[\^‹›X\šÙ][™È‹”Û[™‹MŒÍËMNLË•QKKKBˆ“TÓ“•Mˆ‹•ÛÛˆ‹ŒMËLL‹LŒ‹ŒMËLL‹LŒŒMËLLˆ‹•š[Û]XÛ[[™‹Ø\˜HÜØÚ‹‘X\İ‹“QÈY˜[˜ÙY‹“QÈ‹ÌÎLË™]\ÛÛÚ[ˆ‹›YYXØ[‹•[š]Yİ]\È‹LKKMK•QKKÍÌË‹LŒLŒLMÍLÌKBˆŒÓVÌ’‘H‹•ÛÛˆ‹ŒMËLL‹LŒËŒMËLL‹LÌKŒŒMËLLˆ‹Ø\ÜÙ^HÜ™\ÜÈ‹”›ØØÛÈ™]X™\‹‘X\İ‹‘Õ˜\ÚXÈ‹‘Õ‹ML‘Ø[š˜Y›^‹œ™]Z[‹’˜\[ˆ‹LMNÌKMÍÎK•QKKMÍ‹LŒÌÌÌÌÌÌÍKBˆŒVPUVH‹•ÛÛˆ‹ŒMËLL‹LŒMËLL‹L‹ŒŒMËLLˆ‹’˜[Y\È\ØÙ[˜Ú[È‹”İ[[Y\ˆÙ]Ø[‹•Ù\İ‹‘Õ˜\ÚXÈ‹‘Õ‹ML”Ú[™Û]XÚ›È‹œ™]Z[‹•[š]Yİ]\È‹ŒŒMMLÍÍ•QKKLÎ‹ŒŒNNNNNNNKBˆŒ‘P“S‹•ÛÛˆ‹ŒMËLL‹LŒMËLL‹L‹ŒŒMËLLˆ‹“ZX[˜H™[˜Ú[‹‘\İ[ˆœš[šÛX[›ˆ‹Ù[˜[‹‘Õ˜\ÚXÈ‹‘Õ‹MLÛÛ™XÛÛH‹XÚ›ÛÙŞH‹•[š]Yİ]\È‹MLŒ‹N‹•QKKŒŒ‹‹LŒLÌLLLLLLKKBˆ•‘ĞMÖH‹•ÛÛˆ‹ŒMËLL‹LŒMËLL‹LÌŒŒMËLLˆ‹•š[Û]XÛ[[™‹Ø\˜HÜØÚ‹‘X\İ‹‘Õ\È˜\ÚXÈ‹‘Õ‹LM‹›]ÛÛ\[H‹XÚ›ÛÙŞH‹•[š]Yİ]\È‹L‹ŒÌ‹ÌË•QKKLLË‹ŒÌÍÌŒŒÍÌÍÌŒËKBˆ•ĞÓ“’ÍRˆ‹•ÛÛˆ‹ŒMËLL‹L‹ŒMËLL‹LKŒŒMËLLˆ‹“X]\™Y[ˆX\˜Ø[›È‹”İ[[Y\ˆÙ]Ø[‹•Ù\İ‹‘Õ›È‹‘Õ‹ŒK’İXÚH‹XÚ›ÛÙŞH‹’ÛÜ™XH‹MÌŒÎMNK•QKKÌËËŒLŒÎMŒLKBˆ–R•TÖQ‹•ÛÛˆ‹ŒMËLL‹LËŒMËLL‹LÌŒŒMËLLˆ‹‘ÛY\ÈÛÛÛİYÚ‹“Y[š[ˆX\[ˆ‹Ù[˜[‹‘Õ\È˜\ÚXÈ‹‘Õ‹LM‹’[š]H‹›X\šÙ][™È‹•[š]Yİ]\È‹ËNK•QKKLL‹ËŒMNNMMNNKKBˆ”ÑQ–H‹•ÛÛˆ‹ŒMËLL‹LËŒMËLL‹LKŒŒMËLLˆ‹‘ÛY\ÈÛÛÛİYÚ‹“Y[š[ˆX\[ˆ‹Ù[˜[‹“QÈÜXÚX[‹“QÈ‹MK™]]XÚ‹›YYXØ[‹’Ù[XH‹ËŒNLNK•QKKË‹LŒŒNNNNNNNKBˆÕÖ‘“Òˆ‹”›ÜÜXİ[™È‹[›˜HÛ™[[™È‹‘\İ[ˆœš[šÛX[›ˆ‹Ù[˜[‹‘Õ˜\ÚXÈ‹‘Õ‹ML‘Ü™Y[‹T\È‹œÙ\šXÙ\È‹•[š]Yİ]\È‹L‹ŒNKNLŒ‹SÑKKBˆŒÓÓ”••ˆ‹”›ÜÜXİ[™È‹[›˜HÛ™[[™È‹‘\İ[ˆœš[šÛX[›ˆ‹Ù[˜[‹‘Õ˜\ÚXÈ‹‘Õ‹ML•[šÛ›İÛˆ‹•[šÛ›İÛˆ‹•[šÛ›İÛˆ‹SÑKˆ–RULPŒÎUˆ‹”›ÜÜXİ[™È‹[›˜HÛ™[[™È‹‘\İ[ˆœš[šÛX[›ˆ‹Ù[˜[‹‘Õ˜\ÚXÈ‹‘Õ‹ML•[šÛ›İÛˆ‹•[šÛ›İÛˆ‹•[šÛ›İÛˆ‹SÑKˆL”ÓÈ‹”›ÜÜXİ[™È‹[›˜HÛ™[[™È‹‘\İ[ˆœš[šÛX[›ˆ‹Ù[˜[‹‘Õ˜\ÚXÈ‹‘Õ‹ML•[šÛ›İÛˆ‹•[šÛ›İÛˆ‹•[šÛ›İÛˆ‹SÑKˆ‘ÎNPÔÌŒÑˆ‹”›ÜÜXİ[™È‹[›˜HÛ™[[™È‹‘\İ[ˆœš[šÛX[›ˆ‹Ù[˜[‹‘Õ˜\ÚXÈ‹‘Õ‹ML•[šÛ›İÛˆ‹•[šÛ›İÛˆ‹•[šÛ›İÛˆ‹SÑKˆ–’MÓ”ˆ‹”›ÜÜXİ[™È‹[›˜HÛ™[[™È‹‘\İ[ˆœš[šÛX[›ˆ‹Ù[˜[‹‘Õ˜\ÚXÈ‹‘Õ‹ML•[šÛ›İÛˆ‹•[šÛ›İÛˆ‹•[šÛ›İÛˆ‹SÑKˆ‘ÔTÍÕ’H‹”›ÜÜXİ[™È‹[›˜HÛ™[[™È‹‘\İ[ˆœš[šÛX[›ˆ‹Ù[˜[‹‘Õ˜\ÚXÈ‹‘Õ‹ML•[šÛ›İÛˆ‹•[šÛ›İÛˆ‹•[šÛ›İÛˆ‹SÑKˆ”NUUÓĞÌ‹”›ÜÜXİ[™È‹[›˜HÛ™[[™È‹‘\İ[ˆœš[šÛX[›ˆ‹Ù[˜[‹‘Õ\È˜\ÚXÈ‹‘Õ‹LM‹”\Üİš\‹™[\Z[›Y[‹•[š]Yİ]\È‹ÍKKÌMKSÑKKBˆ–SRÖÓ‹”›ÜÜXİ[™È‹[›˜HÛ™[[™È‹‘\İ[ˆœš[šÛX[›ˆ‹Ù[˜[‹‘Õ\È˜\ÚXÈ‹‘Õ‹LM‹–[YÛÚ]H‹›YYXØ[‹•[š]Yİ]\È‹KŒLŒLSÑKKBˆ“Ò‘“•RÈ‹”›ÜÜXİ[™È‹[›˜HÛ™[[™È‹‘\İ[ˆœš[šÛX[›ˆ‹Ù[˜[‹‘Õ\È˜\ÚXÈ‹‘Õ‹LM‹•[šÛ›İÛˆ‹•[šÛ›İÛˆ‹•[šÛ›İÛˆ‹SÑKˆ“ÓMŒ’È‹”›ÜÜXİ[™È‹[›˜HÛ™[[™È‹‘\İ[ˆœš[šÛX[›ˆ‹Ù[˜[‹‘Õ\È˜\ÚXÈ‹‘Õ‹LM‹•[šÛ›İÛˆ‹•[šÛ›İÛˆ‹•[šÛ›İÛˆ‹SÑKˆT”ˆ‹”›ÜÜXİ[™È‹[›˜HÛ™[[™È‹‘\İ[ˆœš[šÛX[›ˆ‹Ù[˜[‹‘Õ\È›È‹‘Õ‹M‹’]˜[ˆ‹œÙ\šXÙ\È‹•[š]Yİ]\È‹ÎL‹‹LNKSÑKKBˆTRTÑPÓ‹”›ÜÜXİ[™È‹[›˜HÛ™[[™È‹‘\İ[ˆœš[šÛX[›ˆ‹Ù[˜[‹‘Õ\È›È‹‘Õ‹M‹”İ[XXÙH‹œ™]Z[‹”›ÛX[šXH‹MËKLËSÑKKBˆŒMRL‹”›ÜÜXİ[™È‹[›˜HÛ™[[™È‹‘\İ[ˆœš[šÛX[›ˆ‹Ù[˜[‹‘Õ\È›È‹‘Õ‹M‹•[šÛ›İÛˆ‹•[šÛ›İÛˆ‹•[šÛ›İÛˆ‹SÑKˆ‘Ó“LĞÍ‘‹”›ÜÜXİ[™È‹[›˜HÛ™[[™È‹‘\İ[ˆœš[šÛX[›ˆ‹Ù[˜[‹‘Õ\È›È‹‘Õ‹M‹•[šÛ›İÛˆ‹•[šÛ›İÛˆ‹•[šÛ›İÛˆ‹SÑKˆ’ÒVQ‹”›ÜÜXİ[™È‹[›˜HÛ™[[™È‹‘\İ[ˆœš[šÛX[›ˆ‹Ù[˜[‹‘Õ\È›È‹‘Õ‹M‹•[šÛ›İÛˆ‹•[šÛ›İÛˆ‹•[šÛ›İÛˆ‹SÑKˆPÍNSÎQÕH‹”›ÜÜXİ[™È‹[›˜HÛ™[[™È‹‘\İ[ˆœš[šÛX[›ˆ‹Ù[˜[‹“QÈÜXÚX[‹“QÈ‹MKÛÛ™XÛÛH‹XÚ›ÛÙŞH‹•[š]Yİ]\È‹MLŒ‹N‹SÑKKBˆ–”T’•–‘ˆ‹”›ÜÜXİ[™È‹[›˜HÛ™[[™È‹‘\İ[ˆœš[šÛX[›ˆ‹Ù[˜[‹“QÈÜXÚX[‹“QÈ‹MK‘ÛXÚH‹œÛÙØ\™H‹•[š]Yİ]\È‹ŒNLËSÑKKBˆ’NLÖ”NH‹”›ÜÜXİ[™È‹[›˜HÛ™[[™È‹‘\İ[ˆœš[šÛX[›ˆ‹Ù[˜[‹“QÈÜXÚX[‹“QÈ‹MK‘š[šYÚ‹™š[˜[˜ÙH‹•[š]Yİ]\È‹LL‹ËMÍNKSÑKKBˆ•SQPMÈ‹”›ÜÜXİ[™È‹[›˜HÛ™[[™È‹‘\İ[ˆœš[šÛX[›ˆ‹Ù[˜[‹“QÈÜXÚX[‹“QÈ‹MK‘Ø[š˜Y›^‹œ™]Z[‹’˜\[ˆ‹LMNÌKMÍÎKSÑKKBˆ‘M‘Ò”ÑÈ‹”›ÜÜXİ[™È‹[›˜HÛ™[[™È‹‘\İ[ˆœš[šÛX[›ˆ‹Ù[˜[‹“QÈÜXÚX[‹“QÈ‹MK‘Ü™Y[‹T\È‹œÙ\šXÙ\È‹•[š]Yİ]\È‹L‹ŒNKNLŒ‹SÑKKBˆ’’‘L“ˆ‹”›ÜÜXİ[™È‹[›˜HÛ™[[™È‹‘\İ[ˆœš[šÛX[›ˆ‹Ù[˜[‹“QÈÜXÚX[‹“QÈ‹MK’‹U^Ûˆ‹œ™]Z[‹•[š]Yİ]\È‹LÎËÍNËSÑKKBˆ‘ÒNM•H‹”›ÜÜXİ[™È‹[›˜HÛ™[[™È‹‘\İ[ˆœš[šÛX[›ˆ‹Ù[˜[‹“QÈÜXÚX[‹“QÈ‹MK“X™š[‹›YYXØ[‹•[š]Yİ]\È‹ÍKŒÍËLŒ‹SÑKKBˆŒLS‘ˆ‹”›ÜÜXİ[™È‹[›˜HÛ™[[™È‹‘\İ[ˆœš[šÛX[›ˆ‹Ù[˜[‹“QÈÜXÚX[‹“QÈ‹MK“˜[K^š[H‹œÙ\šXÙ\È‹œ˜^š[‹KNKLMÎKSÑKKBˆ–S’ÕPÍÈ‹”›ÜÜXİ[™È‹[›˜HÛ™[[™È‹‘\İ[ˆœš[šÛX[›ˆ‹Ù[˜[‹“QÈÜXÚX[‹“QÈ‹MK”\Üİ[š[ˆ‹œ™]Z[‹•[š]Yİ]\È‹MNKNNSÑKKBˆÔ““H‹”›ÜÜXİ[™È‹[›˜HÛ™[[™È‹‘\İ[ˆœš[šÛX[›ˆ‹Ù[˜[‹“QÈÜXÚX[‹“QÈ‹MK”\Üİ[š[ˆ‹œ™]Z[‹•[š]Yİ]\È‹MNKNNSÑKKBˆÖŒÍH‹”›ÜÜXİ[™È‹[›˜HÛ™[[™È‹‘\İ[ˆœš[šÛX[›ˆ‹Ù[˜[‹“QÈÜXÚX[‹“QÈ‹MK”ØÛİš[™‹œÛÙØ\™H‹•[š]Yİ]\È‹ŒÍMËMÎSÑKKBˆ•QUTÌÑˆ‹”›ÜÜXİ[™È‹[›˜HÛ™[[™È‹‘\İ[ˆœš[šÛX[›ˆ‹Ù[˜[‹“QÈÜXÚX[‹“QÈ‹MK”ÛÛœ›Ûˆ‹[XÛÛ[][šXØ][ÛœÈ‹•[š]Yİ]\È‹MNKKLLSÑKKBˆ‘ÍÖŒUUH‹”›ÜÜXİ[™È‹[›˜HÛ™[[™È‹‘\İ[ˆœš[šÛX[›ˆ‹Ù[˜[‹“QÈÜXÚX[‹“QÈ‹MK•™Z[Y[Ø\][\™\œÈ‹™š[˜[˜ÙH‹•[š]Yİ]\È‹‹ŒKËSÑKKBˆ‘ÍP”LŒŒ‹”›ÜÜXİ[™È‹[›˜HÛ™[[™È‹‘\İ[ˆœš[šÛX[›ˆ‹Ù[˜[‹“QÈÜXÚX[‹“QÈ‹MK–›ÛÛZ]‹™[\Z[›Y[‹•[š]Yİ]\È‹ÌŒNKMÎSÑKKBˆSÑVTÈ‹”›ÜÜXİ[™È‹[›˜HÛ™[[™È‹‘\İ[ˆœš[šÛX[›ˆ‹Ù[˜[‹“QÈÜXÚX[‹“QÈ‹MK•[šÛ›İÛˆ‹•[šÛ›İÛˆ‹•[šÛ›İÛˆ‹SÑKˆ‘UM‘Óˆ‹”›ÜÜXİ[™È‹[›˜HÛ™[[™È‹‘\İ[ˆœš[šÛX[›ˆ‹Ù[˜[‹“QÈÜXÚX[‹“QÈ‹MK•[šÛ›İÛˆ‹•[šÛ›İÛˆ‹•[šÛ›İÛˆ‹SÑKˆ‘SPH‹”›ÜÜXİ[™È‹[›˜HÛ™[[™È‹‘\İ[ˆœš[šÛX[›ˆ‹Ù[˜[‹“QÈÜXÚX[‹“QÈ‹MK•[šÛ›İÛˆ‹•[šÛ›İÛˆ‹•[šÛ›İÛˆ‹SÑKˆ“ÖÓ•SÈ‹”›ÜÜXİ[™È‹[›˜HÛ™[[™È‹‘\İ[ˆœš[šÛX[›ˆ‹Ù[˜[‹“QÈÜXÚX[‹“QÈ‹MK•[šÛ›İÛˆ‹•[šÛ›İÛˆ‹•[šÛ›İÛˆ‹SÑKˆ‘Ö’–Œ‹”›ÜÜXİ[™È‹[›˜HÛ™[[™È‹‘\İ[ˆœš[šÛX[›ˆ‹Ù[˜[‹“QÈÜXÚX[‹“QÈ‹MK•[šÛ›İÛˆ‹•[šÛ›İÛˆ‹•[šÛ›İÛˆ‹SÑKˆ•R‘ŒH‹”›ÜÜXİ[™È‹[›˜HÛ™[[™È‹‘\İ[ˆœš[šÛX[›ˆ‹Ù[˜[‹“QÈÜXÚX[‹“QÈ‹MK•[šÛ›İÛˆ‹•[šÛ›İÛˆ‹•[šÛ›İÛˆ‹SÑKˆ‘VPVÈ‹”›ÜÜXİ[™È‹[›˜HÛ™[[™È‹‘\İ[ˆœš[šÛX[›ˆ‹Ù[˜[‹“QÈÜXÚX[‹“QÈ‹MK•[šÛ›İÛˆ‹•[šÛ›İÛˆ‹•[šÛ›İÛˆ‹SÑKˆ’”ÕUPÑ‹”›ÜÜXİ[™È‹[›˜HÛ™[[™È‹‘\İ[ˆœš[šÛX[›ˆ‹Ù[˜[‹“QÈÜXÚX[‹“QÈ‹MK•[šÛ›İÛˆ‹•[šÛ›İÛˆ‹•[šÛ›İÛˆ‹SÑKˆ’ÍÑMˆ‹”›ÜÜXİ[™È‹[›˜HÛ™[[™È‹‘\İ[ˆœš[šÛX[›ˆ‹Ù[˜[‹“QÈÜXÚX[‹“QÈ‹MK•[šÛ›İÛˆ‹•[šÛ›İÛˆ‹•[šÛ›İÛˆ‹SÑKˆTÑ”QVˆ‹”›ÜÜXİ[™È‹[›˜HÛ™[[™È‹‘\İ[ˆœš[šÛX[›ˆ‹Ù[˜[‹“QÈÜXÚX[‹“QÈ‹MK•[šÛ›İÛˆ‹•[šÛ›İÛˆ‹•[šÛ›İÛˆ‹SÑKˆQSV“ŒÑH‹”›ÜÜXİ[™È‹[›˜HÛ™[[™È‹‘\İ[ˆœš[šÛX[›ˆ‹Ù[˜[‹“QÈÜXÚX[‹“QÈ‹MK•[šÛ›İÛˆ‹•[šÛ›İÛˆ‹•[šÛ›İÛˆ‹SÑKˆÔNLÌ•“ˆ‹”›ÜÜXİ[™È‹[›˜HÛ™[[™È‹‘\İ[ˆœš[šÛX[›ˆ‹Ù[˜[‹“QÈÜXÚX[‹“QÈ‹MK•[šÛ›İÛˆ‹•[šÛ›İÛˆ‹•[šÛ›İÛˆ‹SÑKˆ–’SUT”Lˆ‹”›ÜÜXİ[™È‹[›˜HÛ™[[™È‹‘\İ[ˆœš[šÛX[›ˆ‹Ù[˜[‹“QÈÜXÚX[‹“QÈ‹MK•[šÛ›İÛˆ‹•[šÛ›İÛˆ‹•[šÛ›İÛˆ‹SÑKˆ•Õ“Ì“Ôˆ‹”›ÜÜXİ[™È‹[›˜HÛ™[[™È‹‘\İ[ˆœš[šÛX[›ˆ‹Ù[˜[‹“QÈY˜[˜ÙY‹“QÈ‹ÌÎLË™]\ÛÛÚ[ˆ‹›YYXØ[‹•[š]Yİ]\È‹LKKMKSÑKKBˆ“ÑQÎQÍˆ‹”›ÜÜXİ[™È‹[›˜HÛ™[[™È‹‘\İ[ˆœš[šÛX[›ˆ‹Ù[˜[‹“QÈY˜[˜ÙY‹“QÈ‹ÌÎLËš[Ü^‹›YYXØ[‹•[š]Yİ]\È‹Ì‹‹LM‹SÑKKBˆ‘Ì“Í”È‹”›ÜÜXİ[™È‹[›˜HÛ™[[™È‹‘\İ[ˆœš[šÛX[›ˆ‹Ù[˜[‹“QÈY˜[˜ÙY‹“QÈ‹ÌÎLË‘˜\ÙZ]XÙH‹œ™]Z[‹•[š]Yİ]\È‹MLKÍLŒËSÑKKBˆTL–ŒŒˆ‹”›ÜÜXİ[™È‹[›˜HÛ™[[™È‹‘\İ[ˆœš[šÛX[›ˆ‹Ù[˜[‹“QÈY˜[˜ÙY‹“QÈ‹ÌÎLË’[š]H‹›X\šÙ][™È‹•[š]Yİ]\È‹ËNKSÑKKBˆ””ÖL–ÒÈ‹”›ÜÜXİ[™È‹[›˜HÛ™[[™È‹‘\İ[ˆœš[šÛX[›ˆ‹Ù[˜[‹“QÈY˜[˜ÙY‹“QÈ‹ÌÎLË”İ™Y]^‹œ™]Z[‹™[Ú][H‹LÍÍ‹LMKSÑKKBˆ‘‘QSÖ’‹”›ÜÜXİ[™È‹[›˜HÛ™[[™È‹‘\İ[ˆœš[šÛX[›ˆ‹Ù[˜[‹“QÈY˜[˜ÙY‹“QÈ‹ÌÎLË•[šÛ›İÛˆ‹•[šÛ›İÛˆ‹•[šÛ›İÛˆ‹SÑKˆ‘Î“ŒÎPˆ‹”›ÜÜXİ[™È‹[›˜HÛ™[[™È‹‘\İ[ˆœš[šÛX[›ˆ‹Ù[˜[‹“QÈY˜[˜ÙY‹“QÈ‹ÌÎLË•[šÛ›İÛˆ‹•[šÛ›İÛˆ‹•[šÛ›İÛˆ‹SÑKˆ–VURŒQÑˆ‹”›ÜÜXİ[™È‹[›˜HÛ™[[™È‹‘\İ[ˆœš[šÛX[›ˆ‹Ù[˜[‹“QÈY˜[˜ÙY‹“QÈ‹ÌÎLË•[šÛ›İÛˆ‹•[šÛ›İÛˆ‹•[šÛ›İÛˆ‹SÑKˆ“Ò’ÒÈ‹”›ÜÜXİ[™È‹[›˜HÛ™[[™È‹‘\İ[ˆœš[šÛX[›ˆ‹Ù[˜[‹“QÈY˜[˜ÙY‹“QÈ‹ÌÎLË•[šÛ›İÛˆ‹•[šÛ›İÛˆ‹•[šÛ›İÛˆ‹SÑKˆUÔSRˆ‹”›ÜÜXİ[™È‹[›˜HÛ™[[™È‹‘\İ[ˆœš[šÛX[›ˆ‹Ù[˜[‹“QÈY˜[˜ÙY‹“QÈ‹ÌÎLË•[šÛ›İÛˆ‹•[šÛ›İÛˆ‹•[šÛ›İÛˆ‹SÑKˆ–MÕĞQ•ÎQ‹”›ÜÜXİ[™È‹[›˜HÛ™[[™È‹‘\İ[ˆœš[šÛX[›ˆ‹Ù[˜[‹“QÈY˜[˜ÙY‹“QÈ‹ÌÎLË•[šÛ›İÛˆ‹•[šÛ›İÛˆ‹•[šÛ›İÛˆ‹SÑKˆ’NÌÔ‘ˆ‹”›ÜÜXİ[™È‹[›˜HÛ™[[™È‹‘\İ[ˆœš[šÛX[›ˆ‹Ù[˜[‹“QÈY˜[˜ÙY‹“QÈ‹ÌÎLË•[šÛ›İÛˆ‹•[šÛ›İÛˆ‹•[šÛ›İÛˆ‹SÑKˆŒÎÍLLR‹”›ÜÜXİ[™È‹ÙXÚ[H[\Ú[ˆ‹‘\İ[ˆœš[šÛX[›ˆ‹Ù[˜[‹‘Õ˜\ÚXÈ‹‘Õ‹ML‘˜\ÙZ]XÙH‹œ™]Z[‹•[š]Yİ]\È‹MLKÍLŒËSÑKKBˆ”TŒÓQN‹”›ÜÜXİ[™È‹ÙXÚ[H[\Ú[ˆ‹‘\İ[ˆœš[šÛX[›ˆ‹Ù[˜[‹‘Õ˜\ÚXÈ‹‘Õ‹ML•[šÛ›İÛˆ‹•[šÛ›İÛˆ‹•[šÛ›İÛˆ‹SÑKˆ’MÎPRÒŒˆ‹”›ÜÜXİ[™È‹ÙXÚ[H[\Ú[ˆ‹‘\İ[ˆœš[šÛX[›ˆ‹Ù[˜[‹‘Õ\È˜\ÚXÈ‹‘Õ‹LM‹•[šÛ›İÛˆ‹•[šÛ›İÛˆ‹•[šÛ›İÛˆ‹SÑKˆ“P–ŒQĞˆ‹”›ÜÜXİ[™È‹ÙXÚ[H[\Ú[ˆ‹‘\İ[ˆœš[šÛX[›ˆ‹Ù[˜[‹‘Õ\È˜\ÚXÈ‹‘Õ‹LM‹•[šÛ›İÛˆ‹•[šÛ›İÛˆ‹•[šÛ›İÛˆ‹SÑKˆŒÔÍÖ•–H‹”›ÜÜXİ[™È‹ÙXÚ[H[\Ú[ˆ‹‘\İ[ˆœš[šÛX[›ˆ‹Ù[˜[‹‘Õ\È˜\ÚXÈ‹‘Õ‹LM‹•[šÛ›İÛˆ‹•[šÛ›İÛˆ‹•[šÛ›İÛˆ‹SÑKˆŒ”Ö–PÒˆ‹”›ÜÜXİ[™È‹ÙXÚ[H[\Ú[ˆ‹‘\İ[ˆœš[šÛX[›ˆ‹Ù[˜[‹‘Õ\È›È‹‘Õ‹M‹”İ[›˜[\^‹›X\šÙ][™È‹”Û[™‹MŒÍËMNLËSÑKKBˆŒ‘Í•MÓTH‹”›ÜÜXİ[™È‹ÙXÚ[H[\Ú[ˆ‹‘\İ[ˆœš[šÛX[›ˆ‹Ù[˜[‹‘Õ\È›È‹‘Õ‹M‹•[šÛ›İÛˆ‹•[šÛ›İÛˆ‹•[šÛ›İÛˆ‹SÑKˆ’ÔT”H‹”›ÜÜXİ[™È‹ÙXÚ[H[\Ú[ˆ‹‘\İ[ˆœš[šÛX[›ˆ‹Ù[˜[‹‘Õ\È›È‹‘Õ‹M‹•[šÛ›İÛˆ‹•[šÛ›İÛˆ‹•[šÛ›İÛˆ‹SÑKˆ”ÑÒL“LQˆ‹”›ÜÜXİ[™È‹ÙXÚ[H[\Ú[ˆ‹‘\İ[ˆœš[šÛX[›ˆ‹Ù[˜[‹‘Õ\È›È‹‘Õ‹M‹•[šÛ›İÛˆ‹•[šÛ›İÛˆ‹•[šÛ›İÛˆ‹SÑKˆ‘ÍR’H‹”›ÜÜXİ[™È‹ÙXÚ[H[\Ú[ˆ‹‘\İ[ˆœš[šÛX[›ˆ‹Ù[˜[‹“QÈÜXÚX[‹“QÈ‹MK™]]XÚ‹›YYXØ[‹’Ù[XH‹ËŒNLNKSÑKKBˆ•‘ÑÍÑÍH‹”›ÜÜXİ[™È‹ÙXÚ[H[\Ú[ˆ‹‘\İ[ˆœš[šÛX[›ˆ‹Ù[˜[‹“QÈÜXÚX[‹“QÈ‹MKÛÛ™XÛÛH‹XÚ›ÛÙŞH‹•[š]Yİ]\È‹MLŒ‹N‹SÑKKBˆ’NÌ‘È‹”›ÜÜXİ[™È‹ÙXÚ[H[\Ú[ˆ‹‘\İ[ˆœš[šÛX[›ˆ‹Ù[˜[‹“QÈÜXÚX[‹“QÈ‹MK‘ÛÛÙÚ[›Ûˆ‹›X\šÙ][™È‹•[š]Yİ]\È‹ML‹ÌËLLËSÑKKBˆP“LPÑĞ•ˆ‹”›ÜÜXİ[™È‹ÙXÚ[H[\Ú[ˆ‹‘\İ[ˆœš[šÛX[›ˆ‹Ù[˜[‹“QÈÜXÚX[‹“QÈ‹MK”İ[XXÙH‹œ™]Z[‹”›ÛX[šXH‹MËKLËSÑKKBˆ‘ÔĞ•RSQH‹”›ÜÜXİ[™È‹ÙXÚ[H[\Ú[ˆ‹‘\İ[ˆœš[šÛX[›ˆ‹Ù[˜[‹“QÈÜXÚX[‹“QÈ‹MK•[šÛ›İÛˆ‹•[šÛ›İÛˆ‹•[šÛ›İÛˆ‹SÑKˆQS‘ÍH‹”›ÜÜXİ[™È‹ÙXÚ[H[\Ú[ˆ‹‘\İ[ˆœš[šÛX[›ˆ‹Ù[˜[‹“QÈÜXÚX[‹“QÈ‹MK•[šÛ›İÛˆ‹•[šÛ›İÛˆ‹•[šÛ›İÛˆ‹SÑKˆ’PUÌP‘V‹”›ÜÜXİ[™È‹ÙXÚ[H[\Ú[ˆ‹‘\İ[ˆœš[šÛX[›ˆ‹Ù[˜[‹“QÈY˜[˜ÙY‹“QÈ‹ÌÎLË”Ú[™Û]XÚ›È‹œ™]Z[‹•[š]Yİ]\È‹ŒŒMMLÍÍSÑKKBˆ”Ò‘NSÕTˆ‹”›ÜÜXİ[™È‹ÙXÚ[H[\Ú[ˆ‹‘\İ[ˆœš[šÛX[›ˆ‹Ù[˜[‹“QÈY˜[˜ÙY‹“QÈ‹ÌÎLË•[šÛ›İÛˆ‹•[šÛ›İÛˆ‹•[šÛ›İÛˆ‹SÑKˆ”ŒP–‹”›ÜÜXİ[™È‹ÙXÚ[H[\Ú[ˆ‹‘\İ[ˆœš[šÛX[›ˆ‹Ù[˜[‹“QÈY˜[˜ÙY‹“QÈ‹ÌÎLË•[šÛ›İÛˆ‹•[šÛ›İÛˆ‹•[šÛ›İÛˆ‹SÑKˆ“”Œ‘QRĞÈ‹”›ÜÜXİ[™È‹ÙXÚ[H[\Ú[ˆ‹‘\İ[ˆœš[šÛX[›ˆ‹Ù[˜[‹“QÈY˜[˜ÙY‹“QÈ‹ÌÎLË•[šÛ›İÛˆ‹•[šÛ›İÛˆ‹•[šÛ›İÛˆ‹SÑKˆ”ÕN•“È‹”›ÜÜXİ[™È‹ÙXÚ[H[\Ú[ˆ‹‘\İ[ˆœš[šÛX[›ˆ‹Ù[˜[‹“QÈY˜[˜ÙY‹“QÈ‹ÌÎLË•[šÛ›İÛˆ‹•[šÛ›İÛˆ‹•[šÛ›İÛˆ‹SÑKˆŒQÑUÎU‹”›ÜÜXİ[™È‹ÙXÚ[H[\Ú[ˆ‹‘\İ[ˆœš[šÛX[›ˆ‹Ù[˜[‹“QÈY˜[˜ÙY‹“QÈ‹ÌÎLË•[šÛ›İÛˆ‹•[šÛ›İÛˆ‹•[šÛ›İÛˆ‹SÑKˆ•ÔVŒÈ‹”›ÜÜXİ[™È‹ÙXÚ[H[\Ú[ˆ‹‘\İ[ˆœš[šÛX[›ˆ‹Ù[˜[‹“QÈY˜[˜ÙY‹“QÈ‹ÌÎLË•[šÛ›İÛˆ‹•[šÛ›İÛˆ‹•[šÛ›İÛˆ‹SÑKˆ’VÍ–ˆ‹”›ÜÜXİ[™È‹ÙXÚ[H[\Ú[ˆ‹‘\İ[ˆœš[šÛX[›ˆ‹Ù[˜[‹“QÈY˜[˜ÙY‹“QÈ‹ÌÎLË•[šÛ›İÛˆ‹•[šÛ›İÛˆ‹•[šÛ›İÛˆ‹SÑKˆ‘ÍÖÒVˆ‹”›ÜÜXİ[™È‹ÙXÚ[H[\Ú[ˆ‹‘\İ[ˆœš[šÛX[›ˆ‹Ù[˜[‹“QÈY˜[˜ÙY‹“QÈ‹ÌÎLË•[šÛ›İÛˆ‹•[šÛ›İÛˆ‹•[šÛ›İÛˆ‹SÑKˆ“R•ÕŒ–MH‹”›ÜÜXİ[™È‹‘\˜Ù[ØÚXÚ‹“Y[š[ˆX\[ˆ‹Ù[˜[‹‘Õ˜\ÚXÈ‹‘Õ‹ML‘Ûœ]XYXÚ‹XÚ›ÛÙŞH‹•[š]Yİ]\È‹MÌL‹ÌNMSÑKKBˆĞSÓ“‘–ˆ‹”›ÜÜXİ[™È‹‘\˜Ù[ØÚXÚ‹“Y[š[ˆX\[ˆ‹Ù[˜[‹‘Õ˜\ÚXÈ‹‘Õ‹ML’Ú[›˜[\\È‹œ™]Z[‹•[š]Yİ]\È‹Ì‹Ì‹NÌKSÑKKBˆ”ŒĞSN‹”›ÜÜXİ[™È‹‘\˜Ù[ØÚXÚ‹“Y[š[ˆX\[ˆ‹Ù[˜[‹‘Õ˜\ÚXÈ‹‘Õ‹ML’ÛÛ›X]š^‹›X\šÙ][™È‹•[š]Yİ]\È‹ÍÍKËLNLSÑKKBˆÔVUUÍÕˆ‹”›ÜÜXİ[™È‹‘\˜Ù[ØÚXÚ‹“Y[š[ˆX\[ˆ‹Ù[˜[‹‘Õ˜\ÚXÈ‹‘Õ‹ML•[šÛ›İÛˆ‹•[šÛ›İÛˆ‹•[šÛ›İÛˆ‹SÑKˆVULUÕˆ‹”›ÜÜXİ[™È‹‘\˜Ù[ØÚXÚ‹“Y[š[ˆX\[ˆ‹Ù[˜[‹‘Õ˜\ÚXÈ‹‘Õ‹ML•[šÛ›İÛˆ‹•[šÛ›İÛˆ‹•[šÛ›İÛˆ‹SÑKˆ”ŒR•MR‹”›ÜÜXİ[™È‹‘\˜Ù[ØÚXÚ‹“Y[š[ˆX\[ˆ‹Ù[˜[‹‘Õ˜\ÚXÈ‹‘Õ‹ML•[šÛ›İÛˆ‹•[šÛ›İÛˆ‹•[šÛ›İÛˆ‹SÑKˆŒÔU–ÑÈ‹”›ÜÜXİ[™È‹‘\˜Ù[ØÚXÚ‹“Y[š[ˆX\[ˆ‹Ù[˜[‹‘Õ˜\ÚXÈ‹‘Õ‹ML•[šÛ›İÛˆ‹•[šÛ›İÛˆ‹•[šÛ›İÛˆ‹SÑKˆ”“R‘ÎÔÌˆ‹”›ÜÜXİ[™È‹‘\˜Ù[ØÚXÚ‹“Y[š[ˆX\[ˆ‹Ù[˜[‹‘Õ˜\ÚXÈ‹‘Õ‹ML•[šÛ›İÛˆ‹•[šÛ›İÛˆ‹•[šÛ›İÛˆ‹SÑKˆSÒÓRŒˆ‹”›ÜÜXİ[™È‹‘\˜Ù[ØÚXÚ‹“Y[š[ˆX\[ˆ‹Ù[˜[‹‘Õ˜\ÚXÈ‹‘Õ‹ML•[šÛ›İÛˆ‹•[šÛ›İÛˆ‹•[šÛ›İÛˆ‹SÑKˆ•SMM‘Í‹”›ÜÜXİ[™È‹‘\˜Ù[ØÚXÚ‹“Y[š[ˆX\[ˆ‹Ù[˜[‹‘Õ\È˜\ÚXÈ‹‘Õ‹LM‹XÛYHÛÜœÜ˜][Ûˆ‹XÚ›ÛÙŞH‹•[š]Yİ]\È‹LLŒŒ‹SÑKKBˆ–•ÔUÑLÈ‹”›ÜÜXİ[™È‹‘\˜Ù[ØÚXÚ‹“Y[š[ˆX\[ˆ‹Ù[˜[‹‘Õ\È˜\ÚXÈ‹‘Õ‹LM‹‘˜^][İH‹[XÛÛ[][šXØ][ÛœÈ‹•[š]Yİ]\È‹NK‹MNMKSÑKKBˆ“ÑÑTL”H‹”›ÜÜXİ[™È‹‘\˜Ù[ØÚXÚ‹“Y[š[ˆX\[ˆ‹Ù[˜[‹‘Õ\È˜\ÚXÈ‹‘Õ‹LM‹–YX\š[ˆ‹œ™]Z[‹•[š]Yİ]\È‹ŒŒKŒKÎLKSÑKKBˆ’L“QQSH‹”›ÜÜXİ[™È‹‘\˜Ù[ØÚXÚ‹“Y[š[ˆX\[ˆ‹Ù[˜[‹‘Õ\È˜\ÚXÈ‹‘Õ‹LM‹•[šÛ›İÛˆ‹•[šÛ›İÛˆ‹•[šÛ›İÛˆ‹SÑKˆŒSÑÍÓÑˆ‹”›ÜÜXİ[™È‹‘\˜Ù[ØÚXÚ‹“Y[š[ˆX\[ˆ‹Ù[˜[‹‘Õ\È˜\ÚXÈ‹‘Õ‹LM‹•[šÛ›İÛˆ‹•[šÛ›İÛˆ‹•[šÛ›İÛˆ‹SÑKˆ‘‘SÑ”TQÈ‹”›ÜÜXİ[™È‹‘\˜Ù[ØÚXÚ‹“Y[š[ˆX\[ˆ‹Ù[˜[‹‘Õ\È˜\ÚXÈ‹‘Õ‹LM‹•[šÛ›İÛˆ‹•[šÛ›İÛˆ‹•[šÛ›İÛˆ‹SÑKˆŒTMH‹”›ÜÜXİ[™È‹‘\˜Ù[ØÚXÚ‹“Y[š[ˆX\[ˆ‹Ù[˜[‹‘Õ\È˜\ÚXÈ‹‘Õ‹LM‹•[šÛ›İÛˆ‹•[šÛ›İÛˆ‹•[šÛ›İÛˆ‹SÑKˆ”MQLQÖ‹”›ÜÜXİ[™È‹‘\˜Ù[ØÚXÚ‹“Y[š[ˆX\[ˆ‹Ù[˜[‹‘Õ\È˜\ÚXÈ‹‘Õ‹LM‹•[šÛ›İÛˆ‹•[šÛ›İÛˆ‹•[šÛ›İÛˆ‹SÑKˆ’Ô•RÈ‹”›ÜÜXİ[™È‹‘\˜Ù[ØÚXÚ‹“Y[š[ˆX\[ˆ‹Ù[˜[‹‘Õ\È˜\ÚXÈ‹‘Õ‹LM‹•[šÛ›İÛˆ‹•[šÛ›İÛˆ‹•[šÛ›İÛˆ‹SÑKˆ“UÕÕÓÓH‹”›ÜÜXİ[™È‹‘\˜Ù[ØÚXÚ‹“Y[š[ˆX\[ˆ‹Ù[˜[‹‘Õ\È˜\ÚXÈ‹‘Õ‹LM‹•[šÛ›İÛˆ‹•[šÛ›İÛˆ‹•[šÛ›İÛˆ‹SÑKˆ’QSSÒSŒÒÈ‹”›ÜÜXİ[™È‹‘\˜Ù[ØÚXÚ‹“Y[š[ˆX\[ˆ‹Ù[˜[‹‘Õ\È˜\ÚXÈ‹‘Õ‹LM‹•[šÛ›İÛˆ‹•[šÛ›İÛˆ‹•[šÛ›İÛˆ‹SÑKˆ–TSTÈ‹”›ÜÜXİ[™È‹‘\˜Ù[ØÚXÚ‹“Y[š[ˆX\[ˆ‹Ù[˜[‹‘Õ\È˜\ÚXÈ‹‘Õ‹LM‹•[šÛ›İÛˆ‹•[šÛ›İÛˆ‹•[šÛ›İÛˆ‹SÑKˆ“ÔVN“‹”›ÜÜXİ[™È‹‘\˜Ù[ØÚXÚ‹“Y[š[ˆX\[ˆ‹Ù[˜[‹‘Õ\È˜\ÚXÈ‹‘Õ‹LM‹•[šÛ›İÛˆ‹•[šÛ›İÛˆ‹•[šÛ›İÛˆ‹SÑKˆ”’’–Tˆ‹”›ÜÜXİ[™È‹‘\˜Ù[ØÚXÚ‹“Y[š[ˆX\[ˆ‹Ù[˜[‹‘Õ\È˜\ÚXÈ‹‘Õ‹LM‹•[šÛ›İÛˆ‹•[šÛ›İÛˆ‹•[šÛ›İÛˆ‹SÑKˆ’–Q”H‹”›ÜÜXİ[™È‹‘\˜Ù[ØÚXÚ‹“Y[š[ˆX\[ˆ‹Ù[˜[‹‘Õ\È˜\ÚXÈ‹‘Õ‹LM‹•[šÛ›İÛˆ‹•[šÛ›İÛˆ‹•[šÛ›İÛˆ‹SÑKˆÖÔÔˆ‹”›ÜÜXİ[™È‹‘\˜Ù[ØÚXÚ‹“Y[š[ˆX\[ˆ‹Ù[˜[‹‘Õ\È˜\ÚXÈ‹‘Õ‹LM‹•[šÛ›İÛˆ‹•[šÛ›İÛˆ‹•[šÛ›İÛˆ‹SÑKˆ‘QÌÖPPÑˆ‹”›ÜÜXİ[™È‹‘\˜Ù[ØÚXÚ‹“Y[š[ˆX\[ˆ‹Ù[˜[‹‘Õ\È˜\ÚXÈ‹‘Õ‹LM‹•[šÛ›İÛˆ‹•[šÛ›İÛˆ‹•[šÛ›İÛˆ‹SÑKˆ•SÕTˆ‹”›ÜÜXİ[™È‹‘\˜Ù[ØÚXÚ‹“Y[š[ˆX\[ˆ‹Ù[˜[‹‘Õ\È˜\ÚXÈ‹‘Õ‹LM‹•[šÛ›İÛˆ‹•[šÛ›İÛˆ‹•[šÛ›İÛˆ‹SÑKˆ‘–LÒ––H‹”›ÜÜXİ[™È‹‘\˜Ù[ØÚXÚ‹“Y[š[ˆX\[ˆ‹Ù[˜[‹‘Õ\È˜\ÚXÈ‹‘Õ‹LM‹•[šÛ›İÛˆ‹•[šÛ›İÛˆ‹•[šÛ›İÛˆ‹SÑKˆ•Œ•RNˆ‹”›ÜÜXİ[™È‹‘\˜Ù[ØÚXÚ‹“Y[š[ˆX\[ˆ‹Ù[˜[‹‘Õ\È˜\ÚXÈ‹‘Õ‹LM‹•[šÛ›İÛˆ‹•[šÛ›İÛˆ‹•[šÛ›İÛˆ‹SÑKˆ“ĞQPÖMH‹”›ÜÜXİ[™È‹‘\˜Ù[ØÚXÚ‹“Y[š[ˆX\[ˆ‹Ù[˜[‹‘Õ\È˜\ÚXÈ‹‘Õ‹LM‹•[šÛ›İÛˆ‹•[šÛ›İÛˆ‹•[šÛ›İÛˆ‹SÑKˆ–UP•’‹”›ÜÜXİ[™È‹‘\˜Ù[ØÚXÚ‹“Y[š[ˆX\[ˆ‹Ù[˜[‹‘Õ\È›È‹‘Õ‹M‹‘š[š›Øˆ‹™[\Ş[Y[‹•[š]Yİ]\È‹ŒNKKÍSÑKKBˆ‘•L”V”‹”›ÜÜXİ[™È‹‘\˜Ù[ØÚXÚ‹“Y[š[ˆX\[ˆ‹Ù[˜[‹‘Õ\È›È‹‘Õ‹M‹‘Ü™Y[‹T\È‹œÙ\šXÙ\È‹•[š]Yİ]\È‹L‹ŒNKNLŒ‹SÑKKBˆÕ“S’ÑÒ‹”›ÜÜXİ[™È‹‘\˜Ù[ØÚXÚ‹“Y[š[ˆX\[ˆ‹Ù[˜[‹‘Õ\È›È‹‘Õ‹M‹’]˜[ˆ‹œÙ\šXÙ\È‹•[š]Yİ]\È‹ÎL‹‹LNKSÑKKBˆ“•ÍRÑˆ‹”›ÜÜXİ[™È‹‘\˜Ù[ØÚXÚ‹“Y[š[ˆX\[ˆ‹Ù[˜[‹‘Õ\È›È‹‘Õ‹M‹–˜][šXÛÛˆ‹œ™]Z[‹•[š]Yİ]\È‹ÌKŒL‹MSÑKKBˆMMTPˆ‹”›ÜÜXİ[™È‹‘\˜Ù[ØÚXÚ‹“Y[š[ˆX\[ˆ‹Ù[˜[‹‘Õ\È›È‹‘Õ‹M‹•[šÛ›İÛˆ‹•[šÛ›İÛˆ‹•[šÛ›İÛˆ‹SÑKˆ’ÒRÕŒSL‹”›ÜÜXİ[™È‹‘\˜Ù[ØÚXÚ‹“Y[š[ˆX\[ˆ‹Ù[˜[‹‘Õ\È›È‹‘Õ‹M‹•[šÛ›İÛˆ‹•[šÛ›İÛˆ‹•[šÛ›İÛˆ‹SÑKˆ”ÖÒRV‹”›ÜÜXİ[™È‹‘\˜Ù[ØÚXÚ‹“Y[š[ˆX\[ˆ‹Ù[˜[‹‘Õ\È›È‹‘Õ‹M‹•[šÛ›İÛˆ‹•[šÛ›İÛˆ‹•[šÛ›İÛˆ‹SÑKˆ“ÑÑ“ŒPH‹”›ÜÜXİ[™È‹‘\˜Ù[ØÚXÚ‹“Y[š[ˆX\[ˆ‹Ù[˜[‹‘Õ\È›È‹‘Õ‹M‹•[šÛ›İÛˆ‹•[šÛ›İÛˆ‹•[šÛ›İÛˆ‹SÑKˆ””UVÔ“‹”›ÜÜXİ[™È‹‘\˜Ù[ØÚXÚ‹“Y[š[ˆX\[ˆ‹Ù[˜[‹‘Õ\È›È‹‘Õ‹M‹•[šÛ›İÛˆ‹•[šÛ›İÛˆ‹•[šÛ›İÛˆ‹SÑKˆÍÓ‘ÒRÈ‹”›ÜÜXİ[™È‹‘\˜Ù[ØÚXÚ‹“Y[š[ˆX\[ˆ‹Ù[˜[‹‘Õ\È›È‹‘Õ‹M‹•[šÛ›İÛˆ‹•[šÛ›İÛˆ‹•[šÛ›İÛˆ‹SÑKˆŒRŒU‹”›ÜÜXİ[™È‹‘\˜Ù[ØÚXÚ‹“Y[š[ˆX\[ˆ‹Ù[˜[‹‘Õ\È›È‹‘Õ‹M‹•[šÛ›İÛˆ‹•[šÛ›İÛˆ‹•[šÛ›İÛˆ‹SÑKˆ•RULH‹”›ÜÜXİ[™È‹‘\˜Ù[ØÚXÚ‹“Y[š[ˆX\[ˆ‹Ù[˜[‹‘Õ\È›È‹‘Õ‹M‹•[šÛ›İÛˆ‹•[šÛ›İÛˆ‹•[šÛ›İÛˆ‹SÑKˆ’•–ÑÍÌ‹”›ÜÜXİ[™È‹‘\˜Ù[ØÚXÚ‹“Y[š[ˆX\[ˆ‹Ù[˜[‹‘Õ\È›È‹‘Õ‹M‹•[šÛ›İÛˆ‹•[šÛ›İÛˆ‹•[šÛ›İÛˆ‹SÑKˆ”ÖTÍÍUÈ‹”›ÜÜXİ[™È‹‘\˜Ù[ØÚXÚ‹“Y[š[ˆX\[ˆ‹Ù[˜[‹‘Õ›È‹‘Õ‹ŒKš[ÚÛ[™È‹›YYXØ[‹”[\[™\È‹NËŒÍLÍM‹SÑKKBˆ”ŒMP–VH‹”›ÜÜXİ[™È‹‘\˜Ù[ØÚXÚ‹“Y[š[ˆX\[ˆ‹Ù[˜[‹‘Õ›È‹‘Õ‹ŒK›XÚŞš[H‹œ™]Z[‹•[š]Yİ]\È‹MËŒLKMNSÑKKBˆ“ÕÓÔŒÒH‹”›ÜÜXİ[™È‹‘\˜Ù[ØÚXÚ‹“Y[š[ˆX\[ˆ‹Ù[˜[‹‘Õ›È‹‘Õ‹ŒK›]ÛÛ\[H‹XÚ›ÛÙŞH‹•[š]Yİ]\È‹L‹ŒÌ‹ÌËSÑKKBˆ”“ÒN‘ˆ‹”›ÜÜXİ[™È‹‘\˜Ù[ØÚXÚ‹“Y[š[ˆX\[ˆ‹Ù[˜[‹‘Õ›È‹‘Õ‹ŒKÛÛ™^‹›YYXØ[‹•[š]Yİ]\È‹MKSÑKKBˆ–P•ÕQÍ”T‹”›ÜÜXİ[™È‹‘\˜Ù[ØÚXÚ‹“Y[š[ˆX\[ˆ‹Ù[˜[‹‘Õ›È‹‘Õ‹ŒKÛÛ™^‹›YYXØ[‹•[š]Yİ]\È‹MKSÑKKBˆNÑÒUÈ‹”›ÜÜXİ[™È‹‘\˜Ù[ØÚXÚ‹“Y[š[ˆX\[ˆ‹Ù[˜[‹‘Õ›È‹‘Õ‹ŒK‘Ûœ]XYXÚ‹XÚ›ÛÙŞH‹•[š]Yİ]\È‹MÌL‹ÌNMSÑKKBˆ’RÒPPŒUÈ‹”›ÜÜXİ[™È‹‘\˜Ù[ØÚXÚ‹“Y[š[ˆX\[ˆ‹Ù[˜[‹‘Õ›È‹‘Õ‹ŒK‘ÛXÚH‹œÛÙØ\™H‹•[š]Yİ]\È‹ŒNLËSÑKKBˆ–RĞ’”NLH‹”›ÜÜXİ[™È‹‘\˜Ù[ØÚXÚ‹“Y[š[ˆX\[ˆ‹Ù[˜[‹‘Õ›È‹‘Õ‹ŒK‘˜^][İH‹[XÛÛ[][šXØ][ÛœÈ‹•[š]Yİ]\È‹NK‹MNMKSÑKKBˆ”ÕTÔÕÈ‹”›ÜÜXİ[™È‹‘\˜Ù[ØÚXÚ‹“Y[š[ˆX\[ˆ‹Ù[˜[‹‘Õ›È‹‘Õ‹ŒK‘˜^][İH‹[XÛÛ[][šXØ][ÛœÈ‹•[š]Yİ]\È‹NK‹MNMKSÑKKBˆ‘ÑTNQÒÕÈ‹”›ÜÜXİ[™È‹‘\˜Ù[ØÚXÚ‹“Y[š[ˆX\[ˆ‹Ù[˜[‹‘Õ›È‹‘Õ‹ŒK‘š[š›Øˆ‹™[\Ş[Y[‹•[š]Yİ]\È‹ŒNKKÍSÑKKBˆ‘VTQMÓÈ‹”›ÜÜXİ[™È‹‘\˜Ù[ØÚXÚ‹“Y[š[ˆX\[ˆ‹Ù[˜[‹‘Õ›È‹‘Õ‹ŒK’[š]XÚ‹[XÛÛ[][šXØ][ÛœÈ‹•[š]Yİ]\È‹ŒÎMKŒKŒÍKSÑKKBˆ“ÎQS‹”›ÜÜXİ[™È‹‘\˜Ù[ØÚXÚ‹“Y[š[ˆX\[ˆ‹Ù[˜[‹‘Õ›È‹‘Õ‹ŒK’[š]H‹›X\šÙ][™È‹•[š]Yİ]\È‹ËNKSÑKKBˆ”ÌULT‘’È‹”›ÜÜXİ[™È‹‘\˜Ù[ØÚXÚ‹“Y[š[ˆX\[ˆ‹Ù[˜[‹‘Õ›È‹‘Õ‹ŒK’\Ù[XİšXÜÈ‹XÚ›ÛÙŞH‹•[š]Yİ]\È‹LËŒLKMSÑKKBˆ”’PTˆ‹”›ÜÜXİ[™È‹‘\˜Ù[ØÚXÚ‹“Y[š[ˆX\[ˆ‹Ù[˜[‹‘Õ›È‹‘Õ‹ŒK“Ü[XÚ‹™š[˜[˜ÙH‹•[š]Yİ]\È‹ÍMKŒŒËLËSÑKKBˆN––LH‹”›ÜÜXİ[™È‹‘\˜Ù[ØÚXÚ‹“Y[š[ˆX\[ˆ‹Ù[˜[‹‘Õ›È‹‘Õ‹ŒK”\Üİš\‹™[\Z[›Y[‹•[š]Yİ]\È‹ÍKKÌMKSÑKKBˆ“ÑPÒÍˆ‹”›ÜÜXİ[™È‹‘\˜Ù[ØÚXÚ‹“Y[š[ˆX\[ˆ‹Ù[˜[‹‘Õ›È‹‘Õ‹ŒK”›Û‹]XÚ‹›YYXØ[‹•[š]Yİ]\È‹ÎLŒ‹‹ÍËSÑKKBˆ‘••UNH‹”›ÜÜXİ[™È‹‘\˜Ù[ØÚXÚ‹“Y[š[ˆX\[ˆ‹Ù[˜[‹‘Õ›È‹‘Õ‹ŒK”›Û‹]XÚ‹›YYXØ[‹•[š]Yİ]\È‹ÎLŒ‹‹ÍËSÑKKBˆ•ÍSÓLˆ‹”›ÜÜXİ[™È‹‘\˜Ù[ØÚXÚ‹“Y[š[ˆX\[ˆ‹Ù[˜[‹‘Õ›È‹‘Õ‹ŒK”[™Ù˜\ÙH‹XÚ›ÛÙŞH‹•[š]Yİ]\È‹LŒ‹LŒÎSÑKKBˆ–‘ÕÔUPH‹”›ÜÜXİ[™È‹‘\˜Ù[ØÚXÚ‹“Y[š[ˆX\[ˆ‹Ù[˜[‹‘Õ›È‹‘Õ‹ŒK”[™Ù˜\ÙH‹XÚ›ÛÙŞH‹•[š]Yİ]\È‹LŒ‹LŒÎSÑKKBˆ‘Ô•U‹”›ÜÜXİ[™È‹‘\˜Ù[ØÚXÚ‹“Y[š[ˆX\[ˆ‹Ù[˜[‹‘Õ›È‹‘Õ‹ŒK•Ø\™\\ÙH‹œÙ\šXÙ\È‹•[š]Yİ]\È‹ŒKÌËLÍ‹SÑKKBˆŒ’T–“Lˆ‹”›ÜÜXİ[™È‹‘\˜Ù[ØÚXÚ‹“Y[š[ˆX\[ˆ‹Ù[˜[‹‘Õ›È‹‘Õ‹ŒK–^›Ø˜[H‹™[\Z[›Y[‹•[š]Yİ]\È‹ÎÎŒÎKÍSÑKKBˆNVT““L‹”›ÜÜXİ[™È‹‘\˜Ù[ØÚXÚ‹“Y[š[ˆX\[ˆ‹Ù[˜[‹‘Õ›È‹‘Õ‹ŒK–YX\š[ˆ‹œ™]Z[‹•[š]Yİ]\È‹ŒŒKŒKÎLKSÑKKBˆ•’’S•‘ˆ‹”›ÜÜXİ[™È‹‘\˜Ù[ØÚXÚ‹“Y[š[ˆX\[ˆ‹Ù[˜[‹‘Õ›È‹‘Õ‹ŒK–˜][šXÛÛˆ‹œ™]Z[‹•[š]Yİ]\È‹ÌKŒL‹MSÑKKBˆNQÑMˆ‹”›ÜÜXİ[™È‹‘\˜Ù[ØÚXÚ‹“Y[š[ˆX\[ˆ‹Ù[˜[‹‘Õ›È‹‘Õ‹ŒK–™[˜ÛÜœÜ˜][Ûˆ‹XÚ›ÛÙŞH‹Ú[˜H‹ÎKM‹SÑKKBˆ‘ULˆ‹”›ÜÜXİ[™È‹‘\˜Ù[ØÚXÚ‹“Y[š[ˆX\[ˆ‹Ù[˜[‹‘Õ›È‹‘Õ‹ŒK–[YÛÚ]H‹›YYXØ[‹•[š]Yİ]\È‹KŒLŒLSÑKKBˆ“‘V‘Ò‹”›ÜÜXİ[™È‹‘\˜Ù[ØÚXÚ‹“Y[š[ˆX\[ˆ‹Ù[˜[‹‘Õ›È‹‘Õ‹ŒK•[šÛ›İÛˆ‹•[šÛ›İÛˆ‹•[šÛ›İÛˆ‹SÑKˆR’ĞPÈ‹”›ÜÜXİ[™È‹‘\˜Ù[ØÚXÚ‹“Y[š[ˆX\[ˆ‹Ù[˜[‹‘Õ›È‹‘Õ‹ŒK•[šÛ›İÛˆ‹•[šÛ›İÛˆ‹•[šÛ›İÛˆ‹SÑKˆ‘QÑÍÕM“H‹”›ÜÜXİ[™È‹‘\˜Ù[ØÚXÚ‹“Y[š[ˆX\[ˆ‹Ù[˜[‹‘Õ›È‹‘Õ‹ŒK•[šÛ›İÛˆ‹•[šÛ›İÛˆ‹•[šÛ›İÛˆ‹SÑKˆ•“VĞ’S’‹”›ÜÜXİ[™È‹‘\˜Ù[ØÚXÚ‹“Y[š[ˆX\[ˆ‹Ù[˜[‹‘Õ›È‹‘Õ‹ŒK•[šÛ›İÛˆ‹•[šÛ›İÛˆ‹•[šÛ›İÛˆ‹SÑKˆ“••LH‹”›ÜÜXİ[™È‹‘\˜Ù[ØÚXÚ‹“Y[š[ˆX\[ˆ‹Ù[˜[‹‘Õ›È‹‘Õ‹ŒK•[šÛ›İÛˆ‹•[šÛ›İÛˆ‹•[šÛ›İÛˆ‹SÑKˆ•L“U‹”›ÜÜXİ[™È‹‘\˜Ù[ØÚXÚ‹“Y[š[ˆX\[ˆ‹Ù[˜[‹‘Õ›È‹‘Õ‹ŒK•[šÛ›İÛˆ‹•[šÛ›İÛˆ‹•[šÛ›İÛˆ‹SÑKˆ’••“ÒUH‹”›ÜÜXİ[™È‹‘\˜Ù[ØÚXÚ‹“Y[š[ˆX\[ˆ‹Ù[˜[‹‘Õ›È‹‘Õ‹ŒK•[šÛ›İÛˆ‹•[šÛ›İÛˆ‹•[šÛ›İÛˆ‹SÑKˆ”–MÈ‹”›ÜÜXİ[™È‹‘\˜Ù[ØÚXÚ‹“Y[š[ˆX\[ˆ‹Ù[˜[‹‘Õ›È‹‘Õ‹ŒK•[šÛ›İÛˆ‹•[šÛ›İÛˆ‹•[šÛ›İÛˆ‹SÑKˆLL“N‹”›ÜÜXİ[™È‹‘\˜Ù[ØÚXÚ‹“Y[š[ˆX\[ˆ‹Ù[˜[‹‘Õ›È‹‘Õ‹ŒK•[šÛ›İÛˆ‹•[šÛ›İÛˆ‹•[šÛ›İÛˆ‹SÑKˆTT•‹”›ÜÜXİ[™È‹‘\˜Ù[ØÚXÚ‹“Y[š[ˆX\[ˆ‹Ù[˜[‹‘Õ›È‹‘Õ‹ŒK•[šÛ›İÛˆ‹•[šÛ›İÛˆ‹•[šÛ›İÛˆ‹SÑKˆÖSÒÕMÈ‹”›ÜÜXİ[™È‹‘\˜Ù[ØÚXÚ‹“Y[š[ˆX\[ˆ‹Ù[˜[‹‘Õ›È‹‘Õ‹ŒK•[šÛ›İÛˆ‹•[šÛ›İÛˆ‹•[šÛ›İÛˆ‹SÑKˆŒÒÍÌ“ÔH‹”›ÜÜXİ[™È‹‘\˜Ù[ØÚXÚ‹“Y[š[ˆX\[ˆ‹Ù[˜[‹‘Õ›È‹‘Õ‹ŒK•[šÛ›İÛˆ‹•[šÛ›İÛˆ‹•[šÛ›İÛˆ‹SÑKˆ‘SLŒ‹”›ÜÜXİ[™È‹‘\˜Ù[ØÚXÚ‹“Y[š[ˆX\[ˆ‹Ù[˜[‹‘Õ›È‹‘Õ‹ŒK•[šÛ›İÛˆ‹•[šÛ›İÛˆ‹•[šÛ›İÛˆ‹SÑKˆSS‘ŒM‘‹”›ÜÜXİ[™È‹‘\˜Ù[ØÚXÚ‹“Y[š[ˆX\[ˆ‹Ù[˜[‹‘Õ›È‹‘Õ‹ŒK•[šÛ›İÛˆ‹•[šÛ›İÛˆ‹•[šÛ›İÛˆ‹SÑKˆ”TÍMUˆ‹”›ÜÜXİ[™È‹‘\˜Ù[ØÚXÚ‹“Y[š[ˆX\[ˆ‹Ù[˜[‹‘Õ›È‹‘Õ‹ŒK•[šÛ›İÛˆ‹•[šÛ›İÛˆ‹•[šÛ›İÛˆ‹SÑKˆ–ÓU“‘H‹”›ÜÜXİ[™È‹‘\˜Ù[ØÚXÚ‹“Y[š[ˆX\[ˆ‹Ù[˜[‹‘Õ›È‹‘Õ‹ŒK•[šÛ›İÛˆ‹•[šÛ›İÛˆ‹•[šÛ›İÛˆ‹SÑKˆ”MŒÑÈ‹”›ÜÜXİ[™È‹‘\˜Ù[ØÚXÚ‹“Y[š[ˆX\[ˆ‹Ù[˜[‹‘Õ›È‹‘Õ‹ŒK•[šÛ›İÛˆ‹•[šÛ›İÛˆ‹•[šÛ›İÛˆ‹SÑKˆ“NPÑ‹”›ÜÜXİ[™È‹‘\˜Ù[ØÚXÚ‹“Y[š[ˆX\[ˆ‹Ù[˜[‹‘Õ›È‹‘Õ‹ŒK•[šÛ›İÛˆ‹•[šÛ›İÛˆ‹•[šÛ›İÛˆ‹SÑKˆ’ÓÍÒ•ÖÕ‹”›ÜÜXİ[™È‹‘\˜Ù[ØÚXÚ‹“Y[š[ˆX\[ˆ‹Ù[˜[‹‘Õ›È‹‘Õ‹ŒK•[šÛ›İÛˆ‹•[šÛ›İÛˆ‹•[šÛ›İÛˆ‹SÑKˆ‘‘ÔĞÒ”ĞÈ‹”›ÜÜXİ[™È‹‘\˜Ù[ØÚXÚ‹“Y[š[ˆX\[ˆ‹Ù[˜[‹‘Õ›È‹‘Õ‹ŒK•[šÛ›İÛˆ‹•[šÛ›İÛˆ‹•[šÛ›İÛˆ‹SÑKˆTÓPMÖˆ‹”›ÜÜXİ[™È‹‘\˜Ù[ØÚXÚ‹“Y[š[ˆX\[ˆ‹Ù[˜[‹‘Õ›È‹‘Õ‹ŒK•[šÛ›İÛˆ‹•[šÛ›İÛˆ‹•[šÛ›İÛˆ‹SÑKˆLÍÖÔVH‹”›ÜÜXİ[™È‹‘\˜Ù[ØÚXÚ‹“Y[š[ˆX\[ˆ‹Ù[˜[‹‘Õ›È‹‘Õ‹ŒK•[šÛ›İÛˆ‹•[šÛ›İÛˆ‹•[šÛ›İÛˆ‹SÑKˆ‘MRÌÔSˆ‹”›ÜÜXİ[™È‹‘\˜Ù[ØÚXÚ‹“Y[š[ˆX\[ˆ‹Ù[˜[‹‘Õ›È‹‘Õ‹ŒK•[šÛ›İÛˆ‹•[šÛ›İÛˆ‹•[šÛ›İÛˆ‹SÑKˆLRÑÒŒ‹”›ÜÜXİ[™È‹‘\˜Ù[ØÚXÚ‹“Y[š[ˆX\[ˆ‹Ù[˜[‹‘Õ›È‹‘Õ‹ŒK•[šÛ›İÛˆ‹•[šÛ›İÛˆ‹•[šÛ›İÛˆ‹SÑKˆ”•Q‘TMˆ‹”›ÜÜXİ[™È‹‘\˜Ù[ØÚXÚ‹“Y[š[ˆX\[ˆ‹Ù[˜[‹‘Õ›È‹‘Õ‹ŒK•[šÛ›İÛˆ‹•[šÛ›İÛˆ‹•[šÛ›İÛˆ‹SÑKˆ“”Õ‘‘QŒÈ‹”›ÜÜXİ[™È‹‘\˜Ù[ØÚXÚ‹“Y[š[ˆX\[ˆ‹Ù[˜[‹‘Õ›È‹‘Õ‹ŒK•[šÛ›İÛˆ‹•[šÛ›İÛˆ‹•[šÛ›İÛˆ‹SÑKˆ•ŒNMLÈ‹”›ÜÜXİ[™È‹‘\˜Ù[ØÚXÚ‹“Y[š[ˆX\[ˆ‹Ù[˜[‹‘Õ›È‹‘Õ‹ŒK•[šÛ›İÛˆ‹•[šÛ›İÛˆ‹•[šÛ›İÛˆ‹SÑKˆ‘MTŒÑMˆ‹”›ÜÜXİ[™È‹‘\˜Ù[ØÚXÚ‹“Y[š[ˆX\[ˆ‹Ù[˜[‹‘Õ›È‹‘Õ‹ŒK•[šÛ›İÛˆ‹•[šÛ›İÛˆ‹•[šÛ›İÛˆ‹SÑKˆ•ÕÓTH‹”›ÜÜXİ[™È‹‘\˜Ù[ØÚXÚ‹“Y[š[ˆX\[ˆ‹Ù[˜[‹“QÈÜXÚX[‹“QÈ‹MK•[šÛ›İÛˆ‹•[šÛ›İÛˆ‹•[šÛ›İÛˆ‹SÑKˆ“MÔPĞÌÈ‹”›ÜÜXİ[™È‹‘\˜Ù[ØÚXÚ‹“Y[š[ˆX\[ˆ‹Ù[˜[‹“QÈÜXÚX[‹“QÈ‹MK•[šÛ›İÛˆ‹•[šÛ›İÛˆ‹•[šÛ›İÛˆ‹SÑKˆ•ÔPÔPH‹”›ÜÜXİ[™È‹‘\˜Ù[ØÚXÚ‹“Y[š[ˆX\[ˆ‹Ù[˜[‹“QÈÜXÚX[‹“QÈ‹MK•[šÛ›İÛˆ‹•[šÛ›İÛˆ‹•[šÛ›İÛˆ‹SÑKˆ•ÕÑŒ“ÌÈ‹”›ÜÜXİ[™È‹‘\˜Ù[ØÚXÚ‹“Y[š[ˆX\[ˆ‹Ù[˜[‹“QÈÜXÚX[‹“QÈ‹MK•[šÛ›İÛˆ‹•[šÛ›İÛˆ‹•[šÛ›İÛˆ‹SÑKˆĞÖ•NÔÌH‹”›ÜÜXİ[™È‹‘\˜Ù[ØÚXÚ‹“Y[š[ˆX\[ˆ‹Ù[˜[‹“QÈÜXÚX[‹“QÈ‹MK•[šÛ›İÛˆ‹•[šÛ›İÛˆ‹•[šÛ›İÛˆ‹SÑKˆTĞ“ÓÕ‹”›ÜÜXİ[™È‹‘\˜Ù[ØÚXÚ‹“Y[š[ˆX\[ˆ‹Ù[˜[‹“QÈÜXÚX[‹“QÈ‹MK•[šÛ›İÛˆ‹•[šÛ›İÛˆ‹•[šÛ›İÛˆ‹SÑKˆÓRMĞÈ‹”›ÜÜXİ[™È‹‘\˜Ù[ØÚXÚ‹“Y[š[ˆX\[ˆ‹Ù[˜[‹“QÈÜXÚX[‹“QÈ‹MK•[šÛ›İÛˆ‹•[šÛ›İÛˆ‹•[šÛ›İÛˆ‹SÑKˆ‘R•TSÑVMH‹”›ÜÜXİ[™È‹‘\˜Ù[ØÚXÚ‹“Y[š[ˆX\[ˆ‹Ù[˜[‹“QÈY˜[˜ÙY‹“QÈ‹ÌÎLËX˜˜Hİ[\‹œÛÙØ\™H‹•[š]Yİ]\È‹NËŒÎKŒLËSÑKKBˆRNT‹”›ÜÜXİ[™È‹‘\˜Ù[ØÚXÚ‹“Y[š[ˆX\[ˆ‹Ù[˜[‹“QÈY˜[˜ÙY‹“QÈ‹ÌÎLË‘Ûœ]XYXÚ‹XÚ›ÛÙŞH‹•[š]Yİ]\È‹MÌL‹ÌNMSÑKKBˆ–””Òˆ‹”›ÜÜXİ[™È‹‘\˜Ù[ØÚXÚ‹“Y[š[ˆX\[ˆ‹Ù[˜[‹“QÈY˜[˜ÙY‹“QÈ‹ÌÎLË•[šÛ›İÛˆ‹•[šÛ›İÛˆ‹•[šÛ›İÛˆ‹SÑKˆŒÔŒÖTÔÈ‹”›ÜÜXİ[™È‹‘\˜Ù[ØÚXÚ‹“Y[š[ˆX\[ˆ‹Ù[˜[‹“QÈY˜[˜ÙY‹“QÈ‹ÌÎLË•[šÛ›İÛˆ‹•[šÛ›İÛˆ‹•[šÛ›İÛˆ‹SÑKˆ‘SÕ’È‹”›ÜÜXİ[™È‹‘\˜Ù[ØÚXÚ‹“Y[š[ˆX\[ˆ‹Ù[˜[‹“QÈY˜[˜ÙY‹“QÈ‹ÌÎLË•[šÛ›İÛˆ‹•[šÛ›İÛˆ‹•[šÛ›İÛˆ‹SÑKˆ–RNL’’È‹”›ÜÜXİ[™È‹‘\˜Ù[ØÚXÚ‹“Y[š[ˆX\[ˆ‹Ù[˜[‹“QÈY˜[˜ÙY‹“QÈ‹ÌÎLË•[šÛ›İÛˆ‹•[šÛ›İÛˆ‹•[šÛ›İÛˆ‹SÑKˆŒÎS’•PÎH‹”›ÜÜXİ[™È‹‘\˜Ù[ØÚXÚ‹“Y[š[ˆX\[ˆ‹Ù[˜[‹“QÈY˜[˜ÙY‹“QÈ‹ÌÎLË•[šÛ›İÛˆ‹•[šÛ›İÛˆ‹•[šÛ›İÛˆ‹SÑKˆŒVŒÍ‘TÕˆ‹”›ÜÜXİ[™È‹‘\˜Ù[ØÚXÚ‹“Y[š[ˆX\[ˆ‹Ù[˜[‹“QÈY˜[˜ÙY‹“QÈ‹ÌÎLË•[šÛ›İÛˆ‹•[šÛ›İÛˆ‹•[šÛ›İÛˆ‹SÑKˆ”’ŒŒTMÈ‹”›ÜÜXİ[™È‹‘ÛY\ÈÛÛÛİYÚ‹“Y[š[ˆX\[ˆ‹Ù[˜[‹‘Õ˜\ÚXÈ‹‘Õ‹ML’İXÚH‹XÚ›ÛÙŞH‹’ÛÜ™XH‹MÌŒÎMNKSÑKKBˆ“”ÖPĞÒÒˆ‹”›ÜÜXİ[™È‹‘ÛY\ÈÛÛÛİYÚ‹“Y[š[ˆX\[ˆ‹Ù[˜[‹‘Õ˜\ÚXÈ‹‘Õ‹ML•[šÛ›İÛˆ‹•[šÛ›İÛˆ‹•[šÛ›İÛˆ‹SÑKˆUÖU“ˆ‹”›ÜÜXİ[™È‹‘ÛY\ÈÛÛÛİYÚ‹“Y[š[ˆX\[ˆ‹Ù[˜[‹‘Õ˜\ÚXÈ‹‘Õ‹ML•[šÛ›İÛˆ‹•[šÛ›İÛˆ‹•[šÛ›İÛˆ‹SÑKˆŒMÍ‘H‹”›ÜÜXİ[™È‹‘ÛY\ÈÛÛÛİYÚ‹“Y[š[ˆX\[ˆ‹Ù[˜[‹‘Õ˜\ÚXÈ‹‘Õ‹ML•[šÛ›İÛˆ‹•[šÛ›İÛˆ‹•[šÛ›İÛˆ‹SÑKˆ••ÓRÑSÈ‹”›ÜÜXİ[™È‹‘ÛY\ÈÛÛÛİYÚ‹“Y[š[ˆX\[ˆ‹Ù[˜[‹‘Õ\È˜\ÚXÈ‹‘Õ‹LM‹’\Ù[XİšXÜÈ‹XÚ›ÛÙŞH‹•[š]Yİ]\È‹LËŒLKMSÑKKBˆ“–“”LÖH‹”›ÜÜXİ[™È‹‘ÛY\ÈÛÛÛİYÚ‹“Y[š[ˆX\[ˆ‹Ù[˜[‹‘Õ\È˜\ÚXÈ‹‘Õ‹LM‹”^˜\‹œ™]Z[‹•[š]Yİ]\È‹ÍËKÍSÑKKBˆ’ÒÒÕ’ˆ‹”›ÜÜXİ[™È‹‘ÛY\ÈÛÛÛİYÚ‹“Y[š[ˆX\[ˆ‹Ù[˜[‹‘Õ\È˜\ÚXÈ‹‘Õ‹LM‹•[šÛ›İÛˆ‹•[šÛ›İÛˆ‹•[šÛ›İÛˆ‹SÑKˆ”MŒ”Õ”TH‹”›ÜÜXİ[™È‹‘ÛY\ÈÛÛÛİYÚ‹“Y[š[ˆX\[ˆ‹Ù[˜[‹‘Õ\È˜\ÚXÈ‹‘Õ‹LM‹•[šÛ›İÛˆ‹•[šÛ›İÛˆ‹•[šÛ›İÛˆ‹SÑKˆTRŒS“H‹”›ÜÜXİ[™È‹‘ÛY\ÈÛÛÛİYÚ‹“Y[š[ˆX\[ˆ‹Ù[˜[‹‘Õ\È˜\ÚXÈ‹‘Õ‹LM‹•[šÛ›İÛˆ‹•[šÛ›İÛˆ‹•[šÛ›İÛˆ‹SÑKˆ“Ò•ÑÔ’Vˆ‹”›ÜÜXİ[™È‹‘ÛY\ÈÛÛÛİYÚ‹“Y[š[ˆX\[ˆ‹Ù[˜[‹‘Õ\È˜\ÚXÈ‹‘Õ‹LM‹•[šÛ›İÛˆ‹•[šÛ›İÛˆ‹•[šÛ›İÛˆ‹SÑKˆ‘PŒÎLÓÒ‹”›ÜÜXİ[™È‹‘ÛY\ÈÛÛÛİYÚ‹“Y[š[ˆX\[ˆ‹Ù[˜[‹‘Õ\È˜\ÚXÈ‹‘Õ‹LM‹•[šÛ›İÛˆ‹•[šÛ›İÛˆ‹•[šÛ›İÛˆ‹SÑKˆM–ˆ‹”›ÜÜXİ[™È‹‘ÛY\ÈÛÛÛİYÚ‹“Y[š[ˆX\[ˆ‹Ù[˜[‹‘Õ\È˜\ÚXÈ‹‘Õ‹LM‹•[šÛ›İÛˆ‹•[šÛ›İÛˆ‹•[šÛ›İÛˆ‹SÑKˆ”Ñ”Ô‘ÎUˆ‹”›ÜÜXİ[™È‹‘ÛY\ÈÛÛÛİYÚ‹“Y[š[ˆX\[ˆ‹Ù[˜[‹‘Õ\È˜\ÚXÈ‹‘Õ‹LM‹•[šÛ›İÛˆ‹•[šÛ›İÛˆ‹•[šÛ›İÛˆ‹SÑKˆT‘ÕÔÒÓ•H‹”›ÜÜXİ[™È‹‘ÛY\ÈÛÛÛİYÚ‹“Y[š[ˆX\[ˆ‹Ù[˜[‹‘Õ\È›È‹‘Õ‹M‹’Ø[‹XÛÙH‹œÛÙØ\™H‹•[š]Yİ]\È‹LMNŒËÍSÑKKBˆUÕ’ĞMÈ‹”›ÜÜXİ[™È‹‘ÛY\ÈÛÛÛİYÚ‹“Y[š[ˆX\[ˆ‹Ù[˜[‹‘Õ\È›È‹‘Õ‹M‹”\Üİ[š[ˆ‹œ™]Z[‹•[š]Yİ]\È‹MNKNNSÑKKBˆ•LÑ‹”›ÜÜXİ[™È‹‘ÛY\ÈÛÛÛİYÚ‹“Y[š[ˆX\[ˆ‹Ù[˜[‹‘Õ\È›È‹‘Õ‹M‹•™Z[Y[Ø\][\™\œÈ‹™š[˜[˜ÙH‹•[š]Yİ]\È‹‹ŒKËSÑKKBˆ•VÑLÑH‹”›ÜÜXİ[™È‹‘ÛY\ÈÛÛÛİYÚ‹“Y[š[ˆX\[ˆ‹Ù[˜[‹‘Õ\È›È‹‘Õ‹M‹•[šÛ›İÛˆ‹•[šÛ›İÛˆ‹•[šÛ›İÛˆ‹SÑKˆÌĞÕÔR‹”›ÜÜXİ[™È‹‘ÛY\ÈÛÛÛİYÚ‹“Y[š[ˆX\[ˆ‹Ù[˜[‹‘Õ\È›È‹‘Õ‹M‹•[šÛ›İÛˆ‹•[šÛ›İÛˆ‹•[šÛ›İÛˆ‹SÑKˆÒÖ–QRRH‹”›ÜÜXİ[™È‹‘ÛY\ÈÛÛÛİYÚ‹“Y[š[ˆX\[ˆ‹Ù[˜[‹‘Õ\È›È‹‘Õ‹M‹•[šÛ›İÛˆ‹•[šÛ›İÛˆ‹•[šÛ›İÛˆ‹SÑKˆĞĞUÒÈ‹”›ÜÜXİ[™È‹‘ÛY\ÈÛÛÛİYÚ‹“Y[š[ˆX\[ˆ‹Ù[˜[‹‘Õ\È›È‹‘Õ‹M‹•[šÛ›İÛˆ‹•[šÛ›İÛˆ‹•[šÛ›İÛˆ‹SÑKˆŒ•ÕÔUˆ‹”›ÜÜXİ[™È‹‘ÛY\ÈÛÛÛİYÚ‹“Y[š[ˆX\[ˆ‹Ù[˜[‹‘Õ\È›È‹‘Õ‹M‹•[šÛ›İÛˆ‹•[šÛ›İÛˆ‹•[šÛ›İÛˆ‹SÑKˆ•TÖUÔÈ‹”›ÜÜXİ[™È‹‘ÛY\ÈÛÛÛİYÚ‹“Y[š[ˆX\[ˆ‹Ù[˜[‹‘Õ\È›È‹‘Õ‹M‹•[šÛ›İÛˆ‹•[šÛ›İÛˆ‹•[šÛ›İÛˆ‹SÑKˆ‘RÔÔ•ˆ‹”›ÜÜXİ[™È‹‘ÛY\ÈÛÛÛİYÚ‹“Y[š[ˆX\[ˆ‹Ù[˜[‹‘Õ›È‹‘Õ‹ŒKš[ÚÛ[™È‹›YYXØ[‹”[\[™\È‹NËŒÍLÍM‹SÑKKBˆ’‘MÒĞÖŒH‹”›ÜÜXİ[™È‹‘ÛY\ÈÛÛÛİYÚ‹“Y[š[ˆX\[ˆ‹Ù[˜[‹‘Õ›È‹‘Õ‹ŒK‘Ù[˜ÛÈ\˜HÛ]™HÚ[ÛÛ\[H‹œ™]Z[‹’][H‹MŒÌËMŒÍKSÑKKBˆ•ÎRSÖˆ‹”›ÜÜXİ[™È‹‘ÛY\ÈÛÛÛİYÚ‹“Y[š[ˆX\[ˆ‹Ù[˜[‹‘Õ›È‹‘Õ‹ŒK•™Y\][İH‹[XÛÛ[][šXØ][ÛœÈ‹•[š]Yİ]\È‹L‹ŒKNMKSÑKKBˆ–T•ÌÕ‹”›ÜÜXİ[™È‹‘ÛY\ÈÛÛÛİYÚ‹“Y[š[ˆX\[ˆ‹Ù[˜[‹‘Õ›È‹‘Õ‹ŒK•[šÛ›İÛˆ‹•[šÛ›İÛˆ‹•[šÛ›İÛˆ‹SÑKˆŒÌÍUVˆ‹”›ÜÜXİ[™È‹‘ÛY\ÈÛÛÛİYÚ‹“Y[š[ˆX\[ˆ‹Ù[˜[‹‘Õ›È‹‘Õ‹ŒK•[šÛ›İÛˆ‹•[šÛ›İÛˆ‹•[šÛ›İÛˆ‹SÑKˆ“ĞLÔ‘ÌLˆ‹”›ÜÜXİ[™È‹‘ÛY\ÈÛÛÛİYÚ‹“Y[š[ˆX\[ˆ‹Ù[˜[‹‘Õ›È‹‘Õ‹ŒK•[šÛ›İÛˆ‹•[šÛ›İÛˆ‹•[šÛ›İÛˆ‹SÑKˆÔ’TQH‹”›ÜÜXİ[™È‹‘ÛY\ÈÛÛÛİYÚ‹“Y[š[ˆX\[ˆ‹Ù[˜[‹‘Õ›È‹‘Õ‹ŒK•[šÛ›İÛˆ‹•[šÛ›İÛˆ‹•[šÛ›İÛˆ‹SÑKˆ”VÒH‹”›ÜÜXİ[™È‹‘ÛY\ÈÛÛÛİYÚ‹“Y[š[ˆX\[ˆ‹Ù[˜[‹“QÈÜXÚX[‹“QÈ‹MKÛÙZİÈ‹œÛÙØ\™H‹•[š]Yİ]\È‹ÌMKKSÑKKBˆ‘ÔS“Ô‘È‹”›ÜÜXİ[™È‹‘ÛY\ÈÛÛÛİYÚ‹“Y[š[ˆX\[ˆ‹Ù[˜[‹“QÈÜXÚX[‹“QÈ‹MK”^˜\‹œ™]Z[‹•[š]Yİ]\È‹ÍËKÍSÑKKBˆ•SÒLÕ’H‹”›ÜÜXİ[™È‹‘ÛY\ÈÛÛÛİYÚ‹“Y[š[ˆX\[ˆ‹Ù[˜[‹“QÈÜXÚX[‹“QÈ‹MK”[™Ù˜\ÙH‹XÚ›ÛÙŞH‹•[š]Yİ]\È‹LŒ‹LŒÎSÑKKBˆ‘ŒŒÍ“ÓÈ‹”›ÜÜXİ[™È‹‘ÛY\ÈÛÛÛİYÚ‹“Y[š[ˆX\[ˆ‹Ù[˜[‹“QÈÜXÚX[‹“QÈ‹MK•H™]È[ÜšÈ[œ]Z\™\ˆ‹›YYXØ[‹•[š]Yİ]\È‹ÎKŒŒKÎL‹SÑKKBˆ‘’‘H‹”›ÜÜXİ[™È‹‘ÛY\ÈÛÛÛİYÚ‹“Y[š[ˆX\[ˆ‹Ù[˜[‹“QÈÜXÚX[‹“QÈ‹MK–YX\š[ˆ‹œ™]Z[‹•[š]Yİ]\È‹ŒŒKŒKÎLKSÑKKBˆ’L•ÒVˆ‹”›ÜÜXİ[™È‹‘ÛY\ÈÛÛÛİYÚ‹“Y[š[ˆX\[ˆ‹Ù[˜[‹“QÈÜXÚX[‹“QÈ‹MK•[šÛ›İÛˆ‹•[šÛ›İÛˆ‹•[šÛ›İÛˆ‹SÑKˆ–ÒÔV“LRÈ‹”›ÜÜXİ[™È‹‘ÛY\ÈÛÛÛİYÚ‹“Y[š[ˆX\[ˆ‹Ù[˜[‹“QÈÜXÚX[‹“QÈ‹MK•[šÛ›İÛˆ‹•[šÛ›İÛˆ‹•[šÛ›İÛˆ‹SÑKˆ•ĞLÕLU’H‹”›ÜÜXİ[™È‹‘ÛY\ÈÛÛÛİYÚ‹“Y[š[ˆX\[ˆ‹Ù[˜[‹“QÈÜXÚX[‹“QÈ‹MK•[šÛ›İÛˆ‹•[šÛ›İÛˆ‹•[šÛ›İÛˆ‹SÑKˆ”NPĞTÑR“‹”›ÜÜXİ[™È‹‘ÛY\ÈÛÛÛİYÚ‹“Y[š[ˆX\[ˆ‹Ù[˜[‹“QÈÜXÚX[‹“QÈ‹MK•[šÛ›İÛˆ‹•[šÛ›İÛˆ‹•[šÛ›İÛˆ‹SÑKˆ“ÒP”ÕPMÈ‹”›ÜÜXİ[™È‹‘ÛY\ÈÛÛÛİYÚ‹“Y[š[ˆX\[ˆ‹Ù[˜[‹“QÈÜXÚX[‹“QÈ‹MK•[šÛ›İÛˆ‹•[šÛ›İÛˆ‹•[šÛ›İÛˆ‹SÑKˆ’RV•Õ•H‹”›ÜÜXİ[™È‹‘ÛY\ÈÛÛÛİYÚ‹“Y[š[ˆX\[ˆ‹Ù[˜[‹“QÈY˜[˜ÙY‹“QÈ‹ÌÎLËØ[˜Ú]H‹œ™]Z[‹•[š]Yİ]\È‹ÌNŒ‹SÑKKBˆ’Ñ”ÒÔLLH‹”›ÜÜXİ[™È‹‘ÛY\ÈÛÛÛİYÚ‹“Y[š[ˆX\[ˆ‹Ù[˜[‹“QÈY˜[˜ÙY‹“QÈ‹ÌÎLË”\Üİš\‹™[\Z[›Y[‹•[š]Yİ]\È‹ÍKKÌMKSÑKKBˆ–•LŒÍŒÈ‹”›ÜÜXİ[™È‹‘ÛY\ÈÛÛÛİYÚ‹“Y[š[ˆX\[ˆ‹Ù[˜[‹“QÈY˜[˜ÙY‹“QÈ‹ÌÎLË”›Û‹]XÚ‹›YYXØ[‹•[š]Yİ]\È‹ÎLŒ‹‹ÍËSÑKKBˆ’”P“ÔÈ‹”›ÜÜXİ[™È‹‘ÛY\ÈÛÛÛİYÚ‹“Y[š[ˆX\[ˆ‹Ù[˜[‹“QÈY˜[˜ÙY‹“QÈ‹ÌÎLË–^›Ø˜[H‹™[\Z[›Y[‹•[š]Yİ]\È‹ÎÎŒÎKÍSÑKKBˆ’RQĞÕˆ‹”›ÜÜXİ[™È‹‘ÛY\ÈÛÛÛİYÚ‹“Y[š[ˆX\[ˆ‹Ù[˜[‹“QÈY˜[˜ÙY‹“QÈ‹ÌÎLË•[šÛ›İÛˆ‹•[šÛ›İÛˆ‹•[šÛ›İÛˆ‹SÑKˆPTMRÍ’ˆ‹”›ÜÜXİ[™È‹‘ÛY\ÈÛÛÛİYÚ‹“Y[š[ˆX\[ˆ‹Ù[˜[‹“QÈY˜[˜ÙY‹“QÈ‹ÌÎLË•[šÛ›İÛˆ‹•[šÛ›İÛˆ‹•[šÛ›İÛˆ‹SÑKˆŒÍÔVÑÓÈ‹”›ÜÜXİ[™È‹‘ÛY\ÈÛÛÛİYÚ‹“Y[š[ˆX\[ˆ‹Ù[˜[‹“QÈY˜[˜ÙY‹“QÈ‹ÌÎLË•[šÛ›İÛˆ‹•[šÛ›İÛˆ‹•[šÛ›İÛˆ‹SÑKˆ–S•Uˆ‹”›ÜÜXİ[™È‹‘ÛY\ÈÛÛÛİYÚ‹“Y[š[ˆX\[ˆ‹Ù[˜[‹“QÈY˜[˜ÙY‹“QÈ‹ÌÎLË•[šÛ›İÛˆ‹•[šÛ›İÛˆ‹•[šÛ›İÛˆ‹SÑKˆ“TÍ”Í‹”›ÜÜXİ[™È‹‘ÛY\ÈÛÛÛİYÚ‹“Y[š[ˆX\[ˆ‹Ù[˜[‹“QÈY˜[˜ÙY‹“QÈ‹ÌÎLË•[šÛ›İÛˆ‹•[šÛ›İÛˆ‹•[šÛ›İÛˆ‹SÑKˆ’“ÓÓQH‹”›ÜÜXİ[™È‹‘ÛY\ÈÛÛÛİYÚ‹“Y[š[ˆX\[ˆ‹Ù[˜[‹“QÈY˜[˜ÙY‹“QÈ‹ÌÎLË•[šÛ›İÛˆ‹•[šÛ›İÛˆ‹•[šÛ›İÛˆ‹SÑKˆ•ÓLÑH‹”›ÜÜXİ[™È‹’›Û˜][ˆ™\[İ‹“Y[š[ˆX\[ˆ‹Ù[˜[‹‘Õ˜\ÚXÈ‹‘Õ‹ML›]ÛÛ\[H‹XÚ›ÛÙŞH‹•[š]Yİ]\È‹L‹ŒÌ‹ÌËSÑKKBˆ“ÒRQ•ÖNH‹”›ÜÜXİ[™È‹’›Û˜][ˆ™\[İ‹“Y[š[ˆX\[ˆ‹Ù[˜[‹‘Õ˜\ÚXÈ‹‘Õ‹MLÛÛ™XÛÛH‹XÚ›ÛÙŞH‹•[š]Yİ]\È‹MLŒ‹N‹SÑKKBˆ•ÑLÑQNH‹”›ÜÜXİ[™È‹’›Û˜][ˆ™\[İ‹“Y[š[ˆX\[ˆ‹Ù[˜[‹‘Õ˜\ÚXÈ‹‘Õ‹ML‘ÛXÚH‹œÛÙØ\™H‹•[š]Yİ]\È‹ŒNLËSÑKKBˆ“•Î––H‹”›ÜÜXİ[™È‹’›Û˜][ˆ™\[İ‹“Y[š[ˆX\[ˆ‹Ù[˜[‹‘Õ˜\ÚXÈ‹‘Õ‹ML‘ÛÙÛŞ›ÛÛH‹[XÛÛ[][šXØ][ÛœÈ‹•[š]Yİ]\È‹‹NËSÑKKBˆŒ“•SR‹”›ÜÜXİ[™È‹’›Û˜][ˆ™\[İ‹“Y[š[ˆX\[ˆ‹Ù[˜[‹‘Õ˜\ÚXÈ‹‘Õ‹ML‘Ü›Ûİ™\İ™Y]‹œ™]Z[‹•[š]Yİ]\È‹ŒŒËNKSÑKKBˆ•Q–‘Ğ“ÔÈ‹”›ÜÜXİ[™È‹’›Û˜][ˆ™\[İ‹“Y[š[ˆX\[ˆ‹Ù[˜[‹‘Õ˜\ÚXÈ‹‘Õ‹ML“^\]›Û^‹›YYXØ[‹•[š]Yİ]\È‹MŒNKÎKSÑKKBˆŒ‘TÑ–‹”›ÜÜXİ[™È‹’›Û˜][ˆ™\[İ‹“Y[š[ˆX\[ˆ‹Ù[˜[‹‘Õ˜\ÚXÈ‹‘Õ‹ML•™Z[Y[Ø\][\™\œÈ‹™š[˜[˜ÙH‹•[š]Yİ]\È‹‹ŒKËSÑKKBˆQLÖQÌÈ‹”›ÜÜXİ[™È‹’›Û˜][ˆ™\[İ‹“Y[š[ˆX\[ˆ‹Ù[˜[‹‘Õ˜\ÚXÈ‹‘Õ‹ML–^›Ø˜[H‹™[\Z[›Y[‹•[š]Yİ]\È‹ÎÎŒÎKÍSÑKKBˆÍMÕÖ’U‹”›ÜÜXİ[™È‹’›Û˜][ˆ™\[İ‹“Y[š[ˆX\[ˆ‹Ù[˜[‹‘Õ˜\ÚXÈ‹‘Õ‹ML–™[˜ÛÜœÜ˜][Ûˆ‹XÚ›ÛÙŞH‹Ú[˜H‹ÎKM‹SÑKKBˆ‘SRH‹”›ÜÜXİ[™È‹’›Û˜][ˆ™\[İ‹“Y[š[ˆX\[ˆ‹Ù[˜[‹‘Õ˜\ÚXÈ‹‘Õ‹ML•[šÛ›İÛˆ‹•[šÛ›İÛˆ‹•[šÛ›İÛˆ‹SÑKˆ‘MÎN’ˆ‹”›ÜÜXİ[™È‹’›Û˜][ˆ™\[İ‹“Y[š[ˆX\[ˆ‹Ù[˜[‹‘Õ˜\ÚXÈ‹‘Õ‹ML•[šÛ›İÛˆ‹•[šÛ›İÛˆ‹•[šÛ›İÛˆ‹SÑKˆ“TŒ‹”›ÜÜXİ[™È‹’›Û˜][ˆ™\[İ‹“Y[š[ˆX\[ˆ‹Ù[˜[‹‘Õ˜\ÚXÈ‹‘Õ‹ML•[šÛ›İÛˆ‹•[šÛ›İÛˆ‹•[šÛ›İÛˆ‹SÑKˆÕU’Ö‘Œ‹”›ÜÜXİ[™È‹’›Û˜][ˆ™\[İ‹“Y[š[ˆX\[ˆ‹Ù[˜[‹‘Õ˜\ÚXÈ‹‘Õ‹ML•[šÛ›İÛˆ‹•[šÛ›İÛˆ‹•[šÛ›İÛˆ‹SÑKˆŒ“NNTH‹”›ÜÜXİ[™È‹’›Û˜][ˆ™\[İ‹“Y[š[ˆX\[ˆ‹Ù[˜[‹‘Õ˜\ÚXÈ‹‘Õ‹ML•[šÛ›İÛˆ‹•[šÛ›İÛˆ‹•[šÛ›İÛˆ‹SÑKˆ–•MŒÓÈ‹”›ÜÜXİ[™È‹’›Û˜][ˆ™\[İ‹“Y[š[ˆX\[ˆ‹Ù[˜[‹‘Õ˜\ÚXÈ‹‘Õ‹ML•[šÛ›İÛˆ‹•[šÛ›İÛˆ‹•[šÛ›İÛˆ‹SÑKˆLÓÓQT‹”›ÜÜXİ[™È‹’›Û˜][ˆ™\[İ‹“Y[š[ˆX\[ˆ‹Ù[˜[‹‘Õ˜\ÚXÈ‹‘Õ‹ML•[šÛ›İÛˆ‹•[šÛ›İÛˆ‹•[šÛ›İÛˆ‹SÑKˆ“ÔLTSÓ‹”›ÜÜXİ[™È‹’›Û˜][ˆ™\[İ‹“Y[š[ˆX\[ˆ‹Ù[˜[‹‘Õ˜\ÚXÈ‹‘Õ‹ML•[šÛ›İÛˆ‹•[šÛ›İÛˆ‹•[šÛ›İÛˆ‹SÑKˆ•VNLÕÎS–ˆ‹”›ÜÜXİ[™È‹’›Û˜][ˆ™\[İ‹“Y[š[ˆX\[ˆ‹Ù[˜[‹‘Õ˜\ÚXÈ‹‘Õ‹ML•[šÛ›İÛˆ‹•[šÛ›İÛˆ‹•[šÛ›İÛˆ‹SÑKˆ“•’ÌS‹”›ÜÜXİ[™È‹’›Û˜][ˆ™\[İ‹“Y[š[ˆX\[ˆ‹Ù[˜[‹‘Õ˜\ÚXÈ‹‘Õ‹ML•[šÛ›İÛˆ‹•[šÛ›İÛˆ‹•[šÛ›İÛˆ‹SÑKˆ–”LÓĞNNH‹”›ÜÜXİ[™È‹’›Û˜][ˆ™\[İ‹“Y[š[ˆX\[ˆ‹Ù[˜[‹‘Õ˜\ÚXÈ‹‘Õ‹ML•[šÛ›İÛˆ‹•[šÛ›İÛˆ‹•[šÛ›İÛˆ‹SÑKˆ‘‘PMN‹”›ÜÜXİ[™È‹’›Û˜][ˆ™\[İ‹“Y[š[ˆX\[ˆ‹Ù[˜[‹‘Õ˜\ÚXÈ‹‘Õ‹ML•[šÛ›İÛˆ‹•[šÛ›İÛˆ‹•[šÛ›İÛˆ‹SÑKˆŒŒ•SPÒÕ‹”›ÜÜXİ[™È‹’›Û˜][ˆ™\[İ‹“Y[š[ˆX\[ˆ‹Ù[˜[‹‘Õ˜\ÚXÈ‹‘Õ‹ML•[šÛ›İÛˆ‹•[šÛ›İÛˆ‹•[šÛ›İÛˆ‹SÑKˆT•ÑR‹”›ÜÜXİ[™È‹’›Û˜][ˆ™\[İ‹“Y[š[ˆX\[ˆ‹Ù[˜[‹‘Õ\È˜\ÚXÈ‹‘Õ‹LM‹‘ÛØ™^ÛÜœÜ˜][Ûˆ‹XÚ›ÛÙŞH‹“›ÜØ^H‹LŒŒËÌ‹MËSÑKKBˆ”NSÈ‹”›ÜÜXİ[™È‹’›Û˜][ˆ™\[İ‹“Y[š[ˆX\[ˆ‹Ù[˜[‹‘Õ\È˜\ÚXÈ‹‘Õ‹LM‹’\ÙÛH‹›YYXØ[‹•[š]Yİ]\È‹ÌMÎŒMSÑKKBˆ•QQÓ”“‹”›ÜÜXİ[™È‹’›Û˜][ˆ™\[İ‹“Y[š[ˆX\[ˆ‹Ù[˜[‹‘Õ\È˜\ÚXÈ‹‘Õ‹LM‹•[šÛ›İÛˆ‹•[šÛ›İÛˆ‹•[šÛ›İÛˆ‹SÑKˆŒ–V’ŒŒLˆ‹”›ÜÜXİ[™È‹’›Û˜][ˆ™\[İ‹“Y[š[ˆX\[ˆ‹Ù[˜[‹‘Õ\È˜\ÚXÈ‹‘Õ‹LM‹•[šÛ›İÛˆ‹•[šÛ›İÛˆ‹•[šÛ›İÛˆ‹SÑKˆMÒ”Óˆ‹”›ÜÜXİ[™È‹’›Û˜][ˆ™\[İ‹“Y[š[ˆX\[ˆ‹Ù[˜[‹‘Õ\È˜\ÚXÈ‹‘Õ‹LM‹•[šÛ›İÛˆ‹•[šÛ›İÛˆ‹•[šÛ›İÛˆ‹SÑKˆ’T•Î’•È‹”›ÜÜXİ[™È‹’›Û˜][ˆ™\[İ‹“Y[š[ˆX\[ˆ‹Ù[˜[‹‘Õ\È˜\ÚXÈ‹‘Õ‹LM‹•[šÛ›İÛˆ‹•[šÛ›İÛˆ‹•[šÛ›İÛˆ‹SÑKˆ“ĞSRSTÕUH‹”›ÜÜXİ[™È‹’›Û˜][ˆ™\[İ‹“Y[š[ˆX\[ˆ‹Ù[˜[‹‘Õ\È›È‹‘Õ‹M‹ÚY\œÈ‹™[\Z[›Y[‹•[š]Yİ]\È‹KKÌ‹SÑKKBˆŒ•“ÑÔH‹”›ÜÜXİ[™È‹’›Û˜][ˆ™\[İ‹“Y[š[ˆX\[ˆ‹Ù[˜[‹‘Õ\È›È‹‘Õ‹M‹”Ú[\È‹›YYXØ[‹•[š]Yİ]\È‹NŒÎŒLSÑKKBˆ”SŒUSŒÈ‹”›ÜÜXİ[™È‹’›Û˜][ˆ™\[İ‹“Y[š[ˆX\[ˆ‹Ù[˜[‹‘Õ\È›È‹‘Õ‹M‹•[šÛ›İÛˆ‹•[šÛ›İÛˆ‹•[šÛ›İÛˆ‹SÑKˆ‘•ÌÕ–L–‹”›ÜÜXİ[™È‹’›Û˜][ˆ™\[İ‹“Y[š[ˆX\[ˆ‹Ù[˜[‹‘Õ\È›È‹‘Õ‹M‹•[šÛ›İÛˆ‹•[šÛ›İÛˆ‹•[šÛ›İÛˆ‹SÑKˆTRÓ‹”›ÜÜXİ[™È‹’›Û˜][ˆ™\[İ‹“Y[š[ˆX\[ˆ‹Ù[˜[‹‘Õ›È‹‘Õ‹ŒK’[š]XÚ‹[XÛÛ[][šXØ][ÛœÈ‹•[š]Yİ]\È‹ŒÎMKŒKŒÍKSÑKKBˆ”ŒMQMˆ‹”›ÜÜXİ[™È‹’›Û˜][ˆ™\[İ‹“Y[š[ˆX\[ˆ‹Ù[˜[‹‘Õ›È‹‘Õ‹ŒK”^˜\‹œ™]Z[‹•[š]Yİ]\È‹ÍËKÍSÑKKBˆ”PÒSÈ‹”›ÜÜXİ[™È‹’›Û˜][ˆ™\[İ‹“Y[š[ˆX\[ˆ‹Ù[˜[‹‘Õ›È‹‘Õ‹ŒK•[šÛ›İÛˆ‹•[šÛ›İÛˆ‹•[šÛ›İÛˆ‹SÑKˆLÔ’Í•‹”›ÜÜXİ[™È‹’›Û˜][ˆ™\[İ‹“Y[š[ˆX\[ˆ‹Ù[˜[‹‘Õ›È‹‘Õ‹ŒK•[šÛ›İÛˆ‹•[šÛ›İÛˆ‹•[šÛ›İÛˆ‹SÑKˆ“Ô•MH‹”›ÜÜXİ[™È‹’›Û˜][ˆ™\[İ‹“Y[š[ˆX\[ˆ‹Ù[˜[‹‘Õ›È‹‘Õ‹ŒK•[šÛ›İÛˆ‹•[šÛ›İÛˆ‹•[šÛ›İÛˆ‹SÑKˆ”ST‘ÍÕÔ‹”›ÜÜXİ[™È‹’›Û˜][ˆ™\[İ‹“Y[š[ˆX\[ˆ‹Ù[˜[‹‘Õ›È‹‘Õ‹ŒK•[šÛ›İÛˆ‹•[šÛ›İÛˆ‹•[šÛ›İÛˆ‹SÑKˆ‘ŒÎQQÈ‹”›ÜÜXİ[™È‹’›Û˜][ˆ™\[İ‹“Y[š[ˆX\[ˆ‹Ù[˜[‹‘Õ›È‹‘Õ‹ŒK•[šÛ›İÛˆ‹•[šÛ›İÛˆ‹•[šÛ›İÛˆ‹SÑKˆ“•QTˆ‹”›ÜÜXİ[™È‹’›Û˜][ˆ™\[İ‹“Y[š[ˆX\[ˆ‹Ù[˜[‹‘Õ›È‹‘Õ‹ŒK•[šÛ›İÛˆ‹•[šÛ›İÛˆ‹•[šÛ›İÛˆ‹SÑKˆ‘‘ÍÑÒVˆ‹”›ÜÜXİ[™È‹’›Û˜][ˆ™\[İ‹“Y[š[ˆX\[ˆ‹Ù[˜[‹‘Õ›È‹‘Õ‹ŒK•[šÛ›İÛˆ‹•[šÛ›İÛˆ‹•[šÛ›İÛˆ‹SÑKˆ•T”‘Õ•Pˆ‹”›ÜÜXİ[™È‹’›Û˜][ˆ™\[İ‹“Y[š[ˆX\[ˆ‹Ù[˜[‹“QÈÜXÚX[‹“QÈ‹MK›XÚŞš[H‹œ™]Z[‹•[š]Yİ]\È‹MËŒLKMNSÑKKBˆŒLULÈ‹”›ÜÜXİ[™È‹’›Û˜][ˆ™\[İ‹“Y[š[ˆX\[ˆ‹Ù[˜[‹“QÈÜXÚX[‹“QÈ‹MK›]ÛÛ\[H‹XÚ›ÛÙŞH‹•[š]Yİ]\È‹L‹ŒÌ‹ÌËSÑKKBˆŒSQ”È‹”›ÜÜXİ[™È‹’›Û˜][ˆ™\[İ‹“Y[š[ˆX\[ˆ‹Ù[˜[‹“QÈÜXÚX[‹“QÈ‹MK•[šÛ›İÛˆ‹•[šÛ›İÛˆ‹•[šÛ›İÛˆ‹SÑKˆ‘ÓMVÔÑÈ‹”›ÜÜXİ[™È‹’›Û˜][ˆ™\[İ‹“Y[š[ˆX\[ˆ‹Ù[˜[‹“QÈÜXÚX[‹“QÈ‹MK•[šÛ›İÛˆ‹•[šÛ›İÛˆ‹•[šÛ›İÛˆ‹SÑKˆ‘LT“VH‹”›ÜÜXİ[™È‹’›Û˜][ˆ™\[İ‹“Y[š[ˆX\[ˆ‹Ù[˜[‹“QÈÜXÚX[‹“QÈ‹MK•[šÛ›İÛˆ‹•[šÛ›İÛˆ‹•[šÛ›İÛˆ‹SÑKˆ‘PNÔH‹”›ÜÜXİ[™È‹’›Û˜][ˆ™\[İ‹“Y[š[ˆX\[ˆ‹Ù[˜[‹“QÈÜXÚX[‹“QÈ‹MK•[šÛ›İÛˆ‹•[šÛ›İÛˆ‹•[šÛ›İÛˆ‹SÑKˆÑÔ“PÍÓÑH‹”›ÜÜXİ[™È‹’›Û˜][ˆ™\[İ‹“Y[š[ˆX\[ˆ‹Ù[˜[‹“QÈY˜[˜ÙY‹“QÈ‹ÌÎLË•[šÛ›İÛˆ‹•[šÛ›İÛˆ‹•[šÛ›İÛˆ‹SÑKˆŒÔÒÎSÌ‹”›ÜÜXİ[™È‹“ZX[˜H™[˜Ú[‹‘\İ[ˆœš[šÛX[›ˆ‹Ù[˜[‹‘Õ˜\ÚXÈ‹‘Õ‹ML›]ÛÛ\[H‹XÚ›ÛÙŞH‹•[š]Yİ]\È‹L‹ŒÌ‹ÌËSÑKKBˆÍ•ÒÌÑ–ˆ‹”›ÜÜXİ[™È‹“ZX[˜H™[˜Ú[‹‘\İ[ˆœš[šÛX[›ˆ‹Ù[˜[‹‘Õ˜\ÚXÈ‹‘Õ‹ML’ÛÛ™^‹XÚ›ÛÙŞH‹•[š]Yİ]\È‹ÍÌŒÎLÍÍM‹SÑKKBˆ’SSŒ‘ÕVUˆ‹”›ÜÜXİ[™È‹“ZX[˜H™[˜Ú[‹‘\İ[ˆœš[šÛX[›ˆ‹Ù[˜[‹‘Õ˜\ÚXÈ‹‘Õ‹ML”İ]Û[™ÜÈ‹™[\Ş[Y[‹•[š]Yİ]\È‹LKŒËN‹SÑKKBˆR‘SQTÑ‹”›ÜÜXİ[™È‹“ZX[˜H™[˜Ú[‹‘\İ[ˆœš[šÛX[›ˆ‹Ù[˜[‹‘Õ˜\ÚXÈ‹‘Õ‹ML•[šÛ›İÛˆ‹•[šÛ›İÛˆ‹•[šÛ›İÛˆ‹SÑKˆŒŒTÈ‹”›ÜÜXİ[™È‹“ZX[˜H™[˜Ú[‹‘\İ[ˆœš[šÛX[›ˆ‹Ù[˜[‹‘Õ˜\ÚXÈ‹‘Õ‹ML•[šÛ›İÛˆ‹•[šÛ›İÛˆ‹•[šÛ›İÛˆ‹SÑKˆ”S’TNMH‹”›ÜÜXİ[™È‹“ZX[˜H™[˜Ú[‹‘\İ[ˆœš[šÛX[›ˆ‹Ù[˜[‹‘Õ˜\ÚXÈ‹‘Õ‹ML•[šÛ›İÛˆ‹•[šÛ›İÛˆ‹•[šÛ›İÛˆ‹SÑKˆ’MÎNH‹”›ÜÜXİ[™È‹“ZX[˜H™[˜Ú[‹‘\İ[ˆœš[šÛX[›ˆ‹Ù[˜[‹‘Õ˜\ÚXÈ‹‘Õ‹ML•[šÛ›İÛˆ‹•[šÛ›İÛˆ‹•[šÛ›İÛˆ‹SÑKˆ“ÕÑÈ‹”›ÜÜXİ[™È‹“ZX[˜H™[˜Ú[‹‘\İ[ˆœš[šÛX[›ˆ‹Ù[˜[‹‘Õ˜\ÚXÈ‹‘Õ‹ML•[šÛ›İÛˆ‹•[šÛ›İÛˆ‹•[šÛ›İÛˆ‹SÑKˆŒ””SÕRUˆ‹”›ÜÜXİ[™È‹“ZX[˜H™[˜Ú[‹‘\İ[ˆœš[šÛX[›ˆ‹Ù[˜[‹‘Õ˜\ÚXÈ‹‘Õ‹ML•[šÛ›İÛˆ‹•[šÛ›İÛˆ‹•[šÛ›İÛˆ‹SÑKˆ’ÕÍLÈ‹”›ÜÜXİ[™È‹“ZX[˜H™[˜Ú[‹‘\İ[ˆœš[šÛX[›ˆ‹Ù[˜[‹‘Õ˜\ÚXÈ‹‘Õ‹ML•[šÛ›İÛˆ‹•[šÛ›İÛˆ‹•[šÛ›İÛˆ‹SÑKˆ–MLÌÔU”H‹”›ÜÜXİ[™È‹“ZX[˜H™[˜Ú[‹‘\İ[ˆœš[šÛX[›ˆ‹Ù[˜[‹‘Õ˜\ÚXÈ‹‘Õ‹ML•[šÛ›İÛˆ‹•[šÛ›İÛˆ‹•[šÛ›İÛˆ‹SÑKˆ”URÌRUL‹”›ÜÜXİ[™È‹“ZX[˜H™[˜Ú[‹‘\İ[ˆœš[šÛX[›ˆ‹Ù[˜[‹‘Õ˜\ÚXÈ‹‘Õ‹ML•[šÛ›İÛˆ‹•[šÛ›İÛˆ‹•[šÛ›İÛˆ‹SÑKˆMÕÑR‹”›ÜÜXİ[™È‹“ZX[˜H™[˜Ú[‹‘\İ[ˆœš[šÛX[›ˆ‹Ù[˜[‹‘Õ˜\ÚXÈ‹‘Õ‹ML•[šÛ›İÛˆ‹•[šÛ›İÛˆ‹•[šÛ›İÛˆ‹SÑKˆ–”QSÓU‹”›ÜÜXİ[™È‹“ZX[˜H™[˜Ú[‹‘\İ[ˆœš[šÛX[›ˆ‹Ù[˜[‹‘Õ˜\ÚXÈ‹‘Õ‹ML•[šÛ›İÛˆ‹•[šÛ›İÛˆ‹•[šÛ›İÛˆ‹SÑKˆ•Ì’ÌTÎSŒÈ‹”›ÜÜXİ[™È‹“ZX[˜H™[˜Ú[‹‘\İ[ˆœš[šÛX[›ˆ‹Ù[˜[‹‘Õ\È˜\ÚXÈ‹‘Õ‹LM‹‘[XÚ›ÛÙŞH‹œÛÙØ\™H‹•[š]Yİ]\È‹NÎKM‹SÑKKBˆ•LLT’SRH‹”›ÜÜXİ[™È‹“ZX[˜H™[˜Ú[‹‘\İ[ˆœš[šÛX[›ˆ‹Ù[˜[‹‘Õ\È˜\ÚXÈ‹‘Õ‹LM‹•[šÛ›İÛˆ‹•[šÛ›İÛˆ‹•[šÛ›İÛˆ‹SÑKˆ–•–Qˆ‹”›ÜÜXİ[™È‹“ZX[˜H™[˜Ú[‹‘\İ[ˆœš[šÛX[›ˆ‹Ù[˜[‹‘Õ\È˜\ÚXÈ‹‘Õ‹LM‹•[šÛ›İÛˆ‹•[šÛ›İÛˆ‹•[šÛ›İÛˆ‹SÑKˆ”MŒŒMVˆ‹”›ÜÜXİ[™È‹“ZX[˜H™[˜Ú[‹‘\İ[ˆœš[šÛX[›ˆ‹Ù[˜[‹‘Õ\È˜\ÚXÈ‹‘Õ‹LM‹•[šÛ›İÛˆ‹•[šÛ›İÛˆ‹•[šÛ›İÛˆ‹SÑKˆ“Ôˆ‹”›ÜÜXİ[™È‹“ZX[˜H™[˜Ú[‹‘\İ[ˆœš[šÛX[›ˆ‹Ù[˜[‹‘Õ\È˜\ÚXÈ‹‘Õ‹LM‹•[šÛ›İÛˆ‹•[šÛ›İÛˆ‹•[šÛ›İÛˆ‹SÑKˆNPĞLŒQÈ‹”›ÜÜXİ[™È‹“ZX[˜H™[˜Ú[‹‘\İ[ˆœš[šÛX[›ˆ‹Ù[˜[‹‘Õ\È˜\ÚXÈ‹‘Õ‹LM‹•[šÛ›İÛˆ‹•[šÛ›İÛˆ‹•[šÛ›İÛˆ‹SÑKˆ‘ŒMÔ‹”›ÜÜXİ[™È‹“ZX[˜H™[˜Ú[‹‘\İ[ˆœš[šÛX[›ˆ‹Ù[˜[‹‘Õ\È›È‹‘Õ‹M‹•[šÛ›İÛˆ‹•[šÛ›İÛˆ‹•[šÛ›İÛˆ‹SÑKˆ’–SUÈ‹”›ÜÜXİ[™È‹“ZX[˜H™[˜Ú[‹‘\İ[ˆœš[šÛX[›ˆ‹Ù[˜[‹“QÈÜXÚX[‹“QÈ‹MKš[Ü^‹›YYXØ[‹•[š]Yİ]\È‹Ì‹‹LM‹SÑKKBˆ’ÑÑĞ‘ÎRˆ‹”›ÜÜXİ[™È‹“ZX[˜H™[˜Ú[‹‘\İ[ˆœš[šÛX[›ˆ‹Ù[˜[‹“QÈÜXÚX[‹“QÈ‹MKÛÙZİÈ‹œÛÙØ\™H‹•[š]Yİ]\È‹ÌMKKSÑKKBˆ“ÍÓP–”‹”›ÜÜXİ[™È‹“ZX[˜H™[˜Ú[‹‘\İ[ˆœš[šÛX[›ˆ‹Ù[˜[‹“QÈÜXÚX[‹“QÈ‹MK•[šÛ›İÛˆ‹•[šÛ›İÛˆ‹•[šÛ›İÛˆ‹SÑKˆ–ÍĞ”UÈ‹”›ÜÜXİ[™È‹“ZX[˜H™[˜Ú[‹‘\İ[ˆœš[šÛX[›ˆ‹Ù[˜[‹“QÈÜXÚX[‹“QÈ‹MK•[šÛ›İÛˆ‹•[šÛ›İÛˆ‹•[šÛ›İÛˆ‹SÑKˆ“’“TQÌH‹”›ÜÜXİ[™È‹“ZX[˜H™[˜Ú[‹‘\İ[ˆœš[šÛX[›ˆ‹Ù[˜[‹“QÈÜXÚX[‹“QÈ‹MK•[šÛ›İÛˆ‹•[šÛ›İÛˆ‹•[šÛ›İÛˆ‹SÑKˆ•“”Ô‘H‹”›ÜÜXİ[™È‹“ZX[˜H™[˜Ú[‹‘\İ[ˆœš[šÛX[›ˆ‹Ù[˜[‹“QÈÜXÚX[‹“QÈ‹MK•[šÛ›İÛˆ‹•[šÛ›İÛˆ‹•[šÛ›İÛˆ‹SÑKˆ“MÕÍ’LTÈ‹”›ÜÜXİ[™È‹“ZX[˜H™[˜Ú[‹‘\İ[ˆœš[šÛX[›ˆ‹Ù[˜[‹“QÈÜXÚX[‹“QÈ‹MK•[šÛ›İÛˆ‹•[šÛ›İÛˆ‹•[šÛ›İÛˆ‹SÑKˆ‘ÓSV’“H‹”›ÜÜXİ[™È‹“ZX[˜H™[˜Ú[‹‘\İ[ˆœš[šÛX[›ˆ‹Ù[˜[‹“QÈÜXÚX[‹“QÈ‹MK•[šÛ›İÛˆ‹•[šÛ›İÛˆ‹•[šÛ›İÛˆ‹SÑKˆ–’Ò’U“TÑÈ‹”›ÜÜXİ[™È‹“ZX[˜H™[˜Ú[‹‘\İ[ˆœš[šÛX[›ˆ‹Ù[˜[‹“QÈY˜[˜ÙY‹“QÈ‹ÌÎLË‘š[š›Øˆ‹™[\Ş[Y[‹•[š]Yİ]\È‹ŒNKKÍSÑKKBˆŒÕSÌÑÕÈ‹”›ÜÜXİ[™È‹“ZX[˜H™[˜Ú[‹‘\İ[ˆœš[šÛX[›ˆ‹Ù[˜[‹“QÈY˜[˜ÙY‹“QÈ‹ÌÎLË’Ú[›˜[\\È‹œ™]Z[‹•[š]Yİ]\È‹Ì‹Ì‹NÌKSÑKKBˆ”RÓQˆ‹”›ÜÜXİ[™È‹“ZX[˜H™[˜Ú[‹‘\İ[ˆœš[šÛX[›ˆ‹Ù[˜[‹“QÈY˜[˜ÙY‹“QÈ‹ÌÎLË”˜[™Ü™Y[ˆ‹XÚ›ÛÙŞH‹”[˜[XH‹LÎËÍÍKSÑKKBˆ“‘‘Ó’H‹”›ÜÜXİ[™È‹“ZX[˜H™[˜Ú[‹‘\İ[ˆœš[šÛX[›ˆ‹Ù[˜[‹“QÈY˜[˜ÙY‹“QÈ‹ÌÎLË•[šÛ›İÛˆ‹•[šÛ›İÛˆ‹•[šÛ›İÛˆ‹SÑKˆM–“ÓÒ‹”›ÜÜXİ[™È‹“ZX[˜H™[˜Ú[‹‘\İ[ˆœš[šÛX[›ˆ‹Ù[˜[‹“QÈY˜[˜ÙY‹“QÈ‹ÌÎLË•[šÛ›İÛˆ‹•[šÛ›İÛˆ‹•[šÛ›İÛˆ‹SÑKˆ’ÒÕRVMÈ‹”›ÜÜXİ[™È‹“ZX[˜H™[˜Ú[‹‘\İ[ˆœš[šÛX[›ˆ‹Ù[˜[‹“QÈY˜[˜ÙY‹“QÈ‹ÌÎLË•[šÛ›İÛˆ‹•[šÛ›İÛˆ‹•[šÛ›İÛˆ‹SÑKˆŒMÑÔ’ÕÈ‹”›ÜÜXİ[™È‹“ZX[˜H™[˜Ú[‹‘\İ[ˆœš[šÛX[›ˆ‹Ù[˜[‹“QÈY˜[˜ÙY‹“QÈ‹ÌÎLË•[šÛ›İÛˆ‹•[šÛ›İÛˆ‹•[šÛ›İÛˆ‹SÑKˆ‘SÒ’SÈ‹”›ÜÜXİ[™È‹“ZX[˜H™[˜Ú[‹‘\İ[ˆœš[šÛX[›ˆ‹Ù[˜[‹“QÈY˜[˜ÙY‹“QÈ‹ÌÎLË•[šÛ›İÛˆ‹•[šÛ›İÛˆ‹•[šÛ›İÛˆ‹SÑKˆMÔ’•È‹”›ÜÜXİ[™È‹“ZX[˜H™[˜Ú[‹‘\İ[ˆœš[šÛX[›ˆ‹Ù[˜[‹“QÈY˜[˜ÙY‹“QÈ‹ÌÎLË•[šÛ›İÛˆ‹•[šÛ›İÛˆ‹•[šÛ›İÛˆ‹SÑKˆ“R’ÌÕRŒPˆ‹”›ÜÜXİ[™È‹“ZX[˜H™[˜Ú[‹‘\İ[ˆœš[šÛX[›ˆ‹Ù[˜[‹“QÈY˜[˜ÙY‹“QÈ‹ÌÎLË•[šÛ›İÛˆ‹•[šÛ›İÛˆ‹•[šÛ›İÛˆ‹SÑKˆ‘’N‹”›ÜÜXİ[™È‹“ZX[˜H™[˜Ú[‹‘\İ[ˆœš[šÛX[›ˆ‹Ù[˜[‹“QÈY˜[˜ÙY‹“QÈ‹ÌÎLË•[šÛ›İÛˆ‹•[šÛ›İÛˆ‹•[šÛ›İÛˆ‹SÑKˆ‘U”‘•S‹”›ÜÜXİ[™È‹“X\Hœ™]Y[˜\™È‹“Y[š[ˆX\[ˆ‹Ù[˜[‹‘Õ˜\ÚXÈ‹‘Õ‹ML”^˜\‹œ™]Z[‹•[š]Yİ]\È‹ÍËKÍSÑKKBˆPÖVSŒLH‹”›ÜÜXİ[™È‹“X\Hœ™]Y[˜\™È‹“Y[š[ˆX\[ˆ‹Ù[˜[‹‘Õ˜\ÚXÈ‹‘Õ‹ML”İ[œ™Y^‹™š[˜[˜ÙH‹•[š]Yİ]\È‹MNŒ‹ÍÎNSÑKKBˆ”‘ÕÍÔÒˆ‹”›ÜÜXİ[™È‹“X\Hœ™]Y[˜\™È‹“Y[š[ˆX\[ˆ‹Ù[˜[‹‘Õ˜\ÚXÈ‹‘Õ‹ML–^›Ø˜[H‹™[\Z[›Y[‹•[š]Yİ]\È‹ÎÎŒÎKÍSÑKKBˆ•Ì“ÓÒÈ‹”›ÜÜXİ[™È‹“X\Hœ™]Y[˜\™È‹“Y[š[ˆX\[ˆ‹Ù[˜[‹‘Õ˜\ÚXÈ‹‘Õ‹ML•[šÛ›İÛˆ‹•[šÛ›İÛˆ‹•[šÛ›İÛˆ‹SÑKˆ‘ÍÒÌÒU‹”›ÜÜXİ[™È‹“X\Hœ™]Y[˜\™È‹“Y[š[ˆX\[ˆ‹Ù[˜[‹‘Õ˜\ÚXÈ‹‘Õ‹ML•[šÛ›İÛˆ‹•[šÛ›İÛˆ‹•[šÛ›İÛˆ‹SÑKˆ“‘MQSTÕˆ‹”›ÜÜXİ[™È‹“X\Hœ™]Y[˜\™È‹“Y[š[ˆX\[ˆ‹Ù[˜[‹‘Õ˜\ÚXÈ‹‘Õ‹ML•[šÛ›İÛˆ‹•[šÛ›İÛˆ‹•[šÛ›İÛˆ‹SÑKˆ‘Ô–L”È‹”›ÜÜXİ[™È‹“X\Hœ™]Y[˜\™È‹“Y[š[ˆX\[ˆ‹Ù[˜[‹‘Õ˜\ÚXÈ‹‘Õ‹ML•[šÛ›İÛˆ‹•[šÛ›İÛˆ‹•[šÛ›İÛˆ‹SÑKˆ–ŒÒ”’MÈ‹”›ÜÜXİ[™È‹“X\Hœ™]Y[˜\™È‹“Y[š[ˆX\[ˆ‹Ù[˜[‹‘Õ˜\ÚXÈ‹‘Õ‹ML•[šÛ›İÛˆ‹•[šÛ›İÛˆ‹•[šÛ›İÛˆ‹SÑKˆUUÕ’ÕUH‹”›ÜÜXİ[™È‹“X\Hœ™]Y[˜\™È‹“Y[š[ˆX\[ˆ‹Ù[˜[‹‘Õ˜\ÚXÈ‹‘Õ‹ML•[šÛ›İÛˆ‹•[šÛ›İÛˆ‹•[šÛ›İÛˆ‹SÑKˆ’MÑŒÍÈ‹”›ÜÜXİ[™È‹“X\Hœ™]Y[˜\™È‹“Y[š[ˆX\[ˆ‹Ù[˜[‹‘Õ\È˜\ÚXÈ‹‘Õ‹LM‹™]\ÛÛÚ[ˆ‹›YYXØ[‹•[š]Yİ]\È‹LKKMKSÑKKBˆ–VSRÓĞU–H‹”›ÜÜXİ[™È‹“X\Hœ™]Y[˜\™È‹“Y[š[ˆX\[ˆ‹Ù[˜[‹‘Õ\È˜\ÚXÈ‹‘Õ‹LM‹‘Ûœ]XYXÚ‹XÚ›ÛÙŞH‹•[š]Yİ]\È‹MÌL‹ÌNMSÑKKBˆŒUM‹”›ÜÜXİ[™È‹“X\Hœ™]Y[˜\™È‹“Y[š[ˆX\[ˆ‹Ù[˜[‹‘Õ\È˜\ÚXÈ‹‘Õ‹LM‹”\Üİ[š[ˆ‹œ™]Z[‹•[š]Yİ]\È‹MNKNNSÑKKBˆ“ÎÖR”Õˆ‹”›ÜÜXİ[™È‹“X\Hœ™]Y[˜\™È‹“Y[š[ˆX\[ˆ‹Ù[˜[‹‘Õ\È˜\ÚXÈ‹‘Õ‹LM‹”Ú[\È‹›YYXØ[‹•[š]Yİ]\È‹NŒÎŒLSÑKKBˆ‘“T•’SÈ‹”›ÜÜXİ[™È‹“X\Hœ™]Y[˜\™È‹“Y[š[ˆX\[ˆ‹Ù[˜[‹‘Õ\È˜\ÚXÈ‹‘Õ‹LM‹•İYÚ˜\‹œ™]Z[‹•[š]Yİ]\È‹ÌÌ‹ËÎNKSÑKKBˆ–SRMÍÔÈ‹”›ÜÜXİ[™È‹“X\Hœ™]Y[˜\™È‹“Y[š[ˆX\[ˆ‹Ù[˜[‹‘Õ\È˜\ÚXÈ‹‘Õ‹LM‹–[YÛÚ]H‹›YYXØ[‹•[š]Yİ]\È‹KŒLŒLSÑKKBˆ••Q–MH‹”›ÜÜXİ[™È‹“X\Hœ™]Y[˜\™È‹“Y[š[ˆX\[ˆ‹Ù[˜[‹‘Õ\È˜\ÚXÈ‹‘Õ‹LM‹•[šÛ›İÛˆ‹•[šÛ›İÛˆ‹•[šÛ›İÛˆ‹SÑKˆ‘PP–PÒŒÈ‹”›ÜÜXİ[™È‹“X\Hœ™]Y[˜\™È‹“Y[š[ˆX\[ˆ‹Ù[˜[‹‘Õ\È˜\ÚXÈ‹‘Õ‹LM‹•[šÛ›İÛˆ‹•[šÛ›İÛˆ‹•[šÛ›İÛˆ‹SÑKˆ–‘QÌ•ˆ‹”›ÜÜXİ[™È‹“X\Hœ™]Y[˜\™È‹“Y[š[ˆX\[ˆ‹Ù[˜[‹‘Õ\È˜\ÚXÈ‹‘Õ‹LM‹•[šÛ›İÛˆ‹•[šÛ›İÛˆ‹•[šÛ›İÛˆ‹SÑKˆ–M–ĞRH‹”›ÜÜXİ[™È‹“X\Hœ™]Y[˜\™È‹“Y[š[ˆX\[ˆ‹Ù[˜[‹‘Õ\È˜\ÚXÈ‹‘Õ‹LM‹•[šÛ›İÛˆ‹•[šÛ›İÛˆ‹•[šÛ›İÛˆ‹SÑKˆ”VMÑÕÍ–H‹”›ÜÜXİ[™È‹“X\Hœ™]Y[˜\™È‹“Y[š[ˆX\[ˆ‹Ù[˜[‹‘Õ\È˜\ÚXÈ‹‘Õ‹LM‹•[šÛ›İÛˆ‹•[šÛ›İÛˆ‹•[šÛ›İÛˆ‹SÑKˆ•–ŒV“ˆ‹”›ÜÜXİ[™È‹“X\Hœ™]Y[˜\™È‹“Y[š[ˆX\[ˆ‹Ù[˜[‹‘Õ\È˜\ÚXÈ‹‘Õ‹LM‹•[šÛ›İÛˆ‹•[šÛ›İÛˆ‹•[šÛ›İÛˆ‹SÑKˆ’ÓÔUÒ“ÍH‹”›ÜÜXİ[™È‹“X\Hœ™]Y[˜\™È‹“Y[š[ˆX\[ˆ‹Ù[˜[‹‘Õ\È˜\ÚXÈ‹‘Õ‹LM‹•[šÛ›İÛˆ‹•[šÛ›İÛˆ‹•[šÛ›İÛˆ‹SÑKˆV•Í’Œˆ‹”›ÜÜXİ[™È‹“X\Hœ™]Y[˜\™È‹“Y[š[ˆX\[ˆ‹Ù[˜[‹‘Õ\È˜\ÚXÈ‹‘Õ‹LM‹•[šÛ›İÛˆ‹•[šÛ›İÛˆ‹•[šÛ›İÛˆ‹SÑKˆ•”•PLĞH‹”›ÜÜXİ[™È‹“X\Hœ™]Y[˜\™È‹“Y[š[ˆX\[ˆ‹Ù[˜[‹‘Õ\È›È‹‘Õ‹M‹•[šÛ›İÛˆ‹•[šÛ›İÛˆ‹•[šÛ›İÛˆ‹SÑKˆR”ÌVP”H‹”›ÜÜXİ[™È‹“X\Hœ™]Y[˜\™È‹“Y[š[ˆX\[ˆ‹Ù[˜[‹‘Õ\È›È‹‘Õ‹M‹•[šÛ›İÛˆ‹•[šÛ›İÛˆ‹•[šÛ›İÛˆ‹SÑKˆQURMPQˆ‹”›ÜÜXİ[™È‹“X\Hœ™]Y[˜\™È‹“Y[š[ˆX\[ˆ‹Ù[˜[‹‘Õ\È›È‹‘Õ‹M‹•[šÛ›İÛˆ‹•[šÛ›İÛˆ‹•[šÛ›İÛˆ‹SÑKˆ‘ŒLRQĞ“‹”›ÜÜXİ[™È‹“X\Hœ™]Y[˜\™È‹“Y[š[ˆX\[ˆ‹Ù[˜[‹‘Õ\È›È‹‘Õ‹M‹•[šÛ›İÛˆ‹•[šÛ›İÛˆ‹•[šÛ›İÛˆ‹SÑKˆĞÍÌTÑ‹”›ÜÜXİ[™È‹“X\Hœ™]Y[˜\™È‹“Y[š[ˆX\[ˆ‹Ù[˜[‹‘Õ\È›È‹‘Õ‹M‹•[šÛ›İÛˆ‹•[šÛ›İÛˆ‹•[šÛ›İÛˆ‹SÑKˆŒ”UUQˆ‹”›ÜÜXİ[™È‹“X\Hœ™]Y[˜\™È‹“Y[š[ˆX\[ˆ‹Ù[˜[‹‘Õ›È‹‘Õ‹ŒK‘ÛØ\™H‹›X\šÙ][™È‹•[š]Yİ]\È‹LNMËMÌSÑKKBˆ“MÕS“‘T‹”›ÜÜXİ[™È‹“X\Hœ™]Y[˜\™È‹“Y[š[ˆX\[ˆ‹Ù[˜[‹‘Õ›È‹‘Õ‹ŒK‘š[šYÚ‹™š[˜[˜ÙH‹•[š]Yİ]\È‹LL‹ËMÍNKSÑKKBˆ‘QÍÔÍ–“ÒH‹”›ÜÜXİ[™È‹“X\Hœ™]Y[˜\™È‹“Y[š[ˆX\[ˆ‹Ù[˜[‹‘Õ›È‹‘Õ‹ŒK’ÛÛ›X]š^‹›X\šÙ][™È‹•[š]Yİ]\È‹ÍÍKËLNLSÑKKBˆ•S‘LÒ”ÍH‹”›ÜÜXİ[™È‹“X\Hœ™]Y[˜\™È‹“Y[š[ˆX\[ˆ‹Ù[˜[‹‘Õ›È‹‘Õ‹ŒK”\Üİš\‹™[\Z[›Y[‹•[š]Yİ]\È‹ÍKKÌMKSÑKKBˆ’••ÔRSQˆ‹”›ÜÜXİ[™È‹“X\Hœ™]Y[˜\™È‹“Y[š[ˆX\[ˆ‹Ù[˜[‹‘Õ›È‹‘Õ‹ŒK•[šÛ›İÛˆ‹•[šÛ›İÛˆ‹•[šÛ›İÛˆ‹SÑKˆVSQÕM’H‹”›ÜÜXİ[™È‹“X\Hœ™]Y[˜\™È‹“Y[š[ˆX\[ˆ‹Ù[˜[‹‘Õ›È‹‘Õ‹ŒK•[šÛ›İÛˆ‹•[šÛ›İÛˆ‹•[šÛ›İÛˆ‹SÑKˆ”ĞURRUUˆ‹”›ÜÜXİ[™È‹“X\Hœ™]Y[˜\™È‹“Y[š[ˆX\[ˆ‹Ù[˜[‹‘Õ›È‹‘Õ‹ŒK•[šÛ›İÛˆ‹•[šÛ›İÛˆ‹•[šÛ›İÛˆ‹SÑKˆR“MĞT‹”›ÜÜXİ[™È‹“X\Hœ™]Y[˜\™È‹“Y[š[ˆX\[ˆ‹Ù[˜[‹‘Õ›È‹‘Õ‹ŒK•[šÛ›İÛˆ‹•[šÛ›İÛˆ‹•[šÛ›İÛˆ‹SÑKˆÓÑÖVS‹”›ÜÜXİ[™È‹“X\Hœ™]Y[˜\™È‹“Y[š[ˆX\[ˆ‹Ù[˜[‹“QÈÜXÚX[‹“QÈ‹MK‘Û˜ÛÛˆ‹XÚ›ÛÙŞH‹•[š]Yİ]\È‹NËÌ‹MLKSÑKKBˆ–•“ÍÌ•‘ˆ‹”›ÜÜXİ[™È‹“X\Hœ™]Y[˜\™È‹“Y[š[ˆX\[ˆ‹Ù[˜[‹“QÈÜXÚX[‹“QÈ‹MK‘˜^][İH‹[XÛÛ[][šXØ][ÛœÈ‹•[š]Yİ]\È‹NK‹MNMKSÑKKBˆŒPSQNH‹”›ÜÜXİ[™È‹“X\Hœ™]Y[˜\™È‹“Y[š[ˆX\[ˆ‹Ù[˜[‹“QÈÜXÚX[‹“QÈ‹MK‘ÛØ™^ÛÜœÜ˜][Ûˆ‹XÚ›ÛÙŞH‹“›ÜØ^H‹LŒŒËÌ‹MËSÑKKBˆÕÖVUˆ‹”›ÜÜXİ[™È‹“X\Hœ™]Y[˜\™È‹“Y[š[ˆX\[ˆ‹Ù[˜[‹“QÈÜXÚX[‹“QÈ‹MK”˜[™Ü™Y[ˆ‹XÚ›ÛÙŞH‹”[˜[XH‹LÎËÍÍKSÑKKBˆ‘ÔÓÔŒ’S’È‹”›ÜÜXİ[™È‹“X\Hœ™]Y[˜\™È‹“Y[š[ˆX\[ˆ‹Ù[˜[‹“QÈÜXÚX[‹“QÈ‹MK•[šÛ›İÛˆ‹•[šÛ›İÛˆ‹•[šÛ›İÛˆ‹SÑKˆ•“ÎSÑˆ‹”›ÜÜXİ[™È‹“X\Hœ™]Y[˜\™È‹“Y[š[ˆX\[ˆ‹Ù[˜[‹“QÈÜXÚX[‹“QÈ‹MK•[šÛ›İÛˆ‹•[šÛ›İÛˆ‹•[šÛ›İÛˆ‹SÑKˆ’ÌÍÓÕ•‹”›ÜÜXİ[™È‹“X\Hœ™]Y[˜\™È‹“Y[š[ˆX\[ˆ‹Ù[˜[‹“QÈÜXÚX[‹“QÈ‹MK•[šÛ›İÛˆ‹•[šÛ›İÛˆ‹•[šÛ›İÛˆ‹SÑKˆ“Í“’TMÓˆ‹”›ÜÜXİ[™È‹“X\Hœ™]Y[˜\™È‹“Y[š[ˆX\[ˆ‹Ù[˜[‹“QÈÜXÚX[‹“QÈ‹MK•[šÛ›İÛˆ‹•[šÛ›İÛˆ‹•[šÛ›İÛˆ‹SÑKˆ“RLÓUÔH‹”›ÜÜXİ[™È‹“X\Hœ™]Y[˜\™È‹“Y[š[ˆX\[ˆ‹Ù[˜[‹“QÈY˜[˜ÙY‹“QÈ‹ÌÎLËXÛYHÛÜœÜ˜][Ûˆ‹XÚ›ÛÙŞH‹•[š]Yİ]\È‹LLŒŒ‹SÑKKBˆN•Î’H‹”›ÜÜXİ[™È‹“X\Hœ™]Y[˜\™È‹“Y[š[ˆX\[ˆ‹Ù[˜[‹“QÈY˜[˜ÙY‹“QÈ‹ÌÎLËÛÛ™^‹›YYXØ[‹•[š]Yİ]\È‹MKSÑKKBˆ”ÍŒL‹”›ÜÜXİ[™È‹“X\Hœ™]Y[˜\™È‹“Y[š[ˆX\[ˆ‹Ù[˜[‹“QÈY˜[˜ÙY‹“QÈ‹ÌÎLË‘š[š›Øˆ‹™[\Ş[Y[‹•[š]Yİ]\È‹ŒNKKÍSÑKKBˆTÍ‘“H‹”›ÜÜXİ[™È‹“X\Hœ™]Y[˜\™È‹“Y[š[ˆX\[ˆ‹Ù[˜[‹“QÈY˜[˜ÙY‹“QÈ‹ÌÎLË’\Ù[XİšXÜÈ‹XÚ›ÛÙŞH‹•[š]Yİ]\È‹LËŒLKMSÑKKBˆ•ÒÒH‹”›ÜÜXİ[™È‹“X\Hœ™]Y[˜\™È‹“Y[š[ˆX\[ˆ‹Ù[˜[‹“QÈY˜[˜ÙY‹“QÈ‹ÌÎLË•[šÛ›İÛˆ‹•[šÛ›İÛˆ‹•[šÛ›İÛˆ‹SÑKˆ‘ŒS•ÒÌ‹”›ÜÜXİ[™È‹“X\Hœ™]Y[˜\™È‹“Y[š[ˆX\[ˆ‹Ù[˜[‹“QÈY˜[˜ÙY‹“QÈ‹ÌÎLË•[šÛ›İÛˆ‹•[šÛ›İÛˆ‹•[šÛ›İÛˆ‹SÑKˆÒÔPR•RH‹”›ÜÜXİ[™È‹“X\Hœ™]Y[˜\™È‹“Y[š[ˆX\[ˆ‹Ù[˜[‹“QÈY˜[˜ÙY‹“QÈ‹ÌÎLË•[šÛ›İÛˆ‹•[šÛ›İÛˆ‹•[šÛ›İÛˆ‹SÑKˆŒ““ÎMÕNVˆ‹”›ÜÜXİ[™È‹“X\Hœ™]Y[˜\™È‹“Y[š[ˆX\[ˆ‹Ù[˜[‹“QÈY˜[˜ÙY‹“QÈ‹ÌÎLË•[šÛ›İÛˆ‹•[šÛ›İÛˆ‹•[šÛ›İÛˆ‹SÑKˆ’ÒLÓÓ‹”›ÜÜXİ[™È‹“X\Hœ™]Y[˜\™È‹“Y[š[ˆX\[ˆ‹Ù[˜[‹“QÈY˜[˜ÙY‹“QÈ‹ÌÎLË•[šÛ›İÛˆ‹•[šÛ›İÛˆ‹•[šÛ›İÛˆ‹SÑKˆ’ÕÔŒÒL‹”›ÜÜXİ[™È‹“X\Hœ™]Y[˜\™È‹“Y[š[ˆX\[ˆ‹Ù[˜[‹“QÈY˜[˜ÙY‹“QÈ‹ÌÎLË•[šÛ›İÛˆ‹•[šÛ›İÛˆ‹•[šÛ›İÛˆ‹SÑKˆ’ÓSP‘UÈ‹”›ÜÜXİ[™È‹“[ÜÙ\Èœ˜\ÙH‹‘\İ[ˆœš[šÛX[›ˆ‹Ù[˜[‹‘Õ˜\ÚXÈ‹‘Õ‹ML”\Üİš\‹™[\Z[›Y[‹•[š]Yİ]\È‹ÍKKÌMKSÑKKBˆL•ŒT•ĞÖˆ‹”›ÜÜXİ[™È‹“[ÜÙ\Èœ˜\ÙH‹‘\İ[ˆœš[šÛX[›ˆ‹Ù[˜[‹‘Õ˜\ÚXÈ‹‘Õ‹ML”İ[œ™Y^‹™š[˜[˜ÙH‹•[š]Yİ]\È‹MNŒ‹ÍÎNSÑKKBˆ–ÍÓTQH‹”›ÜÜXİ[™È‹“[ÜÙ\Èœ˜\ÙH‹‘\İ[ˆœš[šÛX[›ˆ‹Ù[˜[‹‘Õ˜\ÚXÈ‹‘Õ‹ML–™[˜ÛÜœÜ˜][Ûˆ‹XÚ›ÛÙŞH‹Ú[˜H‹ÎKM‹SÑKKBˆ“LŒ”ÑRÖH‹”›ÜÜXİ[™È‹“[ÜÙ\Èœ˜\ÙH‹‘\İ[ˆœš[šÛX[›ˆ‹Ù[˜[‹‘Õ˜\ÚXÈ‹‘Õ‹ML•[šÛ›İÛˆ‹•[šÛ›İÛˆ‹•[šÛ›İÛˆ‹SÑKˆ’U•––T‹”›ÜÜXİ[™È‹“[ÜÙ\Èœ˜\ÙH‹‘\İ[ˆœš[šÛX[›ˆ‹Ù[˜[‹‘Õ˜\ÚXÈ‹‘Õ‹ML•[šÛ›İÛˆ‹•[šÛ›İÛˆ‹•[šÛ›İÛˆ‹SÑKˆ’ÖU‹”›ÜÜXİ[™È‹“[ÜÙ\Èœ˜\ÙH‹‘\İ[ˆœš[šÛX[›ˆ‹Ù[˜[‹‘Õ˜\ÚXÈ‹‘Õ‹ML•[šÛ›İÛˆ‹•[šÛ›İÛˆ‹•[šÛ›İÛˆ‹SÑKˆ’ÕMˆ‹”›ÜÜXİ[™È‹“[ÜÙ\Èœ˜\ÙH‹‘\İ[ˆœš[šÛX[›ˆ‹Ù[˜[‹‘Õ˜\ÚXÈ‹‘Õ‹ML•[šÛ›İÛˆ‹•[šÛ›İÛˆ‹•[šÛ›İÛˆ‹SÑKˆ’‘QUÔ‹”›ÜÜXİ[™È‹“[ÜÙ\Èœ˜\ÙH‹‘\İ[ˆœš[šÛX[›ˆ‹Ù[˜[‹‘Õ˜\ÚXÈ‹‘Õ‹ML•[šÛ›İÛˆ‹•[šÛ›İÛˆ‹•[šÛ›İÛˆ‹SÑKˆŒRR’“LÈ‹”›ÜÜXİ[™È‹“[ÜÙ\Èœ˜\ÙH‹‘\İ[ˆœš[šÛX[›ˆ‹Ù[˜[‹‘Õ\È˜\ÚXÈ‹‘Õ‹LM‹•[šÛ›İÛˆ‹•[šÛ›İÛˆ‹•[šÛ›İÛˆ‹SÑKˆ“•ÔÑQŒ’H‹”›ÜÜXİ[™È‹“[ÜÙ\Èœ˜\ÙH‹‘\İ[ˆœš[šÛX[›ˆ‹Ù[˜[‹‘Õ\È˜\ÚXÈ‹‘Õ‹LM‹•[šÛ›İÛˆ‹•[šÛ›İÛˆ‹•[šÛ›İÛˆ‹SÑKˆŒN•ÔH‹”›ÜÜXİ[™È‹“[ÜÙ\Èœ˜\ÙH‹‘\İ[ˆœš[šÛX[›ˆ‹Ù[˜[‹‘Õ\È˜\ÚXÈ‹‘Õ‹LM‹•[šÛ›İÛˆ‹•[šÛ›İÛˆ‹•[šÛ›İÛˆ‹SÑKˆÓRÖUH‹”›ÜÜXİ[™È‹“[ÜÙ\Èœ˜\ÙH‹‘\İ[ˆœš[šÛX[›ˆ‹Ù[˜[‹‘Õ\È›È‹‘Õ‹M‹•[šÛ›İÛˆ‹•[šÛ›İÛˆ‹•[šÛ›İÛˆ‹SÑKˆÓÎP‘È‹”›ÜÜXİ[™È‹“[ÜÙ\Èœ˜\ÙH‹‘\İ[ˆœš[šÛX[›ˆ‹Ù[˜[‹“QÈÜXÚX[‹“QÈ‹MK–YX\š[ˆ‹œ™]Z[‹•[š]Yİ]\È‹ŒŒKŒKÎLKSÑKKBˆŒÌ“‘‹”›ÜÜXİ[™È‹“[ÜÙ\Èœ˜\ÙH‹‘\İ[ˆœš[šÛX[›ˆ‹Ù[˜[‹“QÈÜXÚX[‹“QÈ‹MK•[šÛ›İÛˆ‹•[šÛ›İÛˆ‹•[šÛ›İÛˆ‹SÑKˆŒNMS“‹”›ÜÜXİ[™È‹“[ÜÙ\Èœ˜\ÙH‹‘\İ[ˆœš[šÛX[›ˆ‹Ù[˜[‹“QÈÜXÚX[‹“QÈ‹MK•[šÛ›İÛˆ‹•[šÛ›İÛˆ‹•[šÛ›İÛˆ‹SÑKˆ’RÔŒ”ÕQH‹”›ÜÜXİ[™È‹“[ÜÙ\Èœ˜\ÙH‹‘\İ[ˆœš[šÛX[›ˆ‹Ù[˜[‹“QÈÜXÚX[‹“QÈ‹MK•[šÛ›İÛˆ‹•[šÛ›İÛˆ‹•[šÛ›İÛˆ‹SÑKˆÌÑ“Qˆ‹”›ÜÜXİ[™È‹“[ÜÙ\Èœ˜\ÙH‹‘\İ[ˆœš[šÛX[›ˆ‹Ù[˜[‹“QÈÜXÚX[‹“QÈ‹MK•[šÛ›İÛˆ‹•[šÛ›İÛˆ‹•[šÛ›İÛˆ‹SÑKˆ’ÓÔÍ‹”›ÜÜXİ[™È‹“[ÜÙ\Èœ˜\ÙH‹‘\İ[ˆœš[šÛX[›ˆ‹Ù[˜[‹“QÈÜXÚX[‹“QÈ‹MK•[šÛ›İÛˆ‹•[šÛ›İÛˆ‹•[šÛ›İÛˆ‹SÑKˆ‘ST’Î‹”›ÜÜXİ[™È‹“[ÜÙ\Èœ˜\ÙH‹‘\İ[ˆœš[šÛX[›ˆ‹Ù[˜[‹“QÈY˜[˜ÙY‹“QÈ‹ÌÎLË‘[XÚ›ÛÙŞH‹œÛÙØ\™H‹•[š]Yİ]\È‹NÎKM‹SÑKKBˆ–NQP““Sˆ‹”›ÜÜXİ[™È‹“[ÜÙ\Èœ˜\ÙH‹‘\İ[ˆœš[šÛX[›ˆ‹Ù[˜[‹“QÈY˜[˜ÙY‹“QÈ‹ÌÎLË‘Ûœ]XYXÚ‹XÚ›ÛÙŞH‹•[š]Yİ]\È‹MÌL‹ÌNMSÑKKBˆR•ŒQŒQH‹”›ÜÜXİ[™È‹“[ÜÙ\Èœ˜\ÙH‹‘\İ[ˆœš[šÛX[›ˆ‹Ù[˜[‹“QÈY˜[˜ÙY‹“QÈ‹ÌÎLË‘[šÛ[™È‹™š[˜[˜ÙH‹•[š]Yİ]\È‹NKKÌŒËSÑKKBˆŒÌ‘ÍÎH‹”›ÜÜXİ[™È‹“[ÜÙ\Èœ˜\ÙH‹‘\İ[ˆœš[šÛX[›ˆ‹Ù[˜[‹“QÈY˜[˜ÙY‹“QÈ‹ÌÎLË•[šÛ›İÛˆ‹•[šÛ›İÛˆ‹•[šÛ›İÛˆ‹SÑKˆ“ÖT‘ŒÍ“ˆ‹”›ÜÜXİ[™È‹“[ÜÙ\Èœ˜\ÙH‹‘\İ[ˆœš[šÛX[›ˆ‹Ù[˜[‹“QÈY˜[˜ÙY‹“QÈ‹ÌÎLË•[šÛ›İÛˆ‹•[šÛ›İÛˆ‹•[šÛ›İÛˆ‹SÑKˆ’UĞLQH‹”›ÜÜXİ[™È‹“[ÜÙ\Èœ˜\ÙH‹‘\İ[ˆœš[šÛX[›ˆ‹Ù[˜[‹“QÈY˜[˜ÙY‹“QÈ‹ÌÎLË•[šÛ›İÛˆ‹•[šÛ›İÛˆ‹•[šÛ›İÛˆ‹SÑKˆ“MV–TQ‘Ôˆ‹”›ÜÜXİ[™È‹“[ÜÙ\Èœ˜\ÙH‹‘\İ[ˆœš[šÛX[›ˆ‹Ù[˜[‹“QÈY˜[˜ÙY‹“QÈ‹ÌÎLË•[šÛ›İÛˆ‹•[šÛ›İÛˆ‹•[šÛ›İÛˆ‹SÑKˆŒÑPÑÔRˆ‹”›ÜÜXİ[™È‹“[ÜÙ\Èœ˜\ÙH‹‘\İ[ˆœš[šÛX[›ˆ‹Ù[˜[‹“QÈY˜[˜ÙY‹“QÈ‹ÌÎLË•[šÛ›İÛˆ‹•[šÛ›İÛˆ‹•[šÛ›İÛˆ‹SÑKˆ‘–QVSRÈ‹”›ÜÜXİ[™È‹“[ÜÙ\Èœ˜\ÙH‹‘\İ[ˆœš[šÛX[›ˆ‹Ù[˜[‹“QÈY˜[˜ÙY‹“QÈ‹ÌÎLË•[šÛ›İÛˆ‹•[šÛ›İÛˆ‹•[šÛ›İÛˆ‹SÑKˆ”“ÖQR•H‹”›ÜÜXİ[™È‹“[ÜÙ\Èœ˜\ÙH‹‘\İ[ˆœš[šÛX[›ˆ‹Ù[˜[‹“QÈY˜[˜ÙY‹“QÈ‹ÌÎLË•[šÛ›İÛˆ‹•[šÛ›İÛˆ‹•[šÛ›İÛˆ‹SÑKˆ’SUNH‹”›ÜÜXİ[™È‹“[ÜÙ\Èœ˜\ÙH‹‘\İ[ˆœš[šÛX[›ˆ‹Ù[˜[‹“QÈY˜[˜ÙY‹“QÈ‹ÌÎLË•[šÛ›İÛˆ‹•[šÛ›İÛˆ‹•[šÛ›İÛˆ‹SÑKˆÎNÓUÈ‹”›ÜÜXİ[™È‹“[ÜÙ\Èœ˜\ÙH‹‘\İ[ˆœš[šÛX[›ˆ‹Ù[˜[‹“QÈY˜[˜ÙY‹“QÈ‹ÌÎLË•[šÛ›İÛˆ‹•[šÛ›İÛˆ‹•[šÛ›İÛˆ‹SÑKˆ”Ô–VNH‹”›ÜÜXİ[™È‹“[ÜÙ\Èœ˜\ÙH‹‘\İ[ˆœš[šÛX[›ˆ‹Ù[˜[‹“QÈY˜[˜ÙY‹“QÈ‹ÌÎLË•[šÛ›İÛˆ‹•[šÛ›İÛˆ‹•[šÛ›İÛˆ‹SÑKˆ“SÓV‘MÈ‹”›ÜÜXİ[™È‹“šY\ÚHY™š[™\È‹“Y[š[ˆX\[ˆ‹Ù[˜[‹‘Õ˜\ÚXÈ‹‘Õ‹ML‘Ü›Ûİ™\İ™Y]‹œ™]Z[‹•[š]Yİ]\È‹ŒŒËNKSÑKKBˆ‘’’ÔÌ•ˆ‹”›ÜÜXİ[™È‹“šY\ÚHY™š[™\È‹“Y[š[ˆX\[ˆ‹Ù[˜[‹‘Õ˜\ÚXÈ‹‘Õ‹ML”\Üİ[š[ˆ‹œ™]Z[‹•[š]Yİ]\È‹MNKNNSÑKKBˆ’QÌ’ĞRH‹”›ÜÜXİ[™È‹“šY\ÚHY™š[™\È‹“Y[š[ˆX\[ˆ‹Ù[˜[‹‘Õ˜\ÚXÈ‹‘Õ‹ML•[šÛ›İÛˆ‹•[šÛ›İÛˆ‹•[šÛ›İÛˆ‹SÑKˆ”ÓRLRH‹”›ÜÜXİ[™È‹“šY\ÚHY™š[™\È‹“Y[š[ˆX\[ˆ‹Ù[˜[‹‘Õ˜\ÚXÈ‹‘Õ‹ML•[šÛ›İÛˆ‹•[šÛ›İÛˆ‹•[šÛ›İÛˆ‹SÑKˆÔÔT‘Ó‹”›ÜÜXİ[™È‹“šY\ÚHY™š[™\È‹“Y[š[ˆX\[ˆ‹Ù[˜[‹‘Õ˜\ÚXÈ‹‘Õ‹ML•[šÛ›İÛˆ‹•[šÛ›İÛˆ‹•[šÛ›İÛˆ‹SÑKˆ•RÒÕ•È‹”›ÜÜXİ[™È‹“šY\ÚHY™š[™\È‹“Y[š[ˆX\[ˆ‹Ù[˜[‹‘Õ˜\ÚXÈ‹‘Õ‹ML•[šÛ›İÛˆ‹•[šÛ›İÛˆ‹•[šÛ›İÛˆ‹SÑKˆ•ÎTTH‹”›ÜÜXİ[™È‹“šY\ÚHY™š[™\È‹“Y[š[ˆX\[ˆ‹Ù[˜[‹‘Õ˜\ÚXÈ‹‘Õ‹ML•[šÛ›İÛˆ‹•[šÛ›İÛˆ‹•[šÛ›İÛˆ‹SÑKˆ•QRLP•ˆ‹”›ÜÜXİ[™È‹“šY\ÚHY™š[™\È‹“Y[š[ˆX\[ˆ‹Ù[˜[‹‘Õ˜\ÚXÈ‹‘Õ‹ML•[šÛ›İÛˆ‹•[šÛ›İÛˆ‹•[šÛ›İÛˆ‹SÑKˆŒÖ’Ìˆ‹”›ÜÜXİ[™È‹“šY\ÚHY™š[™\È‹“Y[š[ˆX\[ˆ‹Ù[˜[‹‘Õ˜\ÚXÈ‹‘Õ‹ML•[šÛ›İÛˆ‹•[šÛ›İÛˆ‹•[šÛ›İÛˆ‹SÑKˆ’ÌÎÍH‹”›ÜÜXİ[™È‹“šY\ÚHY™š[™\È‹“Y[š[ˆX\[ˆ‹Ù[˜[‹‘Õ˜\ÚXÈ‹‘Õ‹ML•[šÛ›İÛˆ‹•[šÛ›İÛˆ‹•[šÛ›İÛˆ‹SÑKˆ•RTÓVÔˆ‹”›ÜÜXİ[™È‹“šY\ÚHY™š[™\È‹“Y[š[ˆX\[ˆ‹Ù[˜[‹‘Õ˜\ÚXÈ‹‘Õ‹ML•[šÛ›İÛˆ‹•[šÛ›İÛˆ‹•[šÛ›İÛˆ‹SÑKˆ“SÖLĞÒÑ‹”›ÜÜXİ[™È‹“šY\ÚHY™š[™\È‹“Y[š[ˆX\[ˆ‹Ù[˜[‹‘Õ\È˜\ÚXÈ‹‘Õ‹LM‹“˜[K^š[H‹œÙ\šXÙ\È‹œ˜^š[‹KNKLMÎKSÑKKBˆ‘LÌ–“–‹”›ÜÜXİ[™È‹“šY\ÚHY™š[™\È‹“Y[š[ˆX\[ˆ‹Ù[˜[‹‘Õ\È˜\ÚXÈ‹‘Õ‹LM‹”İ™Y]^‹œ™]Z[‹™[Ú][H‹LÍÍ‹LMKSÑKKBˆ–TPÑÎ‹”›ÜÜXİ[™È‹“šY\ÚHY™š[™\È‹“Y[š[ˆX\[ˆ‹Ù[˜[‹‘Õ\È˜\ÚXÈ‹‘Õ‹LM‹–›ÛÛZ]‹™[\Z[›Y[‹•[š]Yİ]\È‹ÌŒNKMÎSÑKKBˆL•ĞPÔÑÈ‹”›ÜÜXİ[™È‹“šY\ÚHY™š[™\È‹“Y[š[ˆX\[ˆ‹Ù[˜[‹‘Õ\È˜\ÚXÈ‹‘Õ‹LM‹•[šÛ›İÛˆ‹•[šÛ›İÛˆ‹•[šÛ›İÛˆ‹SÑKˆŒ–UUÈ‹”›ÜÜXİ[™È‹“šY\ÚHY™š[™\È‹“Y[š[ˆX\[ˆ‹Ù[˜[‹‘Õ\È˜\ÚXÈ‹‘Õ‹LM‹•[šÛ›İÛˆ‹•[šÛ›İÛˆ‹•[šÛ›İÛˆ‹SÑKˆ‘SÈ‹”›ÜÜXİ[™È‹“šY\ÚHY™š[™\È‹“Y[š[ˆX\[ˆ‹Ù[˜[‹‘Õ\È˜\ÚXÈ‹‘Õ‹LM‹•[šÛ›İÛˆ‹•[šÛ›İÛˆ‹•[šÛ›İÛˆ‹SÑKˆ‘Ö“SÈ‹”›ÜÜXİ[™È‹“šY\ÚHY™š[™\È‹“Y[š[ˆX\[ˆ‹Ù[˜[‹‘Õ\È›È‹‘Õ‹M‹’ÛÛ™^‹XÚ›ÛÙŞH‹•[š]Yİ]\È‹ÍÌŒÎLÍÍM‹SÑKKBˆ–NUÎVH‹”›ÜÜXİ[™È‹“šY\ÚHY™š[™\È‹“Y[š[ˆX\[ˆ‹Ù[˜[‹‘Õ\È›È‹‘Õ‹M‹–™[˜ÛÜœÜ˜][Ûˆ‹XÚ›ÛÙŞH‹Ú[˜H‹ÎKM‹SÑKKBˆ’ÎUH‹”›ÜÜXİ[™È‹“šY\ÚHY™š[™\È‹“Y[š[ˆX\[ˆ‹Ù[˜[‹‘Õ\È›È‹‘Õ‹M‹•[šÛ›İÛˆ‹•[šÛ›İÛˆ‹•[šÛ›İÛˆ‹SÑKˆ‘ÍŒÕPÕÔH‹”›ÜÜXİ[™È‹“šY\ÚHY™š[™\È‹“Y[š[ˆX\[ˆ‹Ù[˜[‹‘Õ›È‹‘Õ‹ŒK•[šÛ›İÛˆ‹•[šÛ›İÛˆ‹•[šÛ›İÛˆ‹SÑKˆÌŒL”PÕˆ‹”›ÜÜXİ[™È‹“šY\ÚHY™š[™\È‹“Y[š[ˆX\[ˆ‹Ù[˜[‹‘Õ›È‹‘Õ‹ŒK•[šÛ›İÛˆ‹•[šÛ›İÛˆ‹•[šÛ›İÛˆ‹SÑKˆ–”‘UÔÒˆ‹”›ÜÜXİ[™È‹“šY\ÚHY™š[™\È‹“Y[š[ˆX\[ˆ‹Ù[˜[‹‘Õ›È‹‘Õ‹ŒK•[šÛ›İÛˆ‹•[šÛ›İÛˆ‹•[šÛ›İÛˆ‹SÑKˆ”’Ô‘”ÕH‹”›ÜÜXİ[™È‹“šY\ÚHY™š[™\È‹“Y[š[ˆX\[ˆ‹Ù[˜[‹“QÈÜXÚX[‹“QÈ‹MK’İXÚH‹XÚ›ÛÙŞH‹’ÛÜ™XH‹MÌŒÎMNKSÑKKBˆ•ÕÑLH‹”›ÜÜXİ[™È‹“šY\ÚHY™š[™\È‹“Y[š[ˆX\[ˆ‹Ù[˜[‹“QÈÜXÚX[‹“QÈ‹MK’ÛÛ™^‹XÚ›ÛÙŞH‹•[š]Yİ]\È‹ÍÌŒÎLÍÍM‹SÑKKBˆ’ÍÓT‘Nˆ‹”›ÜÜXİ[™È‹“šY\ÚHY™š[™\È‹“Y[š[ˆX\[ˆ‹Ù[˜[‹“QÈÜXÚX[‹“QÈ‹MK•[šÛ›İÛˆ‹•[šÛ›İÛˆ‹•[šÛ›İÛˆ‹SÑKˆ””Ö’“ÑLˆ‹”›ÜÜXİ[™È‹“šY\ÚHY™š[™\È‹“Y[š[ˆX\[ˆ‹Ù[˜[‹“QÈÜXÚX[‹“QÈ‹MK•[šÛ›İÛˆ‹•[šÛ›İÛˆ‹•[šÛ›İÛˆ‹SÑKˆ’QÌNÑ‹”›ÜÜXİ[™È‹“šY\ÚHY™š[™\È‹“Y[š[ˆX\[ˆ‹Ù[˜[‹“QÈÜXÚX[‹“QÈ‹MK•[šÛ›İÛˆ‹•[šÛ›İÛˆ‹•[šÛ›İÛˆ‹SÑKˆ“Q•M–MR‹”›ÜÜXİ[™È‹“šY\ÚHY™š[™\È‹“Y[š[ˆX\[ˆ‹Ù[˜[‹“QÈÜXÚX[‹“QÈ‹MK•[šÛ›İÛˆ‹•[šÛ›İÛˆ‹•[šÛ›İÛˆ‹SÑKˆ–LRÔ“H‹”›ÜÜXİ[™È‹“šY\ÚHY™š[™\È‹“Y[š[ˆX\[ˆ‹Ù[˜[‹“QÈÜXÚX[‹“QÈ‹MK•[šÛ›İÛˆ‹•[šÛ›İÛˆ‹•[šÛ›İÛˆ‹SÑKˆÎˆ‹”›ÜÜXİ[™È‹“šY\ÚHY™š[™\È‹“Y[š[ˆX\[ˆ‹Ù[˜[‹“QÈÜXÚX[‹“QÈ‹MK•[šÛ›İÛˆ‹•[šÛ›İÛˆ‹•[šÛ›İÛˆ‹SÑKˆ–PÕÍ’ÌÍH‹”›ÜÜXİ[™È‹“šY\ÚHY™š[™\È‹“Y[š[ˆX\[ˆ‹Ù[˜[‹“QÈÜXÚX[‹“QÈ‹MK•[šÛ›İÛˆ‹•[šÛ›İÛˆ‹•[šÛ›İÛˆ‹SÑKˆ–U‘’ÎTLÈ‹”›ÜÜXİ[™È‹“šY\ÚHY™š[™\È‹“Y[š[ˆX\[ˆ‹Ù[˜[‹“QÈY˜[˜ÙY‹“QÈ‹ÌÎLË‘˜^][İH‹[XÛÛ[][šXØ][ÛœÈ‹•[š]Yİ]\È‹NK‹MNMKSÑKKBˆ”ÓNÑÌˆ‹”›ÜÜXİ[™È‹“šY\ÚHY™š[™\È‹“Y[š[ˆX\[ˆ‹Ù[˜[‹“QÈY˜[˜ÙY‹“QÈ‹ÌÎLË•[šÛ›İÛˆ‹•[šÛ›İÛˆ‹•[šÛ›İÛˆ‹SÑKˆ–’ÌÔMˆ‹”›ÜÜXİ[™È‹•™\œÚYH[Xœ˜[™‹‘\İ[ˆœš[šÛX[›ˆ‹Ù[˜[‹‘Õ˜\ÚXÈ‹‘Õ‹ML’[š]H‹›X\šÙ][™È‹•[š]Yİ]\È‹ËNKSÑKKBˆŒ•LPRÔ‹”›ÜÜXİ[™È‹•™\œÚYH[Xœ˜[™‹‘\İ[ˆœš[šÛX[›ˆ‹Ù[˜[‹‘Õ˜\ÚXÈ‹‘Õ‹ML“^\]›Û^‹›YYXØ[‹•[š]Yİ]\È‹MŒNKÎKSÑKKBˆŒ‘ÍV“SÖPÈ‹”›ÜÜXİ[™È‹•™\œÚYH[Xœ˜[™‹‘\İ[ˆœš[šÛX[›ˆ‹Ù[˜[‹‘Õ˜\ÚXÈ‹‘Õ‹ML”ØÛİXÚ‹›X\šÙ][™È‹•[š]Yİ]\È‹KŒÎKLSÑKKBˆ‘TĞŒMH‹”›ÜÜXİ[™È‹•™\œÚYH[Xœ˜[™‹‘\İ[ˆœš[šÛX[›ˆ‹Ù[˜[‹‘Õ˜\ÚXÈ‹‘Õ‹ML•[šÛ›İÛˆ‹•[šÛ›İÛˆ‹•[šÛ›İÛˆ‹SÑKˆŒ•ÕÓTMÓÈ‹”›ÜÜXİ[™È‹•™\œÚYH[Xœ˜[™‹‘\İ[ˆœš[šÛX[›ˆ‹Ù[˜[‹‘Õ˜\ÚXÈ‹‘Õ‹ML•[šÛ›İÛˆ‹•[šÛ›İÛˆ‹•[šÛ›İÛˆ‹SÑKˆ–•”UÎˆ‹”›ÜÜXİ[™È‹•™\œÚYH[Xœ˜[™‹‘\İ[ˆœš[šÛX[›ˆ‹Ù[˜[‹‘Õ˜\ÚXÈ‹‘Õ‹ML•[šÛ›İÛˆ‹•[šÛ›İÛˆ‹•[šÛ›İÛˆ‹SÑKˆ‘““SÖ‹”›ÜÜXİ[™È‹•™\œÚYH[Xœ˜[™‹‘\İ[ˆœš[šÛX[›ˆ‹Ù[˜[‹‘Õ˜\ÚXÈ‹‘Õ‹ML•[šÛ›İÛˆ‹•[šÛ›İÛˆ‹•[šÛ›İÛˆ‹SÑKˆÍPUĞ–NH‹”›ÜÜXİ[™È‹•™\œÚYH[Xœ˜[™‹‘\İ[ˆœš[šÛX[›ˆ‹Ù[˜[‹‘Õ\È˜\ÚXÈ‹‘Õ‹LM‹”İ[XXÙH‹œ™]Z[‹”›ÛX[šXH‹MËKLËSÑKKBˆ’SÎLMNÈ‹”›ÜÜXİ[™È‹•™\œÚYH[Xœ˜[™‹‘\İ[ˆœš[šÛX[›ˆ‹Ù[˜[‹‘Õ\È˜\ÚXÈ‹‘Õ‹LM‹•[šÛ›İÛˆ‹•[šÛ›İÛˆ‹•[šÛ›İÛˆ‹SÑKˆ––”Ô‹”›ÜÜXİ[™È‹•™\œÚYH[Xœ˜[™‹‘\İ[ˆœš[šÛX[›ˆ‹Ù[˜[‹‘Õ\È›È‹‘Õ‹M‹•[šÛ›İÛˆ‹•[šÛ›İÛˆ‹•[šÛ›İÛˆ‹SÑKˆ“’Ñ‘ÌÒÒÔ‹”›ÜÜXİ[™È‹•™\œÚYH[Xœ˜[™‹‘\İ[ˆœš[šÛX[›ˆ‹Ù[˜[‹‘Õ\È›È‹‘Õ‹M‹•[šÛ›İÛˆ‹•[šÛ›İÛˆ‹•[šÛ›İÛˆ‹SÑKˆ’”LÌÎ”PÈ‹”›ÜÜXİ[™È‹•™\œÚYH[Xœ˜[™‹‘\İ[ˆœš[šÛX[›ˆ‹Ù[˜[‹“QÈÜXÚX[‹“QÈ‹MK›XÚŞš[H‹œ™]Z[‹•[š]Yİ]\È‹MËŒLKMNSÑKKBˆ•Ò’ÌÍRH‹”›ÜÜXİ[™È‹•™\œÚYH[Xœ˜[™‹‘\İ[ˆœš[šÛX[›ˆ‹Ù[˜[‹“QÈÜXÚX[‹“QÈ‹MK‘Û˜ÛÛˆ‹XÚ›ÛÙŞH‹•[š]Yİ]\È‹NËÌ‹MLKSÑKKBˆ•ÌŒMUÓ–ˆ‹”›ÜÜXİ[™È‹•™\œÚYH[Xœ˜[™‹‘\İ[ˆœš[šÛX[›ˆ‹Ù[˜[‹“QÈÜXÚX[‹“QÈ‹MK‘ÛÛ^‹™š[˜[˜ÙH‹•[š]Yİ]\È‹L‹KMKSÑKKBˆ•Ó‘S”SH‹”›ÜÜXİ[™È‹•™\œÚYH[Xœ˜[™‹‘\İ[ˆœš[šÛX[›ˆ‹Ù[˜[‹“QÈÜXÚX[‹“QÈ‹MK‘ÛÛÙÚ[›Ûˆ‹›X\šÙ][™È‹•[š]Yİ]\È‹ML‹ÌËLLËSÑKKBˆ••ÎÑUÈ‹”›ÜÜXİ[™È‹•™\œÚYH[Xœ˜[™‹‘\İ[ˆœš[šÛX[›ˆ‹Ù[˜[‹“QÈÜXÚX[‹“QÈ‹MK’ÛÛ›X]š^‹›X\šÙ][™È‹•[š]Yİ]\È‹ÍÍKËLNLSÑKKBˆ’ÓTÍÔ•”È‹”›ÜÜXİ[™È‹•™\œÚYH[Xœ˜[™‹‘\İ[ˆœš[šÛX[›ˆ‹Ù[˜[‹“QÈÜXÚX[‹“QÈ‹MK“Ü[XÚ‹™š[˜[˜ÙH‹•[š]Yİ]\È‹ÍMKŒŒËLËSÑKKBˆ”“ÓML•‹”›ÜÜXİ[™È‹•™\œÚYH[Xœ˜[™‹‘\İ[ˆœš[šÛX[›ˆ‹Ù[˜[‹“QÈÜXÚX[‹“QÈ‹MK”[™Ù˜\ÙH‹XÚ›ÛÙŞH‹•[š]Yİ]\È‹LŒ‹LŒÎSÑKKBˆ”RĞ–QTH‹”›ÜÜXİ[™È‹•™\œÚYH[Xœ˜[™‹‘\İ[ˆœš[šÛX[›ˆ‹Ù[˜[‹“QÈÜXÚX[‹“QÈ‹MK•[šÛ›İÛˆ‹•[šÛ›İÛˆ‹•[šÛ›İÛˆ‹SÑKˆTĞÔH‹”›ÜÜXİ[™È‹•™\œÚYH[Xœ˜[™‹‘\İ[ˆœš[šÛX[›ˆ‹Ù[˜[‹“QÈÜXÚX[‹“QÈ‹MK•[šÛ›İÛˆ‹•[šÛ›İÛˆ‹•[šÛ›İÛˆ‹SÑKˆ‘MM‘”P“H‹”›ÜÜXİ[™È‹•™\œÚYH[Xœ˜[™‹‘\İ[ˆœš[šÛX[›ˆ‹Ù[˜[‹“QÈÜXÚX[‹“QÈ‹MK•[šÛ›İÛˆ‹•[šÛ›İÛˆ‹•[šÛ›İÛˆ‹SÑKˆÓ”ÓQMUH‹”›ÜÜXİ[™È‹•™\œÚYH[Xœ˜[™‹‘\İ[ˆœš[šÛX[›ˆ‹Ù[˜[‹“QÈÜXÚX[‹“QÈ‹MK•[šÛ›İÛˆ‹•[šÛ›İÛˆ‹•[šÛ›İÛˆ‹SÑKˆMMÕÒĞMˆ‹”›ÜÜXİ[™È‹•™\œÚYH[Xœ˜[™‹‘\İ[ˆœš[šÛX[›ˆ‹Ù[˜[‹“QÈÜXÚX[‹“QÈ‹MK•[šÛ›İÛˆ‹•[šÛ›İÛˆ‹•[šÛ›İÛˆ‹SÑKˆMQÔÑLH‹”›ÜÜXİ[™È‹•™\œÚYH[Xœ˜[™‹‘\İ[ˆœš[šÛX[›ˆ‹Ù[˜[‹“QÈÜXÚX[‹“QÈ‹MK•[šÛ›İÛˆ‹•[šÛ›İÛˆ‹•[šÛ›İÛˆ‹SÑKˆ‘ÒMĞRÈ‹”›ÜÜXİ[™È‹•™\œÚYH[Xœ˜[™‹‘\İ[ˆœš[šÛX[›ˆ‹Ù[˜[‹“QÈÜXÚX[‹“QÈ‹MK•[šÛ›İÛˆ‹•[šÛ›İÛˆ‹•[šÛ›İÛˆ‹SÑKˆ“UÑŒMÈ‹”›ÜÜXİ[™È‹•™\œÚYH[Xœ˜[™‹‘\İ[ˆœš[šÛX[›ˆ‹Ù[˜[‹“QÈÜXÚX[‹“QÈ‹MK•[šÛ›İÛˆ‹•[šÛ›İÛˆ‹•[šÛ›İÛˆ‹SÑKˆ”Í‘”•ˆ‹”›ÜÜXİ[™È‹•™\œÚYH[Xœ˜[™‹‘\İ[ˆœš[šÛX[›ˆ‹Ù[˜[‹“QÈÜXÚX[‹“QÈ‹MK•[šÛ›İÛˆ‹•[šÛ›İÛˆ‹•[šÛ›İÛˆ‹SÑKˆ”Ó–Lˆ‹”›ÜÜXİ[™È‹•™\œÚYH[Xœ˜[™‹‘\İ[ˆœš[šÛX[›ˆ‹Ù[˜[‹“QÈÜXÚX[‹“QÈ‹MK•[šÛ›İÛˆ‹•[šÛ›İÛˆ‹•[šÛ›İÛˆ‹SÑKˆ•”“””ÌÈ‹”›ÜÜXİ[™È‹•™\œÚYH[Xœ˜[™‹‘\İ[ˆœš[šÛX[›ˆ‹Ù[˜[‹“QÈÜXÚX[‹“QÈ‹MK•[šÛ›İÛˆ‹•[šÛ›İÛˆ‹•[šÛ›İÛˆ‹SÑKˆ”ÔŒSV‹”›ÜÜXİ[™È‹•™\œÚYH[Xœ˜[™‹‘\İ[ˆœš[šÛX[›ˆ‹Ù[˜[‹“QÈÜXÚX[‹“QÈ‹MK•[šÛ›İÛˆ‹•[šÛ›İÛˆ‹•[šÛ›İÛˆ‹SÑKˆ•ÒMT’ÖH‹”›ÜÜXİ[™È‹•™\œÚYH[Xœ˜[™‹‘\İ[ˆœš[šÛX[›ˆ‹Ù[˜[‹“QÈÜXÚX[‹“QÈ‹MK•[šÛ›İÛˆ‹•[šÛ›İÛˆ‹•[šÛ›İÛˆ‹SÑKˆ•ĞUÒÎˆ‹”›ÜÜXİ[™È‹•™\œÚYH[Xœ˜[™‹‘\İ[ˆœš[šÛX[›ˆ‹Ù[˜[‹“QÈÜXÚX[‹“QÈ‹MK•[šÛ›İÛˆ‹•[šÛ›İÛˆ‹•[šÛ›İÛˆ‹SÑKˆŒQUMPÍ•ˆ‹”›ÜÜXİ[™È‹•™\œÚYH[Xœ˜[™‹‘\İ[ˆœš[šÛX[›ˆ‹Ù[˜[‹“QÈÜXÚX[‹“QÈ‹MK•[šÛ›İÛˆ‹•[šÛ›İÛˆ‹•[šÛ›İÛˆ‹SÑKˆ”MT”•’’È‹”›ÜÜXİ[™È‹•™\œÚYH[Xœ˜[™‹‘\İ[ˆœš[šÛX[›ˆ‹Ù[˜[‹“QÈÜXÚX[‹“QÈ‹MK•[šÛ›İÛˆ‹•[šÛ›İÛˆ‹•[šÛ›İÛˆ‹SÑKˆ’ÒSÑQSL‹”›ÜÜXİ[™È‹•™\œÚYH[Xœ˜[™‹‘\İ[ˆœš[šÛX[›ˆ‹Ù[˜[‹“QÈÜXÚX[‹“QÈ‹MK•[šÛ›İÛˆ‹•[šÛ›İÛˆ‹•[šÛ›İÛˆ‹SÑKˆ”Ò”Õ•ˆ‹”›ÜÜXİ[™È‹•™\œÚYH[Xœ˜[™‹‘\İ[ˆœš[šÛX[›ˆ‹Ù[˜[‹“QÈÜXÚX[‹“QÈ‹MK•[šÛ›İÛˆ‹•[šÛ›İÛˆ‹•[šÛ›İÛˆ‹SÑKˆULUÕ•ˆ‹”›ÜÜXİ[™È‹•™\œÚYH[Xœ˜[™‹‘\İ[ˆœš[šÛX[›ˆ‹Ù[˜[‹“QÈÜXÚX[‹“QÈ‹MK•[šÛ›İÛˆ‹•[šÛ›İÛˆ‹•[šÛ›İÛˆ‹SÑKˆ’ĞVÌ’’Œ‹”›ÜÜXİ[™È‹•™\œÚYH[Xœ˜[™‹‘\İ[ˆœš[šÛX[›ˆ‹Ù[˜[‹“QÈÜXÚX[‹“QÈ‹MK•[šÛ›İÛˆ‹•[šÛ›İÛˆ‹•[šÛ›İÛˆ‹SÑKˆ”U•ÑT’ˆ‹”›ÜÜXİ[™È‹•™\œÚYH[Xœ˜[™‹‘\İ[ˆœš[šÛX[›ˆ‹Ù[˜[‹“QÈÜXÚX[‹“QÈ‹MK•[šÛ›İÛˆ‹•[šÛ›İÛˆ‹•[šÛ›İÛˆ‹SÑKˆ’‘ĞPĞSH‹”›ÜÜXİ[™È‹•™\œÚYH[Xœ˜[™‹‘\İ[ˆœš[šÛX[›ˆ‹Ù[˜[‹“QÈÜXÚX[‹“QÈ‹MK•[šÛ›İÛˆ‹•[šÛ›İÛˆ‹•[šÛ›İÛˆ‹SÑKˆ“”ÑÕLRÌÓˆ‹”›ÜÜXİ[™È‹•™\œÚYH[Xœ˜[™‹‘\İ[ˆœš[šÛX[›ˆ‹Ù[˜[‹“QÈÜXÚX[‹“QÈ‹MK•[šÛ›İÛˆ‹•[šÛ›İÛˆ‹•[šÛ›İÛˆ‹SÑKˆ•RÌÕ•Œˆ‹”›ÜÜXİ[™È‹•™\œÚYH[Xœ˜[™‹‘\İ[ˆœš[šÛX[›ˆ‹Ù[˜[‹“QÈÜXÚX[‹“QÈ‹MK•[šÛ›İÛˆ‹•[šÛ›İÛˆ‹•[šÛ›İÛˆ‹SÑKˆ‘ÑĞT‘ĞLˆ‹”›ÜÜXİ[™È‹•™\œÚYH[Xœ˜[™‹‘\İ[ˆœš[šÛX[›ˆ‹Ù[˜[‹“QÈÜXÚX[‹“QÈ‹MK•[šÛ›İÛˆ‹•[šÛ›İÛˆ‹•[šÛ›İÛˆ‹SÑKˆMLÍÈ‹”›ÜÜXİ[™È‹•™\œÚYH[Xœ˜[™‹‘\İ[ˆœš[šÛX[›ˆ‹Ù[˜[‹“QÈÜXÚX[‹“QÈ‹MK•[šÛ›İÛˆ‹•[šÛ›İÛˆ‹•[šÛ›İÛˆ‹SÑKˆ‘Ó“•VL‹”›ÜÜXİ[™È‹•™\œÚYH[Xœ˜[™‹‘\İ[ˆœš[šÛX[›ˆ‹Ù[˜[‹“QÈY˜[˜ÙY‹“QÈ‹ÌÎLË‘Ø[š˜Y›^‹œ™]Z[‹’˜\[ˆ‹LMNÌKMÍÎKSÑKKBˆL“ÌNˆ‹”›ÜÜXİ[™È‹•™\œÚYH[Xœ˜[™‹‘\İ[ˆœš[šÛX[›ˆ‹Ù[˜[‹“QÈY˜[˜ÙY‹“QÈ‹ÌÎLË”Ú[\È‹›YYXØ[‹•[š]Yİ]\È‹NŒÎŒLSÑKKBˆ•Ó•ÒN’•H‹”›ÜÜXİ[™È‹•™\œÚYH[Xœ˜[™‹‘\İ[ˆœš[šÛX[›ˆ‹Ù[˜[‹“QÈY˜[˜ÙY‹“QÈ‹ÌÎLË•[šÛ›İÛˆ‹•[šÛ›İÛˆ‹•[šÛ›İÛˆ‹SÑKˆ‘‘“Í‹”›ÜÜXİ[™È‹•™\œÚYH[Xœ˜[™‹‘\İ[ˆœš[šÛX[›ˆ‹Ù[˜[‹“QÈY˜[˜ÙY‹“QÈ‹ÌÎLË•[šÛ›İÛˆ‹•[šÛ›İÛˆ‹•[šÛ›İÛˆ‹SÑKˆ’USL‘•LH‹”›ÜÜXİ[™È‹•™\œÚYH[Xœ˜[™‹‘\İ[ˆœš[šÛX[›ˆ‹Ù[˜[‹“QÈY˜[˜ÙY‹“QÈ‹ÌÎLË•[šÛ›İÛˆ‹•[šÛ›İÛˆ‹•[šÛ›İÛˆ‹SÑKˆSRUÑ•ÍRˆ‹”›ÜÜXİ[™È‹•™\œÚYH[Xœ˜[™‹‘\İ[ˆœš[šÛX[›ˆ‹Ù[˜[‹“QÈY˜[˜ÙY‹“QÈ‹ÌÎLË•[šÛ›İÛˆ‹•[šÛ›İÛˆ‹•[šÛ›İÛˆ‹SÑKˆ”ÓÖ’H‹”›ÜÜXİ[™È‹•™\œÚYH[Xœ˜[™‹‘\İ[ˆœš[šÛX[›ˆ‹Ù[˜[‹“QÈY˜[˜ÙY‹“QÈ‹ÌÎLË•[šÛ›İÛˆ‹•[šÛ›İÛˆ‹•[šÛ›İÛˆ‹SÑKˆ“PÕV’ˆ‹”›ÜÜXİ[™È‹•™\œÚYH[Xœ˜[™‹‘\İ[ˆœš[šÛX[›ˆ‹Ù[˜[‹“QÈY˜[˜ÙY‹“QÈ‹ÌÎLË•[šÛ›İÛˆ‹•[šÛ›İÛˆ‹•[šÛ›İÛˆ‹SÑKˆŒNURURÌ‹”›ÜÜXİ[™È‹•™\œÚYH[Xœ˜[™‹‘\İ[ˆœš[šÛX[›ˆ‹Ù[˜[‹“QÈY˜[˜ÙY‹“QÈ‹ÌÎLË•[šÛ›İÛˆ‹•[šÛ›İÛˆ‹•[šÛ›İÛˆ‹SÑKˆMSÓ––‹”›ÜÜXİ[™È‹•™\œÚYH[Xœ˜[™‹‘\İ[ˆœš[šÛX[›ˆ‹Ù[˜[‹“QÈY˜[˜ÙY‹“QÈ‹ÌÎLË•[šÛ›İÛˆ‹•[šÛ›İÛˆ‹•[šÛ›İÛˆ‹SÑK